"EmployeeID","Stage","Score","ScoreDate"
"BLD-100002","Interview","10","2021-08-14"
"BLD-100002","Recruiting","9","2021-08-14"
"BLD-100002","Onboarding","8","2021-08-14"
"BLD-100002","Probation","8","2021-08-14"
"BLD-100003","Interview","10","2019-11-11"
"BLD-100003","Recruiting","9","2019-11-11"
"BLD-100003","Onboarding","8","2019-11-11"
"BLD-100003","Probation","8","2019-11-11"
"BLD-100004","Interview","10","2018-01-31"
"BLD-100004","Recruiting","9","2018-01-31"
"BLD-100004","Onboarding","8","2018-01-31"
"BLD-100004","Probation","8","2018-01-31"
"BLD-100005","Interview","10","2017-10-26"
"BLD-100005","Recruiting","9","2017-10-26"
"BLD-100005","Onboarding","8","2017-10-26"
"BLD-100005","Probation","8","2017-10-26"
"BLD-100006","Interview","10","2021-09-30"
"BLD-100006","Recruiting","9","2021-09-30"
"BLD-100006","Onboarding","8","2021-09-30"
"BLD-100006","Probation","8","2021-09-30"
"BLD-100007","Interview","10","2015-08-29"
"BLD-100007","Recruiting","9","2015-08-29"
"BLD-100007","Onboarding","8","2015-08-29"
"BLD-100007","Probation","8","2015-08-29"
"BLD-100008","Interview","10","2019-09-18"
"BLD-100008","Recruiting","9","2019-09-18"
"BLD-100008","Onboarding","8","2019-09-18"
"BLD-100008","Probation","8","2019-09-18"
"BLD-100009","Interview","10","2011-04-03"
"BLD-100009","Recruiting","9","2011-04-03"
"BLD-100009","Onboarding","8","2011-04-03"
"BLD-100009","Probation","8","2011-04-03"
"BLD-100010","Interview","10","2020-06-20"
"BLD-100010","Recruiting","9","2020-06-20"
"BLD-100010","Onboarding","8","2020-06-20"
"BLD-100010","Probation","8","2020-06-20"
"BLD-100011","Interview","10","2010-10-21"
"BLD-100011","Recruiting","9","2010-10-21"
"BLD-100011","Onboarding","8","2010-10-21"
"BLD-100011","Probation","8","2010-10-21"
"BLD-100012","Interview","10","2013-06-13"
"BLD-100012","Recruiting","9","2013-06-13"
"BLD-100012","Onboarding","8","2013-06-13"
"BLD-100012","Probation","8","2013-06-13"
"BLD-100013","Interview","10","2010-10-29"
"BLD-100013","Recruiting","9","2010-10-29"
"BLD-100013","Onboarding","8","2010-10-29"
"BLD-100013","Probation","8","2010-10-29"
"BLD-100014","Interview","10","2010-09-05"
"BLD-100014","Recruiting","9","2010-09-05"
"BLD-100014","Onboarding","8","2010-09-05"
"BLD-100014","Probation","8","2010-09-05"
"BLD-100015","Interview","10","2014-02-13"
"BLD-100015","Recruiting","9","2014-02-13"
"BLD-100015","Onboarding","8","2014-02-13"
"BLD-100015","Probation","8","2014-02-13"
"BLD-100016","Interview","10","2018-10-04"
"BLD-100016","Recruiting","9","2018-10-04"
"BLD-100016","Onboarding","8","2018-10-04"
"BLD-100016","Probation","8","2018-10-04"
"BLD-100017","Interview","10","2022-07-12"
"BLD-100017","Recruiting","9","2022-07-12"
"BLD-100017","Onboarding","8","2022-07-12"
"BLD-100017","Probation","8","2022-07-12"
"BLD-100018","Interview","10","2019-05-02"
"BLD-100018","Recruiting","9","2019-05-02"
"BLD-100018","Onboarding","8","2019-05-02"
"BLD-100018","Probation","8","2019-05-02"
"BLD-100019","Interview","10","2020-07-13"
"BLD-100019","Recruiting","9","2020-07-13"
"BLD-100019","Onboarding","8","2020-07-13"
"BLD-100019","Probation","8","2020-07-13"
"BLD-100020","Interview","10","2022-09-01"
"BLD-100020","Recruiting","9","2022-09-01"
"BLD-100020","Onboarding","8","2022-09-01"
"BLD-100020","Probation","8","2022-09-01"
"BLD-100021","Interview","10","2015-12-04"
"BLD-100021","Recruiting","9","2015-12-04"
"BLD-100021","Onboarding","8","2015-12-04"
"BLD-100021","Probation","8","2015-12-04"
"BLD-100022","Interview","10","2019-10-03"
"BLD-100022","Recruiting","9","2019-10-03"
"BLD-100022","Onboarding","8","2019-10-03"
"BLD-100022","Probation","8","2019-10-03"
"BLD-100023","Interview","10","2021-01-27"
"BLD-100023","Recruiting","9","2021-01-27"
"BLD-100023","Onboarding","8","2021-01-27"
"BLD-100023","Probation","8","2021-01-27"
"BLD-100024","Interview","10","2016-02-14"
"BLD-100024","Recruiting","9","2016-02-14"
"BLD-100024","Onboarding","8","2016-02-14"
"BLD-100024","Probation","8","2016-02-14"
"BLD-100025","Interview","10","2017-06-03"
"BLD-100025","Recruiting","9","2017-06-03"
"BLD-100025","Onboarding","8","2017-06-03"
"BLD-100025","Probation","8","2017-06-03"
"BLD-100026","Interview","10","2010-08-30"
"BLD-100026","Recruiting","9","2010-08-30"
"BLD-100026","Onboarding","8","2010-08-30"
"BLD-100026","Probation","8","2010-08-30"
"BLD-100027","Interview","10","2018-12-29"
"BLD-100027","Recruiting","9","2018-12-29"
"BLD-100027","Onboarding","8","2018-12-29"
"BLD-100027","Probation","8","2018-12-29"
"BLD-100028","Interview","10","2014-01-30"
"BLD-100028","Recruiting","9","2014-01-30"
"BLD-100028","Onboarding","8","2014-01-30"
"BLD-100028","Probation","8","2014-01-30"
"BLD-100029","Interview","10","2022-01-10"
"BLD-100029","Recruiting","9","2022-01-10"
"BLD-100029","Onboarding","8","2022-01-10"
"BLD-100029","Probation","8","2022-01-10"
"BLD-100030","Interview","10","2021-06-25"
"BLD-100030","Recruiting","9","2021-06-25"
"BLD-100030","Onboarding","8","2021-06-25"
"BLD-100030","Probation","8","2021-06-25"
"BLD-100031","Interview","10","2015-06-18"
"BLD-100031","Recruiting","9","2015-06-18"
"BLD-100031","Onboarding","8","2015-06-18"
"BLD-100031","Probation","8","2015-06-18"
"BLD-100032","Interview","10","2014-12-03"
"BLD-100032","Recruiting","9","2014-12-03"
"BLD-100032","Onboarding","8","2014-12-03"
"BLD-100032","Probation","8","2014-12-03"
"BLD-100033","Interview","10","2014-07-01"
"BLD-100033","Recruiting","9","2014-07-01"
"BLD-100033","Onboarding","8","2014-07-01"
"BLD-100033","Probation","8","2014-07-01"
"BLD-100034","Interview","10","2016-02-20"
"BLD-100034","Recruiting","9","2016-02-20"
"BLD-100034","Onboarding","8","2016-02-20"
"BLD-100034","Probation","8","2016-02-20"
"BLD-100035","Interview","10","2020-10-18"
"BLD-100035","Recruiting","9","2020-10-18"
"BLD-100035","Onboarding","8","2020-10-18"
"BLD-100035","Probation","8","2020-10-18"
"BLD-100036","Interview","10","2013-09-08"
"BLD-100036","Recruiting","9","2013-09-08"
"BLD-100036","Onboarding","8","2013-09-08"
"BLD-100036","Probation","8","2013-09-08"
"BLD-100037","Interview","10","2011-03-13"
"BLD-100037","Recruiting","9","2011-03-13"
"BLD-100037","Onboarding","8","2011-03-13"
"BLD-100037","Probation","8","2011-03-13"
"BLD-100038","Interview","10","2010-11-20"
"BLD-100038","Recruiting","9","2010-11-20"
"BLD-100038","Onboarding","8","2010-11-20"
"BLD-100038","Probation","8","2010-11-20"
"BLD-100039","Interview","10","2020-06-29"
"BLD-100039","Recruiting","9","2020-06-29"
"BLD-100039","Onboarding","8","2020-06-29"
"BLD-100039","Probation","8","2020-06-29"
"BLD-100040","Interview","10","2014-06-18"
"BLD-100040","Recruiting","9","2014-06-18"
"BLD-100040","Onboarding","8","2014-06-18"
"BLD-100040","Probation","8","2014-06-18"
"BLD-100041","Interview","10","2018-05-05"
"BLD-100041","Recruiting","9","2018-05-05"
"BLD-100041","Onboarding","8","2018-05-05"
"BLD-100041","Probation","8","2018-05-05"
"BLD-100042","Interview","10","2022-01-20"
"BLD-100042","Recruiting","9","2022-01-20"
"BLD-100042","Onboarding","8","2022-01-20"
"BLD-100042","Probation","8","2022-01-20"
"BLD-100043","Interview","10","2022-05-19"
"BLD-100043","Recruiting","9","2022-05-19"
"BLD-100043","Onboarding","8","2022-05-19"
"BLD-100043","Probation","8","2022-05-19"
"BLD-100044","Interview","10","2017-05-05"
"BLD-100044","Recruiting","9","2017-05-05"
"BLD-100044","Onboarding","8","2017-05-05"
"BLD-100044","Probation","8","2017-05-05"
"BLD-100045","Interview","10","2016-12-23"
"BLD-100045","Recruiting","9","2016-12-23"
"BLD-100045","Onboarding","8","2016-12-23"
"BLD-100045","Probation","8","2016-12-23"
"BLD-100046","Interview","10","2022-06-09"
"BLD-100046","Recruiting","9","2022-06-09"
"BLD-100046","Onboarding","8","2022-06-09"
"BLD-100046","Probation","8","2022-06-09"
"BLD-100047","Interview","10","2012-09-19"
"BLD-100047","Recruiting","9","2012-09-19"
"BLD-100047","Onboarding","8","2012-09-19"
"BLD-100047","Probation","8","2012-09-19"
"BLD-100048","Interview","10","2022-02-24"
"BLD-100048","Recruiting","9","2022-02-24"
"BLD-100048","Onboarding","8","2022-02-24"
"BLD-100048","Probation","8","2022-02-24"
"BLD-100049","Interview","10","2018-07-06"
"BLD-100049","Recruiting","9","2018-07-06"
"BLD-100049","Onboarding","8","2018-07-06"
"BLD-100049","Probation","8","2018-07-06"
"BLD-100050","Interview","10","2015-01-24"
"BLD-100050","Recruiting","9","2015-01-24"
"BLD-100050","Onboarding","8","2015-01-24"
"BLD-100050","Probation","8","2015-01-24"
"BLD-100051","Interview","10","2020-09-06"
"BLD-100051","Recruiting","9","2020-09-06"
"BLD-100051","Onboarding","8","2020-09-06"
"BLD-100051","Probation","8","2020-09-06"
"BLD-100052","Interview","10","2012-04-06"
"BLD-100052","Recruiting","9","2012-04-06"
"BLD-100052","Onboarding","8","2012-04-06"
"BLD-100052","Probation","8","2012-04-06"
"BLD-100053","Interview","10","2016-04-16"
"BLD-100053","Recruiting","9","2016-04-16"
"BLD-100053","Onboarding","8","2016-04-16"
"BLD-100053","Probation","8","2016-04-16"
"BLD-100054","Interview","10","2010-04-23"
"BLD-100054","Recruiting","9","2010-04-23"
"BLD-100054","Onboarding","8","2010-04-23"
"BLD-100054","Probation","8","2010-04-23"
"BLD-100055","Interview","10","2016-03-13"
"BLD-100055","Recruiting","9","2016-03-13"
"BLD-100055","Onboarding","8","2016-03-13"
"BLD-100055","Probation","8","2016-03-13"
"BLD-100056","Interview","10","2018-05-23"
"BLD-100056","Recruiting","9","2018-05-23"
"BLD-100056","Onboarding","8","2018-05-23"
"BLD-100056","Probation","8","2018-05-23"
"BLD-100057","Interview","10","2022-06-18"
"BLD-100057","Recruiting","9","2022-06-18"
"BLD-100057","Onboarding","8","2022-06-18"
"BLD-100057","Probation","8","2022-06-18"
"BLD-100058","Interview","10","2018-07-10"
"BLD-100058","Recruiting","9","2018-07-10"
"BLD-100058","Onboarding","8","2018-07-10"
"BLD-100058","Probation","8","2018-07-10"
"BLD-100059","Interview","10","2014-06-10"
"BLD-100059","Recruiting","9","2014-06-10"
"BLD-100059","Onboarding","8","2014-06-10"
"BLD-100059","Probation","8","2014-06-10"
"BLD-100060","Interview","10","2012-05-08"
"BLD-100060","Recruiting","9","2012-05-08"
"BLD-100060","Onboarding","8","2012-05-08"
"BLD-100060","Probation","8","2012-05-08"
"BLD-100061","Interview","10","2011-05-03"
"BLD-100061","Recruiting","9","2011-05-03"
"BLD-100061","Onboarding","8","2011-05-03"
"BLD-100061","Probation","8","2011-05-03"
"BLD-100062","Interview","10","2022-04-16"
"BLD-100062","Recruiting","9","2022-04-16"
"BLD-100062","Onboarding","8","2022-04-16"
"BLD-100062","Probation","8","2022-04-16"
"BLD-100063","Interview","10","2019-07-13"
"BLD-100063","Recruiting","9","2019-07-13"
"BLD-100063","Onboarding","8","2019-07-13"
"BLD-100063","Probation","8","2019-07-13"
"BLD-100064","Interview","10","2010-11-18"
"BLD-100064","Recruiting","9","2010-11-18"
"BLD-100064","Onboarding","8","2010-11-18"
"BLD-100064","Probation","8","2010-11-18"
"BLD-100065","Interview","10","2020-10-24"
"BLD-100065","Recruiting","9","2020-10-24"
"BLD-100065","Onboarding","8","2020-10-24"
"BLD-100065","Probation","8","2020-10-24"
"BLD-100066","Interview","10","2010-03-01"
"BLD-100066","Recruiting","9","2010-03-01"
"BLD-100066","Onboarding","8","2010-03-01"
"BLD-100066","Probation","8","2010-03-01"
"BLD-100067","Interview","10","2017-05-31"
"BLD-100067","Recruiting","9","2017-05-31"
"BLD-100067","Onboarding","8","2017-05-31"
"BLD-100067","Probation","8","2017-05-31"
"BLD-100068","Interview","10","2011-02-13"
"BLD-100068","Recruiting","9","2011-02-13"
"BLD-100068","Onboarding","8","2011-02-13"
"BLD-100068","Probation","8","2011-02-13"
"BLD-100069","Interview","10","2010-04-26"
"BLD-100069","Recruiting","9","2010-04-26"
"BLD-100069","Onboarding","8","2010-04-26"
"BLD-100069","Probation","8","2010-04-26"
"BLD-100070","Interview","10","2017-08-15"
"BLD-100070","Recruiting","9","2017-08-15"
"BLD-100070","Onboarding","8","2017-08-15"
"BLD-100070","Probation","8","2017-08-15"
"BLD-100071","Interview","10","2019-12-20"
"BLD-100071","Recruiting","9","2019-12-20"
"BLD-100071","Onboarding","8","2019-12-20"
"BLD-100071","Probation","8","2019-12-20"
"BLD-100072","Interview","10","2017-08-23"
"BLD-100072","Recruiting","9","2017-08-23"
"BLD-100072","Onboarding","8","2017-08-23"
"BLD-100072","Probation","8","2017-08-23"
"BLD-100073","Interview","10","2014-01-04"
"BLD-100073","Recruiting","9","2014-01-04"
"BLD-100073","Onboarding","8","2014-01-04"
"BLD-100073","Probation","8","2014-01-04"
"BLD-100074","Interview","10","2011-03-18"
"BLD-100074","Recruiting","9","2011-03-18"
"BLD-100074","Onboarding","8","2011-03-18"
"BLD-100074","Probation","8","2011-03-18"
"BLD-100075","Interview","10","2017-03-12"
"BLD-100075","Recruiting","9","2017-03-12"
"BLD-100075","Onboarding","8","2017-03-12"
"BLD-100075","Probation","8","2017-03-12"
"BLD-100076","Interview","10","2020-03-10"
"BLD-100076","Recruiting","9","2020-03-10"
"BLD-100076","Onboarding","8","2020-03-10"
"BLD-100076","Probation","8","2020-03-10"
"BLD-100077","Interview","10","2017-09-30"
"BLD-100077","Recruiting","9","2017-09-30"
"BLD-100077","Onboarding","8","2017-09-30"
"BLD-100077","Probation","8","2017-09-30"
"BLD-100078","Interview","10","2014-11-12"
"BLD-100078","Recruiting","9","2014-11-12"
"BLD-100078","Onboarding","8","2014-11-12"
"BLD-100078","Probation","8","2014-11-12"
"BLD-100079","Interview","10","2014-07-09"
"BLD-100079","Recruiting","9","2014-07-09"
"BLD-100079","Onboarding","8","2014-07-09"
"BLD-100079","Probation","8","2014-07-09"
"BLD-100080","Interview","10","2021-10-06"
"BLD-100080","Recruiting","9","2021-10-06"
"BLD-100080","Onboarding","8","2021-10-06"
"BLD-100080","Probation","8","2021-10-06"
"BLD-100081","Interview","10","2021-03-15"
"BLD-100081","Recruiting","9","2021-03-15"
"BLD-100081","Onboarding","8","2021-03-15"
"BLD-100081","Probation","8","2021-03-15"
"BLD-100082","Interview","10","2019-01-24"
"BLD-100082","Recruiting","9","2019-01-24"
"BLD-100082","Onboarding","8","2019-01-24"
"BLD-100082","Probation","8","2019-01-24"
"BLD-100083","Interview","10","2010-11-13"
"BLD-100083","Recruiting","9","2010-11-13"
"BLD-100083","Onboarding","8","2010-11-13"
"BLD-100083","Probation","8","2010-11-13"
"BLD-100084","Interview","10","2012-10-22"
"BLD-100084","Recruiting","9","2012-10-22"
"BLD-100084","Onboarding","8","2012-10-22"
"BLD-100084","Probation","8","2012-10-22"
"BLD-100085","Interview","10","2015-08-02"
"BLD-100085","Recruiting","9","2015-08-02"
"BLD-100085","Onboarding","8","2015-08-02"
"BLD-100085","Probation","8","2015-08-02"
"BLD-100086","Interview","10","2019-09-09"
"BLD-100086","Recruiting","9","2019-09-09"
"BLD-100086","Onboarding","8","2019-09-09"
"BLD-100086","Probation","8","2019-09-09"
"BLD-100087","Interview","10","2017-06-07"
"BLD-100087","Recruiting","9","2017-06-07"
"BLD-100087","Onboarding","8","2017-06-07"
"BLD-100087","Probation","8","2017-06-07"
"BLD-100088","Interview","10","2015-05-08"
"BLD-100088","Recruiting","9","2015-05-08"
"BLD-100088","Onboarding","8","2015-05-08"
"BLD-100088","Probation","8","2015-05-08"
"BLD-100089","Interview","10","2017-04-15"
"BLD-100089","Recruiting","9","2017-04-15"
"BLD-100089","Onboarding","8","2017-04-15"
"BLD-100089","Probation","8","2017-04-15"
"BLD-100090","Interview","10","2013-07-21"
"BLD-100090","Recruiting","9","2013-07-21"
"BLD-100090","Onboarding","8","2013-07-21"
"BLD-100090","Probation","8","2013-07-21"
"BLD-100091","Interview","10","2010-04-27"
"BLD-100091","Recruiting","9","2010-04-27"
"BLD-100091","Onboarding","8","2010-04-27"
"BLD-100091","Probation","8","2010-04-27"
"BLD-100092","Interview","10","2013-07-13"
"BLD-100092","Recruiting","9","2013-07-13"
"BLD-100092","Onboarding","8","2013-07-13"
"BLD-100092","Probation","8","2013-07-13"
"BLD-100093","Interview","10","2020-04-08"
"BLD-100093","Recruiting","9","2020-04-08"
"BLD-100093","Onboarding","8","2020-04-08"
"BLD-100093","Probation","8","2020-04-08"
"BLD-100094","Interview","10","2018-08-10"
"BLD-100094","Recruiting","9","2018-08-10"
"BLD-100094","Onboarding","8","2018-08-10"
"BLD-100094","Probation","8","2018-08-10"
"BLD-100095","Interview","10","2016-04-12"
"BLD-100095","Recruiting","9","2016-04-12"
"BLD-100095","Onboarding","8","2016-04-12"
"BLD-100095","Probation","8","2016-04-12"
"BLD-100096","Interview","10","2012-07-18"
"BLD-100096","Recruiting","9","2012-07-18"
"BLD-100096","Onboarding","8","2012-07-18"
"BLD-100096","Probation","8","2012-07-18"
"BLD-100097","Interview","10","2013-05-15"
"BLD-100097","Recruiting","9","2013-05-15"
"BLD-100097","Onboarding","8","2013-05-15"
"BLD-100097","Probation","8","2013-05-15"
"BLD-100098","Interview","10","2020-05-06"
"BLD-100098","Recruiting","9","2020-05-06"
"BLD-100098","Onboarding","8","2020-05-06"
"BLD-100098","Probation","8","2020-05-06"
"BLD-100099","Interview","10","2013-03-23"
"BLD-100099","Recruiting","9","2013-03-23"
"BLD-100099","Onboarding","8","2013-03-23"
"BLD-100099","Probation","8","2013-03-23"
"BLD-100100","Interview","10","2011-04-11"
"BLD-100100","Recruiting","9","2011-04-11"
"BLD-100100","Onboarding","8","2011-04-11"
"BLD-100100","Probation","8","2011-04-11"
"BLD-100101","Interview","10","2017-07-25"
"BLD-100101","Recruiting","9","2017-07-25"
"BLD-100101","Onboarding","8","2017-07-25"
"BLD-100101","Probation","8","2017-07-25"
"BLD-100102","Interview","10","2017-04-02"
"BLD-100102","Recruiting","9","2017-04-02"
"BLD-100102","Onboarding","8","2017-04-02"
"BLD-100102","Probation","8","2017-04-02"
"BLD-100103","Interview","10","2020-12-21"
"BLD-100103","Recruiting","9","2020-12-21"
"BLD-100103","Onboarding","8","2020-12-21"
"BLD-100103","Probation","8","2020-12-21"
"BLD-100104","Interview","10","2011-07-03"
"BLD-100104","Recruiting","9","2011-07-03"
"BLD-100104","Onboarding","8","2011-07-03"
"BLD-100104","Probation","8","2011-07-03"
"BLD-100105","Interview","10","2010-03-25"
"BLD-100105","Recruiting","9","2010-03-25"
"BLD-100105","Onboarding","8","2010-03-25"
"BLD-100105","Probation","8","2010-03-25"
"BLD-100106","Interview","10","2014-08-24"
"BLD-100106","Recruiting","9","2014-08-24"
"BLD-100106","Onboarding","8","2014-08-24"
"BLD-100106","Probation","8","2014-08-24"
"BLD-100107","Interview","10","2011-12-11"
"BLD-100107","Recruiting","9","2011-12-11"
"BLD-100107","Onboarding","8","2011-12-11"
"BLD-100107","Probation","8","2011-12-11"
"BLD-100108","Interview","10","2020-09-13"
"BLD-100108","Recruiting","9","2020-09-13"
"BLD-100108","Onboarding","8","2020-09-13"
"BLD-100108","Probation","8","2020-09-13"
"BLD-100109","Interview","10","2013-07-22"
"BLD-100109","Recruiting","9","2013-07-22"
"BLD-100109","Onboarding","8","2013-07-22"
"BLD-100109","Probation","8","2013-07-22"
"BLD-100110","Interview","10","2019-07-30"
"BLD-100110","Recruiting","9","2019-07-30"
"BLD-100110","Onboarding","8","2019-07-30"
"BLD-100110","Probation","8","2019-07-30"
"BLD-100111","Interview","10","2022-02-09"
"BLD-100111","Recruiting","9","2022-02-09"
"BLD-100111","Onboarding","8","2022-02-09"
"BLD-100111","Probation","8","2022-02-09"
"BLD-100112","Interview","10","2010-12-06"
"BLD-100112","Recruiting","9","2010-12-06"
"BLD-100112","Onboarding","8","2010-12-06"
"BLD-100112","Probation","8","2010-12-06"
"BLD-100113","Interview","10","2020-01-22"
"BLD-100113","Recruiting","9","2020-01-22"
"BLD-100113","Onboarding","8","2020-01-22"
"BLD-100113","Probation","8","2020-01-22"
"BLD-100114","Interview","10","2013-10-11"
"BLD-100114","Recruiting","9","2013-10-11"
"BLD-100114","Onboarding","8","2013-10-11"
"BLD-100114","Probation","8","2013-10-11"
"BLD-100115","Interview","10","2018-12-30"
"BLD-100115","Recruiting","9","2018-12-30"
"BLD-100115","Onboarding","8","2018-12-30"
"BLD-100115","Probation","8","2018-12-30"
"BLD-100116","Interview","10","2012-12-06"
"BLD-100116","Recruiting","9","2012-12-06"
"BLD-100116","Onboarding","8","2012-12-06"
"BLD-100116","Probation","8","2012-12-06"
"BLD-100117","Interview","10","2011-01-04"
"BLD-100117","Recruiting","9","2011-01-04"
"BLD-100117","Onboarding","8","2011-01-04"
"BLD-100117","Probation","8","2011-01-04"
"BLD-100118","Interview","10","2010-06-08"
"BLD-100118","Recruiting","9","2010-06-08"
"BLD-100118","Onboarding","8","2010-06-08"
"BLD-100118","Probation","8","2010-06-08"
"BLD-100119","Interview","10","2019-05-29"
"BLD-100119","Recruiting","9","2019-05-29"
"BLD-100119","Onboarding","8","2019-05-29"
"BLD-100119","Probation","8","2019-05-29"
"BLD-100120","Interview","10","2015-05-05"
"BLD-100120","Recruiting","9","2015-05-05"
"BLD-100120","Onboarding","8","2015-05-05"
"BLD-100120","Probation","8","2015-05-05"
"BLD-100121","Interview","10","2019-11-08"
"BLD-100121","Recruiting","9","2019-11-08"
"BLD-100121","Onboarding","8","2019-11-08"
"BLD-100121","Probation","8","2019-11-08"
"BLD-100122","Interview","10","2014-02-26"
"BLD-100122","Recruiting","9","2014-02-26"
"BLD-100122","Onboarding","8","2014-02-26"
"BLD-100122","Probation","8","2014-02-26"
"BLD-100123","Interview","10","2018-12-06"
"BLD-100123","Recruiting","9","2018-12-06"
"BLD-100123","Onboarding","8","2018-12-06"
"BLD-100123","Probation","8","2018-12-06"
"BLD-100124","Interview","10","2020-06-26"
"BLD-100124","Recruiting","9","2020-06-26"
"BLD-100124","Onboarding","8","2020-06-26"
"BLD-100124","Probation","8","2020-06-26"
"BLD-100125","Interview","10","2011-03-19"
"BLD-100125","Recruiting","9","2011-03-19"
"BLD-100125","Onboarding","8","2011-03-19"
"BLD-100125","Probation","8","2011-03-19"
"BLD-100126","Interview","10","2015-10-25"
"BLD-100126","Recruiting","9","2015-10-25"
"BLD-100126","Onboarding","8","2015-10-25"
"BLD-100126","Probation","8","2015-10-25"
"BLD-100127","Interview","10","2010-12-12"
"BLD-100127","Recruiting","9","2010-12-12"
"BLD-100127","Onboarding","8","2010-12-12"
"BLD-100127","Probation","8","2010-12-12"
"BLD-100128","Interview","10","2022-04-22"
"BLD-100128","Recruiting","9","2022-04-22"
"BLD-100128","Onboarding","8","2022-04-22"
"BLD-100128","Probation","8","2022-04-22"
"BLD-100129","Interview","10","2019-03-12"
"BLD-100129","Recruiting","9","2019-03-12"
"BLD-100129","Onboarding","8","2019-03-12"
"BLD-100129","Probation","8","2019-03-12"
"BLD-100130","Interview","10","2013-05-08"
"BLD-100130","Recruiting","9","2013-05-08"
"BLD-100130","Onboarding","8","2013-05-08"
"BLD-100130","Probation","8","2013-05-08"
"BLD-100131","Interview","10","2018-06-21"
"BLD-100131","Recruiting","9","2018-06-21"
"BLD-100131","Onboarding","8","2018-06-21"
"BLD-100131","Probation","8","2018-06-21"
"BLD-100132","Interview","10","2010-03-06"
"BLD-100132","Recruiting","9","2010-03-06"
"BLD-100132","Onboarding","8","2010-03-06"
"BLD-100132","Probation","8","2010-03-06"
"BLD-100133","Interview","10","2014-02-02"
"BLD-100133","Recruiting","9","2014-02-02"
"BLD-100133","Onboarding","8","2014-02-02"
"BLD-100133","Probation","8","2014-02-02"
"BLD-100134","Interview","10","2014-02-09"
"BLD-100134","Recruiting","9","2014-02-09"
"BLD-100134","Onboarding","8","2014-02-09"
"BLD-100134","Probation","8","2014-02-09"
"BLD-100135","Interview","10","2022-04-02"
"BLD-100135","Recruiting","9","2022-04-02"
"BLD-100135","Onboarding","8","2022-04-02"
"BLD-100135","Probation","8","2022-04-02"
"BLD-100136","Interview","10","2018-04-13"
"BLD-100136","Recruiting","9","2018-04-13"
"BLD-100136","Onboarding","8","2018-04-13"
"BLD-100136","Probation","8","2018-04-13"
"BLD-100137","Interview","10","2021-07-26"
"BLD-100137","Recruiting","9","2021-07-26"
"BLD-100137","Onboarding","8","2021-07-26"
"BLD-100137","Probation","8","2021-07-26"
"BLD-100138","Interview","10","2020-05-25"
"BLD-100138","Recruiting","9","2020-05-25"
"BLD-100138","Onboarding","8","2020-05-25"
"BLD-100138","Probation","8","2020-05-25"
"BLD-100139","Interview","10","2012-10-03"
"BLD-100139","Recruiting","9","2012-10-03"
"BLD-100139","Onboarding","8","2012-10-03"
"BLD-100139","Probation","8","2012-10-03"
"BLD-100140","Interview","10","2016-04-09"
"BLD-100140","Recruiting","9","2016-04-09"
"BLD-100140","Onboarding","8","2016-04-09"
"BLD-100140","Probation","8","2016-04-09"
"BLD-100141","Interview","10","2011-08-21"
"BLD-100141","Recruiting","9","2011-08-21"
"BLD-100141","Onboarding","8","2011-08-21"
"BLD-100141","Probation","8","2011-08-21"
"BLD-100142","Interview","10","2015-03-23"
"BLD-100142","Recruiting","9","2015-03-23"
"BLD-100142","Onboarding","8","2015-03-23"
"BLD-100142","Probation","8","2015-03-23"
"BLD-100143","Interview","10","2019-07-07"
"BLD-100143","Recruiting","9","2019-07-07"
"BLD-100143","Onboarding","8","2019-07-07"
"BLD-100143","Probation","8","2019-07-07"
"BLD-100144","Interview","10","2013-09-11"
"BLD-100144","Recruiting","9","2013-09-11"
"BLD-100144","Onboarding","8","2013-09-11"
"BLD-100144","Probation","8","2013-09-11"
"BLD-100145","Interview","10","2011-09-06"
"BLD-100145","Recruiting","9","2011-09-06"
"BLD-100145","Onboarding","8","2011-09-06"
"BLD-100145","Probation","8","2011-09-06"
"BLD-100146","Interview","10","2015-04-12"
"BLD-100146","Recruiting","9","2015-04-12"
"BLD-100146","Onboarding","8","2015-04-12"
"BLD-100146","Probation","8","2015-04-12"
"BLD-100147","Interview","10","2017-04-05"
"BLD-100147","Recruiting","9","2017-04-05"
"BLD-100147","Onboarding","8","2017-04-05"
"BLD-100147","Probation","8","2017-04-05"
"BLD-100148","Interview","10","2019-01-09"
"BLD-100148","Recruiting","9","2019-01-09"
"BLD-100148","Onboarding","8","2019-01-09"
"BLD-100148","Probation","8","2019-01-09"
"BLD-100149","Interview","10","2021-11-16"
"BLD-100149","Recruiting","9","2021-11-16"
"BLD-100149","Onboarding","8","2021-11-16"
"BLD-100149","Probation","8","2021-11-16"
"BLD-100150","Interview","10","2019-02-15"
"BLD-100150","Recruiting","9","2019-02-15"
"BLD-100150","Onboarding","8","2019-02-15"
"BLD-100150","Probation","8","2019-02-15"
"BLD-100151","Interview","10","2016-11-12"
"BLD-100151","Recruiting","9","2016-11-12"
"BLD-100151","Onboarding","8","2016-11-12"
"BLD-100151","Probation","8","2016-11-12"
"BLD-100152","Interview","10","2019-04-28"
"BLD-100152","Recruiting","9","2019-04-28"
"BLD-100152","Onboarding","8","2019-04-28"
"BLD-100152","Probation","8","2019-04-28"
"BLD-100153","Interview","10","2013-02-27"
"BLD-100153","Recruiting","9","2013-02-27"
"BLD-100153","Onboarding","8","2013-02-27"
"BLD-100153","Probation","8","2013-02-27"
"BLD-100154","Interview","10","2011-11-30"
"BLD-100154","Recruiting","9","2011-11-30"
"BLD-100154","Onboarding","8","2011-11-30"
"BLD-100154","Probation","8","2011-11-30"
"BLD-100155","Interview","10","2013-11-14"
"BLD-100155","Recruiting","9","2013-11-14"
"BLD-100155","Onboarding","8","2013-11-14"
"BLD-100155","Probation","8","2013-11-14"
"BLD-100156","Interview","10","2018-05-10"
"BLD-100156","Recruiting","9","2018-05-10"
"BLD-100156","Onboarding","8","2018-05-10"
"BLD-100156","Probation","8","2018-05-10"
"BLD-100157","Interview","10","2013-05-27"
"BLD-100157","Recruiting","9","2013-05-27"
"BLD-100157","Onboarding","8","2013-05-27"
"BLD-100157","Probation","8","2013-05-27"
"BLD-100158","Interview","10","2010-03-12"
"BLD-100158","Recruiting","9","2010-03-12"
"BLD-100158","Onboarding","8","2010-03-12"
"BLD-100158","Probation","8","2010-03-12"
"BLD-100159","Interview","10","2015-09-20"
"BLD-100159","Recruiting","9","2015-09-20"
"BLD-100159","Onboarding","8","2015-09-20"
"BLD-100159","Probation","8","2015-09-20"
"BLD-100160","Interview","10","2011-08-23"
"BLD-100160","Recruiting","9","2011-08-23"
"BLD-100160","Onboarding","8","2011-08-23"
"BLD-100160","Probation","8","2011-08-23"
"BLD-100161","Interview","10","2012-03-10"
"BLD-100161","Recruiting","9","2012-03-10"
"BLD-100161","Onboarding","8","2012-03-10"
"BLD-100161","Probation","8","2012-03-10"
"BLD-100162","Interview","10","2020-12-31"
"BLD-100162","Recruiting","9","2020-12-31"
"BLD-100162","Onboarding","8","2020-12-31"
"BLD-100162","Probation","8","2020-12-31"
"BLD-100163","Interview","10","2022-05-12"
"BLD-100163","Recruiting","9","2022-05-12"
"BLD-100163","Onboarding","8","2022-05-12"
"BLD-100163","Probation","8","2022-05-12"
"BLD-100164","Interview","10","2020-09-26"
"BLD-100164","Recruiting","9","2020-09-26"
"BLD-100164","Onboarding","8","2020-09-26"
"BLD-100164","Probation","8","2020-09-26"
"BLD-100165","Interview","10","2012-12-21"
"BLD-100165","Recruiting","9","2012-12-21"
"BLD-100165","Onboarding","8","2012-12-21"
"BLD-100165","Probation","8","2012-12-21"
"BLD-100166","Interview","10","2012-09-24"
"BLD-100166","Recruiting","9","2012-09-24"
"BLD-100166","Onboarding","8","2012-09-24"
"BLD-100166","Probation","8","2012-09-24"
"BLD-100167","Interview","10","2010-11-18"
"BLD-100167","Recruiting","9","2010-11-18"
"BLD-100167","Onboarding","8","2010-11-18"
"BLD-100167","Probation","8","2010-11-18"
"BLD-100168","Interview","10","2012-03-24"
"BLD-100168","Recruiting","9","2012-03-24"
"BLD-100168","Onboarding","8","2012-03-24"
"BLD-100168","Probation","8","2012-03-24"
"BLD-100169","Interview","10","2017-09-23"
"BLD-100169","Recruiting","9","2017-09-23"
"BLD-100169","Onboarding","8","2017-09-23"
"BLD-100169","Probation","8","2017-09-23"
"BLD-100170","Interview","10","2019-02-14"
"BLD-100170","Recruiting","9","2019-02-14"
"BLD-100170","Onboarding","8","2019-02-14"
"BLD-100170","Probation","8","2019-02-14"
"BLD-100171","Interview","10","2014-03-14"
"BLD-100171","Recruiting","9","2014-03-14"
"BLD-100171","Onboarding","8","2014-03-14"
"BLD-100171","Probation","8","2014-03-14"
"BLD-100172","Interview","10","2013-06-12"
"BLD-100172","Recruiting","9","2013-06-12"
"BLD-100172","Onboarding","8","2013-06-12"
"BLD-100172","Probation","8","2013-06-12"
"BLD-100173","Interview","10","2022-08-08"
"BLD-100173","Recruiting","9","2022-08-08"
"BLD-100173","Onboarding","8","2022-08-08"
"BLD-100173","Probation","8","2022-08-08"
"BLD-100174","Interview","10","2015-09-20"
"BLD-100174","Recruiting","9","2015-09-20"
"BLD-100174","Onboarding","8","2015-09-20"
"BLD-100174","Probation","8","2015-09-20"
"BLD-100175","Interview","10","2022-05-03"
"BLD-100175","Recruiting","9","2022-05-03"
"BLD-100175","Onboarding","8","2022-05-03"
"BLD-100175","Probation","8","2022-05-03"
"BLD-100176","Interview","10","2016-04-24"
"BLD-100176","Recruiting","9","2016-04-24"
"BLD-100176","Onboarding","8","2016-04-24"
"BLD-100176","Probation","8","2016-04-24"
"BLD-100177","Interview","10","2018-04-12"
"BLD-100177","Recruiting","9","2018-04-12"
"BLD-100177","Onboarding","8","2018-04-12"
"BLD-100177","Probation","8","2018-04-12"
"BLD-100178","Interview","10","2013-02-26"
"BLD-100178","Recruiting","9","2013-02-26"
"BLD-100178","Onboarding","8","2013-02-26"
"BLD-100178","Probation","8","2013-02-26"
"BLD-100179","Interview","10","2019-02-26"
"BLD-100179","Recruiting","9","2019-02-26"
"BLD-100179","Onboarding","8","2019-02-26"
"BLD-100179","Probation","8","2019-02-26"
"BLD-100180","Interview","10","2015-10-16"
"BLD-100180","Recruiting","9","2015-10-16"
"BLD-100180","Onboarding","8","2015-10-16"
"BLD-100180","Probation","8","2015-10-16"
"BLD-100181","Interview","10","2021-12-09"
"BLD-100181","Recruiting","9","2021-12-09"
"BLD-100181","Onboarding","8","2021-12-09"
"BLD-100181","Probation","8","2021-12-09"
"BLD-100182","Interview","10","2016-01-31"
"BLD-100182","Recruiting","9","2016-01-31"
"BLD-100182","Onboarding","8","2016-01-31"
"BLD-100182","Probation","8","2016-01-31"
"BLD-100183","Interview","10","2016-01-06"
"BLD-100183","Recruiting","9","2016-01-06"
"BLD-100183","Onboarding","8","2016-01-06"
"BLD-100183","Probation","8","2016-01-06"
"BLD-100184","Interview","10","2015-10-28"
"BLD-100184","Recruiting","9","2015-10-28"
"BLD-100184","Onboarding","8","2015-10-28"
"BLD-100184","Probation","8","2015-10-28"
"BLD-100185","Interview","10","2013-10-12"
"BLD-100185","Recruiting","9","2013-10-12"
"BLD-100185","Onboarding","8","2013-10-12"
"BLD-100185","Probation","8","2013-10-12"
"BLD-100186","Interview","10","2019-07-03"
"BLD-100186","Recruiting","9","2019-07-03"
"BLD-100186","Onboarding","8","2019-07-03"
"BLD-100186","Probation","8","2019-07-03"
"BLD-100187","Interview","10","2012-05-15"
"BLD-100187","Recruiting","9","2012-05-15"
"BLD-100187","Onboarding","8","2012-05-15"
"BLD-100187","Probation","8","2012-05-15"
"BLD-100188","Interview","10","2018-08-12"
"BLD-100188","Recruiting","9","2018-08-12"
"BLD-100188","Onboarding","8","2018-08-12"
"BLD-100188","Probation","8","2018-08-12"
"BLD-100189","Interview","10","2012-04-24"
"BLD-100189","Recruiting","9","2012-04-24"
"BLD-100189","Onboarding","8","2012-04-24"
"BLD-100189","Probation","8","2012-04-24"
"BLD-100190","Interview","10","2020-12-20"
"BLD-100190","Recruiting","9","2020-12-20"
"BLD-100190","Onboarding","8","2020-12-20"
"BLD-100190","Probation","8","2020-12-20"
"BLD-100191","Interview","10","2021-05-06"
"BLD-100191","Recruiting","9","2021-05-06"
"BLD-100191","Onboarding","8","2021-05-06"
"BLD-100191","Probation","8","2021-05-06"
"BLD-100192","Interview","10","2021-04-27"
"BLD-100192","Recruiting","9","2021-04-27"
"BLD-100192","Onboarding","8","2021-04-27"
"BLD-100192","Probation","8","2021-04-27"
"BLD-100193","Interview","10","2017-12-01"
"BLD-100193","Recruiting","9","2017-12-01"
"BLD-100193","Onboarding","8","2017-12-01"
"BLD-100193","Probation","8","2017-12-01"
"BLD-100194","Interview","10","2016-11-16"
"BLD-100194","Recruiting","9","2016-11-16"
"BLD-100194","Onboarding","8","2016-11-16"
"BLD-100194","Probation","8","2016-11-16"
"BLD-100195","Interview","10","2013-07-14"
"BLD-100195","Recruiting","9","2013-07-14"
"BLD-100195","Onboarding","8","2013-07-14"
"BLD-100195","Probation","8","2013-07-14"
"BLD-100196","Interview","10","2017-10-11"
"BLD-100196","Recruiting","9","2017-10-11"
"BLD-100196","Onboarding","8","2017-10-11"
"BLD-100196","Probation","8","2017-10-11"
"BLD-100197","Interview","10","2014-02-21"
"BLD-100197","Recruiting","9","2014-02-21"
"BLD-100197","Onboarding","8","2014-02-21"
"BLD-100197","Probation","8","2014-02-21"
"BLD-100198","Interview","10","2011-01-19"
"BLD-100198","Recruiting","9","2011-01-19"
"BLD-100198","Onboarding","8","2011-01-19"
"BLD-100198","Probation","8","2011-01-19"
"BLD-100199","Interview","10","2012-01-05"
"BLD-100199","Recruiting","9","2012-01-05"
"BLD-100199","Onboarding","8","2012-01-05"
"BLD-100199","Probation","8","2012-01-05"
"BLD-100200","Interview","10","2017-09-17"
"BLD-100200","Recruiting","9","2017-09-17"
"BLD-100200","Onboarding","8","2017-09-17"
"BLD-100200","Probation","8","2017-09-17"
"BLD-100201","Interview","10","2015-01-21"
"BLD-100201","Recruiting","9","2015-01-21"
"BLD-100201","Onboarding","8","2015-01-21"
"BLD-100201","Probation","8","2015-01-21"
"BLD-100202","Interview","10","2020-11-23"
"BLD-100202","Recruiting","9","2020-11-23"
"BLD-100202","Onboarding","8","2020-11-23"
"BLD-100202","Probation","8","2020-11-23"
"BLD-100203","Interview","10","2011-01-27"
"BLD-100203","Recruiting","9","2011-01-27"
"BLD-100203","Onboarding","8","2011-01-27"
"BLD-100203","Probation","8","2011-01-27"
"BLD-100204","Interview","10","2012-05-01"
"BLD-100204","Recruiting","9","2012-05-01"
"BLD-100204","Onboarding","8","2012-05-01"
"BLD-100204","Probation","8","2012-05-01"
"BLD-100205","Interview","10","2020-08-30"
"BLD-100205","Recruiting","9","2020-08-30"
"BLD-100205","Onboarding","8","2020-08-30"
"BLD-100205","Probation","8","2020-08-30"
"BLD-100206","Interview","10","2021-03-16"
"BLD-100206","Recruiting","9","2021-03-16"
"BLD-100206","Onboarding","8","2021-03-16"
"BLD-100206","Probation","8","2021-03-16"
"BLD-100207","Interview","10","2019-11-07"
"BLD-100207","Recruiting","9","2019-11-07"
"BLD-100207","Onboarding","8","2019-11-07"
"BLD-100207","Probation","8","2019-11-07"
"BLD-100208","Interview","10","2021-06-13"
"BLD-100208","Recruiting","9","2021-06-13"
"BLD-100208","Onboarding","8","2021-06-13"
"BLD-100208","Probation","8","2021-06-13"
"BLD-100209","Interview","10","2016-08-25"
"BLD-100209","Recruiting","9","2016-08-25"
"BLD-100209","Onboarding","8","2016-08-25"
"BLD-100209","Probation","8","2016-08-25"
"BLD-100210","Interview","10","2017-03-12"
"BLD-100210","Recruiting","9","2017-03-12"
"BLD-100210","Onboarding","8","2017-03-12"
"BLD-100210","Probation","8","2017-03-12"
"BLD-100211","Interview","10","2019-11-30"
"BLD-100211","Recruiting","9","2019-11-30"
"BLD-100211","Onboarding","8","2019-11-30"
"BLD-100211","Probation","8","2019-11-30"
"BLD-100212","Interview","10","2012-03-12"
"BLD-100212","Recruiting","9","2012-03-12"
"BLD-100212","Onboarding","8","2012-03-12"
"BLD-100212","Probation","8","2012-03-12"
"BLD-100213","Interview","10","2018-05-06"
"BLD-100213","Recruiting","9","2018-05-06"
"BLD-100213","Onboarding","8","2018-05-06"
"BLD-100213","Probation","8","2018-05-06"
"BLD-100214","Interview","10","2014-05-13"
"BLD-100214","Recruiting","9","2014-05-13"
"BLD-100214","Onboarding","8","2014-05-13"
"BLD-100214","Probation","8","2014-05-13"
"BLD-100215","Interview","10","2010-05-05"
"BLD-100215","Recruiting","9","2010-05-05"
"BLD-100215","Onboarding","8","2010-05-05"
"BLD-100215","Probation","8","2010-05-05"
"BLD-100216","Interview","10","2011-08-07"
"BLD-100216","Recruiting","9","2011-08-07"
"BLD-100216","Onboarding","8","2011-08-07"
"BLD-100216","Probation","8","2011-08-07"
"BLD-100217","Interview","10","2017-08-16"
"BLD-100217","Recruiting","9","2017-08-16"
"BLD-100217","Onboarding","8","2017-08-16"
"BLD-100217","Probation","8","2017-08-16"
"BLD-100218","Interview","10","2015-03-06"
"BLD-100218","Recruiting","9","2015-03-06"
"BLD-100218","Onboarding","8","2015-03-06"
"BLD-100218","Probation","8","2015-03-06"
"BLD-100219","Interview","10","2012-10-14"
"BLD-100219","Recruiting","9","2012-10-14"
"BLD-100219","Onboarding","8","2012-10-14"
"BLD-100219","Probation","8","2012-10-14"
"BLD-100220","Interview","10","2016-05-05"
"BLD-100220","Recruiting","9","2016-05-05"
"BLD-100220","Onboarding","8","2016-05-05"
"BLD-100220","Probation","8","2016-05-05"
"BLD-100221","Interview","10","2014-02-19"
"BLD-100221","Recruiting","9","2014-02-19"
"BLD-100221","Onboarding","8","2014-02-19"
"BLD-100221","Probation","8","2014-02-19"
"BLD-100222","Interview","10","2017-11-06"
"BLD-100222","Recruiting","9","2017-11-06"
"BLD-100222","Onboarding","8","2017-11-06"
"BLD-100222","Probation","8","2017-11-06"
"BLD-100223","Interview","10","2020-07-24"
"BLD-100223","Recruiting","9","2020-07-24"
"BLD-100223","Onboarding","8","2020-07-24"
"BLD-100223","Probation","8","2020-07-24"
"BLD-100224","Interview","10","2014-10-03"
"BLD-100224","Recruiting","9","2014-10-03"
"BLD-100224","Onboarding","8","2014-10-03"
"BLD-100224","Probation","8","2014-10-03"
"BLD-100225","Interview","10","2015-09-15"
"BLD-100225","Recruiting","9","2015-09-15"
"BLD-100225","Onboarding","8","2015-09-15"
"BLD-100225","Probation","8","2015-09-15"
"BLD-100226","Interview","10","2022-07-21"
"BLD-100226","Recruiting","9","2022-07-21"
"BLD-100226","Onboarding","8","2022-07-21"
"BLD-100226","Probation","8","2022-07-21"
"BLD-100227","Interview","10","2017-08-21"
"BLD-100227","Recruiting","9","2017-08-21"
"BLD-100227","Onboarding","8","2017-08-21"
"BLD-100227","Probation","8","2017-08-21"
"BLD-100228","Interview","10","2018-10-17"
"BLD-100228","Recruiting","9","2018-10-17"
"BLD-100228","Onboarding","8","2018-10-17"
"BLD-100228","Probation","8","2018-10-17"
"BLD-100229","Interview","10","2011-05-30"
"BLD-100229","Recruiting","9","2011-05-30"
"BLD-100229","Onboarding","8","2011-05-30"
"BLD-100229","Probation","8","2011-05-30"
"BLD-100230","Interview","10","2020-12-06"
"BLD-100230","Recruiting","9","2020-12-06"
"BLD-100230","Onboarding","8","2020-12-06"
"BLD-100230","Probation","8","2020-12-06"
"BLD-100231","Interview","10","2022-02-04"
"BLD-100231","Recruiting","9","2022-02-04"
"BLD-100231","Onboarding","8","2022-02-04"
"BLD-100231","Probation","8","2022-02-04"
"BLD-100232","Interview","10","2019-12-11"
"BLD-100232","Recruiting","9","2019-12-11"
"BLD-100232","Onboarding","8","2019-12-11"
"BLD-100232","Probation","8","2019-12-11"
"BLD-100233","Interview","10","2011-07-25"
"BLD-100233","Recruiting","9","2011-07-25"
"BLD-100233","Onboarding","8","2011-07-25"
"BLD-100233","Probation","8","2011-07-25"
"BLD-100234","Interview","10","2019-09-25"
"BLD-100234","Recruiting","9","2019-09-25"
"BLD-100234","Onboarding","8","2019-09-25"
"BLD-100234","Probation","8","2019-09-25"
"BLD-100235","Interview","10","2014-03-20"
"BLD-100235","Recruiting","9","2014-03-20"
"BLD-100235","Onboarding","8","2014-03-20"
"BLD-100235","Probation","8","2014-03-20"
"BLD-100236","Interview","10","2020-11-10"
"BLD-100236","Recruiting","9","2020-11-10"
"BLD-100236","Onboarding","8","2020-11-10"
"BLD-100236","Probation","8","2020-11-10"
"BLD-100237","Interview","10","2012-08-12"
"BLD-100237","Recruiting","9","2012-08-12"
"BLD-100237","Onboarding","8","2012-08-12"
"BLD-100237","Probation","8","2012-08-12"
"BLD-100238","Interview","10","2014-09-18"
"BLD-100238","Recruiting","9","2014-09-18"
"BLD-100238","Onboarding","8","2014-09-18"
"BLD-100238","Probation","8","2014-09-18"
"BLD-100239","Interview","10","2014-09-20"
"BLD-100239","Recruiting","9","2014-09-20"
"BLD-100239","Onboarding","8","2014-09-20"
"BLD-100239","Probation","8","2014-09-20"
"BLD-100240","Interview","10","2013-12-26"
"BLD-100240","Recruiting","9","2013-12-26"
"BLD-100240","Onboarding","8","2013-12-26"
"BLD-100240","Probation","8","2013-12-26"
"BLD-100241","Interview","10","2022-07-23"
"BLD-100241","Recruiting","9","2022-07-23"
"BLD-100241","Onboarding","8","2022-07-23"
"BLD-100241","Probation","8","2022-07-23"
"BLD-100242","Interview","10","2021-10-02"
"BLD-100242","Recruiting","9","2021-10-02"
"BLD-100242","Onboarding","8","2021-10-02"
"BLD-100242","Probation","8","2021-10-02"
"BLD-100243","Interview","10","2017-06-26"
"BLD-100243","Recruiting","9","2017-06-26"
"BLD-100243","Onboarding","8","2017-06-26"
"BLD-100243","Probation","8","2017-06-26"
"BLD-100244","Interview","10","2016-03-08"
"BLD-100244","Recruiting","9","2016-03-08"
"BLD-100244","Onboarding","8","2016-03-08"
"BLD-100244","Probation","8","2016-03-08"
"BLD-100245","Interview","10","2010-08-29"
"BLD-100245","Recruiting","9","2010-08-29"
"BLD-100245","Onboarding","8","2010-08-29"
"BLD-100245","Probation","8","2010-08-29"
"BLD-100246","Interview","10","2018-03-17"
"BLD-100246","Recruiting","9","2018-03-17"
"BLD-100246","Onboarding","8","2018-03-17"
"BLD-100246","Probation","8","2018-03-17"
"BLD-100247","Interview","10","2014-11-08"
"BLD-100247","Recruiting","9","2014-11-08"
"BLD-100247","Onboarding","8","2014-11-08"
"BLD-100247","Probation","8","2014-11-08"
"BLD-100248","Interview","10","2022-05-17"
"BLD-100248","Recruiting","9","2022-05-17"
"BLD-100248","Onboarding","8","2022-05-17"
"BLD-100248","Probation","8","2022-05-17"
"BLD-100249","Interview","10","2012-03-12"
"BLD-100249","Recruiting","9","2012-03-12"
"BLD-100249","Onboarding","8","2012-03-12"
"BLD-100249","Probation","8","2012-03-12"
"BLD-100250","Interview","10","2018-08-17"
"BLD-100250","Recruiting","9","2018-08-17"
"BLD-100250","Onboarding","8","2018-08-17"
"BLD-100250","Probation","8","2018-08-17"
"BLD-100251","Interview","10","2021-05-28"
"BLD-100251","Recruiting","9","2021-05-28"
"BLD-100251","Onboarding","8","2021-05-28"
"BLD-100251","Probation","8","2021-05-28"
"BLD-100252","Interview","10","2014-10-13"
"BLD-100252","Recruiting","9","2014-10-13"
"BLD-100252","Onboarding","8","2014-10-13"
"BLD-100252","Probation","8","2014-10-13"
"BLD-100253","Interview","10","2010-04-09"
"BLD-100253","Recruiting","9","2010-04-09"
"BLD-100253","Onboarding","8","2010-04-09"
"BLD-100253","Probation","8","2010-04-09"
"BLD-100254","Interview","10","2021-12-01"
"BLD-100254","Recruiting","9","2021-12-01"
"BLD-100254","Onboarding","8","2021-12-01"
"BLD-100254","Probation","8","2021-12-01"
"BLD-100255","Interview","10","2020-04-16"
"BLD-100255","Recruiting","9","2020-04-16"
"BLD-100255","Onboarding","8","2020-04-16"
"BLD-100255","Probation","8","2020-04-16"
"BLD-100256","Interview","10","2015-12-21"
"BLD-100256","Recruiting","9","2015-12-21"
"BLD-100256","Onboarding","8","2015-12-21"
"BLD-100256","Probation","8","2015-12-21"
"BLD-100257","Interview","10","2017-01-14"
"BLD-100257","Recruiting","9","2017-01-14"
"BLD-100257","Onboarding","8","2017-01-14"
"BLD-100257","Probation","8","2017-01-14"
"BLD-100258","Interview","10","2011-07-07"
"BLD-100258","Recruiting","9","2011-07-07"
"BLD-100258","Onboarding","8","2011-07-07"
"BLD-100258","Probation","8","2011-07-07"
"BLD-100259","Interview","10","2015-11-15"
"BLD-100259","Recruiting","9","2015-11-15"
"BLD-100259","Onboarding","8","2015-11-15"
"BLD-100259","Probation","8","2015-11-15"
"BLD-100260","Interview","10","2017-02-24"
"BLD-100260","Recruiting","9","2017-02-24"
"BLD-100260","Onboarding","8","2017-02-24"
"BLD-100260","Probation","8","2017-02-24"
"BLD-100261","Interview","10","2019-05-06"
"BLD-100261","Recruiting","9","2019-05-06"
"BLD-100261","Onboarding","8","2019-05-06"
"BLD-100261","Probation","8","2019-05-06"
"BLD-100262","Interview","10","2012-10-18"
"BLD-100262","Recruiting","9","2012-10-18"
"BLD-100262","Onboarding","8","2012-10-18"
"BLD-100262","Probation","8","2012-10-18"
"BLD-100263","Interview","10","2022-05-11"
"BLD-100263","Recruiting","9","2022-05-11"
"BLD-100263","Onboarding","8","2022-05-11"
"BLD-100263","Probation","8","2022-05-11"
"BLD-100264","Interview","10","2018-09-21"
"BLD-100264","Recruiting","9","2018-09-21"
"BLD-100264","Onboarding","8","2018-09-21"
"BLD-100264","Probation","8","2018-09-21"
"BLD-100265","Interview","10","2014-06-03"
"BLD-100265","Recruiting","9","2014-06-03"
"BLD-100265","Onboarding","8","2014-06-03"
"BLD-100265","Probation","8","2014-06-03"
"BLD-100266","Interview","10","2011-04-06"
"BLD-100266","Recruiting","9","2011-04-06"
"BLD-100266","Onboarding","8","2011-04-06"
"BLD-100266","Probation","8","2011-04-06"
"BLD-100267","Interview","10","2020-03-05"
"BLD-100267","Recruiting","9","2020-03-05"
"BLD-100267","Onboarding","8","2020-03-05"
"BLD-100267","Probation","8","2020-03-05"
"BLD-100268","Interview","10","2015-07-16"
"BLD-100268","Recruiting","9","2015-07-16"
"BLD-100268","Onboarding","8","2015-07-16"
"BLD-100268","Probation","8","2015-07-16"
"BLD-100269","Interview","10","2012-10-11"
"BLD-100269","Recruiting","9","2012-10-11"
"BLD-100269","Onboarding","8","2012-10-11"
"BLD-100269","Probation","8","2012-10-11"
"BLD-100270","Interview","10","2012-01-07"
"BLD-100270","Recruiting","9","2012-01-07"
"BLD-100270","Onboarding","8","2012-01-07"
"BLD-100270","Probation","8","2012-01-07"
"BLD-100271","Interview","10","2016-08-28"
"BLD-100271","Recruiting","9","2016-08-28"
"BLD-100271","Onboarding","8","2016-08-28"
"BLD-100271","Probation","8","2016-08-28"
"BLD-100272","Interview","10","2010-01-16"
"BLD-100272","Recruiting","9","2010-01-16"
"BLD-100272","Onboarding","8","2010-01-16"
"BLD-100272","Probation","8","2010-01-16"
"BLD-100273","Interview","10","2010-01-17"
"BLD-100273","Recruiting","9","2010-01-17"
"BLD-100273","Onboarding","8","2010-01-17"
"BLD-100273","Probation","8","2010-01-17"
"BLD-100274","Interview","10","2022-07-01"
"BLD-100274","Recruiting","9","2022-07-01"
"BLD-100274","Onboarding","8","2022-07-01"
"BLD-100274","Probation","8","2022-07-01"
"BLD-100275","Interview","10","2016-09-18"
"BLD-100275","Recruiting","9","2016-09-18"
"BLD-100275","Onboarding","8","2016-09-18"
"BLD-100275","Probation","8","2016-09-18"
"BLD-100276","Interview","10","2017-02-06"
"BLD-100276","Recruiting","9","2017-02-06"
"BLD-100276","Onboarding","8","2017-02-06"
"BLD-100276","Probation","8","2017-02-06"
"BLD-100277","Interview","10","2013-04-07"
"BLD-100277","Recruiting","9","2013-04-07"
"BLD-100277","Onboarding","8","2013-04-07"
"BLD-100277","Probation","8","2013-04-07"
"BLD-100278","Interview","10","2012-11-10"
"BLD-100278","Recruiting","9","2012-11-10"
"BLD-100278","Onboarding","8","2012-11-10"
"BLD-100278","Probation","8","2012-11-10"
"BLD-100279","Interview","10","2020-06-16"
"BLD-100279","Recruiting","9","2020-06-16"
"BLD-100279","Onboarding","8","2020-06-16"
"BLD-100279","Probation","8","2020-06-16"
"BLD-100280","Interview","10","2019-11-14"
"BLD-100280","Recruiting","9","2019-11-14"
"BLD-100280","Onboarding","8","2019-11-14"
"BLD-100280","Probation","8","2019-11-14"
"BLD-100281","Interview","10","2022-05-18"
"BLD-100281","Recruiting","9","2022-05-18"
"BLD-100281","Onboarding","8","2022-05-18"
"BLD-100281","Probation","8","2022-05-18"
"BLD-100282","Interview","10","2011-03-25"
"BLD-100282","Recruiting","9","2011-03-25"
"BLD-100282","Onboarding","8","2011-03-25"
"BLD-100282","Probation","8","2011-03-25"
"BLD-100283","Interview","10","2017-06-21"
"BLD-100283","Recruiting","9","2017-06-21"
"BLD-100283","Onboarding","8","2017-06-21"
"BLD-100283","Probation","8","2017-06-21"
"BLD-100284","Interview","10","2011-04-20"
"BLD-100284","Recruiting","9","2011-04-20"
"BLD-100284","Onboarding","8","2011-04-20"
"BLD-100284","Probation","8","2011-04-20"
"BLD-100285","Interview","10","2010-01-23"
"BLD-100285","Recruiting","9","2010-01-23"
"BLD-100285","Onboarding","8","2010-01-23"
"BLD-100285","Probation","8","2010-01-23"
"BLD-100286","Interview","10","2017-11-07"
"BLD-100286","Recruiting","9","2017-11-07"
"BLD-100286","Onboarding","8","2017-11-07"
"BLD-100286","Probation","8","2017-11-07"
"BLD-100287","Interview","10","2011-12-01"
"BLD-100287","Recruiting","9","2011-12-01"
"BLD-100287","Onboarding","8","2011-12-01"
"BLD-100287","Probation","8","2011-12-01"
"BLD-100288","Interview","10","2021-06-25"
"BLD-100288","Recruiting","9","2021-06-25"
"BLD-100288","Onboarding","8","2021-06-25"
"BLD-100288","Probation","8","2021-06-25"
"BLD-100289","Interview","10","2013-03-31"
"BLD-100289","Recruiting","9","2013-03-31"
"BLD-100289","Onboarding","8","2013-03-31"
"BLD-100289","Probation","8","2013-03-31"
"BLD-100290","Interview","10","2021-08-28"
"BLD-100290","Recruiting","9","2021-08-28"
"BLD-100290","Onboarding","8","2021-08-28"
"BLD-100290","Probation","8","2021-08-28"
"BLD-100291","Interview","10","2016-04-23"
"BLD-100291","Recruiting","9","2016-04-23"
"BLD-100291","Onboarding","8","2016-04-23"
"BLD-100291","Probation","8","2016-04-23"
"BLD-100292","Interview","10","2014-07-22"
"BLD-100292","Recruiting","9","2014-07-22"
"BLD-100292","Onboarding","8","2014-07-22"
"BLD-100292","Probation","8","2014-07-22"
"BLD-100293","Interview","10","2016-03-24"
"BLD-100293","Recruiting","9","2016-03-24"
"BLD-100293","Onboarding","8","2016-03-24"
"BLD-100293","Probation","8","2016-03-24"
"BLD-100294","Interview","10","2010-07-09"
"BLD-100294","Recruiting","9","2010-07-09"
"BLD-100294","Onboarding","8","2010-07-09"
"BLD-100294","Probation","8","2010-07-09"
"BLD-100295","Interview","10","2011-12-30"
"BLD-100295","Recruiting","9","2011-12-30"
"BLD-100295","Onboarding","8","2011-12-30"
"BLD-100295","Probation","8","2011-12-30"
"BLD-100296","Interview","10","2014-07-31"
"BLD-100296","Recruiting","9","2014-07-31"
"BLD-100296","Onboarding","8","2014-07-31"
"BLD-100296","Probation","8","2014-07-31"
"BLD-100297","Interview","10","2022-03-01"
"BLD-100297","Recruiting","9","2022-03-01"
"BLD-100297","Onboarding","8","2022-03-01"
"BLD-100297","Probation","8","2022-03-01"
"BLD-100298","Interview","10","2020-08-11"
"BLD-100298","Recruiting","9","2020-08-11"
"BLD-100298","Onboarding","8","2020-08-11"
"BLD-100298","Probation","8","2020-08-11"
"BLD-100299","Interview","10","2014-12-16"
"BLD-100299","Recruiting","9","2014-12-16"
"BLD-100299","Onboarding","8","2014-12-16"
"BLD-100299","Probation","8","2014-12-16"
"BLD-100300","Interview","10","2021-12-30"
"BLD-100300","Recruiting","9","2021-12-30"
"BLD-100300","Onboarding","8","2021-12-30"
"BLD-100300","Probation","8","2021-12-30"
"BLD-100301","Interview","10","2019-02-11"
"BLD-100301","Recruiting","9","2019-02-11"
"BLD-100301","Onboarding","8","2019-02-11"
"BLD-100301","Probation","8","2019-02-11"
"BLD-100302","Interview","10","2011-01-31"
"BLD-100302","Recruiting","9","2011-01-31"
"BLD-100302","Onboarding","8","2011-01-31"
"BLD-100302","Probation","8","2011-01-31"
"BLD-100303","Interview","10","2021-10-19"
"BLD-100303","Recruiting","9","2021-10-19"
"BLD-100303","Onboarding","8","2021-10-19"
"BLD-100303","Probation","8","2021-10-19"
"BLD-100304","Interview","10","2012-05-13"
"BLD-100304","Recruiting","9","2012-05-13"
"BLD-100304","Onboarding","8","2012-05-13"
"BLD-100304","Probation","8","2012-05-13"
"BLD-100305","Interview","10","2017-07-19"
"BLD-100305","Recruiting","9","2017-07-19"
"BLD-100305","Onboarding","8","2017-07-19"
"BLD-100305","Probation","8","2017-07-19"
"BLD-100306","Interview","10","2016-09-22"
"BLD-100306","Recruiting","9","2016-09-22"
"BLD-100306","Onboarding","8","2016-09-22"
"BLD-100306","Probation","8","2016-09-22"
"BLD-100307","Interview","10","2020-10-07"
"BLD-100307","Recruiting","9","2020-10-07"
"BLD-100307","Onboarding","8","2020-10-07"
"BLD-100307","Probation","8","2020-10-07"
"BLD-100308","Interview","10","2013-12-30"
"BLD-100308","Recruiting","9","2013-12-30"
"BLD-100308","Onboarding","8","2013-12-30"
"BLD-100308","Probation","8","2013-12-30"
"BLD-100309","Interview","10","2013-11-20"
"BLD-100309","Recruiting","9","2013-11-20"
"BLD-100309","Onboarding","8","2013-11-20"
"BLD-100309","Probation","8","2013-11-20"
"BLD-100310","Interview","10","2018-08-23"
"BLD-100310","Recruiting","9","2018-08-23"
"BLD-100310","Onboarding","8","2018-08-23"
"BLD-100310","Probation","8","2018-08-23"
"BLD-100311","Interview","10","2015-06-19"
"BLD-100311","Recruiting","9","2015-06-19"
"BLD-100311","Onboarding","8","2015-06-19"
"BLD-100311","Probation","8","2015-06-19"
"BLD-100312","Interview","10","2014-05-15"
"BLD-100312","Recruiting","9","2014-05-15"
"BLD-100312","Onboarding","8","2014-05-15"
"BLD-100312","Probation","8","2014-05-15"
"BLD-100313","Interview","10","2014-09-15"
"BLD-100313","Recruiting","9","2014-09-15"
"BLD-100313","Onboarding","8","2014-09-15"
"BLD-100313","Probation","8","2014-09-15"
"BLD-100314","Interview","10","2014-10-11"
"BLD-100314","Recruiting","9","2014-10-11"
"BLD-100314","Onboarding","8","2014-10-11"
"BLD-100314","Probation","8","2014-10-11"
"BLD-100315","Interview","10","2021-11-08"
"BLD-100315","Recruiting","9","2021-11-08"
"BLD-100315","Onboarding","8","2021-11-08"
"BLD-100315","Probation","8","2021-11-08"
"BLD-100316","Interview","10","2015-09-12"
"BLD-100316","Recruiting","9","2015-09-12"
"BLD-100316","Onboarding","8","2015-09-12"
"BLD-100316","Probation","8","2015-09-12"
"BLD-100317","Interview","10","2012-12-25"
"BLD-100317","Recruiting","9","2012-12-25"
"BLD-100317","Onboarding","8","2012-12-25"
"BLD-100317","Probation","8","2012-12-25"
"BLD-100318","Interview","10","2016-07-05"
"BLD-100318","Recruiting","9","2016-07-05"
"BLD-100318","Onboarding","8","2016-07-05"
"BLD-100318","Probation","8","2016-07-05"
"BLD-100319","Interview","10","2016-01-26"
"BLD-100319","Recruiting","9","2016-01-26"
"BLD-100319","Onboarding","8","2016-01-26"
"BLD-100319","Probation","8","2016-01-26"
"BLD-100320","Interview","10","2014-08-07"
"BLD-100320","Recruiting","9","2014-08-07"
"BLD-100320","Onboarding","8","2014-08-07"
"BLD-100320","Probation","8","2014-08-07"
"BLD-100321","Interview","10","2011-01-03"
"BLD-100321","Recruiting","9","2011-01-03"
"BLD-100321","Onboarding","8","2011-01-03"
"BLD-100321","Probation","8","2011-01-03"
"BLD-100322","Interview","10","2017-06-23"
"BLD-100322","Recruiting","9","2017-06-23"
"BLD-100322","Onboarding","8","2017-06-23"
"BLD-100322","Probation","8","2017-06-23"
"BLD-100323","Interview","10","2013-12-20"
"BLD-100323","Recruiting","9","2013-12-20"
"BLD-100323","Onboarding","8","2013-12-20"
"BLD-100323","Probation","8","2013-12-20"
"BLD-100324","Interview","10","2021-09-11"
"BLD-100324","Recruiting","9","2021-09-11"
"BLD-100324","Onboarding","8","2021-09-11"
"BLD-100324","Probation","8","2021-09-11"
"BLD-100325","Interview","10","2018-12-09"
"BLD-100325","Recruiting","9","2018-12-09"
"BLD-100325","Onboarding","8","2018-12-09"
"BLD-100325","Probation","8","2018-12-09"
"BLD-100326","Interview","10","2021-10-06"
"BLD-100326","Recruiting","9","2021-10-06"
"BLD-100326","Onboarding","8","2021-10-06"
"BLD-100326","Probation","8","2021-10-06"
"BLD-100327","Interview","10","2010-10-13"
"BLD-100327","Recruiting","9","2010-10-13"
"BLD-100327","Onboarding","8","2010-10-13"
"BLD-100327","Probation","8","2010-10-13"
"BLD-100328","Interview","10","2015-01-25"
"BLD-100328","Recruiting","9","2015-01-25"
"BLD-100328","Onboarding","8","2015-01-25"
"BLD-100328","Probation","8","2015-01-25"
"BLD-100329","Interview","10","2021-03-13"
"BLD-100329","Recruiting","9","2021-03-13"
"BLD-100329","Onboarding","8","2021-03-13"
"BLD-100329","Probation","8","2021-03-13"
"BLD-100330","Interview","10","2013-04-11"
"BLD-100330","Recruiting","9","2013-04-11"
"BLD-100330","Onboarding","8","2013-04-11"
"BLD-100330","Probation","8","2013-04-11"
"BLD-100331","Interview","10","2017-02-13"
"BLD-100331","Recruiting","9","2017-02-13"
"BLD-100331","Onboarding","8","2017-02-13"
"BLD-100331","Probation","8","2017-02-13"
"BLD-100332","Interview","10","2010-05-10"
"BLD-100332","Recruiting","9","2010-05-10"
"BLD-100332","Onboarding","8","2010-05-10"
"BLD-100332","Probation","8","2010-05-10"
"BLD-100333","Interview","10","2015-01-31"
"BLD-100333","Recruiting","9","2015-01-31"
"BLD-100333","Onboarding","8","2015-01-31"
"BLD-100333","Probation","8","2015-01-31"
"BLD-100334","Interview","10","2015-03-01"
"BLD-100334","Recruiting","9","2015-03-01"
"BLD-100334","Onboarding","8","2015-03-01"
"BLD-100334","Probation","8","2015-03-01"
"BLD-100335","Interview","10","2018-11-04"
"BLD-100335","Recruiting","9","2018-11-04"
"BLD-100335","Onboarding","8","2018-11-04"
"BLD-100335","Probation","8","2018-11-04"
"BLD-100336","Interview","10","2020-09-01"
"BLD-100336","Recruiting","9","2020-09-01"
"BLD-100336","Onboarding","8","2020-09-01"
"BLD-100336","Probation","8","2020-09-01"
"BLD-100337","Interview","10","2018-07-29"
"BLD-100337","Recruiting","9","2018-07-29"
"BLD-100337","Onboarding","8","2018-07-29"
"BLD-100337","Probation","8","2018-07-29"
"BLD-100338","Interview","10","2013-07-30"
"BLD-100338","Recruiting","9","2013-07-30"
"BLD-100338","Onboarding","8","2013-07-30"
"BLD-100338","Probation","8","2013-07-30"
"BLD-100339","Interview","10","2014-05-17"
"BLD-100339","Recruiting","9","2014-05-17"
"BLD-100339","Onboarding","8","2014-05-17"
"BLD-100339","Probation","8","2014-05-17"
"BLD-100340","Interview","10","2022-03-14"
"BLD-100340","Recruiting","9","2022-03-14"
"BLD-100340","Onboarding","8","2022-03-14"
"BLD-100340","Probation","8","2022-03-14"
"BLD-100341","Interview","10","2020-05-07"
"BLD-100341","Recruiting","9","2020-05-07"
"BLD-100341","Onboarding","8","2020-05-07"
"BLD-100341","Probation","8","2020-05-07"
"BLD-100342","Interview","10","2021-07-14"
"BLD-100342","Recruiting","9","2021-07-14"
"BLD-100342","Onboarding","8","2021-07-14"
"BLD-100342","Probation","8","2021-07-14"
"BLD-100343","Interview","10","2022-05-11"
"BLD-100343","Recruiting","9","2022-05-11"
"BLD-100343","Onboarding","8","2022-05-11"
"BLD-100343","Probation","8","2022-05-11"
"BLD-100344","Interview","10","2012-06-02"
"BLD-100344","Recruiting","9","2012-06-02"
"BLD-100344","Onboarding","8","2012-06-02"
"BLD-100344","Probation","8","2012-06-02"
"BLD-100345","Interview","10","2018-04-09"
"BLD-100345","Recruiting","9","2018-04-09"
"BLD-100345","Onboarding","8","2018-04-09"
"BLD-100345","Probation","8","2018-04-09"
"BLD-100346","Interview","10","2013-03-06"
"BLD-100346","Recruiting","9","2013-03-06"
"BLD-100346","Onboarding","8","2013-03-06"
"BLD-100346","Probation","8","2013-03-06"
"BLD-100347","Interview","10","2015-06-15"
"BLD-100347","Recruiting","9","2015-06-15"
"BLD-100347","Onboarding","8","2015-06-15"
"BLD-100347","Probation","8","2015-06-15"
"BLD-100348","Interview","10","2016-11-20"
"BLD-100348","Recruiting","9","2016-11-20"
"BLD-100348","Onboarding","8","2016-11-20"
"BLD-100348","Probation","8","2016-11-20"
"BLD-100349","Interview","10","2015-03-21"
"BLD-100349","Recruiting","9","2015-03-21"
"BLD-100349","Onboarding","8","2015-03-21"
"BLD-100349","Probation","8","2015-03-21"
"BLD-100350","Interview","10","2011-11-22"
"BLD-100350","Recruiting","9","2011-11-22"
"BLD-100350","Onboarding","8","2011-11-22"
"BLD-100350","Probation","8","2011-11-22"
"BLD-100351","Interview","10","2015-02-17"
"BLD-100351","Recruiting","9","2015-02-17"
"BLD-100351","Onboarding","8","2015-02-17"
"BLD-100351","Probation","8","2015-02-17"
"BLD-100352","Interview","10","2018-05-12"
"BLD-100352","Recruiting","9","2018-05-12"
"BLD-100352","Onboarding","8","2018-05-12"
"BLD-100352","Probation","8","2018-05-12"
"BLD-100353","Interview","10","2011-10-06"
"BLD-100353","Recruiting","9","2011-10-06"
"BLD-100353","Onboarding","8","2011-10-06"
"BLD-100353","Probation","8","2011-10-06"
"BLD-100354","Interview","10","2010-10-05"
"BLD-100354","Recruiting","9","2010-10-05"
"BLD-100354","Onboarding","8","2010-10-05"
"BLD-100354","Probation","8","2010-10-05"
"BLD-100355","Interview","10","2015-10-09"
"BLD-100355","Recruiting","9","2015-10-09"
"BLD-100355","Onboarding","8","2015-10-09"
"BLD-100355","Probation","8","2015-10-09"
"BLD-100356","Interview","10","2014-09-11"
"BLD-100356","Recruiting","9","2014-09-11"
"BLD-100356","Onboarding","8","2014-09-11"
"BLD-100356","Probation","8","2014-09-11"
"BLD-100357","Interview","10","2019-05-30"
"BLD-100357","Recruiting","9","2019-05-30"
"BLD-100357","Onboarding","8","2019-05-30"
"BLD-100357","Probation","8","2019-05-30"
"BLD-100358","Interview","10","2013-05-29"
"BLD-100358","Recruiting","9","2013-05-29"
"BLD-100358","Onboarding","8","2013-05-29"
"BLD-100358","Probation","8","2013-05-29"
"BLD-100359","Interview","10","2011-05-23"
"BLD-100359","Recruiting","9","2011-05-23"
"BLD-100359","Onboarding","8","2011-05-23"
"BLD-100359","Probation","8","2011-05-23"
"BLD-100360","Interview","10","2013-03-26"
"BLD-100360","Recruiting","9","2013-03-26"
"BLD-100360","Onboarding","8","2013-03-26"
"BLD-100360","Probation","8","2013-03-26"
"BLD-100361","Interview","10","2022-01-26"
"BLD-100361","Recruiting","9","2022-01-26"
"BLD-100361","Onboarding","8","2022-01-26"
"BLD-100361","Probation","8","2022-01-26"
"BLD-100362","Interview","10","2017-08-21"
"BLD-100362","Recruiting","9","2017-08-21"
"BLD-100362","Onboarding","8","2017-08-21"
"BLD-100362","Probation","8","2017-08-21"
"BLD-100363","Interview","10","2019-03-31"
"BLD-100363","Recruiting","9","2019-03-31"
"BLD-100363","Onboarding","8","2019-03-31"
"BLD-100363","Probation","8","2019-03-31"
"BLD-100364","Interview","10","2022-09-20"
"BLD-100364","Recruiting","9","2022-09-20"
"BLD-100364","Onboarding","8","2022-09-20"
"BLD-100364","Probation","8","2022-09-20"
"BLD-100365","Interview","10","2013-04-07"
"BLD-100365","Recruiting","9","2013-04-07"
"BLD-100365","Onboarding","8","2013-04-07"
"BLD-100365","Probation","8","2013-04-07"
"BLD-100366","Interview","10","2011-08-26"
"BLD-100366","Recruiting","9","2011-08-26"
"BLD-100366","Onboarding","8","2011-08-26"
"BLD-100366","Probation","8","2011-08-26"
"BLD-100367","Interview","10","2014-10-14"
"BLD-100367","Recruiting","9","2014-10-14"
"BLD-100367","Onboarding","8","2014-10-14"
"BLD-100367","Probation","8","2014-10-14"
"BLD-100368","Interview","10","2014-07-19"
"BLD-100368","Recruiting","9","2014-07-19"
"BLD-100368","Onboarding","8","2014-07-19"
"BLD-100368","Probation","8","2014-07-19"
"BLD-100369","Interview","10","2016-01-23"
"BLD-100369","Recruiting","9","2016-01-23"
"BLD-100369","Onboarding","8","2016-01-23"
"BLD-100369","Probation","8","2016-01-23"
"BLD-100370","Interview","10","2020-11-02"
"BLD-100370","Recruiting","9","2020-11-02"
"BLD-100370","Onboarding","8","2020-11-02"
"BLD-100370","Probation","8","2020-11-02"
"BLD-100371","Interview","10","2019-07-16"
"BLD-100371","Recruiting","9","2019-07-16"
"BLD-100371","Onboarding","8","2019-07-16"
"BLD-100371","Probation","8","2019-07-16"
"BLD-100372","Interview","10","2015-10-20"
"BLD-100372","Recruiting","9","2015-10-20"
"BLD-100372","Onboarding","8","2015-10-20"
"BLD-100372","Probation","8","2015-10-20"
"BLD-100373","Interview","10","2016-02-27"
"BLD-100373","Recruiting","9","2016-02-27"
"BLD-100373","Onboarding","8","2016-02-27"
"BLD-100373","Probation","8","2016-02-27"
"BLD-100374","Interview","10","2015-05-13"
"BLD-100374","Recruiting","9","2015-05-13"
"BLD-100374","Onboarding","8","2015-05-13"
"BLD-100374","Probation","8","2015-05-13"
"BLD-100375","Interview","10","2015-08-08"
"BLD-100375","Recruiting","9","2015-08-08"
"BLD-100375","Onboarding","8","2015-08-08"
"BLD-100375","Probation","8","2015-08-08"
"BLD-100376","Interview","10","2019-11-06"
"BLD-100376","Recruiting","9","2019-11-06"
"BLD-100376","Onboarding","8","2019-11-06"
"BLD-100376","Probation","8","2019-11-06"
"BLD-100377","Interview","10","2015-10-19"
"BLD-100377","Recruiting","9","2015-10-19"
"BLD-100377","Onboarding","8","2015-10-19"
"BLD-100377","Probation","8","2015-10-19"
"BLD-100378","Interview","10","2013-05-10"
"BLD-100378","Recruiting","9","2013-05-10"
"BLD-100378","Onboarding","8","2013-05-10"
"BLD-100378","Probation","8","2013-05-10"
"BLD-100379","Interview","10","2016-08-06"
"BLD-100379","Recruiting","9","2016-08-06"
"BLD-100379","Onboarding","8","2016-08-06"
"BLD-100379","Probation","8","2016-08-06"
"BLD-100380","Interview","10","2020-12-02"
"BLD-100380","Recruiting","9","2020-12-02"
"BLD-100380","Onboarding","8","2020-12-02"
"BLD-100380","Probation","8","2020-12-02"
"BLD-100381","Interview","10","2010-04-12"
"BLD-100381","Recruiting","9","2010-04-12"
"BLD-100381","Onboarding","8","2010-04-12"
"BLD-100381","Probation","8","2010-04-12"
"BLD-100382","Interview","10","2016-11-16"
"BLD-100382","Recruiting","9","2016-11-16"
"BLD-100382","Onboarding","8","2016-11-16"
"BLD-100382","Probation","8","2016-11-16"
"BLD-100383","Interview","10","2015-10-23"
"BLD-100383","Recruiting","9","2015-10-23"
"BLD-100383","Onboarding","8","2015-10-23"
"BLD-100383","Probation","8","2015-10-23"
"BLD-100384","Interview","10","2012-08-20"
"BLD-100384","Recruiting","9","2012-08-20"
"BLD-100384","Onboarding","8","2012-08-20"
"BLD-100384","Probation","8","2012-08-20"
"BLD-100385","Interview","10","2021-09-11"
"BLD-100385","Recruiting","9","2021-09-11"
"BLD-100385","Onboarding","8","2021-09-11"
"BLD-100385","Probation","8","2021-09-11"
"BLD-100386","Interview","10","2015-12-06"
"BLD-100386","Recruiting","9","2015-12-06"
"BLD-100386","Onboarding","8","2015-12-06"
"BLD-100386","Probation","8","2015-12-06"
"BLD-100387","Interview","10","2013-01-13"
"BLD-100387","Recruiting","9","2013-01-13"
"BLD-100387","Onboarding","8","2013-01-13"
"BLD-100387","Probation","8","2013-01-13"
"BLD-100388","Interview","10","2018-07-06"
"BLD-100388","Recruiting","9","2018-07-06"
"BLD-100388","Onboarding","8","2018-07-06"
"BLD-100388","Probation","8","2018-07-06"
"BLD-100389","Interview","10","2012-11-25"
"BLD-100389","Recruiting","9","2012-11-25"
"BLD-100389","Onboarding","8","2012-11-25"
"BLD-100389","Probation","8","2012-11-25"
"BLD-100390","Interview","10","2011-01-08"
"BLD-100390","Recruiting","9","2011-01-08"
"BLD-100390","Onboarding","8","2011-01-08"
"BLD-100390","Probation","8","2011-01-08"
"BLD-100391","Interview","10","2018-03-06"
"BLD-100391","Recruiting","9","2018-03-06"
"BLD-100391","Onboarding","8","2018-03-06"
"BLD-100391","Probation","8","2018-03-06"
"BLD-100392","Interview","10","2015-12-04"
"BLD-100392","Recruiting","9","2015-12-04"
"BLD-100392","Onboarding","8","2015-12-04"
"BLD-100392","Probation","8","2015-12-04"
"BLD-100393","Interview","10","2022-05-10"
"BLD-100393","Recruiting","9","2022-05-10"
"BLD-100393","Onboarding","8","2022-05-10"
"BLD-100393","Probation","8","2022-05-10"
"BLD-100394","Interview","10","2014-06-09"
"BLD-100394","Recruiting","9","2014-06-09"
"BLD-100394","Onboarding","8","2014-06-09"
"BLD-100394","Probation","8","2014-06-09"
"BLD-100395","Interview","10","2014-08-07"
"BLD-100395","Recruiting","9","2014-08-07"
"BLD-100395","Onboarding","8","2014-08-07"
"BLD-100395","Probation","8","2014-08-07"
"BLD-100396","Interview","10","2010-03-07"
"BLD-100396","Recruiting","9","2010-03-07"
"BLD-100396","Onboarding","8","2010-03-07"
"BLD-100396","Probation","8","2010-03-07"
"BLD-100397","Interview","10","2019-12-08"
"BLD-100397","Recruiting","9","2019-12-08"
"BLD-100397","Onboarding","8","2019-12-08"
"BLD-100397","Probation","8","2019-12-08"
"BLD-100398","Interview","10","2020-01-26"
"BLD-100398","Recruiting","9","2020-01-26"
"BLD-100398","Onboarding","8","2020-01-26"
"BLD-100398","Probation","8","2020-01-26"
"BLD-100399","Interview","10","2016-02-10"
"BLD-100399","Recruiting","9","2016-02-10"
"BLD-100399","Onboarding","8","2016-02-10"
"BLD-100399","Probation","8","2016-02-10"
"BLD-100400","Interview","10","2011-07-14"
"BLD-100400","Recruiting","9","2011-07-14"
"BLD-100400","Onboarding","8","2011-07-14"
"BLD-100400","Probation","8","2011-07-14"
"BLD-100401","Interview","10","2016-10-09"
"BLD-100401","Recruiting","9","2016-10-09"
"BLD-100401","Onboarding","8","2016-10-09"
"BLD-100401","Probation","8","2016-10-09"
"BLD-100402","Interview","10","2013-04-30"
"BLD-100402","Recruiting","9","2013-04-30"
"BLD-100402","Onboarding","8","2013-04-30"
"BLD-100402","Probation","8","2013-04-30"
"BLD-100403","Interview","10","2017-03-30"
"BLD-100403","Recruiting","9","2017-03-30"
"BLD-100403","Onboarding","8","2017-03-30"
"BLD-100403","Probation","8","2017-03-30"
"BLD-100404","Interview","10","2018-02-06"
"BLD-100404","Recruiting","9","2018-02-06"
"BLD-100404","Onboarding","8","2018-02-06"
"BLD-100404","Probation","8","2018-02-06"
"BLD-100405","Interview","10","2020-10-10"
"BLD-100405","Recruiting","9","2020-10-10"
"BLD-100405","Onboarding","8","2020-10-10"
"BLD-100405","Probation","8","2020-10-10"
"BLD-100406","Interview","10","2016-07-15"
"BLD-100406","Recruiting","9","2016-07-15"
"BLD-100406","Onboarding","8","2016-07-15"
"BLD-100406","Probation","8","2016-07-15"
"BLD-100407","Interview","10","2016-10-22"
"BLD-100407","Recruiting","9","2016-10-22"
"BLD-100407","Onboarding","8","2016-10-22"
"BLD-100407","Probation","8","2016-10-22"
"BLD-100408","Interview","10","2011-11-23"
"BLD-100408","Recruiting","9","2011-11-23"
"BLD-100408","Onboarding","8","2011-11-23"
"BLD-100408","Probation","8","2011-11-23"
"BLD-100409","Interview","10","2013-09-02"
"BLD-100409","Recruiting","9","2013-09-02"
"BLD-100409","Onboarding","8","2013-09-02"
"BLD-100409","Probation","8","2013-09-02"
"BLD-100410","Interview","10","2022-08-30"
"BLD-100410","Recruiting","9","2022-08-30"
"BLD-100410","Onboarding","8","2022-08-30"
"BLD-100410","Probation","8","2022-08-30"
"BLD-100411","Interview","10","2014-04-14"
"BLD-100411","Recruiting","9","2014-04-14"
"BLD-100411","Onboarding","8","2014-04-14"
"BLD-100411","Probation","8","2014-04-14"
"BLD-100412","Interview","10","2011-06-06"
"BLD-100412","Recruiting","9","2011-06-06"
"BLD-100412","Onboarding","8","2011-06-06"
"BLD-100412","Probation","8","2011-06-06"
"BLD-100413","Interview","10","2010-01-07"
"BLD-100413","Recruiting","9","2010-01-07"
"BLD-100413","Onboarding","8","2010-01-07"
"BLD-100413","Probation","8","2010-01-07"
"BLD-100414","Interview","10","2020-05-23"
"BLD-100414","Recruiting","9","2020-05-23"
"BLD-100414","Onboarding","8","2020-05-23"
"BLD-100414","Probation","8","2020-05-23"
"BLD-100415","Interview","10","2011-11-15"
"BLD-100415","Recruiting","9","2011-11-15"
"BLD-100415","Onboarding","8","2011-11-15"
"BLD-100415","Probation","8","2011-11-15"
"BLD-100416","Interview","10","2011-04-21"
"BLD-100416","Recruiting","9","2011-04-21"
"BLD-100416","Onboarding","8","2011-04-21"
"BLD-100416","Probation","8","2011-04-21"
"BLD-100417","Interview","10","2016-03-17"
"BLD-100417","Recruiting","9","2016-03-17"
"BLD-100417","Onboarding","8","2016-03-17"
"BLD-100417","Probation","8","2016-03-17"
"BLD-100418","Interview","10","2021-10-03"
"BLD-100418","Recruiting","9","2021-10-03"
"BLD-100418","Onboarding","8","2021-10-03"
"BLD-100418","Probation","8","2021-10-03"
"BLD-100419","Interview","10","2012-06-14"
"BLD-100419","Recruiting","9","2012-06-14"
"BLD-100419","Onboarding","8","2012-06-14"
"BLD-100419","Probation","8","2012-06-14"
"BLD-100420","Interview","10","2016-07-06"
"BLD-100420","Recruiting","9","2016-07-06"
"BLD-100420","Onboarding","8","2016-07-06"
"BLD-100420","Probation","8","2016-07-06"
"BLD-100421","Interview","10","2010-02-24"
"BLD-100421","Recruiting","9","2010-02-24"
"BLD-100421","Onboarding","8","2010-02-24"
"BLD-100421","Probation","8","2010-02-24"
"BLD-100422","Interview","10","2010-08-14"
"BLD-100422","Recruiting","9","2010-08-14"
"BLD-100422","Onboarding","8","2010-08-14"
"BLD-100422","Probation","8","2010-08-14"
"BLD-100423","Interview","10","2015-03-10"
"BLD-100423","Recruiting","9","2015-03-10"
"BLD-100423","Onboarding","8","2015-03-10"
"BLD-100423","Probation","8","2015-03-10"
"BLD-100424","Interview","10","2016-06-06"
"BLD-100424","Recruiting","9","2016-06-06"
"BLD-100424","Onboarding","8","2016-06-06"
"BLD-100424","Probation","8","2016-06-06"
"BLD-100425","Interview","10","2014-09-21"
"BLD-100425","Recruiting","9","2014-09-21"
"BLD-100425","Onboarding","8","2014-09-21"
"BLD-100425","Probation","8","2014-09-21"
"BLD-100426","Interview","10","2014-04-11"
"BLD-100426","Recruiting","9","2014-04-11"
"BLD-100426","Onboarding","8","2014-04-11"
"BLD-100426","Probation","8","2014-04-11"
"BLD-100427","Interview","10","2014-12-21"
"BLD-100427","Recruiting","9","2014-12-21"
"BLD-100427","Onboarding","8","2014-12-21"
"BLD-100427","Probation","8","2014-12-21"
"BLD-100428","Interview","10","2014-05-07"
"BLD-100428","Recruiting","9","2014-05-07"
"BLD-100428","Onboarding","8","2014-05-07"
"BLD-100428","Probation","8","2014-05-07"
"BLD-100429","Interview","10","2013-07-17"
"BLD-100429","Recruiting","9","2013-07-17"
"BLD-100429","Onboarding","8","2013-07-17"
"BLD-100429","Probation","8","2013-07-17"
"BLD-100430","Interview","10","2020-03-24"
"BLD-100430","Recruiting","9","2020-03-24"
"BLD-100430","Onboarding","8","2020-03-24"
"BLD-100430","Probation","8","2020-03-24"
"BLD-100431","Interview","10","2020-08-13"
"BLD-100431","Recruiting","9","2020-08-13"
"BLD-100431","Onboarding","8","2020-08-13"
"BLD-100431","Probation","8","2020-08-13"
"BLD-100432","Interview","10","2014-07-10"
"BLD-100432","Recruiting","9","2014-07-10"
"BLD-100432","Onboarding","8","2014-07-10"
"BLD-100432","Probation","8","2014-07-10"
"BLD-100433","Interview","10","2013-07-18"
"BLD-100433","Recruiting","9","2013-07-18"
"BLD-100433","Onboarding","8","2013-07-18"
"BLD-100433","Probation","8","2013-07-18"
"BLD-100434","Interview","10","2015-02-15"
"BLD-100434","Recruiting","9","2015-02-15"
"BLD-100434","Onboarding","8","2015-02-15"
"BLD-100434","Probation","8","2015-02-15"
"BLD-100435","Interview","10","2018-04-18"
"BLD-100435","Recruiting","9","2018-04-18"
"BLD-100435","Onboarding","8","2018-04-18"
"BLD-100435","Probation","8","2018-04-18"
"BLD-100436","Interview","10","2017-02-22"
"BLD-100436","Recruiting","9","2017-02-22"
"BLD-100436","Onboarding","8","2017-02-22"
"BLD-100436","Probation","8","2017-02-22"
"BLD-100437","Interview","10","2016-09-01"
"BLD-100437","Recruiting","9","2016-09-01"
"BLD-100437","Onboarding","8","2016-09-01"
"BLD-100437","Probation","8","2016-09-01"
"BLD-100438","Interview","10","2015-01-10"
"BLD-100438","Recruiting","9","2015-01-10"
"BLD-100438","Onboarding","8","2015-01-10"
"BLD-100438","Probation","8","2015-01-10"
"BLD-100439","Interview","10","2013-10-01"
"BLD-100439","Recruiting","9","2013-10-01"
"BLD-100439","Onboarding","8","2013-10-01"
"BLD-100439","Probation","8","2013-10-01"
"BLD-100440","Interview","10","2013-09-14"
"BLD-100440","Recruiting","9","2013-09-14"
"BLD-100440","Onboarding","8","2013-09-14"
"BLD-100440","Probation","8","2013-09-14"
"BLD-100441","Interview","10","2020-07-19"
"BLD-100441","Recruiting","9","2020-07-19"
"BLD-100441","Onboarding","8","2020-07-19"
"BLD-100441","Probation","8","2020-07-19"
"BLD-100442","Interview","10","2017-10-26"
"BLD-100442","Recruiting","9","2017-10-26"
"BLD-100442","Onboarding","8","2017-10-26"
"BLD-100442","Probation","8","2017-10-26"
"BLD-100443","Interview","10","2011-09-30"
"BLD-100443","Recruiting","9","2011-09-30"
"BLD-100443","Onboarding","8","2011-09-30"
"BLD-100443","Probation","8","2011-09-30"
"BLD-100444","Interview","10","2016-04-10"
"BLD-100444","Recruiting","9","2016-04-10"
"BLD-100444","Onboarding","8","2016-04-10"
"BLD-100444","Probation","8","2016-04-10"
"BLD-100445","Interview","10","2021-03-06"
"BLD-100445","Recruiting","9","2021-03-06"
"BLD-100445","Onboarding","8","2021-03-06"
"BLD-100445","Probation","8","2021-03-06"
"BLD-100446","Interview","10","2016-07-28"
"BLD-100446","Recruiting","9","2016-07-28"
"BLD-100446","Onboarding","8","2016-07-28"
"BLD-100446","Probation","8","2016-07-28"
"BLD-100447","Interview","10","2017-12-15"
"BLD-100447","Recruiting","9","2017-12-15"
"BLD-100447","Onboarding","8","2017-12-15"
"BLD-100447","Probation","8","2017-12-15"
"BLD-100448","Interview","10","2017-09-28"
"BLD-100448","Recruiting","9","2017-09-28"
"BLD-100448","Onboarding","8","2017-09-28"
"BLD-100448","Probation","8","2017-09-28"
"BLD-100449","Interview","10","2018-06-25"
"BLD-100449","Recruiting","9","2018-06-25"
"BLD-100449","Onboarding","8","2018-06-25"
"BLD-100449","Probation","8","2018-06-25"
"BLD-100450","Interview","10","2021-12-16"
"BLD-100450","Recruiting","9","2021-12-16"
"BLD-100450","Onboarding","8","2021-12-16"
"BLD-100450","Probation","8","2021-12-16"
"BLD-100451","Interview","10","2011-11-28"
"BLD-100451","Recruiting","9","2011-11-28"
"BLD-100451","Onboarding","8","2011-11-28"
"BLD-100451","Probation","8","2011-11-28"
"BLD-100452","Interview","10","2012-08-29"
"BLD-100452","Recruiting","9","2012-08-29"
"BLD-100452","Onboarding","8","2012-08-29"
"BLD-100452","Probation","8","2012-08-29"
"BLD-100453","Interview","10","2020-08-24"
"BLD-100453","Recruiting","9","2020-08-24"
"BLD-100453","Onboarding","8","2020-08-24"
"BLD-100453","Probation","8","2020-08-24"
"BLD-100454","Interview","10","2020-12-23"
"BLD-100454","Recruiting","9","2020-12-23"
"BLD-100454","Onboarding","8","2020-12-23"
"BLD-100454","Probation","8","2020-12-23"
"BLD-100455","Interview","10","2019-04-22"
"BLD-100455","Recruiting","9","2019-04-22"
"BLD-100455","Onboarding","8","2019-04-22"
"BLD-100455","Probation","8","2019-04-22"
"BLD-100456","Interview","10","2022-02-25"
"BLD-100456","Recruiting","9","2022-02-25"
"BLD-100456","Onboarding","8","2022-02-25"
"BLD-100456","Probation","8","2022-02-25"
"BLD-100457","Interview","10","2016-01-30"
"BLD-100457","Recruiting","9","2016-01-30"
"BLD-100457","Onboarding","8","2016-01-30"
"BLD-100457","Probation","8","2016-01-30"
"BLD-100458","Interview","10","2012-04-07"
"BLD-100458","Recruiting","9","2012-04-07"
"BLD-100458","Onboarding","8","2012-04-07"
"BLD-100458","Probation","8","2012-04-07"
"BLD-100459","Interview","10","2014-12-21"
"BLD-100459","Recruiting","9","2014-12-21"
"BLD-100459","Onboarding","8","2014-12-21"
"BLD-100459","Probation","8","2014-12-21"
"BLD-100460","Interview","10","2014-01-29"
"BLD-100460","Recruiting","9","2014-01-29"
"BLD-100460","Onboarding","8","2014-01-29"
"BLD-100460","Probation","8","2014-01-29"
"BLD-100461","Interview","10","2010-11-15"
"BLD-100461","Recruiting","9","2010-11-15"
"BLD-100461","Onboarding","8","2010-11-15"
"BLD-100461","Probation","8","2010-11-15"
"BLD-100462","Interview","10","2013-03-07"
"BLD-100462","Recruiting","9","2013-03-07"
"BLD-100462","Onboarding","8","2013-03-07"
"BLD-100462","Probation","8","2013-03-07"
"BLD-100463","Interview","10","2016-11-29"
"BLD-100463","Recruiting","9","2016-11-29"
"BLD-100463","Onboarding","8","2016-11-29"
"BLD-100463","Probation","8","2016-11-29"
"BLD-100464","Interview","10","2015-07-31"
"BLD-100464","Recruiting","9","2015-07-31"
"BLD-100464","Onboarding","8","2015-07-31"
"BLD-100464","Probation","8","2015-07-31"
"BLD-100465","Interview","10","2021-02-05"
"BLD-100465","Recruiting","9","2021-02-05"
"BLD-100465","Onboarding","8","2021-02-05"
"BLD-100465","Probation","8","2021-02-05"
"BLD-100466","Interview","10","2020-11-24"
"BLD-100466","Recruiting","9","2020-11-24"
"BLD-100466","Onboarding","8","2020-11-24"
"BLD-100466","Probation","8","2020-11-24"
"BLD-100467","Interview","10","2018-03-20"
"BLD-100467","Recruiting","9","2018-03-20"
"BLD-100467","Onboarding","8","2018-03-20"
"BLD-100467","Probation","8","2018-03-20"
"BLD-100468","Interview","10","2016-12-13"
"BLD-100468","Recruiting","9","2016-12-13"
"BLD-100468","Onboarding","8","2016-12-13"
"BLD-100468","Probation","8","2016-12-13"
"BLD-100469","Interview","10","2021-07-18"
"BLD-100469","Recruiting","9","2021-07-18"
"BLD-100469","Onboarding","8","2021-07-18"
"BLD-100469","Probation","8","2021-07-18"
"BLD-100470","Interview","10","2010-01-07"
"BLD-100470","Recruiting","9","2010-01-07"
"BLD-100470","Onboarding","8","2010-01-07"
"BLD-100470","Probation","8","2010-01-07"
"BLD-100471","Interview","10","2014-07-28"
"BLD-100471","Recruiting","9","2014-07-28"
"BLD-100471","Onboarding","8","2014-07-28"
"BLD-100471","Probation","8","2014-07-28"
"BLD-100472","Interview","10","2013-04-26"
"BLD-100472","Recruiting","9","2013-04-26"
"BLD-100472","Onboarding","8","2013-04-26"
"BLD-100472","Probation","8","2013-04-26"
"BLD-100473","Interview","10","2019-04-04"
"BLD-100473","Recruiting","9","2019-04-04"
"BLD-100473","Onboarding","8","2019-04-04"
"BLD-100473","Probation","8","2019-04-04"
"BLD-100474","Interview","10","2021-08-12"
"BLD-100474","Recruiting","9","2021-08-12"
"BLD-100474","Onboarding","8","2021-08-12"
"BLD-100474","Probation","8","2021-08-12"
"BLD-100475","Interview","10","2014-11-01"
"BLD-100475","Recruiting","9","2014-11-01"
"BLD-100475","Onboarding","8","2014-11-01"
"BLD-100475","Probation","8","2014-11-01"
"BLD-100476","Interview","10","2019-01-12"
"BLD-100476","Recruiting","9","2019-01-12"
"BLD-100476","Onboarding","8","2019-01-12"
"BLD-100476","Probation","8","2019-01-12"
"BLD-100477","Interview","10","2017-11-13"
"BLD-100477","Recruiting","9","2017-11-13"
"BLD-100477","Onboarding","8","2017-11-13"
"BLD-100477","Probation","8","2017-11-13"
"BLD-100478","Interview","10","2015-10-14"
"BLD-100478","Recruiting","9","2015-10-14"
"BLD-100478","Onboarding","8","2015-10-14"
"BLD-100478","Probation","8","2015-10-14"
"BLD-100479","Interview","10","2021-10-16"
"BLD-100479","Recruiting","9","2021-10-16"
"BLD-100479","Onboarding","8","2021-10-16"
"BLD-100479","Probation","8","2021-10-16"
"BLD-100480","Interview","10","2022-04-08"
"BLD-100480","Recruiting","9","2022-04-08"
"BLD-100480","Onboarding","8","2022-04-08"
"BLD-100480","Probation","8","2022-04-08"
"BLD-100481","Interview","10","2010-03-12"
"BLD-100481","Recruiting","9","2010-03-12"
"BLD-100481","Onboarding","8","2010-03-12"
"BLD-100481","Probation","8","2010-03-12"
"BLD-100482","Interview","10","2018-08-20"
"BLD-100482","Recruiting","9","2018-08-20"
"BLD-100482","Onboarding","8","2018-08-20"
"BLD-100482","Probation","8","2018-08-20"
"BLD-100483","Interview","10","2015-06-17"
"BLD-100483","Recruiting","9","2015-06-17"
"BLD-100483","Onboarding","8","2015-06-17"
"BLD-100483","Probation","8","2015-06-17"
"BLD-100484","Interview","10","2016-09-05"
"BLD-100484","Recruiting","9","2016-09-05"
"BLD-100484","Onboarding","8","2016-09-05"
"BLD-100484","Probation","8","2016-09-05"
"BLD-100485","Interview","10","2016-03-27"
"BLD-100485","Recruiting","9","2016-03-27"
"BLD-100485","Onboarding","8","2016-03-27"
"BLD-100485","Probation","8","2016-03-27"
"BLD-100486","Interview","10","2013-11-26"
"BLD-100486","Recruiting","9","2013-11-26"
"BLD-100486","Onboarding","8","2013-11-26"
"BLD-100486","Probation","8","2013-11-26"
"BLD-100487","Interview","10","2016-01-10"
"BLD-100487","Recruiting","9","2016-01-10"
"BLD-100487","Onboarding","8","2016-01-10"
"BLD-100487","Probation","8","2016-01-10"
"BLD-100488","Interview","10","2016-12-06"
"BLD-100488","Recruiting","9","2016-12-06"
"BLD-100488","Onboarding","8","2016-12-06"
"BLD-100488","Probation","8","2016-12-06"
"BLD-100489","Interview","10","2012-04-06"
"BLD-100489","Recruiting","9","2012-04-06"
"BLD-100489","Onboarding","8","2012-04-06"
"BLD-100489","Probation","8","2012-04-06"
"BLD-100490","Interview","10","2017-01-31"
"BLD-100490","Recruiting","9","2017-01-31"
"BLD-100490","Onboarding","8","2017-01-31"
"BLD-100490","Probation","8","2017-01-31"
"BLD-100491","Interview","10","2022-09-16"
"BLD-100491","Recruiting","9","2022-09-16"
"BLD-100491","Onboarding","8","2022-09-16"
"BLD-100491","Probation","8","2022-09-16"
"BLD-100492","Interview","10","2017-06-13"
"BLD-100492","Recruiting","9","2017-06-13"
"BLD-100492","Onboarding","8","2017-06-13"
"BLD-100492","Probation","8","2017-06-13"
"BLD-100493","Interview","10","2011-08-05"
"BLD-100493","Recruiting","9","2011-08-05"
"BLD-100493","Onboarding","8","2011-08-05"
"BLD-100493","Probation","8","2011-08-05"
"BLD-100494","Interview","10","2015-01-18"
"BLD-100494","Recruiting","9","2015-01-18"
"BLD-100494","Onboarding","8","2015-01-18"
"BLD-100494","Probation","8","2015-01-18"
"BLD-100495","Interview","10","2012-07-03"
"BLD-100495","Recruiting","9","2012-07-03"
"BLD-100495","Onboarding","8","2012-07-03"
"BLD-100495","Probation","8","2012-07-03"
"BLD-100496","Interview","10","2021-03-27"
"BLD-100496","Recruiting","9","2021-03-27"
"BLD-100496","Onboarding","8","2021-03-27"
"BLD-100496","Probation","8","2021-03-27"
"BLD-100497","Interview","10","2022-04-05"
"BLD-100497","Recruiting","9","2022-04-05"
"BLD-100497","Onboarding","8","2022-04-05"
"BLD-100497","Probation","8","2022-04-05"
"BLD-100498","Interview","10","2022-02-16"
"BLD-100498","Recruiting","9","2022-02-16"
"BLD-100498","Onboarding","8","2022-02-16"
"BLD-100498","Probation","8","2022-02-16"
"BLD-100499","Interview","10","2021-06-10"
"BLD-100499","Recruiting","9","2021-06-10"
"BLD-100499","Onboarding","8","2021-06-10"
"BLD-100499","Probation","8","2021-06-10"
"BLD-100500","Interview","10","2022-07-10"
"BLD-100500","Recruiting","9","2022-07-10"
"BLD-100500","Onboarding","8","2022-07-10"
"BLD-100500","Probation","8","2022-07-10"
"BLD-100501","Interview","10","2015-06-02"
"BLD-100501","Recruiting","9","2015-06-02"
"BLD-100501","Onboarding","8","2015-06-02"
"BLD-100501","Probation","8","2015-06-02"
"BLD-100502","Interview","10","2021-08-26"
"BLD-100502","Recruiting","9","2021-08-26"
"BLD-100502","Onboarding","8","2021-08-26"
"BLD-100502","Probation","8","2021-08-26"
"BLD-100503","Interview","10","2018-03-03"
"BLD-100503","Recruiting","9","2018-03-03"
"BLD-100503","Onboarding","8","2018-03-03"
"BLD-100503","Probation","8","2018-03-03"
"BLD-100504","Interview","10","2016-07-01"
"BLD-100504","Recruiting","9","2016-07-01"
"BLD-100504","Onboarding","8","2016-07-01"
"BLD-100504","Probation","8","2016-07-01"
"BLD-100505","Interview","10","2010-09-08"
"BLD-100505","Recruiting","9","2010-09-08"
"BLD-100505","Onboarding","8","2010-09-08"
"BLD-100505","Probation","8","2010-09-08"
"BLD-100506","Interview","10","2017-08-27"
"BLD-100506","Recruiting","9","2017-08-27"
"BLD-100506","Onboarding","8","2017-08-27"
"BLD-100506","Probation","8","2017-08-27"
"BLD-100507","Interview","10","2018-07-16"
"BLD-100507","Recruiting","9","2018-07-16"
"BLD-100507","Onboarding","8","2018-07-16"
"BLD-100507","Probation","8","2018-07-16"
"BLD-100508","Interview","10","2016-12-09"
"BLD-100508","Recruiting","9","2016-12-09"
"BLD-100508","Onboarding","8","2016-12-09"
"BLD-100508","Probation","8","2016-12-09"
"BLD-100509","Interview","10","2013-12-07"
"BLD-100509","Recruiting","9","2013-12-07"
"BLD-100509","Onboarding","8","2013-12-07"
"BLD-100509","Probation","8","2013-12-07"
"BLD-100510","Interview","10","2017-12-30"
"BLD-100510","Recruiting","9","2017-12-30"
"BLD-100510","Onboarding","8","2017-12-30"
"BLD-100510","Probation","8","2017-12-30"
"BLD-100511","Interview","10","2020-01-28"
"BLD-100511","Recruiting","9","2020-01-28"
"BLD-100511","Onboarding","8","2020-01-28"
"BLD-100511","Probation","8","2020-01-28"
"BLD-100512","Interview","10","2018-04-19"
"BLD-100512","Recruiting","9","2018-04-19"
"BLD-100512","Onboarding","8","2018-04-19"
"BLD-100512","Probation","8","2018-04-19"
"BLD-100513","Interview","10","2013-06-25"
"BLD-100513","Recruiting","9","2013-06-25"
"BLD-100513","Onboarding","8","2013-06-25"
"BLD-100513","Probation","8","2013-06-25"
"BLD-100514","Interview","10","2010-05-03"
"BLD-100514","Recruiting","9","2010-05-03"
"BLD-100514","Onboarding","8","2010-05-03"
"BLD-100514","Probation","8","2010-05-03"
"BLD-100515","Interview","10","2015-01-18"
"BLD-100515","Recruiting","9","2015-01-18"
"BLD-100515","Onboarding","8","2015-01-18"
"BLD-100515","Probation","8","2015-01-18"
"BLD-100516","Interview","10","2015-07-03"
"BLD-100516","Recruiting","9","2015-07-03"
"BLD-100516","Onboarding","8","2015-07-03"
"BLD-100516","Probation","8","2015-07-03"
"BLD-100517","Interview","10","2015-06-21"
"BLD-100517","Recruiting","9","2015-06-21"
"BLD-100517","Onboarding","8","2015-06-21"
"BLD-100517","Probation","8","2015-06-21"
"BLD-100518","Interview","10","2014-09-29"
"BLD-100518","Recruiting","9","2014-09-29"
"BLD-100518","Onboarding","8","2014-09-29"
"BLD-100518","Probation","8","2014-09-29"
"BLD-100519","Interview","10","2014-08-19"
"BLD-100519","Recruiting","9","2014-08-19"
"BLD-100519","Onboarding","8","2014-08-19"
"BLD-100519","Probation","8","2014-08-19"
"BLD-100520","Interview","10","2020-03-01"
"BLD-100520","Recruiting","9","2020-03-01"
"BLD-100520","Onboarding","8","2020-03-01"
"BLD-100520","Probation","8","2020-03-01"
"BLD-100521","Interview","10","2018-01-02"
"BLD-100521","Recruiting","9","2018-01-02"
"BLD-100521","Onboarding","8","2018-01-02"
"BLD-100521","Probation","8","2018-01-02"
"BLD-100522","Interview","10","2013-03-01"
"BLD-100522","Recruiting","9","2013-03-01"
"BLD-100522","Onboarding","8","2013-03-01"
"BLD-100522","Probation","8","2013-03-01"
"BLD-100523","Interview","10","2016-07-17"
"BLD-100523","Recruiting","9","2016-07-17"
"BLD-100523","Onboarding","8","2016-07-17"
"BLD-100523","Probation","8","2016-07-17"
"BLD-100524","Interview","10","2021-11-22"
"BLD-100524","Recruiting","9","2021-11-22"
"BLD-100524","Onboarding","8","2021-11-22"
"BLD-100524","Probation","8","2021-11-22"
"BLD-100525","Interview","10","2021-03-27"
"BLD-100525","Recruiting","9","2021-03-27"
"BLD-100525","Onboarding","8","2021-03-27"
"BLD-100525","Probation","8","2021-03-27"
"BLD-100526","Interview","10","2022-05-18"
"BLD-100526","Recruiting","9","2022-05-18"
"BLD-100526","Onboarding","8","2022-05-18"
"BLD-100526","Probation","8","2022-05-18"
"BLD-100527","Interview","10","2012-03-15"
"BLD-100527","Recruiting","9","2012-03-15"
"BLD-100527","Onboarding","8","2012-03-15"
"BLD-100527","Probation","8","2012-03-15"
"BLD-100528","Interview","10","2013-06-16"
"BLD-100528","Recruiting","9","2013-06-16"
"BLD-100528","Onboarding","8","2013-06-16"
"BLD-100528","Probation","8","2013-06-16"
"BLD-100529","Interview","10","2021-04-07"
"BLD-100529","Recruiting","9","2021-04-07"
"BLD-100529","Onboarding","8","2021-04-07"
"BLD-100529","Probation","8","2021-04-07"
"BLD-100530","Interview","10","2021-01-18"
"BLD-100530","Recruiting","9","2021-01-18"
"BLD-100530","Onboarding","8","2021-01-18"
"BLD-100530","Probation","8","2021-01-18"
"BLD-100531","Interview","10","2020-08-06"
"BLD-100531","Recruiting","9","2020-08-06"
"BLD-100531","Onboarding","8","2020-08-06"
"BLD-100531","Probation","8","2020-08-06"
"BLD-100532","Interview","10","2020-06-19"
"BLD-100532","Recruiting","9","2020-06-19"
"BLD-100532","Onboarding","8","2020-06-19"
"BLD-100532","Probation","8","2020-06-19"
"BLD-100533","Interview","10","2014-07-14"
"BLD-100533","Recruiting","9","2014-07-14"
"BLD-100533","Onboarding","8","2014-07-14"
"BLD-100533","Probation","8","2014-07-14"
"BLD-100534","Interview","10","2018-07-29"
"BLD-100534","Recruiting","9","2018-07-29"
"BLD-100534","Onboarding","8","2018-07-29"
"BLD-100534","Probation","8","2018-07-29"
"BLD-100535","Interview","10","2014-06-07"
"BLD-100535","Recruiting","9","2014-06-07"
"BLD-100535","Onboarding","8","2014-06-07"
"BLD-100535","Probation","8","2014-06-07"
"BLD-100536","Interview","10","2021-06-05"
"BLD-100536","Recruiting","9","2021-06-05"
"BLD-100536","Onboarding","8","2021-06-05"
"BLD-100536","Probation","8","2021-06-05"
"BLD-100537","Interview","10","2016-01-16"
"BLD-100537","Recruiting","9","2016-01-16"
"BLD-100537","Onboarding","8","2016-01-16"
"BLD-100537","Probation","8","2016-01-16"
"BLD-100538","Interview","10","2019-02-26"
"BLD-100538","Recruiting","9","2019-02-26"
"BLD-100538","Onboarding","8","2019-02-26"
"BLD-100538","Probation","8","2019-02-26"
"BLD-100539","Interview","10","2012-04-17"
"BLD-100539","Recruiting","9","2012-04-17"
"BLD-100539","Onboarding","8","2012-04-17"
"BLD-100539","Probation","8","2012-04-17"
"BLD-100540","Interview","10","2019-02-03"
"BLD-100540","Recruiting","9","2019-02-03"
"BLD-100540","Onboarding","8","2019-02-03"
"BLD-100540","Probation","8","2019-02-03"
"BLD-100541","Interview","10","2018-12-07"
"BLD-100541","Recruiting","9","2018-12-07"
"BLD-100541","Onboarding","8","2018-12-07"
"BLD-100541","Probation","8","2018-12-07"
"BLD-100542","Interview","10","2017-02-18"
"BLD-100542","Recruiting","9","2017-02-18"
"BLD-100542","Onboarding","8","2017-02-18"
"BLD-100542","Probation","8","2017-02-18"
"BLD-100543","Interview","10","2014-08-19"
"BLD-100543","Recruiting","9","2014-08-19"
"BLD-100543","Onboarding","8","2014-08-19"
"BLD-100543","Probation","8","2014-08-19"
"BLD-100544","Interview","10","2014-07-18"
"BLD-100544","Recruiting","9","2014-07-18"
"BLD-100544","Onboarding","8","2014-07-18"
"BLD-100544","Probation","8","2014-07-18"
"BLD-100545","Interview","10","2015-02-05"
"BLD-100545","Recruiting","9","2015-02-05"
"BLD-100545","Onboarding","8","2015-02-05"
"BLD-100545","Probation","8","2015-02-05"
"BLD-100546","Interview","10","2013-04-08"
"BLD-100546","Recruiting","9","2013-04-08"
"BLD-100546","Onboarding","8","2013-04-08"
"BLD-100546","Probation","8","2013-04-08"
"BLD-100547","Interview","10","2010-04-09"
"BLD-100547","Recruiting","9","2010-04-09"
"BLD-100547","Onboarding","8","2010-04-09"
"BLD-100547","Probation","8","2010-04-09"
"BLD-100548","Interview","10","2019-01-05"
"BLD-100548","Recruiting","9","2019-01-05"
"BLD-100548","Onboarding","8","2019-01-05"
"BLD-100548","Probation","8","2019-01-05"
"BLD-100549","Interview","10","2011-09-23"
"BLD-100549","Recruiting","9","2011-09-23"
"BLD-100549","Onboarding","8","2011-09-23"
"BLD-100549","Probation","8","2011-09-23"
"BLD-100550","Interview","10","2019-10-22"
"BLD-100550","Recruiting","9","2019-10-22"
"BLD-100550","Onboarding","8","2019-10-22"
"BLD-100550","Probation","8","2019-10-22"
"BLD-100551","Interview","10","2022-09-15"
"BLD-100551","Recruiting","9","2022-09-15"
"BLD-100551","Onboarding","8","2022-09-15"
"BLD-100551","Probation","8","2022-09-15"
"BLD-100552","Interview","10","2015-03-24"
"BLD-100552","Recruiting","9","2015-03-24"
"BLD-100552","Onboarding","8","2015-03-24"
"BLD-100552","Probation","8","2015-03-24"
"BLD-100553","Interview","10","2011-11-03"
"BLD-100553","Recruiting","9","2011-11-03"
"BLD-100553","Onboarding","8","2011-11-03"
"BLD-100553","Probation","8","2011-11-03"
"BLD-100554","Interview","10","2013-04-15"
"BLD-100554","Recruiting","9","2013-04-15"
"BLD-100554","Onboarding","8","2013-04-15"
"BLD-100554","Probation","8","2013-04-15"
"BLD-100555","Interview","10","2015-02-28"
"BLD-100555","Recruiting","9","2015-02-28"
"BLD-100555","Onboarding","8","2015-02-28"
"BLD-100555","Probation","8","2015-02-28"
"BLD-100556","Interview","10","2016-09-13"
"BLD-100556","Recruiting","9","2016-09-13"
"BLD-100556","Onboarding","8","2016-09-13"
"BLD-100556","Probation","8","2016-09-13"
"BLD-100557","Interview","10","2010-02-10"
"BLD-100557","Recruiting","9","2010-02-10"
"BLD-100557","Onboarding","8","2010-02-10"
"BLD-100557","Probation","8","2010-02-10"
"BLD-100558","Interview","10","2016-02-07"
"BLD-100558","Recruiting","9","2016-02-07"
"BLD-100558","Onboarding","8","2016-02-07"
"BLD-100558","Probation","8","2016-02-07"
"BLD-100559","Interview","10","2015-02-14"
"BLD-100559","Recruiting","9","2015-02-14"
"BLD-100559","Onboarding","8","2015-02-14"
"BLD-100559","Probation","8","2015-02-14"
"BLD-100560","Interview","10","2018-09-02"
"BLD-100560","Recruiting","9","2018-09-02"
"BLD-100560","Onboarding","8","2018-09-02"
"BLD-100560","Probation","8","2018-09-02"
"BLD-100561","Interview","10","2018-11-17"
"BLD-100561","Recruiting","9","2018-11-17"
"BLD-100561","Onboarding","8","2018-11-17"
"BLD-100561","Probation","8","2018-11-17"
"BLD-100562","Interview","10","2019-12-27"
"BLD-100562","Recruiting","9","2019-12-27"
"BLD-100562","Onboarding","8","2019-12-27"
"BLD-100562","Probation","8","2019-12-27"
"BLD-100563","Interview","10","2017-02-10"
"BLD-100563","Recruiting","9","2017-02-10"
"BLD-100563","Onboarding","8","2017-02-10"
"BLD-100563","Probation","8","2017-02-10"
"BLD-100564","Interview","10","2019-07-20"
"BLD-100564","Recruiting","9","2019-07-20"
"BLD-100564","Onboarding","8","2019-07-20"
"BLD-100564","Probation","8","2019-07-20"
"BLD-100565","Interview","10","2013-01-02"
"BLD-100565","Recruiting","9","2013-01-02"
"BLD-100565","Onboarding","8","2013-01-02"
"BLD-100565","Probation","8","2013-01-02"
"BLD-100566","Interview","10","2014-08-17"
"BLD-100566","Recruiting","9","2014-08-17"
"BLD-100566","Onboarding","8","2014-08-17"
"BLD-100566","Probation","8","2014-08-17"
"BLD-100567","Interview","10","2022-05-09"
"BLD-100567","Recruiting","9","2022-05-09"
"BLD-100567","Onboarding","8","2022-05-09"
"BLD-100567","Probation","8","2022-05-09"
"BLD-100568","Interview","10","2012-03-10"
"BLD-100568","Recruiting","9","2012-03-10"
"BLD-100568","Onboarding","8","2012-03-10"
"BLD-100568","Probation","8","2012-03-10"
"BLD-100569","Interview","10","2015-10-10"
"BLD-100569","Recruiting","9","2015-10-10"
"BLD-100569","Onboarding","8","2015-10-10"
"BLD-100569","Probation","8","2015-10-10"
"BLD-100570","Interview","10","2017-03-24"
"BLD-100570","Recruiting","9","2017-03-24"
"BLD-100570","Onboarding","8","2017-03-24"
"BLD-100570","Probation","8","2017-03-24"
"BLD-100571","Interview","10","2018-02-28"
"BLD-100571","Recruiting","9","2018-02-28"
"BLD-100571","Onboarding","8","2018-02-28"
"BLD-100571","Probation","8","2018-02-28"
"BLD-100572","Interview","10","2019-03-31"
"BLD-100572","Recruiting","9","2019-03-31"
"BLD-100572","Onboarding","8","2019-03-31"
"BLD-100572","Probation","8","2019-03-31"
"BLD-100573","Interview","10","2018-05-02"
"BLD-100573","Recruiting","9","2018-05-02"
"BLD-100573","Onboarding","8","2018-05-02"
"BLD-100573","Probation","8","2018-05-02"
"BLD-100574","Interview","10","2015-10-10"
"BLD-100574","Recruiting","9","2015-10-10"
"BLD-100574","Onboarding","8","2015-10-10"
"BLD-100574","Probation","8","2015-10-10"
"BLD-100575","Interview","10","2016-02-16"
"BLD-100575","Recruiting","9","2016-02-16"
"BLD-100575","Onboarding","8","2016-02-16"
"BLD-100575","Probation","8","2016-02-16"
"BLD-100576","Interview","10","2020-12-14"
"BLD-100576","Recruiting","9","2020-12-14"
"BLD-100576","Onboarding","8","2020-12-14"
"BLD-100576","Probation","8","2020-12-14"
"BLD-100577","Interview","10","2017-05-28"
"BLD-100577","Recruiting","9","2017-05-28"
"BLD-100577","Onboarding","8","2017-05-28"
"BLD-100577","Probation","8","2017-05-28"
"BLD-100578","Interview","10","2022-01-10"
"BLD-100578","Recruiting","9","2022-01-10"
"BLD-100578","Onboarding","8","2022-01-10"
"BLD-100578","Probation","8","2022-01-10"
"BLD-100579","Interview","10","2015-05-21"
"BLD-100579","Recruiting","9","2015-05-21"
"BLD-100579","Onboarding","8","2015-05-21"
"BLD-100579","Probation","8","2015-05-21"
"BLD-100580","Interview","10","2018-06-20"
"BLD-100580","Recruiting","9","2018-06-20"
"BLD-100580","Onboarding","8","2018-06-20"
"BLD-100580","Probation","8","2018-06-20"
"BLD-100581","Interview","10","2016-07-21"
"BLD-100581","Recruiting","9","2016-07-21"
"BLD-100581","Onboarding","8","2016-07-21"
"BLD-100581","Probation","8","2016-07-21"
"BLD-100582","Interview","10","2022-08-18"
"BLD-100582","Recruiting","9","2022-08-18"
"BLD-100582","Onboarding","8","2022-08-18"
"BLD-100582","Probation","8","2022-08-18"
"BLD-100583","Interview","10","2012-11-17"
"BLD-100583","Recruiting","9","2012-11-17"
"BLD-100583","Onboarding","8","2012-11-17"
"BLD-100583","Probation","8","2012-11-17"
"BLD-100584","Interview","10","2013-01-16"
"BLD-100584","Recruiting","9","2013-01-16"
"BLD-100584","Onboarding","8","2013-01-16"
"BLD-100584","Probation","8","2013-01-16"
"BLD-100585","Interview","10","2017-10-05"
"BLD-100585","Recruiting","9","2017-10-05"
"BLD-100585","Onboarding","8","2017-10-05"
"BLD-100585","Probation","8","2017-10-05"
"BLD-100586","Interview","10","2013-10-11"
"BLD-100586","Recruiting","9","2013-10-11"
"BLD-100586","Onboarding","8","2013-10-11"
"BLD-100586","Probation","8","2013-10-11"
"BLD-100587","Interview","10","2021-09-28"
"BLD-100587","Recruiting","9","2021-09-28"
"BLD-100587","Onboarding","8","2021-09-28"
"BLD-100587","Probation","8","2021-09-28"
"BLD-100588","Interview","10","2012-10-12"
"BLD-100588","Recruiting","9","2012-10-12"
"BLD-100588","Onboarding","8","2012-10-12"
"BLD-100588","Probation","8","2012-10-12"
"BLD-100589","Interview","10","2021-01-10"
"BLD-100589","Recruiting","9","2021-01-10"
"BLD-100589","Onboarding","8","2021-01-10"
"BLD-100589","Probation","8","2021-01-10"
"BLD-100590","Interview","10","2022-09-27"
"BLD-100590","Recruiting","9","2022-09-27"
"BLD-100590","Onboarding","8","2022-09-27"
"BLD-100590","Probation","8","2022-09-27"
"BLD-100591","Interview","10","2013-06-29"
"BLD-100591","Recruiting","9","2013-06-29"
"BLD-100591","Onboarding","8","2013-06-29"
"BLD-100591","Probation","8","2013-06-29"
"BLD-100592","Interview","10","2022-04-05"
"BLD-100592","Recruiting","9","2022-04-05"
"BLD-100592","Onboarding","8","2022-04-05"
"BLD-100592","Probation","8","2022-04-05"
"BLD-100593","Interview","10","2016-08-29"
"BLD-100593","Recruiting","9","2016-08-29"
"BLD-100593","Onboarding","8","2016-08-29"
"BLD-100593","Probation","8","2016-08-29"
"BLD-100594","Interview","10","2020-05-15"
"BLD-100594","Recruiting","9","2020-05-15"
"BLD-100594","Onboarding","8","2020-05-15"
"BLD-100594","Probation","8","2020-05-15"
"BLD-100595","Interview","10","2015-08-10"
"BLD-100595","Recruiting","9","2015-08-10"
"BLD-100595","Onboarding","8","2015-08-10"
"BLD-100595","Probation","8","2015-08-10"
"BLD-100596","Interview","10","2013-08-26"
"BLD-100596","Recruiting","9","2013-08-26"
"BLD-100596","Onboarding","8","2013-08-26"
"BLD-100596","Probation","8","2013-08-26"
"BLD-100597","Interview","10","2015-11-03"
"BLD-100597","Recruiting","9","2015-11-03"
"BLD-100597","Onboarding","8","2015-11-03"
"BLD-100597","Probation","8","2015-11-03"
"BLD-100598","Interview","10","2021-05-08"
"BLD-100598","Recruiting","9","2021-05-08"
"BLD-100598","Onboarding","8","2021-05-08"
"BLD-100598","Probation","8","2021-05-08"
"BLD-100599","Interview","10","2013-02-19"
"BLD-100599","Recruiting","9","2013-02-19"
"BLD-100599","Onboarding","8","2013-02-19"
"BLD-100599","Probation","8","2013-02-19"
"BLD-100600","Interview","10","2017-05-18"
"BLD-100600","Recruiting","9","2017-05-18"
"BLD-100600","Onboarding","8","2017-05-18"
"BLD-100600","Probation","8","2017-05-18"
"BLD-100601","Interview","10","2013-07-17"
"BLD-100601","Recruiting","9","2013-07-17"
"BLD-100601","Onboarding","8","2013-07-17"
"BLD-100601","Probation","8","2013-07-17"
"BLD-100602","Interview","10","2021-06-07"
"BLD-100602","Recruiting","9","2021-06-07"
"BLD-100602","Onboarding","8","2021-06-07"
"BLD-100602","Probation","8","2021-06-07"
"BLD-100603","Interview","10","2017-02-13"
"BLD-100603","Recruiting","9","2017-02-13"
"BLD-100603","Onboarding","8","2017-02-13"
"BLD-100603","Probation","8","2017-02-13"
"BLD-100604","Interview","10","2020-08-01"
"BLD-100604","Recruiting","9","2020-08-01"
"BLD-100604","Onboarding","8","2020-08-01"
"BLD-100604","Probation","8","2020-08-01"
"BLD-100605","Interview","10","2013-08-09"
"BLD-100605","Recruiting","9","2013-08-09"
"BLD-100605","Onboarding","8","2013-08-09"
"BLD-100605","Probation","8","2013-08-09"
"BLD-100606","Interview","10","2010-01-12"
"BLD-100606","Recruiting","9","2010-01-12"
"BLD-100606","Onboarding","8","2010-01-12"
"BLD-100606","Probation","8","2010-01-12"
"BLD-100607","Interview","10","2020-06-05"
"BLD-100607","Recruiting","9","2020-06-05"
"BLD-100607","Onboarding","8","2020-06-05"
"BLD-100607","Probation","8","2020-06-05"
"BLD-100608","Interview","10","2022-05-05"
"BLD-100608","Recruiting","9","2022-05-05"
"BLD-100608","Onboarding","8","2022-05-05"
"BLD-100608","Probation","8","2022-05-05"
"BLD-100609","Interview","10","2022-06-12"
"BLD-100609","Recruiting","9","2022-06-12"
"BLD-100609","Onboarding","8","2022-06-12"
"BLD-100609","Probation","8","2022-06-12"
"BLD-100610","Interview","10","2018-12-02"
"BLD-100610","Recruiting","9","2018-12-02"
"BLD-100610","Onboarding","8","2018-12-02"
"BLD-100610","Probation","8","2018-12-02"
"BLD-100611","Interview","10","2010-01-24"
"BLD-100611","Recruiting","9","2010-01-24"
"BLD-100611","Onboarding","8","2010-01-24"
"BLD-100611","Probation","8","2010-01-24"
"BLD-100612","Interview","10","2011-03-20"
"BLD-100612","Recruiting","9","2011-03-20"
"BLD-100612","Onboarding","8","2011-03-20"
"BLD-100612","Probation","8","2011-03-20"
"BLD-100613","Interview","10","2021-04-15"
"BLD-100613","Recruiting","9","2021-04-15"
"BLD-100613","Onboarding","8","2021-04-15"
"BLD-100613","Probation","8","2021-04-15"
"BLD-100614","Interview","10","2015-01-11"
"BLD-100614","Recruiting","9","2015-01-11"
"BLD-100614","Onboarding","8","2015-01-11"
"BLD-100614","Probation","8","2015-01-11"
"BLD-100615","Interview","10","2020-07-05"
"BLD-100615","Recruiting","9","2020-07-05"
"BLD-100615","Onboarding","8","2020-07-05"
"BLD-100615","Probation","8","2020-07-05"
"BLD-100616","Interview","10","2014-11-15"
"BLD-100616","Recruiting","9","2014-11-15"
"BLD-100616","Onboarding","8","2014-11-15"
"BLD-100616","Probation","8","2014-11-15"
"BLD-100617","Interview","10","2016-12-26"
"BLD-100617","Recruiting","9","2016-12-26"
"BLD-100617","Onboarding","8","2016-12-26"
"BLD-100617","Probation","8","2016-12-26"
"BLD-100618","Interview","10","2017-07-31"
"BLD-100618","Recruiting","9","2017-07-31"
"BLD-100618","Onboarding","8","2017-07-31"
"BLD-100618","Probation","8","2017-07-31"
"BLD-100619","Interview","10","2015-01-02"
"BLD-100619","Recruiting","9","2015-01-02"
"BLD-100619","Onboarding","8","2015-01-02"
"BLD-100619","Probation","8","2015-01-02"
"BLD-100620","Interview","10","2017-03-25"
"BLD-100620","Recruiting","9","2017-03-25"
"BLD-100620","Onboarding","8","2017-03-25"
"BLD-100620","Probation","8","2017-03-25"
"BLD-100621","Interview","10","2016-12-15"
"BLD-100621","Recruiting","9","2016-12-15"
"BLD-100621","Onboarding","8","2016-12-15"
"BLD-100621","Probation","8","2016-12-15"
"BLD-100622","Interview","10","2016-02-23"
"BLD-100622","Recruiting","9","2016-02-23"
"BLD-100622","Onboarding","8","2016-02-23"
"BLD-100622","Probation","8","2016-02-23"
"BLD-100623","Interview","10","2016-05-18"
"BLD-100623","Recruiting","9","2016-05-18"
"BLD-100623","Onboarding","8","2016-05-18"
"BLD-100623","Probation","8","2016-05-18"
"BLD-100624","Interview","10","2018-03-25"
"BLD-100624","Recruiting","9","2018-03-25"
"BLD-100624","Onboarding","8","2018-03-25"
"BLD-100624","Probation","8","2018-03-25"
"BLD-100625","Interview","10","2016-05-02"
"BLD-100625","Recruiting","9","2016-05-02"
"BLD-100625","Onboarding","8","2016-05-02"
"BLD-100625","Probation","8","2016-05-02"
"BLD-100626","Interview","10","2010-01-05"
"BLD-100626","Recruiting","9","2010-01-05"
"BLD-100626","Onboarding","8","2010-01-05"
"BLD-100626","Probation","8","2010-01-05"
"BLD-100627","Interview","10","2015-03-06"
"BLD-100627","Recruiting","9","2015-03-06"
"BLD-100627","Onboarding","8","2015-03-06"
"BLD-100627","Probation","8","2015-03-06"
"BLD-100628","Interview","10","2013-07-13"
"BLD-100628","Recruiting","9","2013-07-13"
"BLD-100628","Onboarding","8","2013-07-13"
"BLD-100628","Probation","8","2013-07-13"
"BLD-100629","Interview","10","2016-07-22"
"BLD-100629","Recruiting","9","2016-07-22"
"BLD-100629","Onboarding","8","2016-07-22"
"BLD-100629","Probation","8","2016-07-22"
"BLD-100630","Interview","10","2020-04-24"
"BLD-100630","Recruiting","9","2020-04-24"
"BLD-100630","Onboarding","8","2020-04-24"
"BLD-100630","Probation","8","2020-04-24"
"BLD-100631","Interview","10","2015-01-05"
"BLD-100631","Recruiting","9","2015-01-05"
"BLD-100631","Onboarding","8","2015-01-05"
"BLD-100631","Probation","8","2015-01-05"
"BLD-100632","Interview","10","2020-01-12"
"BLD-100632","Recruiting","9","2020-01-12"
"BLD-100632","Onboarding","8","2020-01-12"
"BLD-100632","Probation","8","2020-01-12"
"BLD-100633","Interview","10","2014-08-30"
"BLD-100633","Recruiting","9","2014-08-30"
"BLD-100633","Onboarding","8","2014-08-30"
"BLD-100633","Probation","8","2014-08-30"
"BLD-100634","Interview","10","2011-07-13"
"BLD-100634","Recruiting","9","2011-07-13"
"BLD-100634","Onboarding","8","2011-07-13"
"BLD-100634","Probation","8","2011-07-13"
"BLD-100635","Interview","10","2017-04-19"
"BLD-100635","Recruiting","9","2017-04-19"
"BLD-100635","Onboarding","8","2017-04-19"
"BLD-100635","Probation","8","2017-04-19"
"BLD-100636","Interview","10","2016-12-20"
"BLD-100636","Recruiting","9","2016-12-20"
"BLD-100636","Onboarding","8","2016-12-20"
"BLD-100636","Probation","8","2016-12-20"
"BLD-100637","Interview","10","2016-03-09"
"BLD-100637","Recruiting","9","2016-03-09"
"BLD-100637","Onboarding","8","2016-03-09"
"BLD-100637","Probation","8","2016-03-09"
"BLD-100638","Interview","10","2013-03-06"
"BLD-100638","Recruiting","9","2013-03-06"
"BLD-100638","Onboarding","8","2013-03-06"
"BLD-100638","Probation","8","2013-03-06"
"BLD-100639","Interview","10","2018-12-18"
"BLD-100639","Recruiting","9","2018-12-18"
"BLD-100639","Onboarding","8","2018-12-18"
"BLD-100639","Probation","8","2018-12-18"
"BLD-100640","Interview","10","2021-04-05"
"BLD-100640","Recruiting","9","2021-04-05"
"BLD-100640","Onboarding","8","2021-04-05"
"BLD-100640","Probation","8","2021-04-05"
"BLD-100641","Interview","10","2018-08-29"
"BLD-100641","Recruiting","9","2018-08-29"
"BLD-100641","Onboarding","8","2018-08-29"
"BLD-100641","Probation","8","2018-08-29"
"BLD-100642","Interview","10","2017-06-10"
"BLD-100642","Recruiting","9","2017-06-10"
"BLD-100642","Onboarding","8","2017-06-10"
"BLD-100642","Probation","8","2017-06-10"
"BLD-100643","Interview","10","2020-05-05"
"BLD-100643","Recruiting","9","2020-05-05"
"BLD-100643","Onboarding","8","2020-05-05"
"BLD-100643","Probation","8","2020-05-05"
"BLD-100644","Interview","10","2015-11-29"
"BLD-100644","Recruiting","9","2015-11-29"
"BLD-100644","Onboarding","8","2015-11-29"
"BLD-100644","Probation","8","2015-11-29"
"BLD-100645","Interview","10","2013-10-24"
"BLD-100645","Recruiting","9","2013-10-24"
"BLD-100645","Onboarding","8","2013-10-24"
"BLD-100645","Probation","8","2013-10-24"
"BLD-100646","Interview","10","2019-06-22"
"BLD-100646","Recruiting","9","2019-06-22"
"BLD-100646","Onboarding","8","2019-06-22"
"BLD-100646","Probation","8","2019-06-22"
"BLD-100647","Interview","10","2012-04-17"
"BLD-100647","Recruiting","9","2012-04-17"
"BLD-100647","Onboarding","8","2012-04-17"
"BLD-100647","Probation","8","2012-04-17"
"BLD-100648","Interview","10","2013-04-08"
"BLD-100648","Recruiting","9","2013-04-08"
"BLD-100648","Onboarding","8","2013-04-08"
"BLD-100648","Probation","8","2013-04-08"
"BLD-100649","Interview","10","2019-01-16"
"BLD-100649","Recruiting","9","2019-01-16"
"BLD-100649","Onboarding","8","2019-01-16"
"BLD-100649","Probation","8","2019-01-16"
"BLD-100650","Interview","10","2013-10-05"
"BLD-100650","Recruiting","9","2013-10-05"
"BLD-100650","Onboarding","8","2013-10-05"
"BLD-100650","Probation","8","2013-10-05"
"BLD-100651","Interview","10","2015-04-29"
"BLD-100651","Recruiting","9","2015-04-29"
"BLD-100651","Onboarding","8","2015-04-29"
"BLD-100651","Probation","8","2015-04-29"
"BLD-100652","Interview","10","2019-07-28"
"BLD-100652","Recruiting","9","2019-07-28"
"BLD-100652","Onboarding","8","2019-07-28"
"BLD-100652","Probation","8","2019-07-28"
"BLD-100653","Interview","10","2017-10-24"
"BLD-100653","Recruiting","9","2017-10-24"
"BLD-100653","Onboarding","8","2017-10-24"
"BLD-100653","Probation","8","2017-10-24"
"BLD-100654","Interview","10","2016-10-15"
"BLD-100654","Recruiting","9","2016-10-15"
"BLD-100654","Onboarding","8","2016-10-15"
"BLD-100654","Probation","8","2016-10-15"
"BLD-100655","Interview","10","2015-11-12"
"BLD-100655","Recruiting","9","2015-11-12"
"BLD-100655","Onboarding","8","2015-11-12"
"BLD-100655","Probation","8","2015-11-12"
"BLD-100656","Interview","10","2018-01-10"
"BLD-100656","Recruiting","9","2018-01-10"
"BLD-100656","Onboarding","8","2018-01-10"
"BLD-100656","Probation","8","2018-01-10"
"BLD-100657","Interview","10","2015-05-31"
"BLD-100657","Recruiting","9","2015-05-31"
"BLD-100657","Onboarding","8","2015-05-31"
"BLD-100657","Probation","8","2015-05-31"
"BLD-100658","Interview","10","2010-01-05"
"BLD-100658","Recruiting","9","2010-01-05"
"BLD-100658","Onboarding","8","2010-01-05"
"BLD-100658","Probation","8","2010-01-05"
"BLD-100659","Interview","10","2019-05-23"
"BLD-100659","Recruiting","9","2019-05-23"
"BLD-100659","Onboarding","8","2019-05-23"
"BLD-100659","Probation","8","2019-05-23"
"BLD-100660","Interview","10","2010-09-05"
"BLD-100660","Recruiting","9","2010-09-05"
"BLD-100660","Onboarding","8","2010-09-05"
"BLD-100660","Probation","8","2010-09-05"
"BLD-100661","Interview","10","2016-01-15"
"BLD-100661","Recruiting","9","2016-01-15"
"BLD-100661","Onboarding","8","2016-01-15"
"BLD-100661","Probation","8","2016-01-15"
"BLD-100662","Interview","10","2022-08-08"
"BLD-100662","Recruiting","9","2022-08-08"
"BLD-100662","Onboarding","8","2022-08-08"
"BLD-100662","Probation","8","2022-08-08"
"BLD-100663","Interview","10","2014-08-24"
"BLD-100663","Recruiting","9","2014-08-24"
"BLD-100663","Onboarding","8","2014-08-24"
"BLD-100663","Probation","8","2014-08-24"
"BLD-100664","Interview","10","2016-03-07"
"BLD-100664","Recruiting","9","2016-03-07"
"BLD-100664","Onboarding","8","2016-03-07"
"BLD-100664","Probation","8","2016-03-07"
"BLD-100665","Interview","10","2011-03-16"
"BLD-100665","Recruiting","9","2011-03-16"
"BLD-100665","Onboarding","8","2011-03-16"
"BLD-100665","Probation","8","2011-03-16"
"BLD-100666","Interview","10","2020-08-05"
"BLD-100666","Recruiting","9","2020-08-05"
"BLD-100666","Onboarding","8","2020-08-05"
"BLD-100666","Probation","8","2020-08-05"
"BLD-100667","Interview","10","2020-01-10"
"BLD-100667","Recruiting","9","2020-01-10"
"BLD-100667","Onboarding","8","2020-01-10"
"BLD-100667","Probation","8","2020-01-10"
"BLD-100668","Interview","10","2013-07-20"
"BLD-100668","Recruiting","9","2013-07-20"
"BLD-100668","Onboarding","8","2013-07-20"
"BLD-100668","Probation","8","2013-07-20"
"BLD-100669","Interview","10","2016-04-07"
"BLD-100669","Recruiting","9","2016-04-07"
"BLD-100669","Onboarding","8","2016-04-07"
"BLD-100669","Probation","8","2016-04-07"
"BLD-100670","Interview","10","2021-10-23"
"BLD-100670","Recruiting","9","2021-10-23"
"BLD-100670","Onboarding","8","2021-10-23"
"BLD-100670","Probation","8","2021-10-23"
"BLD-100671","Interview","10","2020-12-12"
"BLD-100671","Recruiting","9","2020-12-12"
"BLD-100671","Onboarding","8","2020-12-12"
"BLD-100671","Probation","8","2020-12-12"
"BLD-100672","Interview","10","2010-07-04"
"BLD-100672","Recruiting","9","2010-07-04"
"BLD-100672","Onboarding","8","2010-07-04"
"BLD-100672","Probation","8","2010-07-04"
"BLD-100673","Interview","10","2016-05-30"
"BLD-100673","Recruiting","9","2016-05-30"
"BLD-100673","Onboarding","8","2016-05-30"
"BLD-100673","Probation","8","2016-05-30"
"BLD-100674","Interview","10","2015-09-17"
"BLD-100674","Recruiting","9","2015-09-17"
"BLD-100674","Onboarding","8","2015-09-17"
"BLD-100674","Probation","8","2015-09-17"
"BLD-100675","Interview","10","2013-03-13"
"BLD-100675","Recruiting","9","2013-03-13"
"BLD-100675","Onboarding","8","2013-03-13"
"BLD-100675","Probation","8","2013-03-13"
"BLD-100676","Interview","10","2013-10-01"
"BLD-100676","Recruiting","9","2013-10-01"
"BLD-100676","Onboarding","8","2013-10-01"
"BLD-100676","Probation","8","2013-10-01"
"BLD-100677","Interview","10","2014-07-12"
"BLD-100677","Recruiting","9","2014-07-12"
"BLD-100677","Onboarding","8","2014-07-12"
"BLD-100677","Probation","8","2014-07-12"
"BLD-100678","Interview","10","2022-07-04"
"BLD-100678","Recruiting","9","2022-07-04"
"BLD-100678","Onboarding","8","2022-07-04"
"BLD-100678","Probation","8","2022-07-04"
"BLD-100679","Interview","10","2012-09-10"
"BLD-100679","Recruiting","9","2012-09-10"
"BLD-100679","Onboarding","8","2012-09-10"
"BLD-100679","Probation","8","2012-09-10"
"BLD-100680","Interview","10","2013-07-30"
"BLD-100680","Recruiting","9","2013-07-30"
"BLD-100680","Onboarding","8","2013-07-30"
"BLD-100680","Probation","8","2013-07-30"
"BLD-100681","Interview","10","2015-04-18"
"BLD-100681","Recruiting","9","2015-04-18"
"BLD-100681","Onboarding","8","2015-04-18"
"BLD-100681","Probation","8","2015-04-18"
"BLD-100682","Interview","10","2019-03-16"
"BLD-100682","Recruiting","9","2019-03-16"
"BLD-100682","Onboarding","8","2019-03-16"
"BLD-100682","Probation","8","2019-03-16"
"BLD-100683","Interview","10","2019-01-18"
"BLD-100683","Recruiting","9","2019-01-18"
"BLD-100683","Onboarding","8","2019-01-18"
"BLD-100683","Probation","8","2019-01-18"
"BLD-100684","Interview","10","2020-07-05"
"BLD-100684","Recruiting","9","2020-07-05"
"BLD-100684","Onboarding","8","2020-07-05"
"BLD-100684","Probation","8","2020-07-05"
"BLD-100685","Interview","10","2021-03-15"
"BLD-100685","Recruiting","9","2021-03-15"
"BLD-100685","Onboarding","8","2021-03-15"
"BLD-100685","Probation","8","2021-03-15"
"BLD-100686","Interview","10","2016-02-27"
"BLD-100686","Recruiting","9","2016-02-27"
"BLD-100686","Onboarding","8","2016-02-27"
"BLD-100686","Probation","8","2016-02-27"
"BLD-100687","Interview","10","2010-05-10"
"BLD-100687","Recruiting","9","2010-05-10"
"BLD-100687","Onboarding","8","2010-05-10"
"BLD-100687","Probation","8","2010-05-10"
"BLD-100688","Interview","10","2011-06-16"
"BLD-100688","Recruiting","9","2011-06-16"
"BLD-100688","Onboarding","8","2011-06-16"
"BLD-100688","Probation","8","2011-06-16"
"BLD-100689","Interview","10","2018-10-10"
"BLD-100689","Recruiting","9","2018-10-10"
"BLD-100689","Onboarding","8","2018-10-10"
"BLD-100689","Probation","8","2018-10-10"
"BLD-100690","Interview","10","2015-02-09"
"BLD-100690","Recruiting","9","2015-02-09"
"BLD-100690","Onboarding","8","2015-02-09"
"BLD-100690","Probation","8","2015-02-09"
"BLD-100691","Interview","10","2013-07-08"
"BLD-100691","Recruiting","9","2013-07-08"
"BLD-100691","Onboarding","8","2013-07-08"
"BLD-100691","Probation","8","2013-07-08"
"BLD-100692","Interview","10","2016-07-06"
"BLD-100692","Recruiting","9","2016-07-06"
"BLD-100692","Onboarding","8","2016-07-06"
"BLD-100692","Probation","8","2016-07-06"
"BLD-100693","Interview","10","2013-12-21"
"BLD-100693","Recruiting","9","2013-12-21"
"BLD-100693","Onboarding","8","2013-12-21"
"BLD-100693","Probation","8","2013-12-21"
"BLD-100694","Interview","10","2011-06-19"
"BLD-100694","Recruiting","9","2011-06-19"
"BLD-100694","Onboarding","8","2011-06-19"
"BLD-100694","Probation","8","2011-06-19"
"BLD-100695","Interview","10","2018-04-20"
"BLD-100695","Recruiting","9","2018-04-20"
"BLD-100695","Onboarding","8","2018-04-20"
"BLD-100695","Probation","8","2018-04-20"
"BLD-100696","Interview","10","2012-12-13"
"BLD-100696","Recruiting","9","2012-12-13"
"BLD-100696","Onboarding","8","2012-12-13"
"BLD-100696","Probation","8","2012-12-13"
"BLD-100697","Interview","10","2010-10-26"
"BLD-100697","Recruiting","9","2010-10-26"
"BLD-100697","Onboarding","8","2010-10-26"
"BLD-100697","Probation","8","2010-10-26"
"BLD-100698","Interview","10","2015-08-20"
"BLD-100698","Recruiting","9","2015-08-20"
"BLD-100698","Onboarding","8","2015-08-20"
"BLD-100698","Probation","8","2015-08-20"
"BLD-100699","Interview","10","2019-10-28"
"BLD-100699","Recruiting","9","2019-10-28"
"BLD-100699","Onboarding","8","2019-10-28"
"BLD-100699","Probation","8","2019-10-28"
"BLD-100700","Interview","10","2020-04-06"
"BLD-100700","Recruiting","9","2020-04-06"
"BLD-100700","Onboarding","8","2020-04-06"
"BLD-100700","Probation","8","2020-04-06"
"BLD-100701","Interview","10","2014-03-10"
"BLD-100701","Recruiting","9","2014-03-10"
"BLD-100701","Onboarding","8","2014-03-10"
"BLD-100701","Probation","8","2014-03-10"
"BLD-100702","Interview","10","2013-03-13"
"BLD-100702","Recruiting","9","2013-03-13"
"BLD-100702","Onboarding","8","2013-03-13"
"BLD-100702","Probation","8","2013-03-13"
"BLD-100703","Interview","10","2021-09-04"
"BLD-100703","Recruiting","9","2021-09-04"
"BLD-100703","Onboarding","8","2021-09-04"
"BLD-100703","Probation","8","2021-09-04"
"BLD-100704","Interview","10","2013-07-12"
"BLD-100704","Recruiting","9","2013-07-12"
"BLD-100704","Onboarding","8","2013-07-12"
"BLD-100704","Probation","8","2013-07-12"
"BLD-100705","Interview","10","2019-05-17"
"BLD-100705","Recruiting","9","2019-05-17"
"BLD-100705","Onboarding","8","2019-05-17"
"BLD-100705","Probation","8","2019-05-17"
"BLD-100706","Interview","10","2018-06-22"
"BLD-100706","Recruiting","9","2018-06-22"
"BLD-100706","Onboarding","8","2018-06-22"
"BLD-100706","Probation","8","2018-06-22"
"BLD-100707","Interview","10","2017-07-22"
"BLD-100707","Recruiting","9","2017-07-22"
"BLD-100707","Onboarding","8","2017-07-22"
"BLD-100707","Probation","8","2017-07-22"
"BLD-100708","Interview","10","2010-04-12"
"BLD-100708","Recruiting","9","2010-04-12"
"BLD-100708","Onboarding","8","2010-04-12"
"BLD-100708","Probation","8","2010-04-12"
"BLD-100709","Interview","10","2021-10-12"
"BLD-100709","Recruiting","9","2021-10-12"
"BLD-100709","Onboarding","8","2021-10-12"
"BLD-100709","Probation","8","2021-10-12"
"BLD-100710","Interview","10","2013-06-14"
"BLD-100710","Recruiting","9","2013-06-14"
"BLD-100710","Onboarding","8","2013-06-14"
"BLD-100710","Probation","8","2013-06-14"
"BLD-100711","Interview","10","2020-03-17"
"BLD-100711","Recruiting","9","2020-03-17"
"BLD-100711","Onboarding","8","2020-03-17"
"BLD-100711","Probation","8","2020-03-17"
"BLD-100712","Interview","10","2017-09-08"
"BLD-100712","Recruiting","9","2017-09-08"
"BLD-100712","Onboarding","8","2017-09-08"
"BLD-100712","Probation","8","2017-09-08"
"BLD-100713","Interview","10","2010-07-03"
"BLD-100713","Recruiting","9","2010-07-03"
"BLD-100713","Onboarding","8","2010-07-03"
"BLD-100713","Probation","8","2010-07-03"
"BLD-100714","Interview","10","2015-09-10"
"BLD-100714","Recruiting","9","2015-09-10"
"BLD-100714","Onboarding","8","2015-09-10"
"BLD-100714","Probation","8","2015-09-10"
"BLD-100715","Interview","10","2022-07-30"
"BLD-100715","Recruiting","9","2022-07-30"
"BLD-100715","Onboarding","8","2022-07-30"
"BLD-100715","Probation","8","2022-07-30"
"BLD-100716","Interview","10","2010-06-11"
"BLD-100716","Recruiting","9","2010-06-11"
"BLD-100716","Onboarding","8","2010-06-11"
"BLD-100716","Probation","8","2010-06-11"
"BLD-100717","Interview","10","2022-01-27"
"BLD-100717","Recruiting","9","2022-01-27"
"BLD-100717","Onboarding","8","2022-01-27"
"BLD-100717","Probation","8","2022-01-27"
"BLD-100718","Interview","10","2016-07-09"
"BLD-100718","Recruiting","9","2016-07-09"
"BLD-100718","Onboarding","8","2016-07-09"
"BLD-100718","Probation","8","2016-07-09"
"BLD-100719","Interview","10","2020-04-21"
"BLD-100719","Recruiting","9","2020-04-21"
"BLD-100719","Onboarding","8","2020-04-21"
"BLD-100719","Probation","8","2020-04-21"
"BLD-100720","Interview","10","2019-03-27"
"BLD-100720","Recruiting","9","2019-03-27"
"BLD-100720","Onboarding","8","2019-03-27"
"BLD-100720","Probation","8","2019-03-27"
"BLD-100721","Interview","10","2012-04-23"
"BLD-100721","Recruiting","9","2012-04-23"
"BLD-100721","Onboarding","8","2012-04-23"
"BLD-100721","Probation","8","2012-04-23"
"BLD-100722","Interview","10","2019-06-20"
"BLD-100722","Recruiting","9","2019-06-20"
"BLD-100722","Onboarding","8","2019-06-20"
"BLD-100722","Probation","8","2019-06-20"
"BLD-100723","Interview","10","2022-02-10"
"BLD-100723","Recruiting","9","2022-02-10"
"BLD-100723","Onboarding","8","2022-02-10"
"BLD-100723","Probation","8","2022-02-10"
"BLD-100724","Interview","10","2014-03-09"
"BLD-100724","Recruiting","9","2014-03-09"
"BLD-100724","Onboarding","8","2014-03-09"
"BLD-100724","Probation","8","2014-03-09"
"BLD-100725","Interview","10","2022-06-12"
"BLD-100725","Recruiting","9","2022-06-12"
"BLD-100725","Onboarding","8","2022-06-12"
"BLD-100725","Probation","8","2022-06-12"
"BLD-100726","Interview","10","2014-01-13"
"BLD-100726","Recruiting","9","2014-01-13"
"BLD-100726","Onboarding","8","2014-01-13"
"BLD-100726","Probation","8","2014-01-13"
"BLD-100727","Interview","10","2016-07-20"
"BLD-100727","Recruiting","9","2016-07-20"
"BLD-100727","Onboarding","8","2016-07-20"
"BLD-100727","Probation","8","2016-07-20"
"BLD-100728","Interview","10","2010-04-25"
"BLD-100728","Recruiting","9","2010-04-25"
"BLD-100728","Onboarding","8","2010-04-25"
"BLD-100728","Probation","8","2010-04-25"
"BLD-100729","Interview","10","2020-08-30"
"BLD-100729","Recruiting","9","2020-08-30"
"BLD-100729","Onboarding","8","2020-08-30"
"BLD-100729","Probation","8","2020-08-30"
"BLD-100730","Interview","10","2011-03-23"
"BLD-100730","Recruiting","9","2011-03-23"
"BLD-100730","Onboarding","8","2011-03-23"
"BLD-100730","Probation","8","2011-03-23"
"BLD-100731","Interview","10","2017-02-14"
"BLD-100731","Recruiting","9","2017-02-14"
"BLD-100731","Onboarding","8","2017-02-14"
"BLD-100731","Probation","8","2017-02-14"
"BLD-100732","Interview","10","2010-10-31"
"BLD-100732","Recruiting","9","2010-10-31"
"BLD-100732","Onboarding","8","2010-10-31"
"BLD-100732","Probation","8","2010-10-31"
"BLD-100733","Interview","10","2021-08-14"
"BLD-100733","Recruiting","9","2021-08-14"
"BLD-100733","Onboarding","8","2021-08-14"
"BLD-100733","Probation","8","2021-08-14"
"BLD-100734","Interview","10","2016-10-15"
"BLD-100734","Recruiting","9","2016-10-15"
"BLD-100734","Onboarding","8","2016-10-15"
"BLD-100734","Probation","8","2016-10-15"
"BLD-100735","Interview","10","2014-02-12"
"BLD-100735","Recruiting","9","2014-02-12"
"BLD-100735","Onboarding","8","2014-02-12"
"BLD-100735","Probation","8","2014-02-12"
"BLD-100736","Interview","10","2018-01-29"
"BLD-100736","Recruiting","9","2018-01-29"
"BLD-100736","Onboarding","8","2018-01-29"
"BLD-100736","Probation","8","2018-01-29"
"BLD-100737","Interview","10","2017-06-09"
"BLD-100737","Recruiting","9","2017-06-09"
"BLD-100737","Onboarding","8","2017-06-09"
"BLD-100737","Probation","8","2017-06-09"
"BLD-100738","Interview","10","2019-07-11"
"BLD-100738","Recruiting","9","2019-07-11"
"BLD-100738","Onboarding","8","2019-07-11"
"BLD-100738","Probation","8","2019-07-11"
"BLD-100739","Interview","10","2019-05-28"
"BLD-100739","Recruiting","9","2019-05-28"
"BLD-100739","Onboarding","8","2019-05-28"
"BLD-100739","Probation","8","2019-05-28"
"BLD-100740","Interview","10","2011-04-03"
"BLD-100740","Recruiting","9","2011-04-03"
"BLD-100740","Onboarding","8","2011-04-03"
"BLD-100740","Probation","8","2011-04-03"
"BLD-100741","Interview","10","2013-12-06"
"BLD-100741","Recruiting","9","2013-12-06"
"BLD-100741","Onboarding","8","2013-12-06"
"BLD-100741","Probation","8","2013-12-06"
"BLD-100742","Interview","10","2017-08-18"
"BLD-100742","Recruiting","9","2017-08-18"
"BLD-100742","Onboarding","8","2017-08-18"
"BLD-100742","Probation","8","2017-08-18"
"BLD-100743","Interview","10","2018-12-08"
"BLD-100743","Recruiting","9","2018-12-08"
"BLD-100743","Onboarding","8","2018-12-08"
"BLD-100743","Probation","8","2018-12-08"
"BLD-100744","Interview","10","2016-07-18"
"BLD-100744","Recruiting","9","2016-07-18"
"BLD-100744","Onboarding","8","2016-07-18"
"BLD-100744","Probation","8","2016-07-18"
"BLD-100745","Interview","10","2020-05-10"
"BLD-100745","Recruiting","9","2020-05-10"
"BLD-100745","Onboarding","8","2020-05-10"
"BLD-100745","Probation","8","2020-05-10"
"BLD-100746","Interview","10","2018-09-16"
"BLD-100746","Recruiting","9","2018-09-16"
"BLD-100746","Onboarding","8","2018-09-16"
"BLD-100746","Probation","8","2018-09-16"
"BLD-100747","Interview","10","2018-08-12"
"BLD-100747","Recruiting","9","2018-08-12"
"BLD-100747","Onboarding","8","2018-08-12"
"BLD-100747","Probation","8","2018-08-12"
"BLD-100748","Interview","10","2011-05-15"
"BLD-100748","Recruiting","9","2011-05-15"
"BLD-100748","Onboarding","8","2011-05-15"
"BLD-100748","Probation","8","2011-05-15"
"BLD-100749","Interview","10","2018-01-26"
"BLD-100749","Recruiting","9","2018-01-26"
"BLD-100749","Onboarding","8","2018-01-26"
"BLD-100749","Probation","8","2018-01-26"
"BLD-100750","Interview","10","2012-02-17"
"BLD-100750","Recruiting","9","2012-02-17"
"BLD-100750","Onboarding","8","2012-02-17"
"BLD-100750","Probation","8","2012-02-17"
"BLD-100751","Interview","10","2010-08-28"
"BLD-100751","Recruiting","9","2010-08-28"
"BLD-100751","Onboarding","8","2010-08-28"
"BLD-100751","Probation","8","2010-08-28"
"BLD-100752","Interview","10","2012-05-14"
"BLD-100752","Recruiting","9","2012-05-14"
"BLD-100752","Onboarding","8","2012-05-14"
"BLD-100752","Probation","8","2012-05-14"
"BLD-100753","Interview","10","2010-03-13"
"BLD-100753","Recruiting","9","2010-03-13"
"BLD-100753","Onboarding","8","2010-03-13"
"BLD-100753","Probation","8","2010-03-13"
"BLD-100754","Interview","10","2017-07-20"
"BLD-100754","Recruiting","9","2017-07-20"
"BLD-100754","Onboarding","8","2017-07-20"
"BLD-100754","Probation","8","2017-07-20"
"BLD-100755","Interview","10","2014-09-16"
"BLD-100755","Recruiting","9","2014-09-16"
"BLD-100755","Onboarding","8","2014-09-16"
"BLD-100755","Probation","8","2014-09-16"
"BLD-100756","Interview","10","2017-09-04"
"BLD-100756","Recruiting","9","2017-09-04"
"BLD-100756","Onboarding","8","2017-09-04"
"BLD-100756","Probation","8","2017-09-04"
"BLD-100757","Interview","10","2016-10-13"
"BLD-100757","Recruiting","9","2016-10-13"
"BLD-100757","Onboarding","8","2016-10-13"
"BLD-100757","Probation","8","2016-10-13"
"BLD-100758","Interview","10","2014-03-30"
"BLD-100758","Recruiting","9","2014-03-30"
"BLD-100758","Onboarding","8","2014-03-30"
"BLD-100758","Probation","8","2014-03-30"
"BLD-100759","Interview","10","2013-01-09"
"BLD-100759","Recruiting","9","2013-01-09"
"BLD-100759","Onboarding","8","2013-01-09"
"BLD-100759","Probation","8","2013-01-09"
"BLD-100760","Interview","10","2014-04-05"
"BLD-100760","Recruiting","9","2014-04-05"
"BLD-100760","Onboarding","8","2014-04-05"
"BLD-100760","Probation","8","2014-04-05"
"BLD-100761","Interview","10","2015-05-23"
"BLD-100761","Recruiting","9","2015-05-23"
"BLD-100761","Onboarding","8","2015-05-23"
"BLD-100761","Probation","8","2015-05-23"
"BLD-100762","Interview","10","2020-03-05"
"BLD-100762","Recruiting","9","2020-03-05"
"BLD-100762","Onboarding","8","2020-03-05"
"BLD-100762","Probation","8","2020-03-05"
"BLD-100763","Interview","10","2020-09-29"
"BLD-100763","Recruiting","9","2020-09-29"
"BLD-100763","Onboarding","8","2020-09-29"
"BLD-100763","Probation","8","2020-09-29"
"BLD-100764","Interview","10","2013-10-21"
"BLD-100764","Recruiting","9","2013-10-21"
"BLD-100764","Onboarding","8","2013-10-21"
"BLD-100764","Probation","8","2013-10-21"
"BLD-100765","Interview","10","2015-02-07"
"BLD-100765","Recruiting","9","2015-02-07"
"BLD-100765","Onboarding","8","2015-02-07"
"BLD-100765","Probation","8","2015-02-07"
"BLD-100766","Interview","10","2015-04-08"
"BLD-100766","Recruiting","9","2015-04-08"
"BLD-100766","Onboarding","8","2015-04-08"
"BLD-100766","Probation","8","2015-04-08"
"BLD-100767","Interview","10","2011-09-01"
"BLD-100767","Recruiting","9","2011-09-01"
"BLD-100767","Onboarding","8","2011-09-01"
"BLD-100767","Probation","8","2011-09-01"
"BLD-100768","Interview","10","2020-09-01"
"BLD-100768","Recruiting","9","2020-09-01"
"BLD-100768","Onboarding","8","2020-09-01"
"BLD-100768","Probation","8","2020-09-01"
"BLD-100769","Interview","10","2010-02-01"
"BLD-100769","Recruiting","9","2010-02-01"
"BLD-100769","Onboarding","8","2010-02-01"
"BLD-100769","Probation","8","2010-02-01"
"BLD-100770","Interview","10","2022-09-03"
"BLD-100770","Recruiting","9","2022-09-03"
"BLD-100770","Onboarding","8","2022-09-03"
"BLD-100770","Probation","8","2022-09-03"
"BLD-100771","Interview","10","2015-11-30"
"BLD-100771","Recruiting","9","2015-11-30"
"BLD-100771","Onboarding","8","2015-11-30"
"BLD-100771","Probation","8","2015-11-30"
"BLD-100772","Interview","10","2020-09-04"
"BLD-100772","Recruiting","9","2020-09-04"
"BLD-100772","Onboarding","8","2020-09-04"
"BLD-100772","Probation","8","2020-09-04"
"BLD-100773","Interview","10","2016-05-19"
"BLD-100773","Recruiting","9","2016-05-19"
"BLD-100773","Onboarding","8","2016-05-19"
"BLD-100773","Probation","8","2016-05-19"
"BLD-100774","Interview","10","2018-08-16"
"BLD-100774","Recruiting","9","2018-08-16"
"BLD-100774","Onboarding","8","2018-08-16"
"BLD-100774","Probation","8","2018-08-16"
"BLD-100775","Interview","10","2016-10-12"
"BLD-100775","Recruiting","9","2016-10-12"
"BLD-100775","Onboarding","8","2016-10-12"
"BLD-100775","Probation","8","2016-10-12"
"BLD-100776","Interview","10","2014-01-16"
"BLD-100776","Recruiting","9","2014-01-16"
"BLD-100776","Onboarding","8","2014-01-16"
"BLD-100776","Probation","8","2014-01-16"
"BLD-100777","Interview","10","2019-12-09"
"BLD-100777","Recruiting","9","2019-12-09"
"BLD-100777","Onboarding","8","2019-12-09"
"BLD-100777","Probation","8","2019-12-09"
"BLD-100778","Interview","10","2010-11-13"
"BLD-100778","Recruiting","9","2010-11-13"
"BLD-100778","Onboarding","8","2010-11-13"
"BLD-100778","Probation","8","2010-11-13"
"BLD-100779","Interview","10","2020-06-15"
"BLD-100779","Recruiting","9","2020-06-15"
"BLD-100779","Onboarding","8","2020-06-15"
"BLD-100779","Probation","8","2020-06-15"
"BLD-100780","Interview","10","2011-10-09"
"BLD-100780","Recruiting","9","2011-10-09"
"BLD-100780","Onboarding","8","2011-10-09"
"BLD-100780","Probation","8","2011-10-09"
"BLD-100781","Interview","10","2019-09-20"
"BLD-100781","Recruiting","9","2019-09-20"
"BLD-100781","Onboarding","8","2019-09-20"
"BLD-100781","Probation","8","2019-09-20"
"BLD-100782","Interview","10","2017-01-31"
"BLD-100782","Recruiting","9","2017-01-31"
"BLD-100782","Onboarding","8","2017-01-31"
"BLD-100782","Probation","8","2017-01-31"
"BLD-100783","Interview","10","2013-03-09"
"BLD-100783","Recruiting","9","2013-03-09"
"BLD-100783","Onboarding","8","2013-03-09"
"BLD-100783","Probation","8","2013-03-09"
"BLD-100784","Interview","10","2013-11-01"
"BLD-100784","Recruiting","9","2013-11-01"
"BLD-100784","Onboarding","8","2013-11-01"
"BLD-100784","Probation","8","2013-11-01"
"BLD-100785","Interview","10","2018-12-29"
"BLD-100785","Recruiting","9","2018-12-29"
"BLD-100785","Onboarding","8","2018-12-29"
"BLD-100785","Probation","8","2018-12-29"
"BLD-100786","Interview","10","2010-09-02"
"BLD-100786","Recruiting","9","2010-09-02"
"BLD-100786","Onboarding","8","2010-09-02"
"BLD-100786","Probation","8","2010-09-02"
"BLD-100787","Interview","10","2012-02-05"
"BLD-100787","Recruiting","9","2012-02-05"
"BLD-100787","Onboarding","8","2012-02-05"
"BLD-100787","Probation","8","2012-02-05"
"BLD-100788","Interview","10","2019-05-15"
"BLD-100788","Recruiting","9","2019-05-15"
"BLD-100788","Onboarding","8","2019-05-15"
"BLD-100788","Probation","8","2019-05-15"
"BLD-100789","Interview","10","2021-09-07"
"BLD-100789","Recruiting","9","2021-09-07"
"BLD-100789","Onboarding","8","2021-09-07"
"BLD-100789","Probation","8","2021-09-07"
"BLD-100790","Interview","10","2010-04-20"
"BLD-100790","Recruiting","9","2010-04-20"
"BLD-100790","Onboarding","8","2010-04-20"
"BLD-100790","Probation","8","2010-04-20"
"BLD-100791","Interview","10","2013-10-22"
"BLD-100791","Recruiting","9","2013-10-22"
"BLD-100791","Onboarding","8","2013-10-22"
"BLD-100791","Probation","8","2013-10-22"
"BLD-100792","Interview","10","2013-08-06"
"BLD-100792","Recruiting","9","2013-08-06"
"BLD-100792","Onboarding","8","2013-08-06"
"BLD-100792","Probation","8","2013-08-06"
"BLD-100793","Interview","10","2013-02-04"
"BLD-100793","Recruiting","9","2013-02-04"
"BLD-100793","Onboarding","8","2013-02-04"
"BLD-100793","Probation","8","2013-02-04"
"BLD-100794","Interview","10","2016-06-01"
"BLD-100794","Recruiting","9","2016-06-01"
"BLD-100794","Onboarding","8","2016-06-01"
"BLD-100794","Probation","8","2016-06-01"
"BLD-100795","Interview","10","2017-05-16"
"BLD-100795","Recruiting","9","2017-05-16"
"BLD-100795","Onboarding","8","2017-05-16"
"BLD-100795","Probation","8","2017-05-16"
"BLD-100796","Interview","10","2018-08-20"
"BLD-100796","Recruiting","9","2018-08-20"
"BLD-100796","Onboarding","8","2018-08-20"
"BLD-100796","Probation","8","2018-08-20"
"BLD-100797","Interview","10","2011-03-22"
"BLD-100797","Recruiting","9","2011-03-22"
"BLD-100797","Onboarding","8","2011-03-22"
"BLD-100797","Probation","8","2011-03-22"
"BLD-100798","Interview","10","2018-07-29"
"BLD-100798","Recruiting","9","2018-07-29"
"BLD-100798","Onboarding","8","2018-07-29"
"BLD-100798","Probation","8","2018-07-29"
"BLD-100799","Interview","10","2016-07-07"
"BLD-100799","Recruiting","9","2016-07-07"
"BLD-100799","Onboarding","8","2016-07-07"
"BLD-100799","Probation","8","2016-07-07"
"BLD-100800","Interview","10","2022-09-24"
"BLD-100800","Recruiting","9","2022-09-24"
"BLD-100800","Onboarding","8","2022-09-24"
"BLD-100800","Probation","8","2022-09-24"
"BLD-100801","Interview","10","2019-04-07"
"BLD-100801","Recruiting","9","2019-04-07"
"BLD-100801","Onboarding","8","2019-04-07"
"BLD-100801","Probation","8","2019-04-07"
"BLD-100802","Interview","10","2014-08-07"
"BLD-100802","Recruiting","9","2014-08-07"
"BLD-100802","Onboarding","8","2014-08-07"
"BLD-100802","Probation","8","2014-08-07"
"BLD-100803","Interview","10","2013-08-05"
"BLD-100803","Recruiting","9","2013-08-05"
"BLD-100803","Onboarding","8","2013-08-05"
"BLD-100803","Probation","8","2013-08-05"
"BLD-100804","Interview","10","2018-10-29"
"BLD-100804","Recruiting","9","2018-10-29"
"BLD-100804","Onboarding","8","2018-10-29"
"BLD-100804","Probation","8","2018-10-29"
"BLD-100805","Interview","10","2011-10-17"
"BLD-100805","Recruiting","9","2011-10-17"
"BLD-100805","Onboarding","8","2011-10-17"
"BLD-100805","Probation","8","2011-10-17"
"BLD-100806","Interview","10","2020-09-15"
"BLD-100806","Recruiting","9","2020-09-15"
"BLD-100806","Onboarding","8","2020-09-15"
"BLD-100806","Probation","8","2020-09-15"
"BLD-100807","Interview","10","2016-12-02"
"BLD-100807","Recruiting","9","2016-12-02"
"BLD-100807","Onboarding","8","2016-12-02"
"BLD-100807","Probation","8","2016-12-02"
"BLD-100808","Interview","10","2017-10-07"
"BLD-100808","Recruiting","9","2017-10-07"
"BLD-100808","Onboarding","8","2017-10-07"
"BLD-100808","Probation","8","2017-10-07"
"BLD-100809","Interview","10","2011-08-12"
"BLD-100809","Recruiting","9","2011-08-12"
"BLD-100809","Onboarding","8","2011-08-12"
"BLD-100809","Probation","8","2011-08-12"
"BLD-100810","Interview","10","2016-11-24"
"BLD-100810","Recruiting","9","2016-11-24"
"BLD-100810","Onboarding","8","2016-11-24"
"BLD-100810","Probation","8","2016-11-24"
"BLD-100811","Interview","10","2020-09-18"
"BLD-100811","Recruiting","9","2020-09-18"
"BLD-100811","Onboarding","8","2020-09-18"
"BLD-100811","Probation","8","2020-09-18"
"BLD-100812","Interview","10","2013-05-31"
"BLD-100812","Recruiting","9","2013-05-31"
"BLD-100812","Onboarding","8","2013-05-31"
"BLD-100812","Probation","8","2013-05-31"
"BLD-100813","Interview","10","2015-07-11"
"BLD-100813","Recruiting","9","2015-07-11"
"BLD-100813","Onboarding","8","2015-07-11"
"BLD-100813","Probation","8","2015-07-11"
"BLD-100814","Interview","10","2012-01-21"
"BLD-100814","Recruiting","9","2012-01-21"
"BLD-100814","Onboarding","8","2012-01-21"
"BLD-100814","Probation","8","2012-01-21"
"BLD-100815","Interview","10","2012-03-19"
"BLD-100815","Recruiting","9","2012-03-19"
"BLD-100815","Onboarding","8","2012-03-19"
"BLD-100815","Probation","8","2012-03-19"
"BLD-100816","Interview","10","2014-09-29"
"BLD-100816","Recruiting","9","2014-09-29"
"BLD-100816","Onboarding","8","2014-09-29"
"BLD-100816","Probation","8","2014-09-29"
"BLD-100817","Interview","10","2020-06-21"
"BLD-100817","Recruiting","9","2020-06-21"
"BLD-100817","Onboarding","8","2020-06-21"
"BLD-100817","Probation","8","2020-06-21"
"BLD-100818","Interview","10","2017-03-14"
"BLD-100818","Recruiting","9","2017-03-14"
"BLD-100818","Onboarding","8","2017-03-14"
"BLD-100818","Probation","8","2017-03-14"
"BLD-100819","Interview","10","2011-01-29"
"BLD-100819","Recruiting","9","2011-01-29"
"BLD-100819","Onboarding","8","2011-01-29"
"BLD-100819","Probation","8","2011-01-29"
"BLD-100820","Interview","10","2018-08-27"
"BLD-100820","Recruiting","9","2018-08-27"
"BLD-100820","Onboarding","8","2018-08-27"
"BLD-100820","Probation","8","2018-08-27"
"BLD-100821","Interview","10","2011-02-21"
"BLD-100821","Recruiting","9","2011-02-21"
"BLD-100821","Onboarding","8","2011-02-21"
"BLD-100821","Probation","8","2011-02-21"
"BLD-100822","Interview","10","2011-01-17"
"BLD-100822","Recruiting","9","2011-01-17"
"BLD-100822","Onboarding","8","2011-01-17"
"BLD-100822","Probation","8","2011-01-17"
"BLD-100823","Interview","10","2017-10-21"
"BLD-100823","Recruiting","9","2017-10-21"
"BLD-100823","Onboarding","8","2017-10-21"
"BLD-100823","Probation","8","2017-10-21"
"BLD-100824","Interview","10","2014-06-09"
"BLD-100824","Recruiting","9","2014-06-09"
"BLD-100824","Onboarding","8","2014-06-09"
"BLD-100824","Probation","8","2014-06-09"
"BLD-100825","Interview","10","2021-10-28"
"BLD-100825","Recruiting","9","2021-10-28"
"BLD-100825","Onboarding","8","2021-10-28"
"BLD-100825","Probation","8","2021-10-28"
"BLD-100826","Interview","10","2022-06-07"
"BLD-100826","Recruiting","9","2022-06-07"
"BLD-100826","Onboarding","8","2022-06-07"
"BLD-100826","Probation","8","2022-06-07"
"BLD-100827","Interview","10","2017-03-05"
"BLD-100827","Recruiting","9","2017-03-05"
"BLD-100827","Onboarding","8","2017-03-05"
"BLD-100827","Probation","8","2017-03-05"
"BLD-100828","Interview","10","2020-12-20"
"BLD-100828","Recruiting","9","2020-12-20"
"BLD-100828","Onboarding","8","2020-12-20"
"BLD-100828","Probation","8","2020-12-20"
"BLD-100829","Interview","10","2022-02-01"
"BLD-100829","Recruiting","9","2022-02-01"
"BLD-100829","Onboarding","8","2022-02-01"
"BLD-100829","Probation","8","2022-02-01"
"BLD-100830","Interview","10","2013-01-24"
"BLD-100830","Recruiting","9","2013-01-24"
"BLD-100830","Onboarding","8","2013-01-24"
"BLD-100830","Probation","8","2013-01-24"
"BLD-100831","Interview","10","2017-08-11"
"BLD-100831","Recruiting","9","2017-08-11"
"BLD-100831","Onboarding","8","2017-08-11"
"BLD-100831","Probation","8","2017-08-11"
"BLD-100832","Interview","10","2022-01-05"
"BLD-100832","Recruiting","9","2022-01-05"
"BLD-100832","Onboarding","8","2022-01-05"
"BLD-100832","Probation","8","2022-01-05"
"BLD-100833","Interview","10","2018-04-02"
"BLD-100833","Recruiting","9","2018-04-02"
"BLD-100833","Onboarding","8","2018-04-02"
"BLD-100833","Probation","8","2018-04-02"
"BLD-100834","Interview","10","2022-05-21"
"BLD-100834","Recruiting","9","2022-05-21"
"BLD-100834","Onboarding","8","2022-05-21"
"BLD-100834","Probation","8","2022-05-21"
"BLD-100835","Interview","10","2015-12-02"
"BLD-100835","Recruiting","9","2015-12-02"
"BLD-100835","Onboarding","8","2015-12-02"
"BLD-100835","Probation","8","2015-12-02"
"BLD-100836","Interview","10","2012-03-21"
"BLD-100836","Recruiting","9","2012-03-21"
"BLD-100836","Onboarding","8","2012-03-21"
"BLD-100836","Probation","8","2012-03-21"
"BLD-100837","Interview","10","2021-04-18"
"BLD-100837","Recruiting","9","2021-04-18"
"BLD-100837","Onboarding","8","2021-04-18"
"BLD-100837","Probation","8","2021-04-18"
"BLD-100838","Interview","10","2021-11-08"
"BLD-100838","Recruiting","9","2021-11-08"
"BLD-100838","Onboarding","8","2021-11-08"
"BLD-100838","Probation","8","2021-11-08"
"BLD-100839","Interview","10","2018-12-02"
"BLD-100839","Recruiting","9","2018-12-02"
"BLD-100839","Onboarding","8","2018-12-02"
"BLD-100839","Probation","8","2018-12-02"
"BLD-100840","Interview","10","2020-05-05"
"BLD-100840","Recruiting","9","2020-05-05"
"BLD-100840","Onboarding","8","2020-05-05"
"BLD-100840","Probation","8","2020-05-05"
"BLD-100841","Interview","10","2011-05-14"
"BLD-100841","Recruiting","9","2011-05-14"
"BLD-100841","Onboarding","8","2011-05-14"
"BLD-100841","Probation","8","2011-05-14"
"BLD-100842","Interview","10","2017-04-22"
"BLD-100842","Recruiting","9","2017-04-22"
"BLD-100842","Onboarding","8","2017-04-22"
"BLD-100842","Probation","8","2017-04-22"
"BLD-100843","Interview","10","2018-09-10"
"BLD-100843","Recruiting","9","2018-09-10"
"BLD-100843","Onboarding","8","2018-09-10"
"BLD-100843","Probation","8","2018-09-10"
"BLD-100844","Interview","10","2011-01-15"
"BLD-100844","Recruiting","9","2011-01-15"
"BLD-100844","Onboarding","8","2011-01-15"
"BLD-100844","Probation","8","2011-01-15"
"BLD-100845","Interview","10","2017-12-05"
"BLD-100845","Recruiting","9","2017-12-05"
"BLD-100845","Onboarding","8","2017-12-05"
"BLD-100845","Probation","8","2017-12-05"
"BLD-100846","Interview","10","2020-07-19"
"BLD-100846","Recruiting","9","2020-07-19"
"BLD-100846","Onboarding","8","2020-07-19"
"BLD-100846","Probation","8","2020-07-19"
"BLD-100847","Interview","10","2020-12-29"
"BLD-100847","Recruiting","9","2020-12-29"
"BLD-100847","Onboarding","8","2020-12-29"
"BLD-100847","Probation","8","2020-12-29"
"BLD-100848","Interview","10","2021-01-15"
"BLD-100848","Recruiting","9","2021-01-15"
"BLD-100848","Onboarding","8","2021-01-15"
"BLD-100848","Probation","8","2021-01-15"
"BLD-100849","Interview","10","2016-08-06"
"BLD-100849","Recruiting","9","2016-08-06"
"BLD-100849","Onboarding","8","2016-08-06"
"BLD-100849","Probation","8","2016-08-06"
"BLD-100850","Interview","10","2022-05-02"
"BLD-100850","Recruiting","9","2022-05-02"
"BLD-100850","Onboarding","8","2022-05-02"
"BLD-100850","Probation","8","2022-05-02"
"BLD-100851","Interview","10","2015-04-26"
"BLD-100851","Recruiting","9","2015-04-26"
"BLD-100851","Onboarding","8","2015-04-26"
"BLD-100851","Probation","8","2015-04-26"
"BLD-100852","Interview","10","2022-01-30"
"BLD-100852","Recruiting","9","2022-01-30"
"BLD-100852","Onboarding","8","2022-01-30"
"BLD-100852","Probation","8","2022-01-30"
"BLD-100853","Interview","10","2017-08-22"
"BLD-100853","Recruiting","9","2017-08-22"
"BLD-100853","Onboarding","8","2017-08-22"
"BLD-100853","Probation","8","2017-08-22"
"BLD-100854","Interview","10","2019-02-18"
"BLD-100854","Recruiting","9","2019-02-18"
"BLD-100854","Onboarding","8","2019-02-18"
"BLD-100854","Probation","8","2019-02-18"
"BLD-100855","Interview","10","2019-06-03"
"BLD-100855","Recruiting","9","2019-06-03"
"BLD-100855","Onboarding","8","2019-06-03"
"BLD-100855","Probation","8","2019-06-03"
"BLD-100856","Interview","10","2021-07-14"
"BLD-100856","Recruiting","9","2021-07-14"
"BLD-100856","Onboarding","8","2021-07-14"
"BLD-100856","Probation","8","2021-07-14"
"BLD-100857","Interview","10","2021-03-31"
"BLD-100857","Recruiting","9","2021-03-31"
"BLD-100857","Onboarding","8","2021-03-31"
"BLD-100857","Probation","8","2021-03-31"
"BLD-100858","Interview","10","2022-01-14"
"BLD-100858","Recruiting","9","2022-01-14"
"BLD-100858","Onboarding","8","2022-01-14"
"BLD-100858","Probation","8","2022-01-14"
"BLD-100859","Interview","10","2016-09-26"
"BLD-100859","Recruiting","9","2016-09-26"
"BLD-100859","Onboarding","8","2016-09-26"
"BLD-100859","Probation","8","2016-09-26"
"BLD-100860","Interview","10","2010-06-05"
"BLD-100860","Recruiting","9","2010-06-05"
"BLD-100860","Onboarding","8","2010-06-05"
"BLD-100860","Probation","8","2010-06-05"
"BLD-100861","Interview","10","2010-02-03"
"BLD-100861","Recruiting","9","2010-02-03"
"BLD-100861","Onboarding","8","2010-02-03"
"BLD-100861","Probation","8","2010-02-03"
"BLD-100862","Interview","10","2011-10-28"
"BLD-100862","Recruiting","9","2011-10-28"
"BLD-100862","Onboarding","8","2011-10-28"
"BLD-100862","Probation","8","2011-10-28"
"BLD-100863","Interview","10","2021-07-05"
"BLD-100863","Recruiting","9","2021-07-05"
"BLD-100863","Onboarding","8","2021-07-05"
"BLD-100863","Probation","8","2021-07-05"
"BLD-100864","Interview","10","2010-03-09"
"BLD-100864","Recruiting","9","2010-03-09"
"BLD-100864","Onboarding","8","2010-03-09"
"BLD-100864","Probation","8","2010-03-09"
"BLD-100865","Interview","10","2021-12-08"
"BLD-100865","Recruiting","9","2021-12-08"
"BLD-100865","Onboarding","8","2021-12-08"
"BLD-100865","Probation","8","2021-12-08"
"BLD-100866","Interview","10","2018-07-11"
"BLD-100866","Recruiting","9","2018-07-11"
"BLD-100866","Onboarding","8","2018-07-11"
"BLD-100866","Probation","8","2018-07-11"
"BLD-100867","Interview","10","2010-04-08"
"BLD-100867","Recruiting","9","2010-04-08"
"BLD-100867","Onboarding","8","2010-04-08"
"BLD-100867","Probation","8","2010-04-08"
"BLD-100868","Interview","10","2012-11-23"
"BLD-100868","Recruiting","9","2012-11-23"
"BLD-100868","Onboarding","8","2012-11-23"
"BLD-100868","Probation","8","2012-11-23"
"BLD-100869","Interview","10","2013-09-01"
"BLD-100869","Recruiting","9","2013-09-01"
"BLD-100869","Onboarding","8","2013-09-01"
"BLD-100869","Probation","8","2013-09-01"
"BLD-100870","Interview","10","2022-01-24"
"BLD-100870","Recruiting","9","2022-01-24"
"BLD-100870","Onboarding","8","2022-01-24"
"BLD-100870","Probation","8","2022-01-24"
"BLD-100871","Interview","10","2011-08-04"
"BLD-100871","Recruiting","9","2011-08-04"
"BLD-100871","Onboarding","8","2011-08-04"
"BLD-100871","Probation","8","2011-08-04"
"BLD-100872","Interview","10","2014-02-14"
"BLD-100872","Recruiting","9","2014-02-14"
"BLD-100872","Onboarding","8","2014-02-14"
"BLD-100872","Probation","8","2014-02-14"
"BLD-100873","Interview","10","2014-12-29"
"BLD-100873","Recruiting","9","2014-12-29"
"BLD-100873","Onboarding","8","2014-12-29"
"BLD-100873","Probation","8","2014-12-29"
"BLD-100874","Interview","10","2021-03-27"
"BLD-100874","Recruiting","9","2021-03-27"
"BLD-100874","Onboarding","8","2021-03-27"
"BLD-100874","Probation","8","2021-03-27"
"BLD-100875","Interview","10","2016-04-11"
"BLD-100875","Recruiting","9","2016-04-11"
"BLD-100875","Onboarding","8","2016-04-11"
"BLD-100875","Probation","8","2016-04-11"
"BLD-100876","Interview","10","2022-08-12"
"BLD-100876","Recruiting","9","2022-08-12"
"BLD-100876","Onboarding","8","2022-08-12"
"BLD-100876","Probation","8","2022-08-12"
"BLD-100877","Interview","10","2017-05-03"
"BLD-100877","Recruiting","9","2017-05-03"
"BLD-100877","Onboarding","8","2017-05-03"
"BLD-100877","Probation","8","2017-05-03"
"BLD-100878","Interview","10","2016-04-03"
"BLD-100878","Recruiting","9","2016-04-03"
"BLD-100878","Onboarding","8","2016-04-03"
"BLD-100878","Probation","8","2016-04-03"
"BLD-100879","Interview","10","2014-07-02"
"BLD-100879","Recruiting","9","2014-07-02"
"BLD-100879","Onboarding","8","2014-07-02"
"BLD-100879","Probation","8","2014-07-02"
"BLD-100880","Interview","10","2014-12-04"
"BLD-100880","Recruiting","9","2014-12-04"
"BLD-100880","Onboarding","8","2014-12-04"
"BLD-100880","Probation","8","2014-12-04"
"BLD-100881","Interview","10","2017-06-20"
"BLD-100881","Recruiting","9","2017-06-20"
"BLD-100881","Onboarding","8","2017-06-20"
"BLD-100881","Probation","8","2017-06-20"
"BLD-100882","Interview","10","2020-05-24"
"BLD-100882","Recruiting","9","2020-05-24"
"BLD-100882","Onboarding","8","2020-05-24"
"BLD-100882","Probation","8","2020-05-24"
"BLD-100883","Interview","10","2017-05-17"
"BLD-100883","Recruiting","9","2017-05-17"
"BLD-100883","Onboarding","8","2017-05-17"
"BLD-100883","Probation","8","2017-05-17"
"BLD-100884","Interview","10","2021-02-11"
"BLD-100884","Recruiting","9","2021-02-11"
"BLD-100884","Onboarding","8","2021-02-11"
"BLD-100884","Probation","8","2021-02-11"
"BLD-100885","Interview","10","2016-12-17"
"BLD-100885","Recruiting","9","2016-12-17"
"BLD-100885","Onboarding","8","2016-12-17"
"BLD-100885","Probation","8","2016-12-17"
"BLD-100886","Interview","10","2013-06-06"
"BLD-100886","Recruiting","9","2013-06-06"
"BLD-100886","Onboarding","8","2013-06-06"
"BLD-100886","Probation","8","2013-06-06"
"BLD-100887","Interview","10","2013-06-09"
"BLD-100887","Recruiting","9","2013-06-09"
"BLD-100887","Onboarding","8","2013-06-09"
"BLD-100887","Probation","8","2013-06-09"
"BLD-100888","Interview","10","2010-03-23"
"BLD-100888","Recruiting","9","2010-03-23"
"BLD-100888","Onboarding","8","2010-03-23"
"BLD-100888","Probation","8","2010-03-23"
"BLD-100889","Interview","10","2020-02-18"
"BLD-100889","Recruiting","9","2020-02-18"
"BLD-100889","Onboarding","8","2020-02-18"
"BLD-100889","Probation","8","2020-02-18"
"BLD-100890","Interview","10","2016-01-04"
"BLD-100890","Recruiting","9","2016-01-04"
"BLD-100890","Onboarding","8","2016-01-04"
"BLD-100890","Probation","8","2016-01-04"
"BLD-100891","Interview","10","2010-11-10"
"BLD-100891","Recruiting","9","2010-11-10"
"BLD-100891","Onboarding","8","2010-11-10"
"BLD-100891","Probation","8","2010-11-10"
"BLD-100892","Interview","10","2020-07-21"
"BLD-100892","Recruiting","9","2020-07-21"
"BLD-100892","Onboarding","8","2020-07-21"
"BLD-100892","Probation","8","2020-07-21"
"BLD-100893","Interview","10","2015-10-15"
"BLD-100893","Recruiting","9","2015-10-15"
"BLD-100893","Onboarding","8","2015-10-15"
"BLD-100893","Probation","8","2015-10-15"
"BLD-100894","Interview","10","2011-11-29"
"BLD-100894","Recruiting","9","2011-11-29"
"BLD-100894","Onboarding","8","2011-11-29"
"BLD-100894","Probation","8","2011-11-29"
"BLD-100895","Interview","10","2013-04-11"
"BLD-100895","Recruiting","9","2013-04-11"
"BLD-100895","Onboarding","8","2013-04-11"
"BLD-100895","Probation","8","2013-04-11"
"BLD-100896","Interview","10","2011-11-03"
"BLD-100896","Recruiting","9","2011-11-03"
"BLD-100896","Onboarding","8","2011-11-03"
"BLD-100896","Probation","8","2011-11-03"
"BLD-100897","Interview","10","2017-03-09"
"BLD-100897","Recruiting","9","2017-03-09"
"BLD-100897","Onboarding","8","2017-03-09"
"BLD-100897","Probation","8","2017-03-09"
"BLD-100898","Interview","10","2016-11-24"
"BLD-100898","Recruiting","9","2016-11-24"
"BLD-100898","Onboarding","8","2016-11-24"
"BLD-100898","Probation","8","2016-11-24"
"BLD-100899","Interview","10","2013-05-22"
"BLD-100899","Recruiting","9","2013-05-22"
"BLD-100899","Onboarding","8","2013-05-22"
"BLD-100899","Probation","8","2013-05-22"
"BLD-100900","Interview","10","2016-10-11"
"BLD-100900","Recruiting","9","2016-10-11"
"BLD-100900","Onboarding","8","2016-10-11"
"BLD-100900","Probation","8","2016-10-11"
"BLD-100901","Interview","10","2019-10-04"
"BLD-100901","Recruiting","9","2019-10-04"
"BLD-100901","Onboarding","8","2019-10-04"
"BLD-100901","Probation","8","2019-10-04"
"BLD-100902","Interview","10","2019-09-30"
"BLD-100902","Recruiting","9","2019-09-30"
"BLD-100902","Onboarding","8","2019-09-30"
"BLD-100902","Probation","8","2019-09-30"
"BLD-100903","Interview","10","2013-04-07"
"BLD-100903","Recruiting","9","2013-04-07"
"BLD-100903","Onboarding","8","2013-04-07"
"BLD-100903","Probation","8","2013-04-07"
"BLD-100904","Interview","10","2016-05-25"
"BLD-100904","Recruiting","9","2016-05-25"
"BLD-100904","Onboarding","8","2016-05-25"
"BLD-100904","Probation","8","2016-05-25"
"BLD-100905","Interview","10","2021-09-08"
"BLD-100905","Recruiting","9","2021-09-08"
"BLD-100905","Onboarding","8","2021-09-08"
"BLD-100905","Probation","8","2021-09-08"
"BLD-100906","Interview","10","2021-12-17"
"BLD-100906","Recruiting","9","2021-12-17"
"BLD-100906","Onboarding","8","2021-12-17"
"BLD-100906","Probation","8","2021-12-17"
"BLD-100907","Interview","10","2022-08-13"
"BLD-100907","Recruiting","9","2022-08-13"
"BLD-100907","Onboarding","8","2022-08-13"
"BLD-100907","Probation","8","2022-08-13"
"BLD-100908","Interview","10","2020-03-16"
"BLD-100908","Recruiting","9","2020-03-16"
"BLD-100908","Onboarding","8","2020-03-16"
"BLD-100908","Probation","8","2020-03-16"
"BLD-100909","Interview","10","2014-11-28"
"BLD-100909","Recruiting","9","2014-11-28"
"BLD-100909","Onboarding","8","2014-11-28"
"BLD-100909","Probation","8","2014-11-28"
"BLD-100910","Interview","10","2015-03-11"
"BLD-100910","Recruiting","9","2015-03-11"
"BLD-100910","Onboarding","8","2015-03-11"
"BLD-100910","Probation","8","2015-03-11"
"BLD-100911","Interview","10","2017-12-06"
"BLD-100911","Recruiting","9","2017-12-06"
"BLD-100911","Onboarding","8","2017-12-06"
"BLD-100911","Probation","8","2017-12-06"
"BLD-100912","Interview","10","2010-02-22"
"BLD-100912","Recruiting","9","2010-02-22"
"BLD-100912","Onboarding","8","2010-02-22"
"BLD-100912","Probation","8","2010-02-22"
"BLD-100913","Interview","10","2013-09-26"
"BLD-100913","Recruiting","9","2013-09-26"
"BLD-100913","Onboarding","8","2013-09-26"
"BLD-100913","Probation","8","2013-09-26"
"BLD-100914","Interview","10","2014-11-08"
"BLD-100914","Recruiting","9","2014-11-08"
"BLD-100914","Onboarding","8","2014-11-08"
"BLD-100914","Probation","8","2014-11-08"
"BLD-100915","Interview","10","2022-07-03"
"BLD-100915","Recruiting","9","2022-07-03"
"BLD-100915","Onboarding","8","2022-07-03"
"BLD-100915","Probation","8","2022-07-03"
"BLD-100916","Interview","10","2017-09-20"
"BLD-100916","Recruiting","9","2017-09-20"
"BLD-100916","Onboarding","8","2017-09-20"
"BLD-100916","Probation","8","2017-09-20"
"BLD-100917","Interview","10","2016-07-14"
"BLD-100917","Recruiting","9","2016-07-14"
"BLD-100917","Onboarding","8","2016-07-14"
"BLD-100917","Probation","8","2016-07-14"
"BLD-100918","Interview","10","2014-08-19"
"BLD-100918","Recruiting","9","2014-08-19"
"BLD-100918","Onboarding","8","2014-08-19"
"BLD-100918","Probation","8","2014-08-19"
"BLD-100919","Interview","10","2011-02-14"
"BLD-100919","Recruiting","9","2011-02-14"
"BLD-100919","Onboarding","8","2011-02-14"
"BLD-100919","Probation","8","2011-02-14"
"BLD-100920","Interview","10","2013-04-23"
"BLD-100920","Recruiting","9","2013-04-23"
"BLD-100920","Onboarding","8","2013-04-23"
"BLD-100920","Probation","8","2013-04-23"
"BLD-100921","Interview","10","2014-04-10"
"BLD-100921","Recruiting","9","2014-04-10"
"BLD-100921","Onboarding","8","2014-04-10"
"BLD-100921","Probation","8","2014-04-10"
"BLD-100922","Interview","10","2018-09-18"
"BLD-100922","Recruiting","9","2018-09-18"
"BLD-100922","Onboarding","8","2018-09-18"
"BLD-100922","Probation","8","2018-09-18"
"BLD-100923","Interview","10","2019-03-24"
"BLD-100923","Recruiting","9","2019-03-24"
"BLD-100923","Onboarding","8","2019-03-24"
"BLD-100923","Probation","8","2019-03-24"
"BLD-100924","Interview","10","2017-03-07"
"BLD-100924","Recruiting","9","2017-03-07"
"BLD-100924","Onboarding","8","2017-03-07"
"BLD-100924","Probation","8","2017-03-07"
"BLD-100925","Interview","10","2016-10-18"
"BLD-100925","Recruiting","9","2016-10-18"
"BLD-100925","Onboarding","8","2016-10-18"
"BLD-100925","Probation","8","2016-10-18"
"BLD-100926","Interview","10","2019-12-15"
"BLD-100926","Recruiting","9","2019-12-15"
"BLD-100926","Onboarding","8","2019-12-15"
"BLD-100926","Probation","8","2019-12-15"
"BLD-100927","Interview","10","2014-07-10"
"BLD-100927","Recruiting","9","2014-07-10"
"BLD-100927","Onboarding","8","2014-07-10"
"BLD-100927","Probation","8","2014-07-10"
"BLD-100928","Interview","10","2011-09-09"
"BLD-100928","Recruiting","9","2011-09-09"
"BLD-100928","Onboarding","8","2011-09-09"
"BLD-100928","Probation","8","2011-09-09"
"BLD-100929","Interview","10","2021-09-03"
"BLD-100929","Recruiting","9","2021-09-03"
"BLD-100929","Onboarding","8","2021-09-03"
"BLD-100929","Probation","8","2021-09-03"
"BLD-100930","Interview","10","2017-01-02"
"BLD-100930","Recruiting","9","2017-01-02"
"BLD-100930","Onboarding","8","2017-01-02"
"BLD-100930","Probation","8","2017-01-02"
"BLD-100931","Interview","10","2013-07-18"
"BLD-100931","Recruiting","9","2013-07-18"
"BLD-100931","Onboarding","8","2013-07-18"
"BLD-100931","Probation","8","2013-07-18"
"BLD-100932","Interview","10","2012-11-13"
"BLD-100932","Recruiting","9","2012-11-13"
"BLD-100932","Onboarding","8","2012-11-13"
"BLD-100932","Probation","8","2012-11-13"
"BLD-100933","Interview","10","2011-07-18"
"BLD-100933","Recruiting","9","2011-07-18"
"BLD-100933","Onboarding","8","2011-07-18"
"BLD-100933","Probation","8","2011-07-18"
"BLD-100934","Interview","10","2013-09-29"
"BLD-100934","Recruiting","9","2013-09-29"
"BLD-100934","Onboarding","8","2013-09-29"
"BLD-100934","Probation","8","2013-09-29"
"BLD-100935","Interview","10","2011-06-06"
"BLD-100935","Recruiting","9","2011-06-06"
"BLD-100935","Onboarding","8","2011-06-06"
"BLD-100935","Probation","8","2011-06-06"
"BLD-100936","Interview","10","2014-01-22"
"BLD-100936","Recruiting","9","2014-01-22"
"BLD-100936","Onboarding","8","2014-01-22"
"BLD-100936","Probation","8","2014-01-22"
"BLD-100937","Interview","10","2018-03-24"
"BLD-100937","Recruiting","9","2018-03-24"
"BLD-100937","Onboarding","8","2018-03-24"
"BLD-100937","Probation","8","2018-03-24"
"BLD-100938","Interview","10","2015-03-19"
"BLD-100938","Recruiting","9","2015-03-19"
"BLD-100938","Onboarding","8","2015-03-19"
"BLD-100938","Probation","8","2015-03-19"
"BLD-100939","Interview","10","2014-01-09"
"BLD-100939","Recruiting","9","2014-01-09"
"BLD-100939","Onboarding","8","2014-01-09"
"BLD-100939","Probation","8","2014-01-09"
"BLD-100940","Interview","10","2016-03-06"
"BLD-100940","Recruiting","9","2016-03-06"
"BLD-100940","Onboarding","8","2016-03-06"
"BLD-100940","Probation","8","2016-03-06"
"BLD-100941","Interview","10","2021-05-25"
"BLD-100941","Recruiting","9","2021-05-25"
"BLD-100941","Onboarding","8","2021-05-25"
"BLD-100941","Probation","8","2021-05-25"
"BLD-100942","Interview","10","2014-12-29"
"BLD-100942","Recruiting","9","2014-12-29"
"BLD-100942","Onboarding","8","2014-12-29"
"BLD-100942","Probation","8","2014-12-29"
"BLD-100943","Interview","10","2019-08-04"
"BLD-100943","Recruiting","9","2019-08-04"
"BLD-100943","Onboarding","8","2019-08-04"
"BLD-100943","Probation","8","2019-08-04"
"BLD-100944","Interview","10","2016-01-13"
"BLD-100944","Recruiting","9","2016-01-13"
"BLD-100944","Onboarding","8","2016-01-13"
"BLD-100944","Probation","8","2016-01-13"
"BLD-100945","Interview","10","2013-02-02"
"BLD-100945","Recruiting","9","2013-02-02"
"BLD-100945","Onboarding","8","2013-02-02"
"BLD-100945","Probation","8","2013-02-02"
"BLD-100946","Interview","10","2010-04-19"
"BLD-100946","Recruiting","9","2010-04-19"
"BLD-100946","Onboarding","8","2010-04-19"
"BLD-100946","Probation","8","2010-04-19"
"BLD-100947","Interview","10","2014-07-29"
"BLD-100947","Recruiting","9","2014-07-29"
"BLD-100947","Onboarding","8","2014-07-29"
"BLD-100947","Probation","8","2014-07-29"
"BLD-100948","Interview","10","2011-10-14"
"BLD-100948","Recruiting","9","2011-10-14"
"BLD-100948","Onboarding","8","2011-10-14"
"BLD-100948","Probation","8","2011-10-14"
"BLD-100949","Interview","10","2017-11-28"
"BLD-100949","Recruiting","9","2017-11-28"
"BLD-100949","Onboarding","8","2017-11-28"
"BLD-100949","Probation","8","2017-11-28"
"BLD-100950","Interview","10","2013-09-13"
"BLD-100950","Recruiting","9","2013-09-13"
"BLD-100950","Onboarding","8","2013-09-13"
"BLD-100950","Probation","8","2013-09-13"
"BLD-100951","Interview","10","2010-04-08"
"BLD-100951","Recruiting","9","2010-04-08"
"BLD-100951","Onboarding","8","2010-04-08"
"BLD-100951","Probation","8","2010-04-08"
"BLD-100952","Interview","10","2020-03-01"
"BLD-100952","Recruiting","9","2020-03-01"
"BLD-100952","Onboarding","8","2020-03-01"
"BLD-100952","Probation","8","2020-03-01"
"BLD-100953","Interview","10","2018-08-12"
"BLD-100953","Recruiting","9","2018-08-12"
"BLD-100953","Onboarding","8","2018-08-12"
"BLD-100953","Probation","8","2018-08-12"
"BLD-100954","Interview","10","2014-05-01"
"BLD-100954","Recruiting","9","2014-05-01"
"BLD-100954","Onboarding","8","2014-05-01"
"BLD-100954","Probation","8","2014-05-01"
"BLD-100955","Interview","10","2011-02-14"
"BLD-100955","Recruiting","9","2011-02-14"
"BLD-100955","Onboarding","8","2011-02-14"
"BLD-100955","Probation","8","2011-02-14"
"BLD-100956","Interview","10","2013-11-23"
"BLD-100956","Recruiting","9","2013-11-23"
"BLD-100956","Onboarding","8","2013-11-23"
"BLD-100956","Probation","8","2013-11-23"
"BLD-100957","Interview","10","2018-10-15"
"BLD-100957","Recruiting","9","2018-10-15"
"BLD-100957","Onboarding","8","2018-10-15"
"BLD-100957","Probation","8","2018-10-15"
"BLD-100958","Interview","10","2018-04-13"
"BLD-100958","Recruiting","9","2018-04-13"
"BLD-100958","Onboarding","8","2018-04-13"
"BLD-100958","Probation","8","2018-04-13"
"BLD-100959","Interview","10","2016-11-26"
"BLD-100959","Recruiting","9","2016-11-26"
"BLD-100959","Onboarding","8","2016-11-26"
"BLD-100959","Probation","8","2016-11-26"
"BLD-100960","Interview","10","2011-09-13"
"BLD-100960","Recruiting","9","2011-09-13"
"BLD-100960","Onboarding","8","2011-09-13"
"BLD-100960","Probation","8","2011-09-13"
"BLD-100961","Interview","10","2019-09-16"
"BLD-100961","Recruiting","9","2019-09-16"
"BLD-100961","Onboarding","8","2019-09-16"
"BLD-100961","Probation","8","2019-09-16"
"BLD-100962","Interview","10","2013-03-18"
"BLD-100962","Recruiting","9","2013-03-18"
"BLD-100962","Onboarding","8","2013-03-18"
"BLD-100962","Probation","8","2013-03-18"
"BLD-100963","Interview","10","2021-08-09"
"BLD-100963","Recruiting","9","2021-08-09"
"BLD-100963","Onboarding","8","2021-08-09"
"BLD-100963","Probation","8","2021-08-09"
"BLD-100964","Interview","10","2012-02-21"
"BLD-100964","Recruiting","9","2012-02-21"
"BLD-100964","Onboarding","8","2012-02-21"
"BLD-100964","Probation","8","2012-02-21"
"BLD-100965","Interview","10","2011-07-08"
"BLD-100965","Recruiting","9","2011-07-08"
"BLD-100965","Onboarding","8","2011-07-08"
"BLD-100965","Probation","8","2011-07-08"
"BLD-100966","Interview","10","2011-03-08"
"BLD-100966","Recruiting","9","2011-03-08"
"BLD-100966","Onboarding","8","2011-03-08"
"BLD-100966","Probation","8","2011-03-08"
"BLD-100967","Interview","10","2017-09-03"
"BLD-100967","Recruiting","9","2017-09-03"
"BLD-100967","Onboarding","8","2017-09-03"
"BLD-100967","Probation","8","2017-09-03"
"BLD-100968","Interview","10","2018-10-14"
"BLD-100968","Recruiting","9","2018-10-14"
"BLD-100968","Onboarding","8","2018-10-14"
"BLD-100968","Probation","8","2018-10-14"
"BLD-100969","Interview","10","2011-04-17"
"BLD-100969","Recruiting","9","2011-04-17"
"BLD-100969","Onboarding","8","2011-04-17"
"BLD-100969","Probation","8","2011-04-17"
"BLD-100970","Interview","10","2021-08-09"
"BLD-100970","Recruiting","9","2021-08-09"
"BLD-100970","Onboarding","8","2021-08-09"
"BLD-100970","Probation","8","2021-08-09"
"BLD-100971","Interview","10","2018-12-16"
"BLD-100971","Recruiting","9","2018-12-16"
"BLD-100971","Onboarding","8","2018-12-16"
"BLD-100971","Probation","8","2018-12-16"
"BLD-100972","Interview","10","2014-01-09"
"BLD-100972","Recruiting","9","2014-01-09"
"BLD-100972","Onboarding","8","2014-01-09"
"BLD-100972","Probation","8","2014-01-09"
"BLD-100973","Interview","10","2019-01-10"
"BLD-100973","Recruiting","9","2019-01-10"
"BLD-100973","Onboarding","8","2019-01-10"
"BLD-100973","Probation","8","2019-01-10"
"BLD-100974","Interview","10","2012-03-07"
"BLD-100974","Recruiting","9","2012-03-07"
"BLD-100974","Onboarding","8","2012-03-07"
"BLD-100974","Probation","8","2012-03-07"
"BLD-100975","Interview","10","2014-04-20"
"BLD-100975","Recruiting","9","2014-04-20"
"BLD-100975","Onboarding","8","2014-04-20"
"BLD-100975","Probation","8","2014-04-20"
"BLD-100976","Interview","10","2013-05-29"
"BLD-100976","Recruiting","9","2013-05-29"
"BLD-100976","Onboarding","8","2013-05-29"
"BLD-100976","Probation","8","2013-05-29"
"BLD-100977","Interview","10","2012-11-12"
"BLD-100977","Recruiting","9","2012-11-12"
"BLD-100977","Onboarding","8","2012-11-12"
"BLD-100977","Probation","8","2012-11-12"
"BLD-100978","Interview","10","2017-04-29"
"BLD-100978","Recruiting","9","2017-04-29"
"BLD-100978","Onboarding","8","2017-04-29"
"BLD-100978","Probation","8","2017-04-29"
"BLD-100979","Interview","10","2018-12-15"
"BLD-100979","Recruiting","9","2018-12-15"
"BLD-100979","Onboarding","8","2018-12-15"
"BLD-100979","Probation","8","2018-12-15"
"BLD-100980","Interview","10","2011-07-22"
"BLD-100980","Recruiting","9","2011-07-22"
"BLD-100980","Onboarding","8","2011-07-22"
"BLD-100980","Probation","8","2011-07-22"
"BLD-100981","Interview","10","2012-08-02"
"BLD-100981","Recruiting","9","2012-08-02"
"BLD-100981","Onboarding","8","2012-08-02"
"BLD-100981","Probation","8","2012-08-02"
"BLD-100982","Interview","10","2017-10-20"
"BLD-100982","Recruiting","9","2017-10-20"
"BLD-100982","Onboarding","8","2017-10-20"
"BLD-100982","Probation","8","2017-10-20"
"BLD-100983","Interview","10","2022-01-17"
"BLD-100983","Recruiting","9","2022-01-17"
"BLD-100983","Onboarding","8","2022-01-17"
"BLD-100983","Probation","8","2022-01-17"
"BLD-100984","Interview","10","2016-04-22"
"BLD-100984","Recruiting","9","2016-04-22"
"BLD-100984","Onboarding","8","2016-04-22"
"BLD-100984","Probation","8","2016-04-22"
"BLD-100985","Interview","10","2012-08-04"
"BLD-100985","Recruiting","9","2012-08-04"
"BLD-100985","Onboarding","8","2012-08-04"
"BLD-100985","Probation","8","2012-08-04"
"BLD-100986","Interview","10","2011-10-30"
"BLD-100986","Recruiting","9","2011-10-30"
"BLD-100986","Onboarding","8","2011-10-30"
"BLD-100986","Probation","8","2011-10-30"
"BLD-100987","Interview","10","2011-05-28"
"BLD-100987","Recruiting","9","2011-05-28"
"BLD-100987","Onboarding","8","2011-05-28"
"BLD-100987","Probation","8","2011-05-28"
"BLD-100988","Interview","10","2019-11-16"
"BLD-100988","Recruiting","9","2019-11-16"
"BLD-100988","Onboarding","8","2019-11-16"
"BLD-100988","Probation","8","2019-11-16"
"BLD-100989","Interview","10","2011-11-12"
"BLD-100989","Recruiting","9","2011-11-12"
"BLD-100989","Onboarding","8","2011-11-12"
"BLD-100989","Probation","8","2011-11-12"
"BLD-100990","Interview","10","2018-12-04"
"BLD-100990","Recruiting","9","2018-12-04"
"BLD-100990","Onboarding","8","2018-12-04"
"BLD-100990","Probation","8","2018-12-04"
"BLD-100991","Interview","10","2019-03-06"
"BLD-100991","Recruiting","9","2019-03-06"
"BLD-100991","Onboarding","8","2019-03-06"
"BLD-100991","Probation","8","2019-03-06"
"BLD-100992","Interview","10","2018-08-28"
"BLD-100992","Recruiting","9","2018-08-28"
"BLD-100992","Onboarding","8","2018-08-28"
"BLD-100992","Probation","8","2018-08-28"
"BLD-100993","Interview","10","2021-06-25"
"BLD-100993","Recruiting","9","2021-06-25"
"BLD-100993","Onboarding","8","2021-06-25"
"BLD-100993","Probation","8","2021-06-25"
"BLD-100994","Interview","10","2022-09-30"
"BLD-100994","Recruiting","9","2022-09-30"
"BLD-100994","Onboarding","8","2022-09-30"
"BLD-100994","Probation","8","2022-09-30"
"BLD-100995","Interview","10","2013-11-26"
"BLD-100995","Recruiting","9","2013-11-26"
"BLD-100995","Onboarding","8","2013-11-26"
"BLD-100995","Probation","8","2013-11-26"
"BLD-100996","Interview","10","2016-11-13"
"BLD-100996","Recruiting","9","2016-11-13"
"BLD-100996","Onboarding","8","2016-11-13"
"BLD-100996","Probation","8","2016-11-13"
"BLD-100997","Interview","10","2017-09-21"
"BLD-100997","Recruiting","9","2017-09-21"
"BLD-100997","Onboarding","8","2017-09-21"
"BLD-100997","Probation","8","2017-09-21"
"BLD-100998","Interview","10","2021-10-25"
"BLD-100998","Recruiting","9","2021-10-25"
"BLD-100998","Onboarding","8","2021-10-25"
"BLD-100998","Probation","8","2021-10-25"
"BLD-100999","Interview","10","2018-08-12"
"BLD-100999","Recruiting","9","2018-08-12"
"BLD-100999","Onboarding","8","2018-08-12"
"BLD-100999","Probation","8","2018-08-12"
"BLD-101000","Interview","10","2017-12-01"
"BLD-101000","Recruiting","9","2017-12-01"
"BLD-101000","Onboarding","8","2017-12-01"
"BLD-101000","Probation","8","2017-12-01"
"BLD-101001","Interview","10","2021-09-09"
"BLD-101001","Recruiting","9","2021-09-09"
"BLD-101001","Onboarding","8","2021-09-09"
"BLD-101001","Probation","8","2021-09-09"
"BLD-101002","Interview","10","2017-08-29"
"BLD-101002","Recruiting","9","2017-08-29"
"BLD-101002","Onboarding","8","2017-08-29"
"BLD-101002","Probation","8","2017-08-29"
"BLD-101003","Interview","10","2014-06-02"
"BLD-101003","Recruiting","9","2014-06-02"
"BLD-101003","Onboarding","8","2014-06-02"
"BLD-101003","Probation","8","2014-06-02"
"BLD-101004","Interview","10","2012-02-16"
"BLD-101004","Recruiting","9","2012-02-16"
"BLD-101004","Onboarding","8","2012-02-16"
"BLD-101004","Probation","8","2012-02-16"
"BLD-101005","Interview","10","2017-12-19"
"BLD-101005","Recruiting","9","2017-12-19"
"BLD-101005","Onboarding","8","2017-12-19"
"BLD-101005","Probation","8","2017-12-19"
"BLD-101006","Interview","10","2014-05-05"
"BLD-101006","Recruiting","9","2014-05-05"
"BLD-101006","Onboarding","8","2014-05-05"
"BLD-101006","Probation","8","2014-05-05"
"BLD-101007","Interview","10","2020-10-23"
"BLD-101007","Recruiting","9","2020-10-23"
"BLD-101007","Onboarding","8","2020-10-23"
"BLD-101007","Probation","8","2020-10-23"
"BLD-101008","Interview","10","2021-02-10"
"BLD-101008","Recruiting","9","2021-02-10"
"BLD-101008","Onboarding","8","2021-02-10"
"BLD-101008","Probation","8","2021-02-10"
"BLD-101009","Interview","10","2013-11-22"
"BLD-101009","Recruiting","9","2013-11-22"
"BLD-101009","Onboarding","8","2013-11-22"
"BLD-101009","Probation","8","2013-11-22"
"BLD-101010","Interview","10","2019-09-15"
"BLD-101010","Recruiting","9","2019-09-15"
"BLD-101010","Onboarding","8","2019-09-15"
"BLD-101010","Probation","8","2019-09-15"
"BLD-101011","Interview","10","2019-11-11"
"BLD-101011","Recruiting","9","2019-11-11"
"BLD-101011","Onboarding","8","2019-11-11"
"BLD-101011","Probation","8","2019-11-11"
"BLD-101012","Interview","10","2018-03-09"
"BLD-101012","Recruiting","9","2018-03-09"
"BLD-101012","Onboarding","8","2018-03-09"
"BLD-101012","Probation","8","2018-03-09"
"BLD-101013","Interview","10","2019-06-08"
"BLD-101013","Recruiting","9","2019-06-08"
"BLD-101013","Onboarding","8","2019-06-08"
"BLD-101013","Probation","8","2019-06-08"
"BLD-101014","Interview","10","2019-03-03"
"BLD-101014","Recruiting","9","2019-03-03"
"BLD-101014","Onboarding","8","2019-03-03"
"BLD-101014","Probation","8","2019-03-03"
"BLD-101015","Interview","10","2010-09-02"
"BLD-101015","Recruiting","9","2010-09-02"
"BLD-101015","Onboarding","8","2010-09-02"
"BLD-101015","Probation","8","2010-09-02"
"BLD-101016","Interview","10","2018-03-30"
"BLD-101016","Recruiting","9","2018-03-30"
"BLD-101016","Onboarding","8","2018-03-30"
"BLD-101016","Probation","8","2018-03-30"
"BLD-101017","Interview","10","2021-09-22"
"BLD-101017","Recruiting","9","2021-09-22"
"BLD-101017","Onboarding","8","2021-09-22"
"BLD-101017","Probation","8","2021-09-22"
"BLD-101018","Interview","10","2017-08-14"
"BLD-101018","Recruiting","9","2017-08-14"
"BLD-101018","Onboarding","8","2017-08-14"
"BLD-101018","Probation","8","2017-08-14"
"BLD-101019","Interview","10","2017-10-10"
"BLD-101019","Recruiting","9","2017-10-10"
"BLD-101019","Onboarding","8","2017-10-10"
"BLD-101019","Probation","8","2017-10-10"
"BLD-101020","Interview","10","2010-03-21"
"BLD-101020","Recruiting","9","2010-03-21"
"BLD-101020","Onboarding","8","2010-03-21"
"BLD-101020","Probation","8","2010-03-21"
"BLD-101021","Interview","10","2020-12-17"
"BLD-101021","Recruiting","9","2020-12-17"
"BLD-101021","Onboarding","8","2020-12-17"
"BLD-101021","Probation","8","2020-12-17"
"BLD-101022","Interview","10","2021-03-12"
"BLD-101022","Recruiting","9","2021-03-12"
"BLD-101022","Onboarding","8","2021-03-12"
"BLD-101022","Probation","8","2021-03-12"
"BLD-101023","Interview","10","2016-08-18"
"BLD-101023","Recruiting","9","2016-08-18"
"BLD-101023","Onboarding","8","2016-08-18"
"BLD-101023","Probation","8","2016-08-18"
"BLD-101024","Interview","10","2013-10-09"
"BLD-101024","Recruiting","9","2013-10-09"
"BLD-101024","Onboarding","8","2013-10-09"
"BLD-101024","Probation","8","2013-10-09"
"BLD-101025","Interview","10","2017-03-14"
"BLD-101025","Recruiting","9","2017-03-14"
"BLD-101025","Onboarding","8","2017-03-14"
"BLD-101025","Probation","8","2017-03-14"
"BLD-101026","Interview","10","2015-08-16"
"BLD-101026","Recruiting","9","2015-08-16"
"BLD-101026","Onboarding","8","2015-08-16"
"BLD-101026","Probation","8","2015-08-16"
"BLD-101027","Interview","10","2021-08-23"
"BLD-101027","Recruiting","9","2021-08-23"
"BLD-101027","Onboarding","8","2021-08-23"
"BLD-101027","Probation","8","2021-08-23"
"BLD-101028","Interview","10","2017-01-18"
"BLD-101028","Recruiting","9","2017-01-18"
"BLD-101028","Onboarding","8","2017-01-18"
"BLD-101028","Probation","8","2017-01-18"
"BLD-101029","Interview","10","2022-03-16"
"BLD-101029","Recruiting","9","2022-03-16"
"BLD-101029","Onboarding","8","2022-03-16"
"BLD-101029","Probation","8","2022-03-16"
"BLD-101030","Interview","10","2014-07-25"
"BLD-101030","Recruiting","9","2014-07-25"
"BLD-101030","Onboarding","8","2014-07-25"
"BLD-101030","Probation","8","2014-07-25"
"BLD-101031","Interview","10","2018-06-21"
"BLD-101031","Recruiting","9","2018-06-21"
"BLD-101031","Onboarding","8","2018-06-21"
"BLD-101031","Probation","8","2018-06-21"
"BLD-101032","Interview","10","2010-07-25"
"BLD-101032","Recruiting","9","2010-07-25"
"BLD-101032","Onboarding","8","2010-07-25"
"BLD-101032","Probation","8","2010-07-25"
"BLD-101033","Interview","10","2022-07-02"
"BLD-101033","Recruiting","9","2022-07-02"
"BLD-101033","Onboarding","8","2022-07-02"
"BLD-101033","Probation","8","2022-07-02"
"BLD-101034","Interview","10","2010-01-25"
"BLD-101034","Recruiting","9","2010-01-25"
"BLD-101034","Onboarding","8","2010-01-25"
"BLD-101034","Probation","8","2010-01-25"
"BLD-101035","Interview","10","2018-07-24"
"BLD-101035","Recruiting","9","2018-07-24"
"BLD-101035","Onboarding","8","2018-07-24"
"BLD-101035","Probation","8","2018-07-24"
"BLD-101036","Interview","10","2011-11-15"
"BLD-101036","Recruiting","9","2011-11-15"
"BLD-101036","Onboarding","8","2011-11-15"
"BLD-101036","Probation","8","2011-11-15"
"BLD-101037","Interview","10","2010-08-29"
"BLD-101037","Recruiting","9","2010-08-29"
"BLD-101037","Onboarding","8","2010-08-29"
"BLD-101037","Probation","8","2010-08-29"
"BLD-101038","Interview","10","2021-07-07"
"BLD-101038","Recruiting","9","2021-07-07"
"BLD-101038","Onboarding","8","2021-07-07"
"BLD-101038","Probation","8","2021-07-07"
"BLD-101039","Interview","10","2020-04-13"
"BLD-101039","Recruiting","9","2020-04-13"
"BLD-101039","Onboarding","8","2020-04-13"
"BLD-101039","Probation","8","2020-04-13"
"BLD-101040","Interview","10","2018-04-16"
"BLD-101040","Recruiting","9","2018-04-16"
"BLD-101040","Onboarding","8","2018-04-16"
"BLD-101040","Probation","8","2018-04-16"
"BLD-101041","Interview","10","2012-10-10"
"BLD-101041","Recruiting","9","2012-10-10"
"BLD-101041","Onboarding","8","2012-10-10"
"BLD-101041","Probation","8","2012-10-10"
"BLD-101042","Interview","10","2013-01-09"
"BLD-101042","Recruiting","9","2013-01-09"
"BLD-101042","Onboarding","8","2013-01-09"
"BLD-101042","Probation","8","2013-01-09"
"BLD-101043","Interview","10","2019-02-26"
"BLD-101043","Recruiting","9","2019-02-26"
"BLD-101043","Onboarding","8","2019-02-26"
"BLD-101043","Probation","8","2019-02-26"
"BLD-101044","Interview","10","2019-10-05"
"BLD-101044","Recruiting","9","2019-10-05"
"BLD-101044","Onboarding","8","2019-10-05"
"BLD-101044","Probation","8","2019-10-05"
"BLD-101045","Interview","10","2017-08-29"
"BLD-101045","Recruiting","9","2017-08-29"
"BLD-101045","Onboarding","8","2017-08-29"
"BLD-101045","Probation","8","2017-08-29"
"BLD-101046","Interview","10","2019-09-23"
"BLD-101046","Recruiting","9","2019-09-23"
"BLD-101046","Onboarding","8","2019-09-23"
"BLD-101046","Probation","8","2019-09-23"
"BLD-101047","Interview","10","2022-01-24"
"BLD-101047","Recruiting","9","2022-01-24"
"BLD-101047","Onboarding","8","2022-01-24"
"BLD-101047","Probation","8","2022-01-24"
"BLD-101048","Interview","10","2018-10-10"
"BLD-101048","Recruiting","9","2018-10-10"
"BLD-101048","Onboarding","8","2018-10-10"
"BLD-101048","Probation","8","2018-10-10"
"BLD-101049","Interview","10","2019-09-23"
"BLD-101049","Recruiting","9","2019-09-23"
"BLD-101049","Onboarding","8","2019-09-23"
"BLD-101049","Probation","8","2019-09-23"
"BLD-101050","Interview","10","2013-05-10"
"BLD-101050","Recruiting","9","2013-05-10"
"BLD-101050","Onboarding","8","2013-05-10"
"BLD-101050","Probation","8","2013-05-10"
"BLD-101051","Interview","10","2022-07-03"
"BLD-101051","Recruiting","9","2022-07-03"
"BLD-101051","Onboarding","8","2022-07-03"
"BLD-101051","Probation","8","2022-07-03"
"BLD-101052","Interview","10","2025-12-22"
"BLD-101052","Recruiting","9","2025-12-22"
"BLD-101052","Onboarding","8","2025-12-22"
"BLD-101052","Probation","8","2025-12-22"
"BLD-101053","Interview","10","2024-02-14"
"BLD-101053","Recruiting","9","2024-02-14"
"BLD-101053","Onboarding","8","2024-02-14"
"BLD-101053","Probation","8","2024-02-14"
"BLD-101054","Interview","10","2023-08-15"
"BLD-101054","Recruiting","9","2023-08-15"
"BLD-101054","Onboarding","8","2023-08-15"
"BLD-101054","Probation","8","2023-08-15"
"BLD-101055","Interview","10","2024-01-26"
"BLD-101055","Recruiting","9","2024-01-26"
"BLD-101055","Onboarding","8","2024-01-26"
"BLD-101055","Probation","8","2024-01-26"
"BLD-101056","Interview","10","2024-05-09"
"BLD-101056","Recruiting","9","2024-05-09"
"BLD-101056","Onboarding","8","2024-05-09"
"BLD-101056","Probation","8","2024-05-09"
"BLD-101057","Interview","10","2025-09-11"
"BLD-101057","Recruiting","9","2025-09-11"
"BLD-101057","Onboarding","8","2025-09-11"
"BLD-101057","Probation","8","2025-09-11"
"BLD-101058","Interview","10","2023-07-09"
"BLD-101058","Recruiting","9","2023-07-09"
"BLD-101058","Onboarding","8","2023-07-09"
"BLD-101058","Probation","8","2023-07-09"
"BLD-101059","Interview","10","2025-11-05"
"BLD-101059","Recruiting","9","2025-11-05"
"BLD-101059","Onboarding","8","2025-11-05"
"BLD-101059","Probation","8","2025-11-05"
"BLD-101060","Interview","10","2024-04-01"
"BLD-101060","Recruiting","9","2024-04-01"
"BLD-101060","Onboarding","8","2024-04-01"
"BLD-101060","Probation","8","2024-04-01"
"BLD-101061","Interview","10","2023-09-12"
"BLD-101061","Recruiting","9","2023-09-12"
"BLD-101061","Onboarding","8","2023-09-12"
"BLD-101061","Probation","8","2023-09-12"
"BLD-101062","Interview","10","2025-08-10"
"BLD-101062","Recruiting","9","2025-08-10"
"BLD-101062","Onboarding","8","2025-08-10"
"BLD-101062","Probation","8","2025-08-10"
"BLD-101063","Interview","10","2024-04-14"
"BLD-101063","Recruiting","9","2024-04-14"
"BLD-101063","Onboarding","8","2024-04-14"
"BLD-101063","Probation","8","2024-04-14"
"BLD-101064","Interview","10","2024-10-22"
"BLD-101064","Recruiting","9","2024-10-22"
"BLD-101064","Onboarding","8","2024-10-22"
"BLD-101064","Probation","8","2024-10-22"
"BLD-101065","Interview","10","2024-12-19"
"BLD-101065","Recruiting","9","2024-12-19"
"BLD-101065","Onboarding","8","2024-12-19"
"BLD-101065","Probation","8","2024-12-19"
"BLD-101066","Interview","10","2023-10-22"
"BLD-101066","Recruiting","9","2023-10-22"
"BLD-101066","Onboarding","8","2023-10-22"
"BLD-101066","Probation","8","2023-10-22"
"BLD-101067","Interview","10","2024-11-06"
"BLD-101067","Recruiting","9","2024-11-06"
"BLD-101067","Onboarding","8","2024-11-06"
"BLD-101067","Probation","8","2024-11-06"
"BLD-101068","Interview","10","2025-09-15"
"BLD-101068","Recruiting","9","2025-09-15"
"BLD-101068","Onboarding","8","2025-09-15"
"BLD-101068","Probation","8","2025-09-15"
"BLD-101069","Interview","10","2025-01-16"
"BLD-101069","Recruiting","9","2025-01-16"
"BLD-101069","Onboarding","8","2025-01-16"
"BLD-101069","Probation","8","2025-01-16"
"BLD-101070","Interview","10","2025-08-22"
"BLD-101070","Recruiting","9","2025-08-22"
"BLD-101070","Onboarding","8","2025-08-22"
"BLD-101070","Probation","8","2025-08-22"
"BLD-101071","Interview","10","2024-09-01"
"BLD-101071","Recruiting","9","2024-09-01"
"BLD-101071","Onboarding","8","2024-09-01"
"BLD-101071","Probation","8","2024-09-01"
"BLD-101072","Interview","10","2024-07-10"
"BLD-101072","Recruiting","9","2024-07-10"
"BLD-101072","Onboarding","8","2024-07-10"
"BLD-101072","Probation","8","2024-07-10"
"BLD-101073","Interview","10","2025-06-06"
"BLD-101073","Recruiting","9","2025-06-06"
"BLD-101073","Onboarding","8","2025-06-06"
"BLD-101073","Probation","8","2025-06-06"
"BLD-101074","Interview","10","2023-01-11"
"BLD-101074","Recruiting","9","2023-01-11"
"BLD-101074","Onboarding","8","2023-01-11"
"BLD-101074","Probation","8","2023-01-11"
"BLD-101075","Interview","10","2025-06-04"
"BLD-101075","Recruiting","9","2025-06-04"
"BLD-101075","Onboarding","8","2025-06-04"
"BLD-101075","Probation","8","2025-06-04"
"BLD-101076","Interview","10","2024-03-16"
"BLD-101076","Recruiting","9","2024-03-16"
"BLD-101076","Onboarding","8","2024-03-16"
"BLD-101076","Probation","8","2024-03-16"
"BLD-101077","Interview","10","2023-03-07"
"BLD-101077","Recruiting","9","2023-03-07"
"BLD-101077","Onboarding","8","2023-03-07"
"BLD-101077","Probation","8","2023-03-07"
"BLD-101078","Interview","10","2024-01-12"
"BLD-101078","Recruiting","9","2024-01-12"
"BLD-101078","Onboarding","8","2024-01-12"
"BLD-101078","Probation","8","2024-01-12"
"BLD-101079","Interview","10","2024-07-01"
"BLD-101079","Recruiting","9","2024-07-01"
"BLD-101079","Onboarding","8","2024-07-01"
"BLD-101079","Probation","8","2024-07-01"
"BLD-101080","Interview","10","2023-12-22"
"BLD-101080","Recruiting","9","2023-12-22"
"BLD-101080","Onboarding","8","2023-12-22"
"BLD-101080","Probation","8","2023-12-22"
"BLD-101081","Interview","10","2023-09-15"
"BLD-101081","Recruiting","9","2023-09-15"
"BLD-101081","Onboarding","8","2023-09-15"
"BLD-101081","Probation","8","2023-09-15"
"BLD-101082","Interview","10","2025-08-04"
"BLD-101082","Recruiting","9","2025-08-04"
"BLD-101082","Onboarding","8","2025-08-04"
"BLD-101082","Probation","8","2025-08-04"
"BLD-101083","Interview","10","2024-09-10"
"BLD-101083","Recruiting","9","2024-09-10"
"BLD-101083","Onboarding","8","2024-09-10"
"BLD-101083","Probation","8","2024-09-10"
"BLD-101084","Interview","10","2023-04-17"
"BLD-101084","Recruiting","9","2023-04-17"
"BLD-101084","Onboarding","8","2023-04-17"
"BLD-101084","Probation","8","2023-04-17"
"BLD-101085","Interview","10","2025-10-20"
"BLD-101085","Recruiting","9","2025-10-20"
"BLD-101085","Onboarding","8","2025-10-20"
"BLD-101085","Probation","8","2025-10-20"
"BLD-101086","Interview","4","2023-05-01"
"BLD-101086","Recruiting","4","2023-05-01"
"BLD-101086","Onboarding","4","2023-05-01"
"BLD-101086","Probation","3","2023-05-01"
"BLD-101087","Interview","10","2024-10-04"
"BLD-101087","Recruiting","9","2024-10-04"
"BLD-101087","Onboarding","8","2024-10-04"
"BLD-101087","Probation","8","2024-10-04"
"BLD-101088","Interview","10","2024-08-14"
"BLD-101088","Recruiting","9","2024-08-14"
"BLD-101088","Onboarding","8","2024-08-14"
"BLD-101088","Probation","8","2024-08-14"
"BLD-101089","Interview","10","2023-01-11"
"BLD-101089","Recruiting","9","2023-01-11"
"BLD-101089","Onboarding","8","2023-01-11"
"BLD-101089","Probation","8","2023-01-11"
"BLD-101090","Interview","10","2025-05-09"
"BLD-101090","Recruiting","9","2025-05-09"
"BLD-101090","Onboarding","8","2025-05-09"
"BLD-101090","Probation","8","2025-05-09"
"BLD-101091","Interview","10","2023-03-20"
"BLD-101091","Recruiting","9","2023-03-20"
"BLD-101091","Onboarding","8","2023-03-20"
"BLD-101091","Probation","8","2023-03-20"
"BLD-101092","Interview","10","2023-02-08"
"BLD-101092","Recruiting","9","2023-02-08"
"BLD-101092","Onboarding","8","2023-02-08"
"BLD-101092","Probation","8","2023-02-08"
"BLD-101093","Interview","10","2023-01-13"
"BLD-101093","Recruiting","9","2023-01-13"
"BLD-101093","Onboarding","8","2023-01-13"
"BLD-101093","Probation","8","2023-01-13"
"BLD-101094","Interview","10","2023-11-01"
"BLD-101094","Recruiting","9","2023-11-01"
"BLD-101094","Onboarding","8","2023-11-01"
"BLD-101094","Probation","8","2023-11-01"
"BLD-101095","Interview","10","2025-02-26"
"BLD-101095","Recruiting","9","2025-02-26"
"BLD-101095","Onboarding","8","2025-02-26"
"BLD-101095","Probation","8","2025-02-26"
"BLD-101096","Interview","10","2025-09-01"
"BLD-101096","Recruiting","9","2025-09-01"
"BLD-101096","Onboarding","8","2025-09-01"
"BLD-101096","Probation","8","2025-09-01"
"BLD-101097","Interview","10","2023-10-12"
"BLD-101097","Recruiting","9","2023-10-12"
"BLD-101097","Onboarding","8","2023-10-12"
"BLD-101097","Probation","8","2023-10-12"
"BLD-101098","Interview","10","2023-10-13"
"BLD-101098","Recruiting","9","2023-10-13"
"BLD-101098","Onboarding","8","2023-10-13"
"BLD-101098","Probation","8","2023-10-13"
"BLD-101099","Interview","10","2025-01-01"
"BLD-101099","Recruiting","9","2025-01-01"
"BLD-101099","Onboarding","8","2025-01-01"
"BLD-101099","Probation","8","2025-01-01"
"BLD-101100","Interview","10","2024-10-10"
"BLD-101100","Recruiting","9","2024-10-10"
"BLD-101100","Onboarding","8","2024-10-10"
"BLD-101100","Probation","8","2024-10-10"
"BLD-101101","Interview","10","2024-03-01"
"BLD-101101","Recruiting","9","2024-03-01"
"BLD-101101","Onboarding","8","2024-03-01"
"BLD-101101","Probation","8","2024-03-01"
"BLD-101102","Interview","10","2023-07-17"
"BLD-101102","Recruiting","9","2023-07-17"
"BLD-101102","Onboarding","8","2023-07-17"
"BLD-101102","Probation","8","2023-07-17"
"BLD-101103","Interview","10","2024-08-13"
"BLD-101103","Recruiting","9","2024-08-13"
"BLD-101103","Onboarding","8","2024-08-13"
"BLD-101103","Probation","8","2024-08-13"
"BLD-101104","Interview","10","2023-07-03"
"BLD-101104","Recruiting","9","2023-07-03"
"BLD-101104","Onboarding","8","2023-07-03"
"BLD-101104","Probation","8","2023-07-03"
"BLD-101105","Interview","10","2023-11-04"
"BLD-101105","Recruiting","9","2023-11-04"
"BLD-101105","Onboarding","8","2023-11-04"
"BLD-101105","Probation","8","2023-11-04"
"BLD-101106","Interview","10","2024-10-21"
"BLD-101106","Recruiting","9","2024-10-21"
"BLD-101106","Onboarding","8","2024-10-21"
"BLD-101106","Probation","8","2024-10-21"
"BLD-101107","Interview","10","2024-02-20"
"BLD-101107","Recruiting","9","2024-02-20"
"BLD-101107","Onboarding","8","2024-02-20"
"BLD-101107","Probation","8","2024-02-20"
"BLD-101108","Interview","10","2025-05-11"
"BLD-101108","Recruiting","9","2025-05-11"
"BLD-101108","Onboarding","8","2025-05-11"
"BLD-101108","Probation","8","2025-05-11"
"BLD-101109","Interview","10","2025-09-19"
"BLD-101109","Recruiting","9","2025-09-19"
"BLD-101109","Onboarding","8","2025-09-19"
"BLD-101109","Probation","8","2025-09-19"
"BLD-101110","Interview","10","2025-09-08"
"BLD-101110","Recruiting","9","2025-09-08"
"BLD-101110","Onboarding","8","2025-09-08"
"BLD-101110","Probation","8","2025-09-08"
"BLD-101111","Interview","10","2025-07-06"
"BLD-101111","Recruiting","9","2025-07-06"
"BLD-101111","Onboarding","8","2025-07-06"
"BLD-101111","Probation","8","2025-07-06"
"BLD-101112","Interview","10","2024-06-13"
"BLD-101112","Recruiting","9","2024-06-13"
"BLD-101112","Onboarding","8","2024-06-13"
"BLD-101112","Probation","8","2024-06-13"
"BLD-101113","Interview","10","2023-10-08"
"BLD-101113","Recruiting","9","2023-10-08"
"BLD-101113","Onboarding","8","2023-10-08"
"BLD-101113","Probation","8","2023-10-08"
"BLD-101114","Interview","10","2024-03-09"
"BLD-101114","Recruiting","9","2024-03-09"
"BLD-101114","Onboarding","8","2024-03-09"
"BLD-101114","Probation","8","2024-03-09"
"BLD-101115","Interview","10","2024-03-08"
"BLD-101115","Recruiting","9","2024-03-08"
"BLD-101115","Onboarding","8","2024-03-08"
"BLD-101115","Probation","8","2024-03-08"
"BLD-101116","Interview","10","2025-02-16"
"BLD-101116","Recruiting","9","2025-02-16"
"BLD-101116","Onboarding","8","2025-02-16"
"BLD-101116","Probation","8","2025-02-16"
"BLD-101117","Interview","10","2025-03-10"
"BLD-101117","Recruiting","9","2025-03-10"
"BLD-101117","Onboarding","8","2025-03-10"
"BLD-101117","Probation","8","2025-03-10"
"BLD-101118","Interview","10","2024-03-24"
"BLD-101118","Recruiting","9","2024-03-24"
"BLD-101118","Onboarding","8","2024-03-24"
"BLD-101118","Probation","8","2024-03-24"
"BLD-101119","Interview","10","2023-04-24"
"BLD-101119","Recruiting","9","2023-04-24"
"BLD-101119","Onboarding","8","2023-04-24"
"BLD-101119","Probation","8","2023-04-24"
"BLD-101120","Interview","10","2025-11-17"
"BLD-101120","Recruiting","9","2025-11-17"
"BLD-101120","Onboarding","8","2025-11-17"
"BLD-101120","Probation","8","2025-11-17"
"BLD-101121","Interview","10","2023-06-25"
"BLD-101121","Recruiting","9","2023-06-25"
"BLD-101121","Onboarding","8","2023-06-25"
"BLD-101121","Probation","8","2023-06-25"
"BLD-101122","Interview","10","2025-04-05"
"BLD-101122","Recruiting","9","2025-04-05"
"BLD-101122","Onboarding","8","2025-04-05"
"BLD-101122","Probation","8","2025-04-05"
"BLD-101123","Interview","10","2023-07-23"
"BLD-101123","Recruiting","9","2023-07-23"
"BLD-101123","Onboarding","8","2023-07-23"
"BLD-101123","Probation","8","2023-07-23"
"BLD-101124","Interview","10","2024-04-25"
"BLD-101124","Recruiting","9","2024-04-25"
"BLD-101124","Onboarding","8","2024-04-25"
"BLD-101124","Probation","8","2024-04-25"
"BLD-101125","Interview","10","2023-09-26"
"BLD-101125","Recruiting","9","2023-09-26"
"BLD-101125","Onboarding","8","2023-09-26"
"BLD-101125","Probation","8","2023-09-26"
"BLD-101126","Interview","10","2024-05-23"
"BLD-101126","Recruiting","9","2024-05-23"
"BLD-101126","Onboarding","8","2024-05-23"
"BLD-101126","Probation","8","2024-05-23"
"BLD-101127","Interview","10","2024-01-12"
"BLD-101127","Recruiting","9","2024-01-12"
"BLD-101127","Onboarding","8","2024-01-12"
"BLD-101127","Probation","8","2024-01-12"
"BLD-101128","Interview","10","2024-03-20"
"BLD-101128","Recruiting","9","2024-03-20"
"BLD-101128","Onboarding","8","2024-03-20"
"BLD-101128","Probation","8","2024-03-20"
"BLD-101129","Interview","10","2024-09-25"
"BLD-101129","Recruiting","9","2024-09-25"
"BLD-101129","Onboarding","8","2024-09-25"
"BLD-101129","Probation","8","2024-09-25"
"BLD-101130","Interview","10","2025-07-26"
"BLD-101130","Recruiting","9","2025-07-26"
"BLD-101130","Onboarding","8","2025-07-26"
"BLD-101130","Probation","8","2025-07-26"
"BLD-101131","Interview","10","2024-08-03"
"BLD-101131","Recruiting","9","2024-08-03"
"BLD-101131","Onboarding","8","2024-08-03"
"BLD-101131","Probation","8","2024-08-03"
"BLD-101132","Interview","10","2024-01-22"
"BLD-101132","Recruiting","9","2024-01-22"
"BLD-101132","Onboarding","8","2024-01-22"
"BLD-101132","Probation","8","2024-01-22"
"BLD-101133","Interview","10","2025-03-08"
"BLD-101133","Recruiting","9","2025-03-08"
"BLD-101133","Onboarding","8","2025-03-08"
"BLD-101133","Probation","8","2025-03-08"
"BLD-101134","Interview","10","2023-07-06"
"BLD-101134","Recruiting","9","2023-07-06"
"BLD-101134","Onboarding","8","2023-07-06"
"BLD-101134","Probation","8","2023-07-06"
"BLD-101135","Interview","10","2025-02-20"
"BLD-101135","Recruiting","9","2025-02-20"
"BLD-101135","Onboarding","8","2025-02-20"
"BLD-101135","Probation","8","2025-02-20"
"BLD-101136","Interview","10","2025-08-21"
"BLD-101136","Recruiting","9","2025-08-21"
"BLD-101136","Onboarding","8","2025-08-21"
"BLD-101136","Probation","8","2025-08-21"
"BLD-101137","Interview","10","2023-07-04"
"BLD-101137","Recruiting","9","2023-07-04"
"BLD-101137","Onboarding","8","2023-07-04"
"BLD-101137","Probation","8","2023-07-04"
"BLD-101138","Interview","10","2023-03-07"
"BLD-101138","Recruiting","9","2023-03-07"
"BLD-101138","Onboarding","8","2023-03-07"
"BLD-101138","Probation","8","2023-03-07"
"BLD-101139","Interview","10","2023-02-16"
"BLD-101139","Recruiting","9","2023-02-16"
"BLD-101139","Onboarding","8","2023-02-16"
"BLD-101139","Probation","8","2023-02-16"
"BLD-101140","Interview","10","2025-11-27"
"BLD-101140","Recruiting","9","2025-11-27"
"BLD-101140","Onboarding","8","2025-11-27"
"BLD-101140","Probation","8","2025-11-27"
"BLD-101141","Interview","10","2023-01-21"
"BLD-101141","Recruiting","9","2023-01-21"
"BLD-101141","Onboarding","8","2023-01-21"
"BLD-101141","Probation","8","2023-01-21"
"BLD-101142","Interview","10","2023-07-01"
"BLD-101142","Recruiting","9","2023-07-01"
"BLD-101142","Onboarding","8","2023-07-01"
"BLD-101142","Probation","8","2023-07-01"
"BLD-101143","Interview","10","2025-04-03"
"BLD-101143","Recruiting","9","2025-04-03"
"BLD-101143","Onboarding","8","2025-04-03"
"BLD-101143","Probation","8","2025-04-03"
"BLD-101144","Interview","10","2025-08-08"
"BLD-101144","Recruiting","9","2025-08-08"
"BLD-101144","Onboarding","8","2025-08-08"
"BLD-101144","Probation","8","2025-08-08"
"BLD-101145","Interview","10","2023-10-03"
"BLD-101145","Recruiting","9","2023-10-03"
"BLD-101145","Onboarding","8","2023-10-03"
"BLD-101145","Probation","8","2023-10-03"
"BLD-101146","Interview","10","2025-03-19"
"BLD-101146","Recruiting","9","2025-03-19"
"BLD-101146","Onboarding","8","2025-03-19"
"BLD-101146","Probation","8","2025-03-19"
"BLD-101147","Interview","10","2024-09-13"
"BLD-101147","Recruiting","9","2024-09-13"
"BLD-101147","Onboarding","8","2024-09-13"
"BLD-101147","Probation","8","2024-09-13"
"BLD-101148","Interview","10","2023-04-10"
"BLD-101148","Recruiting","9","2023-04-10"
"BLD-101148","Onboarding","8","2023-04-10"
"BLD-101148","Probation","8","2023-04-10"
"BLD-101149","Interview","10","2025-03-10"
"BLD-101149","Recruiting","9","2025-03-10"
"BLD-101149","Onboarding","8","2025-03-10"
"BLD-101149","Probation","8","2025-03-10"
"BLD-101150","Interview","10","2023-01-12"
"BLD-101150","Recruiting","9","2023-01-12"
"BLD-101150","Onboarding","8","2023-01-12"
"BLD-101150","Probation","8","2023-01-12"
"BLD-101151","Interview","10","2025-04-03"
"BLD-101151","Recruiting","9","2025-04-03"
"BLD-101151","Onboarding","8","2025-04-03"
"BLD-101151","Probation","8","2025-04-03"
"BLD-101152","Interview","10","2024-09-18"
"BLD-101152","Recruiting","9","2024-09-18"
"BLD-101152","Onboarding","8","2024-09-18"
"BLD-101152","Probation","8","2024-09-18"
"BLD-101153","Interview","10","2024-02-02"
"BLD-101153","Recruiting","9","2024-02-02"
"BLD-101153","Onboarding","8","2024-02-02"
"BLD-101153","Probation","8","2024-02-02"
"BLD-101154","Interview","10","2025-02-04"
"BLD-101154","Recruiting","9","2025-02-04"
"BLD-101154","Onboarding","8","2025-02-04"
"BLD-101154","Probation","8","2025-02-04"
"BLD-101155","Interview","4","2025-06-10"
"BLD-101155","Recruiting","4","2025-06-10"
"BLD-101155","Onboarding","4","2025-06-10"
"BLD-101155","Probation","3","2025-06-10"
"BLD-101156","Interview","10","2025-01-16"
"BLD-101156","Recruiting","9","2025-01-16"
"BLD-101156","Onboarding","8","2025-01-16"
"BLD-101156","Probation","8","2025-01-16"
"BLD-101157","Interview","10","2024-07-26"
"BLD-101157","Recruiting","9","2024-07-26"
"BLD-101157","Onboarding","8","2024-07-26"
"BLD-101157","Probation","8","2024-07-26"
"BLD-101158","Interview","10","2024-01-12"
"BLD-101158","Recruiting","9","2024-01-12"
"BLD-101158","Onboarding","8","2024-01-12"
"BLD-101158","Probation","8","2024-01-12"
"BLD-101159","Interview","10","2024-10-09"
"BLD-101159","Recruiting","9","2024-10-09"
"BLD-101159","Onboarding","8","2024-10-09"
"BLD-101159","Probation","8","2024-10-09"
"BLD-101160","Interview","10","2023-08-08"
"BLD-101160","Recruiting","9","2023-08-08"
"BLD-101160","Onboarding","8","2023-08-08"
"BLD-101160","Probation","8","2023-08-08"
"BLD-101161","Interview","10","2024-11-03"
"BLD-101161","Recruiting","9","2024-11-03"
"BLD-101161","Onboarding","8","2024-11-03"
"BLD-101161","Probation","8","2024-11-03"
"BLD-101162","Interview","10","2023-05-23"
"BLD-101162","Recruiting","9","2023-05-23"
"BLD-101162","Onboarding","8","2023-05-23"
"BLD-101162","Probation","8","2023-05-23"
"BLD-101163","Interview","10","2025-04-03"
"BLD-101163","Recruiting","9","2025-04-03"
"BLD-101163","Onboarding","8","2025-04-03"
"BLD-101163","Probation","8","2025-04-03"
"BLD-101164","Interview","10","2023-09-05"
"BLD-101164","Recruiting","9","2023-09-05"
"BLD-101164","Onboarding","8","2023-09-05"
"BLD-101164","Probation","8","2023-09-05"
"BLD-101165","Interview","10","2023-10-17"
"BLD-101165","Recruiting","9","2023-10-17"
"BLD-101165","Onboarding","8","2023-10-17"
"BLD-101165","Probation","8","2023-10-17"
"BLD-101166","Interview","4","2024-04-05"
"BLD-101166","Recruiting","4","2024-04-05"
"BLD-101166","Onboarding","4","2024-04-05"
"BLD-101166","Probation","3","2024-04-05"
"BLD-101167","Interview","10","2023-08-08"
"BLD-101167","Recruiting","9","2023-08-08"
"BLD-101167","Onboarding","8","2023-08-08"
"BLD-101167","Probation","8","2023-08-08"
"BLD-101168","Interview","10","2023-10-06"
"BLD-101168","Recruiting","9","2023-10-06"
"BLD-101168","Onboarding","8","2023-10-06"
"BLD-101168","Probation","8","2023-10-06"
"BLD-101169","Interview","10","2024-12-22"
"BLD-101169","Recruiting","9","2024-12-22"
"BLD-101169","Onboarding","8","2024-12-22"
"BLD-101169","Probation","8","2024-12-22"
"BLD-101170","Interview","10","2025-08-19"
"BLD-101170","Recruiting","9","2025-08-19"
"BLD-101170","Onboarding","8","2025-08-19"
"BLD-101170","Probation","8","2025-08-19"
"BLD-101171","Interview","10","2025-08-15"
"BLD-101171","Recruiting","9","2025-08-15"
"BLD-101171","Onboarding","8","2025-08-15"
"BLD-101171","Probation","8","2025-08-15"
"BLD-101172","Interview","10","2023-01-03"
"BLD-101172","Recruiting","9","2023-01-03"
"BLD-101172","Onboarding","8","2023-01-03"
"BLD-101172","Probation","8","2023-01-03"
"BLD-101173","Interview","10","2023-01-26"
"BLD-101173","Recruiting","9","2023-01-26"
"BLD-101173","Onboarding","8","2023-01-26"
"BLD-101173","Probation","8","2023-01-26"
"BLD-101174","Interview","4","2025-10-21"
"BLD-101174","Recruiting","4","2025-10-21"
"BLD-101174","Onboarding","4","2025-10-21"
"BLD-101174","Probation","3","2025-10-21"
"BLD-101175","Interview","10","2023-09-09"
"BLD-101175","Recruiting","9","2023-09-09"
"BLD-101175","Onboarding","8","2023-09-09"
"BLD-101175","Probation","8","2023-09-09"
"BLD-101176","Interview","10","2023-03-07"
"BLD-101176","Recruiting","9","2023-03-07"
"BLD-101176","Onboarding","8","2023-03-07"
"BLD-101176","Probation","8","2023-03-07"
"BLD-101177","Interview","10","2024-02-17"
"BLD-101177","Recruiting","9","2024-02-17"
"BLD-101177","Onboarding","8","2024-02-17"
"BLD-101177","Probation","8","2024-02-17"
"BLD-101178","Interview","10","2025-08-08"
"BLD-101178","Recruiting","9","2025-08-08"
"BLD-101178","Onboarding","8","2025-08-08"
"BLD-101178","Probation","8","2025-08-08"
"BLD-101179","Interview","10","2023-10-22"
"BLD-101179","Recruiting","9","2023-10-22"
"BLD-101179","Onboarding","8","2023-10-22"
"BLD-101179","Probation","8","2023-10-22"
"BLD-101180","Interview","4","2023-07-23"
"BLD-101180","Recruiting","4","2023-07-23"
"BLD-101180","Onboarding","4","2023-07-23"
"BLD-101180","Probation","3","2023-07-23"
"BLD-101181","Interview","10","2024-02-12"
"BLD-101181","Recruiting","9","2024-02-12"
"BLD-101181","Onboarding","8","2024-02-12"
"BLD-101181","Probation","8","2024-02-12"
"BLD-101182","Interview","10","2023-10-08"
"BLD-101182","Recruiting","9","2023-10-08"
"BLD-101182","Onboarding","8","2023-10-08"
"BLD-101182","Probation","8","2023-10-08"
"BLD-101183","Interview","10","2024-06-02"
"BLD-101183","Recruiting","9","2024-06-02"
"BLD-101183","Onboarding","8","2024-06-02"
"BLD-101183","Probation","8","2024-06-02"
"BLD-101184","Interview","10","2025-05-09"
"BLD-101184","Recruiting","9","2025-05-09"
"BLD-101184","Onboarding","8","2025-05-09"
"BLD-101184","Probation","8","2025-05-09"
"BLD-101185","Interview","10","2023-04-15"
"BLD-101185","Recruiting","9","2023-04-15"
"BLD-101185","Onboarding","8","2023-04-15"
"BLD-101185","Probation","8","2023-04-15"
"BLD-101186","Interview","10","2024-09-04"
"BLD-101186","Recruiting","9","2024-09-04"
"BLD-101186","Onboarding","8","2024-09-04"
"BLD-101186","Probation","8","2024-09-04"
"BLD-101187","Interview","4","2024-10-16"
"BLD-101187","Recruiting","4","2024-10-16"
"BLD-101187","Onboarding","4","2024-10-16"
"BLD-101187","Probation","3","2024-10-16"
"BLD-101188","Interview","10","2023-09-17"
"BLD-101188","Recruiting","9","2023-09-17"
"BLD-101188","Onboarding","8","2023-09-17"
"BLD-101188","Probation","8","2023-09-17"
"BLD-101189","Interview","10","2024-07-20"
"BLD-101189","Recruiting","9","2024-07-20"
"BLD-101189","Onboarding","8","2024-07-20"
"BLD-101189","Probation","8","2024-07-20"
"BLD-101190","Interview","10","2024-06-03"
"BLD-101190","Recruiting","9","2024-06-03"
"BLD-101190","Onboarding","8","2024-06-03"
"BLD-101190","Probation","8","2024-06-03"
"BLD-101191","Interview","10","2023-06-18"
"BLD-101191","Recruiting","9","2023-06-18"
"BLD-101191","Onboarding","8","2023-06-18"
"BLD-101191","Probation","8","2023-06-18"
"BLD-101192","Interview","10","2025-10-02"
"BLD-101192","Recruiting","9","2025-10-02"
"BLD-101192","Onboarding","8","2025-10-02"
"BLD-101192","Probation","8","2025-10-02"
"BLD-101193","Interview","10","2023-07-08"
"BLD-101193","Recruiting","9","2023-07-08"
"BLD-101193","Onboarding","8","2023-07-08"
"BLD-101193","Probation","8","2023-07-08"
"BLD-101194","Interview","10","2024-07-23"
"BLD-101194","Recruiting","9","2024-07-23"
"BLD-101194","Onboarding","8","2024-07-23"
"BLD-101194","Probation","8","2024-07-23"
"BLD-101195","Interview","10","2025-03-06"
"BLD-101195","Recruiting","9","2025-03-06"
"BLD-101195","Onboarding","8","2025-03-06"
"BLD-101195","Probation","8","2025-03-06"
"BLD-101196","Interview","10","2024-01-21"
"BLD-101196","Recruiting","9","2024-01-21"
"BLD-101196","Onboarding","8","2024-01-21"
"BLD-101196","Probation","8","2024-01-21"
"BLD-101197","Interview","10","2023-01-14"
"BLD-101197","Recruiting","9","2023-01-14"
"BLD-101197","Onboarding","8","2023-01-14"
"BLD-101197","Probation","8","2023-01-14"
"BLD-101198","Interview","10","2025-09-11"
"BLD-101198","Recruiting","9","2025-09-11"
"BLD-101198","Onboarding","8","2025-09-11"
"BLD-101198","Probation","8","2025-09-11"
"BLD-101199","Interview","10","2025-04-19"
"BLD-101199","Recruiting","9","2025-04-19"
"BLD-101199","Onboarding","8","2025-04-19"
"BLD-101199","Probation","8","2025-04-19"
"BLD-101200","Interview","10","2023-02-22"
"BLD-101200","Recruiting","9","2023-02-22"
"BLD-101200","Onboarding","8","2023-02-22"
"BLD-101200","Probation","8","2023-02-22"
"BLD-101201","Interview","10","2024-03-17"
"BLD-101201","Recruiting","9","2024-03-17"
"BLD-101201","Onboarding","8","2024-03-17"
"BLD-101201","Probation","8","2024-03-17"
"BLD-101202","Interview","10","2024-09-24"
"BLD-101202","Recruiting","9","2024-09-24"
"BLD-101202","Onboarding","8","2024-09-24"
"BLD-101202","Probation","8","2024-09-24"
"BLD-101203","Interview","10","2024-11-14"
"BLD-101203","Recruiting","9","2024-11-14"
"BLD-101203","Onboarding","8","2024-11-14"
"BLD-101203","Probation","8","2024-11-14"
"BLD-101204","Interview","10","2025-09-24"
"BLD-101204","Recruiting","9","2025-09-24"
"BLD-101204","Onboarding","8","2025-09-24"
"BLD-101204","Probation","8","2025-09-24"
"BLD-101205","Interview","10","2023-07-04"
"BLD-101205","Recruiting","9","2023-07-04"
"BLD-101205","Onboarding","8","2023-07-04"
"BLD-101205","Probation","8","2023-07-04"
"BLD-101206","Interview","10","2023-01-15"
"BLD-101206","Recruiting","9","2023-01-15"
"BLD-101206","Onboarding","8","2023-01-15"
"BLD-101206","Probation","8","2023-01-15"
"BLD-101207","Interview","10","2024-09-13"
"BLD-101207","Recruiting","9","2024-09-13"
"BLD-101207","Onboarding","8","2024-09-13"
"BLD-101207","Probation","8","2024-09-13"
"BLD-101208","Interview","10","2024-05-08"
"BLD-101208","Recruiting","9","2024-05-08"
"BLD-101208","Onboarding","8","2024-05-08"
"BLD-101208","Probation","8","2024-05-08"
"BLD-101209","Interview","4","2024-02-17"
"BLD-101209","Recruiting","4","2024-02-17"
"BLD-101209","Onboarding","4","2024-02-17"
"BLD-101209","Probation","3","2024-02-17"
"BLD-101210","Interview","10","2024-09-09"
"BLD-101210","Recruiting","9","2024-09-09"
"BLD-101210","Onboarding","8","2024-09-09"
"BLD-101210","Probation","8","2024-09-09"
"BLD-101211","Interview","10","2025-10-02"
"BLD-101211","Recruiting","9","2025-10-02"
"BLD-101211","Onboarding","8","2025-10-02"
"BLD-101211","Probation","8","2025-10-02"
"BLD-101212","Interview","10","2023-01-27"
"BLD-101212","Recruiting","9","2023-01-27"
"BLD-101212","Onboarding","8","2023-01-27"
"BLD-101212","Probation","8","2023-01-27"
"BLD-101213","Interview","10","2025-05-02"
"BLD-101213","Recruiting","9","2025-05-02"
"BLD-101213","Onboarding","8","2025-05-02"
"BLD-101213","Probation","8","2025-05-02"
"BLD-101214","Interview","10","2024-01-03"
"BLD-101214","Recruiting","9","2024-01-03"
"BLD-101214","Onboarding","8","2024-01-03"
"BLD-101214","Probation","8","2024-01-03"
"BLD-101215","Interview","10","2024-06-07"
"BLD-101215","Recruiting","9","2024-06-07"
"BLD-101215","Onboarding","8","2024-06-07"
"BLD-101215","Probation","8","2024-06-07"
"BLD-101216","Interview","10","2025-07-08"
"BLD-101216","Recruiting","9","2025-07-08"
"BLD-101216","Onboarding","8","2025-07-08"
"BLD-101216","Probation","8","2025-07-08"
"BLD-101217","Interview","10","2023-12-08"
"BLD-101217","Recruiting","9","2023-12-08"
"BLD-101217","Onboarding","8","2023-12-08"
"BLD-101217","Probation","8","2023-12-08"
"BLD-101218","Interview","10","2023-12-12"
"BLD-101218","Recruiting","9","2023-12-12"
"BLD-101218","Onboarding","8","2023-12-12"
"BLD-101218","Probation","8","2023-12-12"
"BLD-101219","Interview","10","2025-10-03"
"BLD-101219","Recruiting","9","2025-10-03"
"BLD-101219","Onboarding","8","2025-10-03"
"BLD-101219","Probation","8","2025-10-03"
"BLD-101220","Interview","10","2025-03-15"
"BLD-101220","Recruiting","9","2025-03-15"
"BLD-101220","Onboarding","8","2025-03-15"
"BLD-101220","Probation","8","2025-03-15"
"BLD-101221","Interview","10","2025-03-12"
"BLD-101221","Recruiting","9","2025-03-12"
"BLD-101221","Onboarding","8","2025-03-12"
"BLD-101221","Probation","8","2025-03-12"
"BLD-101222","Interview","10","2024-08-12"
"BLD-101222","Recruiting","9","2024-08-12"
"BLD-101222","Onboarding","8","2024-08-12"
"BLD-101222","Probation","8","2024-08-12"
"BLD-101223","Interview","10","2025-08-05"
"BLD-101223","Recruiting","9","2025-08-05"
"BLD-101223","Onboarding","8","2025-08-05"
"BLD-101223","Probation","8","2025-08-05"
"BLD-101224","Interview","10","2023-10-17"
"BLD-101224","Recruiting","9","2023-10-17"
"BLD-101224","Onboarding","8","2023-10-17"
"BLD-101224","Probation","8","2023-10-17"
"BLD-101225","Interview","10","2023-03-02"
"BLD-101225","Recruiting","9","2023-03-02"
"BLD-101225","Onboarding","8","2023-03-02"
"BLD-101225","Probation","8","2023-03-02"
"BLD-101226","Interview","10","2024-03-23"
"BLD-101226","Recruiting","9","2024-03-23"
"BLD-101226","Onboarding","8","2024-03-23"
"BLD-101226","Probation","8","2024-03-23"
"BLD-101227","Interview","10","2023-03-10"
"BLD-101227","Recruiting","9","2023-03-10"
"BLD-101227","Onboarding","8","2023-03-10"
"BLD-101227","Probation","8","2023-03-10"
"BLD-101228","Interview","10","2025-06-07"
"BLD-101228","Recruiting","9","2025-06-07"
"BLD-101228","Onboarding","8","2025-06-07"
"BLD-101228","Probation","8","2025-06-07"
"BLD-101229","Interview","10","2023-05-24"
"BLD-101229","Recruiting","9","2023-05-24"
"BLD-101229","Onboarding","8","2023-05-24"
"BLD-101229","Probation","8","2023-05-24"
"BLD-101230","Interview","10","2023-04-14"
"BLD-101230","Recruiting","9","2023-04-14"
"BLD-101230","Onboarding","8","2023-04-14"
"BLD-101230","Probation","8","2023-04-14"
"BLD-101231","Interview","10","2024-01-06"
"BLD-101231","Recruiting","9","2024-01-06"
"BLD-101231","Onboarding","8","2024-01-06"
"BLD-101231","Probation","8","2024-01-06"
"BLD-101232","Interview","10","2024-08-15"
"BLD-101232","Recruiting","9","2024-08-15"
"BLD-101232","Onboarding","8","2024-08-15"
"BLD-101232","Probation","8","2024-08-15"
"BLD-101233","Interview","10","2025-04-25"
"BLD-101233","Recruiting","9","2025-04-25"
"BLD-101233","Onboarding","8","2025-04-25"
"BLD-101233","Probation","8","2025-04-25"
"BLD-101234","Interview","10","2025-08-06"
"BLD-101234","Recruiting","9","2025-08-06"
"BLD-101234","Onboarding","8","2025-08-06"
"BLD-101234","Probation","8","2025-08-06"
"BLD-101235","Interview","10","2025-01-08"
"BLD-101235","Recruiting","9","2025-01-08"
"BLD-101235","Onboarding","8","2025-01-08"
"BLD-101235","Probation","8","2025-01-08"
"BLD-101236","Interview","4","2024-11-12"
"BLD-101236","Recruiting","4","2024-11-12"
"BLD-101236","Onboarding","4","2024-11-12"
"BLD-101236","Probation","3","2024-11-12"
"BLD-101237","Interview","10","2023-01-08"
"BLD-101237","Recruiting","9","2023-01-08"
"BLD-101237","Onboarding","8","2023-01-08"
"BLD-101237","Probation","8","2023-01-08"
"BLD-101238","Interview","10","2024-08-25"
"BLD-101238","Recruiting","9","2024-08-25"
"BLD-101238","Onboarding","8","2024-08-25"
"BLD-101238","Probation","8","2024-08-25"
"BLD-101239","Interview","10","2025-12-11"
"BLD-101239","Recruiting","9","2025-12-11"
"BLD-101239","Onboarding","8","2025-12-11"
"BLD-101239","Probation","8","2025-12-11"
"BLD-101240","Interview","10","2023-10-12"
"BLD-101240","Recruiting","9","2023-10-12"
"BLD-101240","Onboarding","8","2023-10-12"
"BLD-101240","Probation","8","2023-10-12"
"BLD-101241","Interview","10","2025-05-18"
"BLD-101241","Recruiting","9","2025-05-18"
"BLD-101241","Onboarding","8","2025-05-18"
"BLD-101241","Probation","8","2025-05-18"
"BLD-101242","Interview","10","2025-03-04"
"BLD-101242","Recruiting","9","2025-03-04"
"BLD-101242","Onboarding","8","2025-03-04"
"BLD-101242","Probation","8","2025-03-04"
"BLD-101243","Interview","10","2023-01-14"
"BLD-101243","Recruiting","9","2023-01-14"
"BLD-101243","Onboarding","8","2023-01-14"
"BLD-101243","Probation","8","2023-01-14"
"BLD-101244","Interview","4","2025-03-21"
"BLD-101244","Recruiting","4","2025-03-21"
"BLD-101244","Onboarding","4","2025-03-21"
"BLD-101244","Probation","3","2025-03-21"
"BLD-101245","Interview","10","2023-11-26"
"BLD-101245","Recruiting","9","2023-11-26"
"BLD-101245","Onboarding","8","2023-11-26"
"BLD-101245","Probation","8","2023-11-26"
"BLD-101246","Interview","10","2023-04-24"
"BLD-101246","Recruiting","9","2023-04-24"
"BLD-101246","Onboarding","8","2023-04-24"
"BLD-101246","Probation","8","2023-04-24"
"BLD-101247","Interview","10","2025-01-20"
"BLD-101247","Recruiting","9","2025-01-20"
"BLD-101247","Onboarding","8","2025-01-20"
"BLD-101247","Probation","8","2025-01-20"
"BLD-101248","Interview","10","2025-10-12"
"BLD-101248","Recruiting","9","2025-10-12"
"BLD-101248","Onboarding","8","2025-10-12"
"BLD-101248","Probation","8","2025-10-12"
"BLD-101249","Interview","10","2025-08-12"
"BLD-101249","Recruiting","9","2025-08-12"
"BLD-101249","Onboarding","8","2025-08-12"
"BLD-101249","Probation","8","2025-08-12"
"BLD-101250","Interview","10","2025-01-01"
"BLD-101250","Recruiting","9","2025-01-01"
"BLD-101250","Onboarding","8","2025-01-01"
"BLD-101250","Probation","8","2025-01-01"
"BLD-101251","Interview","10","2024-09-13"
"BLD-101251","Recruiting","9","2024-09-13"
"BLD-101251","Onboarding","8","2024-09-13"
"BLD-101251","Probation","8","2024-09-13"
"BLD-101252","Interview","10","2023-09-17"
"BLD-101252","Recruiting","9","2023-09-17"
"BLD-101252","Onboarding","8","2023-09-17"
"BLD-101252","Probation","8","2023-09-17"
"BLD-101253","Interview","10","2024-10-08"
"BLD-101253","Recruiting","9","2024-10-08"
"BLD-101253","Onboarding","8","2024-10-08"
"BLD-101253","Probation","8","2024-10-08"
"BLD-101254","Interview","10","2024-06-10"
"BLD-101254","Recruiting","9","2024-06-10"
"BLD-101254","Onboarding","8","2024-06-10"
"BLD-101254","Probation","8","2024-06-10"
"BLD-101255","Interview","10","2025-07-07"
"BLD-101255","Recruiting","9","2025-07-07"
"BLD-101255","Onboarding","8","2025-07-07"
"BLD-101255","Probation","8","2025-07-07"
"BLD-101256","Interview","10","2023-01-23"
"BLD-101256","Recruiting","9","2023-01-23"
"BLD-101256","Onboarding","8","2023-01-23"
"BLD-101256","Probation","8","2023-01-23"
"BLD-101257","Interview","10","2023-05-11"
"BLD-101257","Recruiting","9","2023-05-11"
"BLD-101257","Onboarding","8","2023-05-11"
"BLD-101257","Probation","8","2023-05-11"
"BLD-101258","Interview","4","2025-03-07"
"BLD-101258","Recruiting","4","2025-03-07"
"BLD-101258","Onboarding","4","2025-03-07"
"BLD-101258","Probation","3","2025-03-07"
"BLD-101259","Interview","10","2025-10-11"
"BLD-101259","Recruiting","9","2025-10-11"
"BLD-101259","Onboarding","8","2025-10-11"
"BLD-101259","Probation","8","2025-10-11"
"BLD-101260","Interview","10","2023-07-13"
"BLD-101260","Recruiting","9","2023-07-13"
"BLD-101260","Onboarding","8","2023-07-13"
"BLD-101260","Probation","8","2023-07-13"
"BLD-101261","Interview","10","2025-02-04"
"BLD-101261","Recruiting","9","2025-02-04"
"BLD-101261","Onboarding","8","2025-02-04"
"BLD-101261","Probation","8","2025-02-04"
"BLD-101262","Interview","10","2023-02-02"
"BLD-101262","Recruiting","9","2023-02-02"
"BLD-101262","Onboarding","8","2023-02-02"
"BLD-101262","Probation","8","2023-02-02"
"BLD-101263","Interview","10","2025-12-20"
"BLD-101263","Recruiting","9","2025-12-20"
"BLD-101263","Onboarding","8","2025-12-20"
"BLD-101263","Probation","8","2025-12-20"
"BLD-101264","Interview","10","2024-03-24"
"BLD-101264","Recruiting","9","2024-03-24"
"BLD-101264","Onboarding","8","2024-03-24"
"BLD-101264","Probation","8","2024-03-24"
"BLD-101265","Interview","10","2023-02-25"
"BLD-101265","Recruiting","9","2023-02-25"
"BLD-101265","Onboarding","8","2023-02-25"
"BLD-101265","Probation","8","2023-02-25"
"BLD-101266","Interview","4","2023-09-15"
"BLD-101266","Recruiting","4","2023-09-15"
"BLD-101266","Onboarding","4","2023-09-15"
"BLD-101266","Probation","3","2023-09-15"
"BLD-101267","Interview","10","2025-10-23"
"BLD-101267","Recruiting","9","2025-10-23"
"BLD-101267","Onboarding","8","2025-10-23"
"BLD-101267","Probation","8","2025-10-23"
"BLD-101268","Interview","10","2024-12-13"
"BLD-101268","Recruiting","9","2024-12-13"
"BLD-101268","Onboarding","8","2024-12-13"
"BLD-101268","Probation","8","2024-12-13"
"BLD-101269","Interview","10","2023-03-15"
"BLD-101269","Recruiting","9","2023-03-15"
"BLD-101269","Onboarding","8","2023-03-15"
"BLD-101269","Probation","8","2023-03-15"
"BLD-101270","Interview","10","2024-01-17"
"BLD-101270","Recruiting","9","2024-01-17"
"BLD-101270","Onboarding","8","2024-01-17"
"BLD-101270","Probation","8","2024-01-17"
"BLD-101271","Interview","10","2025-03-05"
"BLD-101271","Recruiting","9","2025-03-05"
"BLD-101271","Onboarding","8","2025-03-05"
"BLD-101271","Probation","8","2025-03-05"
"BLD-101272","Interview","10","2023-06-18"
"BLD-101272","Recruiting","9","2023-06-18"
"BLD-101272","Onboarding","8","2023-06-18"
"BLD-101272","Probation","8","2023-06-18"
"BLD-101273","Interview","10","2025-02-15"
"BLD-101273","Recruiting","9","2025-02-15"
"BLD-101273","Onboarding","8","2025-02-15"
"BLD-101273","Probation","8","2025-02-15"
"BLD-101274","Interview","10","2024-09-26"
"BLD-101274","Recruiting","9","2024-09-26"
"BLD-101274","Onboarding","8","2024-09-26"
"BLD-101274","Probation","8","2024-09-26"
"BLD-101275","Interview","10","2023-10-22"
"BLD-101275","Recruiting","9","2023-10-22"
"BLD-101275","Onboarding","8","2023-10-22"
"BLD-101275","Probation","8","2023-10-22"
"BLD-101276","Interview","10","2025-10-16"
"BLD-101276","Recruiting","9","2025-10-16"
"BLD-101276","Onboarding","8","2025-10-16"
"BLD-101276","Probation","8","2025-10-16"
"BLD-101277","Interview","4","2025-09-19"
"BLD-101277","Recruiting","4","2025-09-19"
"BLD-101277","Onboarding","4","2025-09-19"
"BLD-101277","Probation","3","2025-09-19"
"BLD-101278","Interview","10","2025-10-27"
"BLD-101278","Recruiting","9","2025-10-27"
"BLD-101278","Onboarding","8","2025-10-27"
"BLD-101278","Probation","8","2025-10-27"
"BLD-101279","Interview","10","2024-02-16"
"BLD-101279","Recruiting","9","2024-02-16"
"BLD-101279","Onboarding","8","2024-02-16"
"BLD-101279","Probation","8","2024-02-16"
"BLD-101280","Interview","10","2025-02-05"
"BLD-101280","Recruiting","9","2025-02-05"
"BLD-101280","Onboarding","8","2025-02-05"
"BLD-101280","Probation","8","2025-02-05"
"BLD-101281","Interview","10","2023-06-26"
"BLD-101281","Recruiting","9","2023-06-26"
"BLD-101281","Onboarding","8","2023-06-26"
"BLD-101281","Probation","8","2023-06-26"
"BLD-101282","Interview","10","2024-01-11"
"BLD-101282","Recruiting","9","2024-01-11"
"BLD-101282","Onboarding","8","2024-01-11"
"BLD-101282","Probation","8","2024-01-11"
"BLD-101283","Interview","10","2024-01-05"
"BLD-101283","Recruiting","9","2024-01-05"
"BLD-101283","Onboarding","8","2024-01-05"
"BLD-101283","Probation","8","2024-01-05"
"BLD-101284","Interview","10","2023-06-21"
"BLD-101284","Recruiting","9","2023-06-21"
"BLD-101284","Onboarding","8","2023-06-21"
"BLD-101284","Probation","8","2023-06-21"
"BLD-101285","Interview","10","2024-04-01"
"BLD-101285","Recruiting","9","2024-04-01"
"BLD-101285","Onboarding","8","2024-04-01"
"BLD-101285","Probation","8","2024-04-01"
"BLD-101286","Interview","10","2024-03-24"
"BLD-101286","Recruiting","9","2024-03-24"
"BLD-101286","Onboarding","8","2024-03-24"
"BLD-101286","Probation","8","2024-03-24"
"BLD-101287","Interview","10","2024-07-17"
"BLD-101287","Recruiting","9","2024-07-17"
"BLD-101287","Onboarding","8","2024-07-17"
"BLD-101287","Probation","8","2024-07-17"
"BLD-101288","Interview","10","2025-08-09"
"BLD-101288","Recruiting","9","2025-08-09"
"BLD-101288","Onboarding","8","2025-08-09"
"BLD-101288","Probation","8","2025-08-09"
"BLD-101289","Interview","10","2023-01-22"
"BLD-101289","Recruiting","9","2023-01-22"
"BLD-101289","Onboarding","8","2023-01-22"
"BLD-101289","Probation","8","2023-01-22"
"BLD-101290","Interview","10","2024-11-25"
"BLD-101290","Recruiting","9","2024-11-25"
"BLD-101290","Onboarding","8","2024-11-25"
"BLD-101290","Probation","8","2024-11-25"
"BLD-101291","Interview","10","2023-11-05"
"BLD-101291","Recruiting","9","2023-11-05"
"BLD-101291","Onboarding","8","2023-11-05"
"BLD-101291","Probation","8","2023-11-05"
"BLD-101292","Interview","10","2024-06-16"
"BLD-101292","Recruiting","9","2024-06-16"
"BLD-101292","Onboarding","8","2024-06-16"
"BLD-101292","Probation","8","2024-06-16"
"BLD-101293","Interview","10","2025-06-10"
"BLD-101293","Recruiting","9","2025-06-10"
"BLD-101293","Onboarding","8","2025-06-10"
"BLD-101293","Probation","8","2025-06-10"
"BLD-101294","Interview","10","2023-02-10"
"BLD-101294","Recruiting","9","2023-02-10"
"BLD-101294","Onboarding","8","2023-02-10"
"BLD-101294","Probation","8","2023-02-10"
"BLD-101295","Interview","10","2025-02-07"
"BLD-101295","Recruiting","9","2025-02-07"
"BLD-101295","Onboarding","8","2025-02-07"
"BLD-101295","Probation","8","2025-02-07"
"BLD-101296","Interview","10","2023-10-04"
"BLD-101296","Recruiting","9","2023-10-04"
"BLD-101296","Onboarding","8","2023-10-04"
"BLD-101296","Probation","8","2023-10-04"
"BLD-101297","Interview","10","2024-04-05"
"BLD-101297","Recruiting","9","2024-04-05"
"BLD-101297","Onboarding","8","2024-04-05"
"BLD-101297","Probation","8","2024-04-05"
"BLD-101298","Interview","10","2024-12-14"
"BLD-101298","Recruiting","9","2024-12-14"
"BLD-101298","Onboarding","8","2024-12-14"
"BLD-101298","Probation","8","2024-12-14"
"BLD-101299","Interview","10","2023-02-10"
"BLD-101299","Recruiting","9","2023-02-10"
"BLD-101299","Onboarding","8","2023-02-10"
"BLD-101299","Probation","8","2023-02-10"
"BLD-101300","Interview","4","2023-03-12"
"BLD-101300","Recruiting","4","2023-03-12"
"BLD-101300","Onboarding","4","2023-03-12"
"BLD-101300","Probation","3","2023-03-12"
"BLD-101301","Interview","10","2023-01-08"
"BLD-101301","Recruiting","9","2023-01-08"
"BLD-101301","Onboarding","8","2023-01-08"
"BLD-101301","Probation","8","2023-01-08"
"BLD-101302","Interview","10","2023-08-13"
"BLD-101302","Recruiting","9","2023-08-13"
"BLD-101302","Onboarding","8","2023-08-13"
"BLD-101302","Probation","8","2023-08-13"
"BLD-101303","Interview","10","2025-03-03"
"BLD-101303","Recruiting","9","2025-03-03"
"BLD-101303","Onboarding","8","2025-03-03"
"BLD-101303","Probation","8","2025-03-03"
"BLD-101304","Interview","10","2023-05-15"
"BLD-101304","Recruiting","9","2023-05-15"
"BLD-101304","Onboarding","8","2023-05-15"
"BLD-101304","Probation","8","2023-05-15"
"BLD-101305","Interview","10","2023-12-18"
"BLD-101305","Recruiting","9","2023-12-18"
"BLD-101305","Onboarding","8","2023-12-18"
"BLD-101305","Probation","8","2023-12-18"
"BLD-101306","Interview","10","2023-03-17"
"BLD-101306","Recruiting","9","2023-03-17"
"BLD-101306","Onboarding","8","2023-03-17"
"BLD-101306","Probation","8","2023-03-17"
"BLD-101307","Interview","10","2024-12-14"
"BLD-101307","Recruiting","9","2024-12-14"
"BLD-101307","Onboarding","8","2024-12-14"
"BLD-101307","Probation","8","2024-12-14"
"BLD-101308","Interview","10","2023-03-24"
"BLD-101308","Recruiting","9","2023-03-24"
"BLD-101308","Onboarding","8","2023-03-24"
"BLD-101308","Probation","8","2023-03-24"
"BLD-101309","Interview","10","2025-07-08"
"BLD-101309","Recruiting","9","2025-07-08"
"BLD-101309","Onboarding","8","2025-07-08"
"BLD-101309","Probation","8","2025-07-08"
"BLD-101310","Interview","10","2023-09-14"
"BLD-101310","Recruiting","9","2023-09-14"
"BLD-101310","Onboarding","8","2023-09-14"
"BLD-101310","Probation","8","2023-09-14"
"BLD-101311","Interview","10","2024-05-12"
"BLD-101311","Recruiting","9","2024-05-12"
"BLD-101311","Onboarding","8","2024-05-12"
"BLD-101311","Probation","8","2024-05-12"
"BLD-101312","Interview","10","2025-01-15"
"BLD-101312","Recruiting","9","2025-01-15"
"BLD-101312","Onboarding","8","2025-01-15"
"BLD-101312","Probation","8","2025-01-15"
"BLD-101313","Interview","10","2023-02-23"
"BLD-101313","Recruiting","9","2023-02-23"
"BLD-101313","Onboarding","8","2023-02-23"
"BLD-101313","Probation","8","2023-02-23"
"BLD-101314","Interview","10","2025-07-22"
"BLD-101314","Recruiting","9","2025-07-22"
"BLD-101314","Onboarding","8","2025-07-22"
"BLD-101314","Probation","8","2025-07-22"
"BLD-101315","Interview","4","2024-06-27"
"BLD-101315","Recruiting","4","2024-06-27"
"BLD-101315","Onboarding","4","2024-06-27"
"BLD-101315","Probation","3","2024-06-27"
"BLD-101316","Interview","10","2025-10-10"
"BLD-101316","Recruiting","9","2025-10-10"
"BLD-101316","Onboarding","8","2025-10-10"
"BLD-101316","Probation","8","2025-10-10"
"BLD-101317","Interview","10","2024-12-27"
"BLD-101317","Recruiting","9","2024-12-27"
"BLD-101317","Onboarding","8","2024-12-27"
"BLD-101317","Probation","8","2024-12-27"
"BLD-101318","Interview","10","2023-11-13"
"BLD-101318","Recruiting","9","2023-11-13"
"BLD-101318","Onboarding","8","2023-11-13"
"BLD-101318","Probation","8","2023-11-13"
"BLD-101319","Interview","10","2023-10-25"
"BLD-101319","Recruiting","9","2023-10-25"
"BLD-101319","Onboarding","8","2023-10-25"
"BLD-101319","Probation","8","2023-10-25"
"BLD-101320","Interview","10","2024-03-23"
"BLD-101320","Recruiting","9","2024-03-23"
"BLD-101320","Onboarding","8","2024-03-23"
"BLD-101320","Probation","8","2024-03-23"
"BLD-101321","Interview","10","2024-03-02"
"BLD-101321","Recruiting","9","2024-03-02"
"BLD-101321","Onboarding","8","2024-03-02"
"BLD-101321","Probation","8","2024-03-02"
"BLD-101322","Interview","10","2024-03-20"
"BLD-101322","Recruiting","9","2024-03-20"
"BLD-101322","Onboarding","8","2024-03-20"
"BLD-101322","Probation","8","2024-03-20"
"BLD-101323","Interview","10","2024-09-11"
"BLD-101323","Recruiting","9","2024-09-11"
"BLD-101323","Onboarding","8","2024-09-11"
"BLD-101323","Probation","8","2024-09-11"
"BLD-101324","Interview","10","2023-03-26"
"BLD-101324","Recruiting","9","2023-03-26"
"BLD-101324","Onboarding","8","2023-03-26"
"BLD-101324","Probation","8","2023-03-26"
"BLD-101325","Interview","4","2024-06-23"
"BLD-101325","Recruiting","4","2024-06-23"
"BLD-101325","Onboarding","4","2024-06-23"
"BLD-101325","Probation","3","2024-06-23"
"BLD-101326","Interview","10","2023-09-10"
"BLD-101326","Recruiting","9","2023-09-10"
"BLD-101326","Onboarding","8","2023-09-10"
"BLD-101326","Probation","8","2023-09-10"
"BLD-101327","Interview","10","2024-08-10"
"BLD-101327","Recruiting","9","2024-08-10"
"BLD-101327","Onboarding","8","2024-08-10"
"BLD-101327","Probation","8","2024-08-10"
"BLD-101328","Interview","10","2025-07-15"
"BLD-101328","Recruiting","9","2025-07-15"
"BLD-101328","Onboarding","8","2025-07-15"
"BLD-101328","Probation","8","2025-07-15"
"BLD-101329","Interview","10","2024-08-03"
"BLD-101329","Recruiting","9","2024-08-03"
"BLD-101329","Onboarding","8","2024-08-03"
"BLD-101329","Probation","8","2024-08-03"
"BLD-101330","Interview","10","2023-05-16"
"BLD-101330","Recruiting","9","2023-05-16"
"BLD-101330","Onboarding","8","2023-05-16"
"BLD-101330","Probation","8","2023-05-16"
"BLD-101331","Interview","10","2025-10-22"
"BLD-101331","Recruiting","9","2025-10-22"
"BLD-101331","Onboarding","8","2025-10-22"
"BLD-101331","Probation","8","2025-10-22"
"BLD-101332","Interview","10","2024-07-25"
"BLD-101332","Recruiting","9","2024-07-25"
"BLD-101332","Onboarding","8","2024-07-25"
"BLD-101332","Probation","8","2024-07-25"
"BLD-101333","Interview","10","2025-12-11"
"BLD-101333","Recruiting","9","2025-12-11"
"BLD-101333","Onboarding","8","2025-12-11"
"BLD-101333","Probation","8","2025-12-11"
"BLD-101334","Interview","10","2024-10-05"
"BLD-101334","Recruiting","9","2024-10-05"
"BLD-101334","Onboarding","8","2024-10-05"
"BLD-101334","Probation","8","2024-10-05"
"BLD-101335","Interview","10","2023-08-04"
"BLD-101335","Recruiting","9","2023-08-04"
"BLD-101335","Onboarding","8","2023-08-04"
"BLD-101335","Probation","8","2023-08-04"
"BLD-101336","Interview","10","2025-01-20"
"BLD-101336","Recruiting","9","2025-01-20"
"BLD-101336","Onboarding","8","2025-01-20"
"BLD-101336","Probation","8","2025-01-20"
"BLD-101337","Interview","10","2024-08-07"
"BLD-101337","Recruiting","9","2024-08-07"
"BLD-101337","Onboarding","8","2024-08-07"
"BLD-101337","Probation","8","2024-08-07"
"BLD-101338","Interview","10","2023-05-05"
"BLD-101338","Recruiting","9","2023-05-05"
"BLD-101338","Onboarding","8","2023-05-05"
"BLD-101338","Probation","8","2023-05-05"
"BLD-101339","Interview","10","2023-11-21"
"BLD-101339","Recruiting","9","2023-11-21"
"BLD-101339","Onboarding","8","2023-11-21"
"BLD-101339","Probation","8","2023-11-21"
"BLD-101340","Interview","10","2023-04-05"
"BLD-101340","Recruiting","9","2023-04-05"
"BLD-101340","Onboarding","8","2023-04-05"
"BLD-101340","Probation","8","2023-04-05"
"BLD-101341","Interview","10","2023-08-04"
"BLD-101341","Recruiting","9","2023-08-04"
"BLD-101341","Onboarding","8","2023-08-04"
"BLD-101341","Probation","8","2023-08-04"
"BLD-101342","Interview","10","2024-09-19"
"BLD-101342","Recruiting","9","2024-09-19"
"BLD-101342","Onboarding","8","2024-09-19"
"BLD-101342","Probation","8","2024-09-19"
"BLD-101343","Interview","10","2025-07-02"
"BLD-101343","Recruiting","9","2025-07-02"
"BLD-101343","Onboarding","8","2025-07-02"
"BLD-101343","Probation","8","2025-07-02"
"BLD-101344","Interview","10","2023-06-08"
"BLD-101344","Recruiting","9","2023-06-08"
"BLD-101344","Onboarding","8","2023-06-08"
"BLD-101344","Probation","8","2023-06-08"
"BLD-101345","Interview","10","2023-01-21"
"BLD-101345","Recruiting","9","2023-01-21"
"BLD-101345","Onboarding","8","2023-01-21"
"BLD-101345","Probation","8","2023-01-21"
"BLD-101346","Interview","10","2024-09-01"
"BLD-101346","Recruiting","9","2024-09-01"
"BLD-101346","Onboarding","8","2024-09-01"
"BLD-101346","Probation","8","2024-09-01"
"BLD-101347","Interview","10","2023-06-08"
"BLD-101347","Recruiting","9","2023-06-08"
"BLD-101347","Onboarding","8","2023-06-08"
"BLD-101347","Probation","8","2023-06-08"
"BLD-101348","Interview","10","2023-04-01"
"BLD-101348","Recruiting","9","2023-04-01"
"BLD-101348","Onboarding","8","2023-04-01"
"BLD-101348","Probation","8","2023-04-01"
"BLD-101349","Interview","10","2024-10-05"
"BLD-101349","Recruiting","9","2024-10-05"
"BLD-101349","Onboarding","8","2024-10-05"
"BLD-101349","Probation","8","2024-10-05"
"BLD-101350","Interview","10","2025-02-16"
"BLD-101350","Recruiting","9","2025-02-16"
"BLD-101350","Onboarding","8","2025-02-16"
"BLD-101350","Probation","8","2025-02-16"
"BLD-101351","Interview","10","2025-03-08"
"BLD-101351","Recruiting","9","2025-03-08"
"BLD-101351","Onboarding","8","2025-03-08"
"BLD-101351","Probation","8","2025-03-08"
"BLD-101352","Interview","10","2024-09-25"
"BLD-101352","Recruiting","9","2024-09-25"
"BLD-101352","Onboarding","8","2024-09-25"
"BLD-101352","Probation","8","2024-09-25"
"BLD-101353","Interview","10","2024-06-25"
"BLD-101353","Recruiting","9","2024-06-25"
"BLD-101353","Onboarding","8","2024-06-25"
"BLD-101353","Probation","8","2024-06-25"
"BLD-101354","Interview","10","2023-05-26"
"BLD-101354","Recruiting","9","2023-05-26"
"BLD-101354","Onboarding","8","2023-05-26"
"BLD-101354","Probation","8","2023-05-26"
"BLD-101355","Interview","10","2024-09-15"
"BLD-101355","Recruiting","9","2024-09-15"
"BLD-101355","Onboarding","8","2024-09-15"
"BLD-101355","Probation","8","2024-09-15"
"BLD-101356","Interview","10","2024-07-18"
"BLD-101356","Recruiting","9","2024-07-18"
"BLD-101356","Onboarding","8","2024-07-18"
"BLD-101356","Probation","8","2024-07-18"
"BLD-101357","Interview","10","2023-01-06"
"BLD-101357","Recruiting","9","2023-01-06"
"BLD-101357","Onboarding","8","2023-01-06"
"BLD-101357","Probation","8","2023-01-06"
"BLD-101358","Interview","10","2024-09-07"
"BLD-101358","Recruiting","9","2024-09-07"
"BLD-101358","Onboarding","8","2024-09-07"
"BLD-101358","Probation","8","2024-09-07"
"BLD-101359","Interview","10","2024-11-26"
"BLD-101359","Recruiting","9","2024-11-26"
"BLD-101359","Onboarding","8","2024-11-26"
"BLD-101359","Probation","8","2024-11-26"
"BLD-101360","Interview","10","2024-02-26"
"BLD-101360","Recruiting","9","2024-02-26"
"BLD-101360","Onboarding","8","2024-02-26"
"BLD-101360","Probation","8","2024-02-26"
"BLD-101361","Interview","10","2023-12-14"
"BLD-101361","Recruiting","9","2023-12-14"
"BLD-101361","Onboarding","8","2023-12-14"
"BLD-101361","Probation","8","2023-12-14"
"BLD-101362","Interview","10","2024-08-14"
"BLD-101362","Recruiting","9","2024-08-14"
"BLD-101362","Onboarding","8","2024-08-14"
"BLD-101362","Probation","8","2024-08-14"
"BLD-101363","Interview","10","2024-05-14"
"BLD-101363","Recruiting","9","2024-05-14"
"BLD-101363","Onboarding","8","2024-05-14"
"BLD-101363","Probation","8","2024-05-14"
"BLD-101364","Interview","10","2025-12-12"
"BLD-101364","Recruiting","9","2025-12-12"
"BLD-101364","Onboarding","8","2025-12-12"
"BLD-101364","Probation","8","2025-12-12"
"BLD-101365","Interview","10","2025-03-07"
"BLD-101365","Recruiting","9","2025-03-07"
"BLD-101365","Onboarding","8","2025-03-07"
"BLD-101365","Probation","8","2025-03-07"
"BLD-101366","Interview","4","2023-01-24"
"BLD-101366","Recruiting","4","2023-01-24"
"BLD-101366","Onboarding","4","2023-01-24"
"BLD-101366","Probation","3","2023-01-24"
"BLD-101367","Interview","10","2025-05-01"
"BLD-101367","Recruiting","9","2025-05-01"
"BLD-101367","Onboarding","8","2025-05-01"
"BLD-101367","Probation","8","2025-05-01"
"BLD-101368","Interview","10","2025-06-02"
"BLD-101368","Recruiting","9","2025-06-02"
"BLD-101368","Onboarding","8","2025-06-02"
"BLD-101368","Probation","8","2025-06-02"
"BLD-101369","Interview","10","2023-05-18"
"BLD-101369","Recruiting","9","2023-05-18"
"BLD-101369","Onboarding","8","2023-05-18"
"BLD-101369","Probation","8","2023-05-18"
"BLD-101370","Interview","10","2023-01-15"
"BLD-101370","Recruiting","9","2023-01-15"
"BLD-101370","Onboarding","8","2023-01-15"
"BLD-101370","Probation","8","2023-01-15"
"BLD-101371","Interview","10","2023-04-21"
"BLD-101371","Recruiting","9","2023-04-21"
"BLD-101371","Onboarding","8","2023-04-21"
"BLD-101371","Probation","8","2023-04-21"
"BLD-101372","Interview","10","2024-12-19"
"BLD-101372","Recruiting","9","2024-12-19"
"BLD-101372","Onboarding","8","2024-12-19"
"BLD-101372","Probation","8","2024-12-19"
"BLD-101373","Interview","10","2025-07-11"
"BLD-101373","Recruiting","9","2025-07-11"
"BLD-101373","Onboarding","8","2025-07-11"
"BLD-101373","Probation","8","2025-07-11"
"BLD-101374","Interview","10","2025-01-26"
"BLD-101374","Recruiting","9","2025-01-26"
"BLD-101374","Onboarding","8","2025-01-26"
"BLD-101374","Probation","8","2025-01-26"
"BLD-101375","Interview","10","2023-08-03"
"BLD-101375","Recruiting","9","2023-08-03"
"BLD-101375","Onboarding","8","2023-08-03"
"BLD-101375","Probation","8","2023-08-03"
"BLD-101376","Interview","10","2025-03-06"
"BLD-101376","Recruiting","9","2025-03-06"
"BLD-101376","Onboarding","8","2025-03-06"
"BLD-101376","Probation","8","2025-03-06"
"BLD-101377","Interview","10","2023-07-19"
"BLD-101377","Recruiting","9","2023-07-19"
"BLD-101377","Onboarding","8","2023-07-19"
"BLD-101377","Probation","8","2023-07-19"
"BLD-101378","Interview","4","2023-07-08"
"BLD-101378","Recruiting","4","2023-07-08"
"BLD-101378","Onboarding","4","2023-07-08"
"BLD-101378","Probation","3","2023-07-08"
"BLD-101379","Interview","10","2024-02-25"
"BLD-101379","Recruiting","9","2024-02-25"
"BLD-101379","Onboarding","8","2024-02-25"
"BLD-101379","Probation","8","2024-02-25"
"BLD-101380","Interview","10","2023-10-21"
"BLD-101380","Recruiting","9","2023-10-21"
"BLD-101380","Onboarding","8","2023-10-21"
"BLD-101380","Probation","8","2023-10-21"
"BLD-101381","Interview","10","2025-08-11"
"BLD-101381","Recruiting","9","2025-08-11"
"BLD-101381","Onboarding","8","2025-08-11"
"BLD-101381","Probation","8","2025-08-11"
"BLD-101382","Interview","10","2023-12-13"
"BLD-101382","Recruiting","9","2023-12-13"
"BLD-101382","Onboarding","8","2023-12-13"
"BLD-101382","Probation","8","2023-12-13"
"BLD-101383","Interview","10","2025-09-18"
"BLD-101383","Recruiting","9","2025-09-18"
"BLD-101383","Onboarding","8","2025-09-18"
"BLD-101383","Probation","8","2025-09-18"
"BLD-101384","Interview","10","2025-11-15"
"BLD-101384","Recruiting","9","2025-11-15"
"BLD-101384","Onboarding","8","2025-11-15"
"BLD-101384","Probation","8","2025-11-15"
"BLD-101385","Interview","10","2025-11-14"
"BLD-101385","Recruiting","9","2025-11-14"
"BLD-101385","Onboarding","8","2025-11-14"
"BLD-101385","Probation","8","2025-11-14"
"BLD-101386","Interview","10","2025-08-18"
"BLD-101386","Recruiting","9","2025-08-18"
"BLD-101386","Onboarding","8","2025-08-18"
"BLD-101386","Probation","8","2025-08-18"
"BLD-101387","Interview","10","2025-08-24"
"BLD-101387","Recruiting","9","2025-08-24"
"BLD-101387","Onboarding","8","2025-08-24"
"BLD-101387","Probation","8","2025-08-24"
"BLD-101388","Interview","10","2023-10-04"
"BLD-101388","Recruiting","9","2023-10-04"
"BLD-101388","Onboarding","8","2023-10-04"
"BLD-101388","Probation","8","2023-10-04"
"BLD-101389","Interview","10","2024-11-17"
"BLD-101389","Recruiting","9","2024-11-17"
"BLD-101389","Onboarding","8","2024-11-17"
"BLD-101389","Probation","8","2024-11-17"
"BLD-101390","Interview","10","2024-10-18"
"BLD-101390","Recruiting","9","2024-10-18"
"BLD-101390","Onboarding","8","2024-10-18"
"BLD-101390","Probation","8","2024-10-18"
"BLD-101391","Interview","10","2023-09-15"
"BLD-101391","Recruiting","9","2023-09-15"
"BLD-101391","Onboarding","8","2023-09-15"
"BLD-101391","Probation","8","2023-09-15"
"BLD-101392","Interview","10","2024-10-11"
"BLD-101392","Recruiting","9","2024-10-11"
"BLD-101392","Onboarding","8","2024-10-11"
"BLD-101392","Probation","8","2024-10-11"
"BLD-101393","Interview","10","2025-08-21"
"BLD-101393","Recruiting","9","2025-08-21"
"BLD-101393","Onboarding","8","2025-08-21"
"BLD-101393","Probation","8","2025-08-21"
"BLD-101394","Interview","4","2024-03-27"
"BLD-101394","Recruiting","4","2024-03-27"
"BLD-101394","Onboarding","4","2024-03-27"
"BLD-101394","Probation","3","2024-03-27"
"BLD-101395","Interview","10","2024-11-18"
"BLD-101395","Recruiting","9","2024-11-18"
"BLD-101395","Onboarding","8","2024-11-18"
"BLD-101395","Probation","8","2024-11-18"
"BLD-101396","Interview","10","2024-06-27"
"BLD-101396","Recruiting","9","2024-06-27"
"BLD-101396","Onboarding","8","2024-06-27"
"BLD-101396","Probation","8","2024-06-27"
"BLD-101397","Interview","10","2025-05-27"
"BLD-101397","Recruiting","9","2025-05-27"
"BLD-101397","Onboarding","8","2025-05-27"
"BLD-101397","Probation","8","2025-05-27"
"BLD-101398","Interview","10","2024-12-01"
"BLD-101398","Recruiting","9","2024-12-01"
"BLD-101398","Onboarding","8","2024-12-01"
"BLD-101398","Probation","8","2024-12-01"
"BLD-101399","Interview","10","2024-01-20"
"BLD-101399","Recruiting","9","2024-01-20"
"BLD-101399","Onboarding","8","2024-01-20"
"BLD-101399","Probation","8","2024-01-20"
"BLD-101400","Interview","10","2023-04-27"
"BLD-101400","Recruiting","9","2023-04-27"
"BLD-101400","Onboarding","8","2023-04-27"
"BLD-101400","Probation","8","2023-04-27"
"BLD-101401","Interview","10","2024-05-21"
"BLD-101401","Recruiting","9","2024-05-21"
"BLD-101401","Onboarding","8","2024-05-21"
"BLD-101401","Probation","8","2024-05-21"
"BLD-101402","Interview","10","2025-01-06"
"BLD-101402","Recruiting","9","2025-01-06"
"BLD-101402","Onboarding","8","2025-01-06"
"BLD-101402","Probation","8","2025-01-06"
"BLD-101403","Interview","10","2024-05-01"
"BLD-101403","Recruiting","9","2024-05-01"
"BLD-101403","Onboarding","8","2024-05-01"
"BLD-101403","Probation","8","2024-05-01"
"BLD-101404","Interview","4","2023-08-05"
"BLD-101404","Recruiting","4","2023-08-05"
"BLD-101404","Onboarding","4","2023-08-05"
"BLD-101404","Probation","3","2023-08-05"
"BLD-101405","Interview","10","2024-06-12"
"BLD-101405","Recruiting","9","2024-06-12"
"BLD-101405","Onboarding","8","2024-06-12"
"BLD-101405","Probation","8","2024-06-12"
"BLD-101406","Interview","10","2025-06-14"
"BLD-101406","Recruiting","9","2025-06-14"
"BLD-101406","Onboarding","8","2025-06-14"
"BLD-101406","Probation","8","2025-06-14"
"BLD-101407","Interview","10","2025-09-15"
"BLD-101407","Recruiting","9","2025-09-15"
"BLD-101407","Onboarding","8","2025-09-15"
"BLD-101407","Probation","8","2025-09-15"
"BLD-101408","Interview","10","2023-04-22"
"BLD-101408","Recruiting","9","2023-04-22"
"BLD-101408","Onboarding","8","2023-04-22"
"BLD-101408","Probation","8","2023-04-22"
"BLD-101409","Interview","10","2024-01-19"
"BLD-101409","Recruiting","9","2024-01-19"
"BLD-101409","Onboarding","8","2024-01-19"
"BLD-101409","Probation","8","2024-01-19"
"BLD-101410","Interview","10","2023-03-05"
"BLD-101410","Recruiting","9","2023-03-05"
"BLD-101410","Onboarding","8","2023-03-05"
"BLD-101410","Probation","8","2023-03-05"
"BLD-101411","Interview","10","2023-12-15"
"BLD-101411","Recruiting","9","2023-12-15"
"BLD-101411","Onboarding","8","2023-12-15"
"BLD-101411","Probation","8","2023-12-15"
"BLD-101412","Interview","10","2025-11-18"
"BLD-101412","Recruiting","9","2025-11-18"
"BLD-101412","Onboarding","8","2025-11-18"
"BLD-101412","Probation","8","2025-11-18"
"BLD-101413","Interview","10","2024-09-15"
"BLD-101413","Recruiting","9","2024-09-15"
"BLD-101413","Onboarding","8","2024-09-15"
"BLD-101413","Probation","8","2024-09-15"
"BLD-101414","Interview","10","2024-02-18"
"BLD-101414","Recruiting","9","2024-02-18"
"BLD-101414","Onboarding","8","2024-02-18"
"BLD-101414","Probation","8","2024-02-18"
"BLD-101415","Interview","10","2025-09-01"
"BLD-101415","Recruiting","9","2025-09-01"
"BLD-101415","Onboarding","8","2025-09-01"
"BLD-101415","Probation","8","2025-09-01"
"BLD-101416","Interview","10","2024-08-18"
"BLD-101416","Recruiting","9","2024-08-18"
"BLD-101416","Onboarding","8","2024-08-18"
"BLD-101416","Probation","8","2024-08-18"
"BLD-101417","Interview","10","2024-01-03"
"BLD-101417","Recruiting","9","2024-01-03"
"BLD-101417","Onboarding","8","2024-01-03"
"BLD-101417","Probation","8","2024-01-03"
"BLD-101418","Interview","10","2024-08-23"
"BLD-101418","Recruiting","9","2024-08-23"
"BLD-101418","Onboarding","8","2024-08-23"
"BLD-101418","Probation","8","2024-08-23"
"BLD-101419","Interview","10","2025-10-26"
"BLD-101419","Recruiting","9","2025-10-26"
"BLD-101419","Onboarding","8","2025-10-26"
"BLD-101419","Probation","8","2025-10-26"
"BLD-101420","Interview","10","2023-02-13"
"BLD-101420","Recruiting","9","2023-02-13"
"BLD-101420","Onboarding","8","2023-02-13"
"BLD-101420","Probation","8","2023-02-13"
"BLD-101421","Interview","10","2023-04-13"
"BLD-101421","Recruiting","9","2023-04-13"
"BLD-101421","Onboarding","8","2023-04-13"
"BLD-101421","Probation","8","2023-04-13"
"BLD-101422","Interview","10","2023-11-09"
"BLD-101422","Recruiting","9","2023-11-09"
"BLD-101422","Onboarding","8","2023-11-09"
"BLD-101422","Probation","8","2023-11-09"
"BLD-101423","Interview","10","2023-09-15"
"BLD-101423","Recruiting","9","2023-09-15"
"BLD-101423","Onboarding","8","2023-09-15"
"BLD-101423","Probation","8","2023-09-15"
"BLD-101424","Interview","4","2024-08-01"
"BLD-101424","Recruiting","4","2024-08-01"
"BLD-101424","Onboarding","4","2024-08-01"
"BLD-101424","Probation","3","2024-08-01"
"BLD-101425","Interview","10","2024-07-10"
"BLD-101425","Recruiting","9","2024-07-10"
"BLD-101425","Onboarding","8","2024-07-10"
"BLD-101425","Probation","8","2024-07-10"
"BLD-101426","Interview","10","2024-11-01"
"BLD-101426","Recruiting","9","2024-11-01"
"BLD-101426","Onboarding","8","2024-11-01"
"BLD-101426","Probation","8","2024-11-01"
"BLD-101427","Interview","10","2025-01-20"
"BLD-101427","Recruiting","9","2025-01-20"
"BLD-101427","Onboarding","8","2025-01-20"
"BLD-101427","Probation","8","2025-01-20"
"BLD-101428","Interview","10","2024-02-19"
"BLD-101428","Recruiting","9","2024-02-19"
"BLD-101428","Onboarding","8","2024-02-19"
"BLD-101428","Probation","8","2024-02-19"
"BLD-101429","Interview","10","2023-02-22"
"BLD-101429","Recruiting","9","2023-02-22"
"BLD-101429","Onboarding","8","2023-02-22"
"BLD-101429","Probation","8","2023-02-22"
"BLD-101430","Interview","10","2024-12-13"
"BLD-101430","Recruiting","9","2024-12-13"
"BLD-101430","Onboarding","8","2024-12-13"
"BLD-101430","Probation","8","2024-12-13"
"BLD-101431","Interview","10","2023-01-14"
"BLD-101431","Recruiting","9","2023-01-14"
"BLD-101431","Onboarding","8","2023-01-14"
"BLD-101431","Probation","8","2023-01-14"
"BLD-101432","Interview","10","2023-05-01"
"BLD-101432","Recruiting","9","2023-05-01"
"BLD-101432","Onboarding","8","2023-05-01"
"BLD-101432","Probation","8","2023-05-01"
"BLD-101433","Interview","10","2023-07-21"
"BLD-101433","Recruiting","9","2023-07-21"
"BLD-101433","Onboarding","8","2023-07-21"
"BLD-101433","Probation","8","2023-07-21"
"BLD-101434","Interview","10","2025-09-15"
"BLD-101434","Recruiting","9","2025-09-15"
"BLD-101434","Onboarding","8","2025-09-15"
"BLD-101434","Probation","8","2025-09-15"
"BLD-101435","Interview","10","2023-09-04"
"BLD-101435","Recruiting","9","2023-09-04"
"BLD-101435","Onboarding","8","2023-09-04"
"BLD-101435","Probation","8","2023-09-04"
"BLD-101436","Interview","10","2023-06-18"
"BLD-101436","Recruiting","9","2023-06-18"
"BLD-101436","Onboarding","8","2023-06-18"
"BLD-101436","Probation","8","2023-06-18"
"BLD-101437","Interview","10","2024-11-14"
"BLD-101437","Recruiting","9","2024-11-14"
"BLD-101437","Onboarding","8","2024-11-14"
"BLD-101437","Probation","8","2024-11-14"
"BLD-101438","Interview","10","2024-04-04"
"BLD-101438","Recruiting","9","2024-04-04"
"BLD-101438","Onboarding","8","2024-04-04"
"BLD-101438","Probation","8","2024-04-04"
"BLD-101439","Interview","10","2025-12-14"
"BLD-101439","Recruiting","9","2025-12-14"
"BLD-101439","Onboarding","8","2025-12-14"
"BLD-101439","Probation","8","2025-12-14"
"BLD-101440","Interview","10","2023-09-17"
"BLD-101440","Recruiting","9","2023-09-17"
"BLD-101440","Onboarding","8","2023-09-17"
"BLD-101440","Probation","8","2023-09-17"
"BLD-101441","Interview","10","2025-05-18"
"BLD-101441","Recruiting","9","2025-05-18"
"BLD-101441","Onboarding","8","2025-05-18"
"BLD-101441","Probation","8","2025-05-18"
"BLD-101442","Interview","10","2025-04-10"
"BLD-101442","Recruiting","9","2025-04-10"
"BLD-101442","Onboarding","8","2025-04-10"
"BLD-101442","Probation","8","2025-04-10"
"BLD-101443","Interview","10","2025-10-01"
"BLD-101443","Recruiting","9","2025-10-01"
"BLD-101443","Onboarding","8","2025-10-01"
"BLD-101443","Probation","8","2025-10-01"
"BLD-101444","Interview","10","2023-02-18"
"BLD-101444","Recruiting","9","2023-02-18"
"BLD-101444","Onboarding","8","2023-02-18"
"BLD-101444","Probation","8","2023-02-18"
"BLD-101445","Interview","10","2023-09-03"
"BLD-101445","Recruiting","9","2023-09-03"
"BLD-101445","Onboarding","8","2023-09-03"
"BLD-101445","Probation","8","2023-09-03"
"BLD-101446","Interview","10","2023-07-13"
"BLD-101446","Recruiting","9","2023-07-13"
"BLD-101446","Onboarding","8","2023-07-13"
"BLD-101446","Probation","8","2023-07-13"
"BLD-101447","Interview","10","2023-09-20"
"BLD-101447","Recruiting","9","2023-09-20"
"BLD-101447","Onboarding","8","2023-09-20"
"BLD-101447","Probation","8","2023-09-20"
"BLD-101448","Interview","10","2024-04-23"
"BLD-101448","Recruiting","9","2024-04-23"
"BLD-101448","Onboarding","8","2024-04-23"
"BLD-101448","Probation","8","2024-04-23"
"BLD-101449","Interview","10","2025-04-15"
"BLD-101449","Recruiting","9","2025-04-15"
"BLD-101449","Onboarding","8","2025-04-15"
"BLD-101449","Probation","8","2025-04-15"
"BLD-101450","Interview","10","2023-09-21"
"BLD-101450","Recruiting","9","2023-09-21"
"BLD-101450","Onboarding","8","2023-09-21"
"BLD-101450","Probation","8","2023-09-21"
"BLD-101451","Interview","10","2025-10-17"
"BLD-101451","Recruiting","9","2025-10-17"
"BLD-101451","Onboarding","8","2025-10-17"
"BLD-101451","Probation","8","2025-10-17"
"BLD-101452","Interview","10","2025-03-19"
"BLD-101452","Recruiting","9","2025-03-19"
"BLD-101452","Onboarding","8","2025-03-19"
"BLD-101452","Probation","8","2025-03-19"
"BLD-101453","Interview","10","2023-03-16"
"BLD-101453","Recruiting","9","2023-03-16"
"BLD-101453","Onboarding","8","2023-03-16"
"BLD-101453","Probation","8","2023-03-16"
"BLD-101454","Interview","10","2023-11-04"
"BLD-101454","Recruiting","9","2023-11-04"
"BLD-101454","Onboarding","8","2023-11-04"
"BLD-101454","Probation","8","2023-11-04"
"BLD-101455","Interview","10","2023-03-06"
"BLD-101455","Recruiting","9","2023-03-06"
"BLD-101455","Onboarding","8","2023-03-06"
"BLD-101455","Probation","8","2023-03-06"
"BLD-101456","Interview","10","2025-01-06"
"BLD-101456","Recruiting","9","2025-01-06"
"BLD-101456","Onboarding","8","2025-01-06"
"BLD-101456","Probation","8","2025-01-06"
"BLD-101457","Interview","10","2025-11-14"
"BLD-101457","Recruiting","9","2025-11-14"
"BLD-101457","Onboarding","8","2025-11-14"
"BLD-101457","Probation","8","2025-11-14"
"BLD-101458","Interview","10","2025-06-13"
"BLD-101458","Recruiting","9","2025-06-13"
"BLD-101458","Onboarding","8","2025-06-13"
"BLD-101458","Probation","8","2025-06-13"
"BLD-101459","Interview","10","2025-03-20"
"BLD-101459","Recruiting","9","2025-03-20"
"BLD-101459","Onboarding","8","2025-03-20"
"BLD-101459","Probation","8","2025-03-20"
"BLD-101460","Interview","10","2025-08-18"
"BLD-101460","Recruiting","9","2025-08-18"
"BLD-101460","Onboarding","8","2025-08-18"
"BLD-101460","Probation","8","2025-08-18"
"BLD-101461","Interview","4","2025-09-27"
"BLD-101461","Recruiting","4","2025-09-27"
"BLD-101461","Onboarding","4","2025-09-27"
"BLD-101461","Probation","3","2025-09-27"
"BLD-101462","Interview","10","2023-05-16"
"BLD-101462","Recruiting","9","2023-05-16"
"BLD-101462","Onboarding","8","2023-05-16"
"BLD-101462","Probation","8","2023-05-16"
"BLD-101463","Interview","10","2024-03-04"
"BLD-101463","Recruiting","9","2024-03-04"
"BLD-101463","Onboarding","8","2024-03-04"
"BLD-101463","Probation","8","2024-03-04"
"BLD-101464","Interview","10","2023-07-15"
"BLD-101464","Recruiting","9","2023-07-15"
"BLD-101464","Onboarding","8","2023-07-15"
"BLD-101464","Probation","8","2023-07-15"
"BLD-101465","Interview","10","2023-12-24"
"BLD-101465","Recruiting","9","2023-12-24"
"BLD-101465","Onboarding","8","2023-12-24"
"BLD-101465","Probation","8","2023-12-24"
"BLD-101466","Interview","10","2024-06-07"
"BLD-101466","Recruiting","9","2024-06-07"
"BLD-101466","Onboarding","8","2024-06-07"
"BLD-101466","Probation","8","2024-06-07"
"BLD-101467","Interview","10","2024-09-15"
"BLD-101467","Recruiting","9","2024-09-15"
"BLD-101467","Onboarding","8","2024-09-15"
"BLD-101467","Probation","8","2024-09-15"
"BLD-101468","Interview","10","2025-07-23"
"BLD-101468","Recruiting","9","2025-07-23"
"BLD-101468","Onboarding","8","2025-07-23"
"BLD-101468","Probation","8","2025-07-23"
"BLD-101469","Interview","10","2023-10-06"
"BLD-101469","Recruiting","9","2023-10-06"
"BLD-101469","Onboarding","8","2023-10-06"
"BLD-101469","Probation","8","2023-10-06"
"BLD-101470","Interview","10","2025-03-01"
"BLD-101470","Recruiting","9","2025-03-01"
"BLD-101470","Onboarding","8","2025-03-01"
"BLD-101470","Probation","8","2025-03-01"
"BLD-101471","Interview","10","2024-02-23"
"BLD-101471","Recruiting","9","2024-02-23"
"BLD-101471","Onboarding","8","2024-02-23"
"BLD-101471","Probation","8","2024-02-23"
"BLD-101472","Interview","10","2023-10-12"
"BLD-101472","Recruiting","9","2023-10-12"
"BLD-101472","Onboarding","8","2023-10-12"
"BLD-101472","Probation","8","2023-10-12"
"BLD-101473","Interview","10","2024-03-04"
"BLD-101473","Recruiting","9","2024-03-04"
"BLD-101473","Onboarding","8","2024-03-04"
"BLD-101473","Probation","8","2024-03-04"
"BLD-101474","Interview","10","2024-07-11"
"BLD-101474","Recruiting","9","2024-07-11"
"BLD-101474","Onboarding","8","2024-07-11"
"BLD-101474","Probation","8","2024-07-11"
"BLD-101475","Interview","10","2023-04-22"
"BLD-101475","Recruiting","9","2023-04-22"
"BLD-101475","Onboarding","8","2023-04-22"
"BLD-101475","Probation","8","2023-04-22"
"BLD-101476","Interview","10","2023-02-07"
"BLD-101476","Recruiting","9","2023-02-07"
"BLD-101476","Onboarding","8","2023-02-07"
"BLD-101476","Probation","8","2023-02-07"
"BLD-101477","Interview","10","2024-03-01"
"BLD-101477","Recruiting","9","2024-03-01"
"BLD-101477","Onboarding","8","2024-03-01"
"BLD-101477","Probation","8","2024-03-01"
"BLD-101478","Interview","10","2025-09-21"
"BLD-101478","Recruiting","9","2025-09-21"
"BLD-101478","Onboarding","8","2025-09-21"
"BLD-101478","Probation","8","2025-09-21"
"BLD-101479","Interview","10","2023-02-27"
"BLD-101479","Recruiting","9","2023-02-27"
"BLD-101479","Onboarding","8","2023-02-27"
"BLD-101479","Probation","8","2023-02-27"
"BLD-101480","Interview","10","2025-04-14"
"BLD-101480","Recruiting","9","2025-04-14"
"BLD-101480","Onboarding","8","2025-04-14"
"BLD-101480","Probation","8","2025-04-14"
"BLD-101481","Interview","10","2024-03-21"
"BLD-101481","Recruiting","9","2024-03-21"
"BLD-101481","Onboarding","8","2024-03-21"
"BLD-101481","Probation","8","2024-03-21"
"BLD-101482","Interview","10","2024-10-02"
"BLD-101482","Recruiting","9","2024-10-02"
"BLD-101482","Onboarding","8","2024-10-02"
"BLD-101482","Probation","8","2024-10-02"
"BLD-101483","Interview","10","2023-09-03"
"BLD-101483","Recruiting","9","2023-09-03"
"BLD-101483","Onboarding","8","2023-09-03"
"BLD-101483","Probation","8","2023-09-03"
"BLD-101484","Interview","10","2025-07-21"
"BLD-101484","Recruiting","9","2025-07-21"
"BLD-101484","Onboarding","8","2025-07-21"
"BLD-101484","Probation","8","2025-07-21"
"BLD-101485","Interview","10","2025-03-04"
"BLD-101485","Recruiting","9","2025-03-04"
"BLD-101485","Onboarding","8","2025-03-04"
"BLD-101485","Probation","8","2025-03-04"
"BLD-101486","Interview","10","2025-02-14"
"BLD-101486","Recruiting","9","2025-02-14"
"BLD-101486","Onboarding","8","2025-02-14"
"BLD-101486","Probation","8","2025-02-14"
"BLD-101487","Interview","10","2025-04-22"
"BLD-101487","Recruiting","9","2025-04-22"
"BLD-101487","Onboarding","8","2025-04-22"
"BLD-101487","Probation","8","2025-04-22"
"BLD-101488","Interview","10","2024-04-13"
"BLD-101488","Recruiting","9","2024-04-13"
"BLD-101488","Onboarding","8","2024-04-13"
"BLD-101488","Probation","8","2024-04-13"
"BLD-101489","Interview","10","2024-02-10"
"BLD-101489","Recruiting","9","2024-02-10"
"BLD-101489","Onboarding","8","2024-02-10"
"BLD-101489","Probation","8","2024-02-10"
"BLD-101490","Interview","10","2023-09-15"
"BLD-101490","Recruiting","9","2023-09-15"
"BLD-101490","Onboarding","8","2023-09-15"
"BLD-101490","Probation","8","2023-09-15"
"BLD-101491","Interview","10","2024-07-07"
"BLD-101491","Recruiting","9","2024-07-07"
"BLD-101491","Onboarding","8","2024-07-07"
"BLD-101491","Probation","8","2024-07-07"
"BLD-101492","Interview","10","2023-11-20"
"BLD-101492","Recruiting","9","2023-11-20"
"BLD-101492","Onboarding","8","2023-11-20"
"BLD-101492","Probation","8","2023-11-20"
"BLD-101493","Interview","4","2023-01-23"
"BLD-101493","Recruiting","4","2023-01-23"
"BLD-101493","Onboarding","4","2023-01-23"
"BLD-101493","Probation","3","2023-01-23"
"BLD-101494","Interview","10","2025-01-07"
"BLD-101494","Recruiting","9","2025-01-07"
"BLD-101494","Onboarding","8","2025-01-07"
"BLD-101494","Probation","8","2025-01-07"
"BLD-101495","Interview","10","2023-07-19"
"BLD-101495","Recruiting","9","2023-07-19"
"BLD-101495","Onboarding","8","2023-07-19"
"BLD-101495","Probation","8","2023-07-19"
"BLD-101496","Interview","10","2023-08-22"
"BLD-101496","Recruiting","9","2023-08-22"
"BLD-101496","Onboarding","8","2023-08-22"
"BLD-101496","Probation","8","2023-08-22"
"BLD-101497","Interview","10","2024-03-27"
"BLD-101497","Recruiting","9","2024-03-27"
"BLD-101497","Onboarding","8","2024-03-27"
"BLD-101497","Probation","8","2024-03-27"
"BLD-101498","Interview","10","2025-01-21"
"BLD-101498","Recruiting","9","2025-01-21"
"BLD-101498","Onboarding","8","2025-01-21"
"BLD-101498","Probation","8","2025-01-21"
"BLD-101499","Interview","10","2023-07-08"
"BLD-101499","Recruiting","9","2023-07-08"
"BLD-101499","Onboarding","8","2023-07-08"
"BLD-101499","Probation","8","2023-07-08"
"BLD-101500","Interview","10","2024-08-17"
"BLD-101500","Recruiting","9","2024-08-17"
"BLD-101500","Onboarding","8","2024-08-17"
"BLD-101500","Probation","8","2024-08-17"
"BLD-101501","Interview","10","2023-07-16"
"BLD-101501","Recruiting","9","2023-07-16"
"BLD-101501","Onboarding","8","2023-07-16"
"BLD-101501","Probation","8","2023-07-16"
"BLD-101502","Interview","10","2024-07-15"
"BLD-101502","Recruiting","9","2024-07-15"
"BLD-101502","Onboarding","8","2024-07-15"
"BLD-101502","Probation","8","2024-07-15"
"BLD-101503","Interview","10","2023-03-22"
"BLD-101503","Recruiting","9","2023-03-22"
"BLD-101503","Onboarding","8","2023-03-22"
"BLD-101503","Probation","8","2023-03-22"
"BLD-101504","Interview","10","2023-01-06"
"BLD-101504","Recruiting","9","2023-01-06"
"BLD-101504","Onboarding","8","2023-01-06"
"BLD-101504","Probation","8","2023-01-06"
"BLD-101505","Interview","10","2024-09-07"
"BLD-101505","Recruiting","9","2024-09-07"
"BLD-101505","Onboarding","8","2024-09-07"
"BLD-101505","Probation","8","2024-09-07"
"BLD-101506","Interview","10","2024-10-26"
"BLD-101506","Recruiting","9","2024-10-26"
"BLD-101506","Onboarding","8","2024-10-26"
"BLD-101506","Probation","8","2024-10-26"
"BLD-101507","Interview","10","2025-02-16"
"BLD-101507","Recruiting","9","2025-02-16"
"BLD-101507","Onboarding","8","2025-02-16"
"BLD-101507","Probation","8","2025-02-16"
"BLD-101508","Interview","10","2024-01-10"
"BLD-101508","Recruiting","9","2024-01-10"
"BLD-101508","Onboarding","8","2024-01-10"
"BLD-101508","Probation","8","2024-01-10"
"BLD-101509","Interview","10","2023-08-06"
"BLD-101509","Recruiting","9","2023-08-06"
"BLD-101509","Onboarding","8","2023-08-06"
"BLD-101509","Probation","8","2023-08-06"
"BLD-101510","Interview","10","2023-04-09"
"BLD-101510","Recruiting","9","2023-04-09"
"BLD-101510","Onboarding","8","2023-04-09"
"BLD-101510","Probation","8","2023-04-09"
"BLD-101511","Interview","10","2024-03-11"
"BLD-101511","Recruiting","9","2024-03-11"
"BLD-101511","Onboarding","8","2024-03-11"
"BLD-101511","Probation","8","2024-03-11"
