"employee_id","absence_date","absence_type","absence_hours","paid_unpaid","department","manager"
"BLD-100002","2023-07-20","Unplanned","8","Unpaid","Procurement","Manoj Iqbal"
"BLD-100002","2025-10-12","Sick","8","Paid","Procurement","Manoj Iqbal"
"BLD-100002","2024-05-08","Unplanned","8","Paid","Procurement","Manoj Iqbal"
"BLD-100002","2023-09-07","Late","1","Unpaid","Procurement","Manoj Iqbal"
"BLD-100002","2024-11-23","Sick","8","Paid","Procurement","Manoj Iqbal"
"BLD-100002","2023-03-16","Late","3","Unpaid","Procurement","Manoj Iqbal"
"BLD-100002","2025-04-12","Unplanned","8","Paid","Procurement","Manoj Iqbal"
"BLD-100002","2023-08-02","Sick","8","Paid","Procurement","Manoj Iqbal"
"BLD-100002","2025-03-25","Unplanned","8","Unpaid","Procurement","Manoj Iqbal"
"BLD-100002","2025-01-18","Sick","8","Paid","Procurement","Manoj Iqbal"
"BLD-100003","2023-04-03","Unplanned","8","Paid","R&D","Waleed Cruz"
"BLD-100003","2023-01-26","Unplanned","8","Unpaid","R&D","Waleed Cruz"
"BLD-100004","2023-04-17","Late","1","Unpaid","Corporate & Executive Office","Rowena Pereira"
"BLD-100004","2025-07-11","Sick","8","Paid","Corporate & Executive Office","Rowena Pereira"
"BLD-100004","2024-02-29","Unplanned","8","Paid","Corporate & Executive Office","Rowena Pereira"
"BLD-100004","2025-07-01","Sick","8","Paid","Corporate & Executive Office","Rowena Pereira"
"BLD-100004","2023-08-08","Late","3","Unpaid","Corporate & Executive Office","Rowena Pereira"
"BLD-100004","2024-12-29","Late","2","Unpaid","Corporate & Executive Office","Rowena Pereira"
"BLD-100004","2024-05-17","Sick","8","Paid","Corporate & Executive Office","Rowena Pereira"
"BLD-100004","2023-09-27","Unplanned","8","Unpaid","Corporate & Executive Office","Rowena Pereira"
"BLD-100004","2023-05-06","Unplanned","8","Unpaid","Corporate & Executive Office","Rowena Pereira"
"BLD-100004","2024-09-21","Unplanned","8","Unpaid","Corporate & Executive Office","Rowena Pereira"
"BLD-100004","2024-11-26","Sick","8","Paid","Corporate & Executive Office","Rowena Pereira"
"BLD-100004","2024-10-22","Sick","8","Paid","Corporate & Executive Office","Rowena Pereira"
"BLD-100004","2023-02-03","Sick","8","Paid","Corporate & Executive Office","Rowena Pereira"
"BLD-100004","2023-10-31","Late","2","Paid","Corporate & Executive Office","Rowena Pereira"
"BLD-100004","2025-06-19","Sick","8","Paid","Corporate & Executive Office","Rowena Pereira"
"BLD-100004","2023-03-05","Sick","8","Paid","Corporate & Executive Office","Rowena Pereira"
"BLD-100004","2024-04-21","Unplanned","8","Unpaid","Corporate & Executive Office","Rowena Pereira"
"BLD-100004","2024-12-26","Unplanned","8","Unpaid","Corporate & Executive Office","Rowena Pereira"
"BLD-100004","2024-04-03","Sick","8","Paid","Corporate & Executive Office","Rowena Pereira"
"BLD-100004","2025-06-11","Sick","8","Paid","Corporate & Executive Office","Rowena Pereira"
"BLD-100004","2023-04-27","Unplanned","8","Unpaid","Corporate & Executive Office","Rowena Pereira"
"BLD-100005","2023-02-17","Unplanned","8","Unpaid","Engineering & Maintenance","Ramesh Kapoor"
"BLD-100005","2023-03-29","Sick","8","Paid","Engineering & Maintenance","Ramesh Kapoor"
"BLD-100006","2024-02-22","Sick","8","Paid","IT & Digital","Rajesh Mansour"
"BLD-100006","2024-01-11","Other","8","Unpaid","IT & Digital","Rajesh Mansour"
"BLD-100006","2023-05-10","Unplanned","8","Paid","IT & Digital","Rajesh Mansour"
"BLD-100006","2025-04-17","Late","3","Unpaid","IT & Digital","Rajesh Mansour"
"BLD-100006","2025-05-14","Sick","8","Paid","IT & Digital","Rajesh Mansour"
"BLD-100006","2024-05-07","Sick","8","Paid","IT & Digital","Rajesh Mansour"
"BLD-100006","2024-05-04","Unplanned","8","Paid","IT & Digital","Rajesh Mansour"
"BLD-100006","2025-09-16","Sick","8","Paid","IT & Digital","Rajesh Mansour"
"BLD-100006","2025-06-05","Sick","8","Paid","IT & Digital","Rajesh Mansour"
"BLD-100006","2024-09-26","Late","1","Unpaid","IT & Digital","Rajesh Mansour"
"BLD-100006","2025-04-11","Sick","8","Paid","IT & Digital","Rajesh Mansour"
"BLD-100006","2023-12-05","Unplanned","8","Unpaid","IT & Digital","Rajesh Mansour"
"BLD-100006","2024-11-18","Sick","8","Paid","IT & Digital","Rajesh Mansour"
"BLD-100006","2025-04-10","Sick","8","Paid","IT & Digital","Rajesh Mansour"
"BLD-100006","2024-03-31","Unplanned","8","Paid","IT & Digital","Rajesh Mansour"
"BLD-100006","2024-12-25","Sick","8","Paid","IT & Digital","Rajesh Mansour"
"BLD-100006","2023-06-08","Unplanned","8","Paid","IT & Digital","Rajesh Mansour"
"BLD-100006","2023-11-25","Unplanned","8","Paid","IT & Digital","Rajesh Mansour"
"BLD-100007","2023-06-18","Other","8","Unpaid","Quality Assurance & Food Safety","Khalid Al-Marri"
"BLD-100008","2024-08-20","Sick","8","Paid","Engineering & Maintenance","Ahmed Ibrahim"
"BLD-100008","2024-07-24","Sick","8","Paid","Engineering & Maintenance","Ahmed Ibrahim"
"BLD-100008","2024-02-03","Late","3","Paid","Engineering & Maintenance","Ahmed Ibrahim"
"BLD-100008","2023-11-28","Sick","8","Paid","Engineering & Maintenance","Ahmed Ibrahim"
"BLD-100008","2024-08-30","Unplanned","8","Paid","Engineering & Maintenance","Ahmed Ibrahim"
"BLD-100008","2023-09-25","Unplanned","8","Unpaid","Engineering & Maintenance","Ahmed Ibrahim"
"BLD-100008","2024-12-23","Sick","8","Paid","Engineering & Maintenance","Ahmed Ibrahim"
"BLD-100008","2024-11-04","Sick","8","Paid","Engineering & Maintenance","Ahmed Ibrahim"
"BLD-100009","2025-09-30","Unplanned","8","Paid","IT & Digital","Deepak Gurung"
"BLD-100009","2025-12-22","Sick","8","Paid","IT & Digital","Deepak Gurung"
"BLD-100009","2025-10-22","Sick","8","Paid","IT & Digital","Deepak Gurung"
"BLD-100009","2023-11-24","Other","8","Unpaid","IT & Digital","Deepak Gurung"
"BLD-100009","2024-04-21","Unplanned","8","Unpaid","IT & Digital","Deepak Gurung"
"BLD-100009","2023-09-02","Unplanned","8","Paid","IT & Digital","Deepak Gurung"
"BLD-100009","2025-09-06","Late","2","Paid","IT & Digital","Deepak Gurung"
"BLD-100010","2024-07-21","Late","3","Paid","Marketing","Shobha Mahmoud"
"BLD-100010","2023-05-12","Unplanned","8","Unpaid","Marketing","Shobha Mahmoud"
"BLD-100010","2023-02-08","Sick","8","Paid","Marketing","Shobha Mahmoud"
"BLD-100010","2023-06-18","Late","1","Unpaid","Marketing","Shobha Mahmoud"
"BLD-100010","2025-04-13","Sick","8","Paid","Marketing","Shobha Mahmoud"
"BLD-100010","2025-03-12","Sick","8","Paid","Marketing","Shobha Mahmoud"
"BLD-100010","2023-01-12","Sick","8","Paid","Marketing","Shobha Mahmoud"
"BLD-100010","2023-01-16","Sick","8","Paid","Marketing","Shobha Mahmoud"
"BLD-100010","2024-08-04","Unplanned","8","Unpaid","Marketing","Shobha Mahmoud"
"BLD-100010","2024-10-19","Sick","8","Paid","Marketing","Shobha Mahmoud"
"BLD-100011","2023-05-22","Late","1","Paid","Finance","Rajesh Malik"
"BLD-100011","2023-04-08","Unplanned","8","Unpaid","Finance","Rajesh Malik"
"BLD-100011","2023-03-18","Sick","8","Paid","Finance","Rajesh Malik"
"BLD-100011","2023-08-22","Late","2","Unpaid","Finance","Rajesh Malik"
"BLD-100012","2023-01-28","Sick","8","Paid","People & Culture","Mariam Baig"
"BLD-100012","2025-03-31","Other","8","Unpaid","People & Culture","Mariam Baig"
"BLD-100012","2024-04-04","Late","3","Unpaid","People & Culture","Mariam Baig"
"BLD-100012","2025-05-31","Late","3","Paid","People & Culture","Mariam Baig"
"BLD-100012","2023-01-20","Late","1","Paid","People & Culture","Mariam Baig"
"BLD-100012","2025-05-23","Unplanned","8","Unpaid","People & Culture","Mariam Baig"
"BLD-100012","2025-10-19","Unplanned","8","Unpaid","People & Culture","Mariam Baig"
"BLD-100012","2025-08-09","Sick","8","Paid","People & Culture","Mariam Baig"
"BLD-100012","2025-10-12","Unplanned","8","Unpaid","People & Culture","Mariam Baig"
"BLD-100012","2024-04-11","Unplanned","8","Paid","People & Culture","Mariam Baig"
"BLD-100012","2023-10-22","Unplanned","8","Unpaid","People & Culture","Mariam Baig"
"BLD-100012","2023-09-17","Sick","8","Paid","People & Culture","Mariam Baig"
"BLD-100012","2025-08-24","Unplanned","8","Paid","People & Culture","Mariam Baig"
"BLD-100012","2023-03-14","Late","1","Paid","People & Culture","Mariam Baig"
"BLD-100012","2023-12-07","Late","2","Paid","People & Culture","Mariam Baig"
"BLD-100012","2023-07-01","Sick","8","Paid","People & Culture","Mariam Baig"
"BLD-100012","2024-05-14","Sick","8","Paid","People & Culture","Mariam Baig"
"BLD-100012","2023-05-07","Sick","8","Paid","People & Culture","Mariam Baig"
"BLD-100013","2025-09-11","Late","2","Unpaid","Marketing","Anil Kapoor"
"BLD-100013","2024-06-20","Sick","8","Paid","Marketing","Anil Kapoor"
"BLD-100013","2023-02-13","Sick","8","Paid","Marketing","Anil Kapoor"
"BLD-100013","2023-08-17","Unplanned","8","Unpaid","Marketing","Anil Kapoor"
"BLD-100013","2023-09-07","Sick","8","Paid","Marketing","Anil Kapoor"
"BLD-100014","2023-02-14","Sick","8","Paid","Engineering & Maintenance","Ravi Youssef"
"BLD-100014","2024-02-04","Late","3","Unpaid","Engineering & Maintenance","Ravi Youssef"
"BLD-100015","2023-04-19","Sick","8","Paid","Engineering & Maintenance","Ravi Youssef"
"BLD-100015","2024-04-20","Sick","8","Paid","Engineering & Maintenance","Ravi Youssef"
"BLD-100015","2024-06-07","Sick","8","Paid","Engineering & Maintenance","Ravi Youssef"
"BLD-100015","2024-01-06","Sick","8","Paid","Engineering & Maintenance","Ravi Youssef"
"BLD-100015","2024-02-07","Sick","8","Paid","Engineering & Maintenance","Ravi Youssef"
"BLD-100015","2024-04-20","Unplanned","8","Paid","Engineering & Maintenance","Ravi Youssef"
"BLD-100015","2024-02-20","Late","3","Unpaid","Engineering & Maintenance","Ravi Youssef"
"BLD-100015","2025-10-01","Sick","8","Paid","Engineering & Maintenance","Ravi Youssef"
"BLD-100015","2024-05-19","Late","2","Unpaid","Engineering & Maintenance","Ravi Youssef"
"BLD-100015","2023-08-10","Unplanned","8","Unpaid","Engineering & Maintenance","Ravi Youssef"
"BLD-100015","2025-05-31","Sick","8","Paid","Engineering & Maintenance","Ravi Youssef"
"BLD-100015","2023-07-13","Sick","8","Paid","Engineering & Maintenance","Ravi Youssef"
"BLD-100015","2025-03-16","Unplanned","8","Unpaid","Engineering & Maintenance","Ravi Youssef"
"BLD-100016","2024-07-27","Sick","8","Paid","Corporate & Executive Office","Rania Islam"
"BLD-100016","2025-10-22","Other","8","Unpaid","Corporate & Executive Office","Rania Islam"
"BLD-100016","2024-03-21","Late","2","Unpaid","Corporate & Executive Office","Rania Islam"
"BLD-100016","2025-10-17","Sick","8","Paid","Corporate & Executive Office","Rania Islam"
"BLD-100017","2025-11-02","Late","3","Unpaid","Engineering & Maintenance","Ramesh Kapoor"
"BLD-100017","2025-05-25","Unplanned","8","Unpaid","Engineering & Maintenance","Ramesh Kapoor"
"BLD-100017","2025-07-15","Sick","8","Paid","Engineering & Maintenance","Ramesh Kapoor"
"BLD-100017","2023-05-12","Sick","8","Paid","Engineering & Maintenance","Ramesh Kapoor"
"BLD-100017","2024-06-19","Sick","8","Paid","Engineering & Maintenance","Ramesh Kapoor"
"BLD-100017","2024-12-22","Late","1","Paid","Engineering & Maintenance","Ramesh Kapoor"
"BLD-100017","2025-01-05","Late","3","Paid","Engineering & Maintenance","Ramesh Kapoor"
"BLD-100018","2024-10-06","Late","2","Paid","Engineering & Maintenance","Ramesh Kapoor"
"BLD-100018","2024-01-06","Unplanned","8","Unpaid","Engineering & Maintenance","Ramesh Kapoor"
"BLD-100018","2025-03-12","Late","3","Unpaid","Engineering & Maintenance","Ramesh Kapoor"
"BLD-100019","2025-08-20","Sick","8","Paid","Sales & Distribution","Ramesh El-Sayed"
"BLD-100019","2024-11-29","Unplanned","8","Unpaid","Sales & Distribution","Ramesh El-Sayed"
"BLD-100019","2024-08-19","Unplanned","8","Unpaid","Sales & Distribution","Ramesh El-Sayed"
"BLD-100019","2023-01-14","Sick","8","Paid","Sales & Distribution","Ramesh El-Sayed"
"BLD-100019","2025-11-27","Sick","8","Paid","Sales & Distribution","Ramesh El-Sayed"
"BLD-100019","2024-05-17","Sick","8","Paid","Sales & Distribution","Ramesh El-Sayed"
"BLD-100019","2024-07-19","Late","3","Paid","Sales & Distribution","Ramesh El-Sayed"
"BLD-100019","2024-03-04","Late","3","Paid","Sales & Distribution","Ramesh El-Sayed"
"BLD-100019","2025-05-02","Sick","8","Paid","Sales & Distribution","Ramesh El-Sayed"
"BLD-100019","2025-07-06","Other","8","Unpaid","Sales & Distribution","Ramesh El-Sayed"
"BLD-100019","2023-05-30","Sick","8","Paid","Sales & Distribution","Ramesh El-Sayed"
"BLD-100020","2024-12-13","Late","1","Paid","Supply Chain & Logistics","Suresh Reyes"
"BLD-100020","2024-12-20","Sick","8","Paid","Supply Chain & Logistics","Suresh Reyes"
"BLD-100020","2023-06-21","Unplanned","8","Unpaid","Supply Chain & Logistics","Suresh Reyes"
"BLD-100020","2023-02-26","Sick","8","Paid","Supply Chain & Logistics","Suresh Reyes"
"BLD-100020","2023-11-12","Sick","8","Paid","Supply Chain & Logistics","Suresh Reyes"
"BLD-100021","2025-07-19","Late","2","Paid","Corporate & Executive Office","Rajesh Ahmed"
"BLD-100021","2023-02-14","Sick","8","Paid","Corporate & Executive Office","Rajesh Ahmed"
"BLD-100021","2025-02-03","Unplanned","8","Unpaid","Corporate & Executive Office","Rajesh Ahmed"
"BLD-100021","2024-07-06","Late","2","Unpaid","Corporate & Executive Office","Rajesh Ahmed"
"BLD-100021","2023-06-20","Sick","8","Paid","Corporate & Executive Office","Rajesh Ahmed"
"BLD-100021","2023-01-18","Unplanned","8","Unpaid","Corporate & Executive Office","Rajesh Ahmed"
"BLD-100021","2023-10-24","Unplanned","8","Paid","Corporate & Executive Office","Rajesh Ahmed"
"BLD-100021","2023-03-18","Sick","8","Paid","Corporate & Executive Office","Rajesh Ahmed"
"BLD-100021","2024-11-06","Late","2","Paid","Corporate & Executive Office","Rajesh Ahmed"
"BLD-100021","2025-02-16","Sick","8","Paid","Corporate & Executive Office","Rajesh Ahmed"
"BLD-100021","2025-04-24","Other","8","Unpaid","Corporate & Executive Office","Rajesh Ahmed"
"BLD-100021","2023-07-21","Late","1","Unpaid","Corporate & Executive Office","Rajesh Ahmed"
"BLD-100021","2024-11-28","Sick","8","Paid","Corporate & Executive Office","Rajesh Ahmed"
"BLD-100021","2023-09-30","Sick","8","Paid","Corporate & Executive Office","Rajesh Ahmed"
"BLD-100021","2025-11-02","Unplanned","8","Unpaid","Corporate & Executive Office","Rajesh Ahmed"
"BLD-100021","2023-10-10","Late","2","Paid","Corporate & Executive Office","Rajesh Ahmed"
"BLD-100021","2024-05-20","Sick","8","Paid","Corporate & Executive Office","Rajesh Ahmed"
"BLD-100021","2024-07-11","Unplanned","8","Paid","Corporate & Executive Office","Rajesh Ahmed"
"BLD-100021","2025-12-02","Sick","8","Paid","Corporate & Executive Office","Rajesh Ahmed"
"BLD-100021","2023-05-27","Sick","8","Paid","Corporate & Executive Office","Rajesh Ahmed"
"BLD-100022","2023-07-17","Unplanned","8","Paid","Sales & Distribution","Krishna Thapa"
"BLD-100022","2023-10-04","Unplanned","8","Unpaid","Sales & Distribution","Krishna Thapa"
"BLD-100022","2024-01-25","Unplanned","8","Unpaid","Sales & Distribution","Krishna Thapa"
"BLD-100022","2024-04-08","Sick","8","Paid","Sales & Distribution","Krishna Thapa"
"BLD-100022","2023-06-12","Unplanned","8","Unpaid","Sales & Distribution","Krishna Thapa"
"BLD-100022","2024-06-03","Unplanned","8","Paid","Sales & Distribution","Krishna Thapa"
"BLD-100022","2024-09-26","Unplanned","8","Unpaid","Sales & Distribution","Krishna Thapa"
"BLD-100022","2023-12-05","Late","3","Unpaid","Sales & Distribution","Krishna Thapa"
"BLD-100023","2024-07-05","Late","2","Paid","People & Culture","Rina Abdullah"
"BLD-100023","2024-06-25","Sick","8","Paid","People & Culture","Rina Abdullah"
"BLD-100023","2025-08-09","Sick","8","Paid","People & Culture","Rina Abdullah"
"BLD-100023","2025-07-11","Sick","8","Paid","People & Culture","Rina Abdullah"
"BLD-100023","2024-09-11","Sick","8","Paid","People & Culture","Rina Abdullah"
"BLD-100023","2024-01-02","Sick","8","Paid","People & Culture","Rina Abdullah"
"BLD-100023","2023-03-14","Sick","8","Paid","People & Culture","Rina Abdullah"
"BLD-100023","2025-03-24","Late","3","Paid","People & Culture","Rina Abdullah"
"BLD-100023","2025-07-27","Sick","8","Paid","People & Culture","Rina Abdullah"
"BLD-100023","2023-09-20","Sick","8","Paid","People & Culture","Rina Abdullah"
"BLD-100023","2024-10-20","Sick","8","Paid","People & Culture","Rina Abdullah"
"BLD-100023","2024-07-03","Other","8","Unpaid","People & Culture","Rina Abdullah"
"BLD-100023","2025-11-16","Sick","8","Paid","People & Culture","Rina Abdullah"
"BLD-100023","2025-04-24","Unplanned","8","Paid","People & Culture","Rina Abdullah"
"BLD-100023","2025-01-23","Unplanned","8","Paid","People & Culture","Rina Abdullah"
"BLD-100023","2025-01-09","Unplanned","8","Paid","People & Culture","Rina Abdullah"
"BLD-100023","2023-08-18","Sick","8","Paid","People & Culture","Rina Abdullah"
"BLD-100023","2024-04-02","Other","8","Unpaid","People & Culture","Rina Abdullah"
"BLD-100023","2025-07-05","Late","3","Paid","People & Culture","Rina Abdullah"
"BLD-100023","2025-12-21","Sick","8","Paid","People & Culture","Rina Abdullah"
"BLD-100024","2023-05-31","Sick","8","Paid","People & Culture","Hind Youssef"
"BLD-100025","2025-04-07","Sick","8","Paid","Sales & Distribution","Kavita Gurung"
"BLD-100025","2023-09-25","Sick","8","Paid","Sales & Distribution","Kavita Gurung"
"BLD-100025","2025-09-21","Sick","8","Paid","Sales & Distribution","Kavita Gurung"
"BLD-100025","2023-07-31","Unplanned","8","Unpaid","Sales & Distribution","Kavita Gurung"
"BLD-100025","2023-11-17","Unplanned","8","Paid","Sales & Distribution","Kavita Gurung"
"BLD-100025","2023-10-22","Late","1","Unpaid","Sales & Distribution","Kavita Gurung"
"BLD-100025","2024-09-01","Unplanned","8","Unpaid","Sales & Distribution","Kavita Gurung"
"BLD-100025","2024-12-12","Sick","8","Paid","Sales & Distribution","Kavita Gurung"
"BLD-100025","2025-03-05","Unplanned","8","Paid","Sales & Distribution","Kavita Gurung"
"BLD-100025","2024-02-06","Late","1","Unpaid","Sales & Distribution","Kavita Gurung"
"BLD-100025","2024-06-12","Late","2","Unpaid","Sales & Distribution","Kavita Gurung"
"BLD-100025","2024-07-07","Unplanned","8","Unpaid","Sales & Distribution","Kavita Gurung"
"BLD-100025","2024-02-26","Unplanned","8","Unpaid","Sales & Distribution","Kavita Gurung"
"BLD-100025","2024-01-09","Sick","8","Paid","Sales & Distribution","Kavita Gurung"
"BLD-100025","2023-01-25","Late","2","Unpaid","Sales & Distribution","Kavita Gurung"
"BLD-100025","2024-03-05","Sick","8","Paid","Sales & Distribution","Kavita Gurung"
"BLD-100026","2023-05-01","Late","3","Paid","Quality Assurance & Food Safety","Sameer Al-Sayed"
"BLD-100027","2024-05-06","Sick","8","Paid","Supply Chain & Logistics","Rina Hassan"
"BLD-100027","2023-07-06","Unplanned","8","Unpaid","Supply Chain & Logistics","Rina Hassan"
"BLD-100027","2025-02-09","Unplanned","8","Unpaid","Supply Chain & Logistics","Rina Hassan"
"BLD-100027","2025-12-15","Late","3","Unpaid","Supply Chain & Logistics","Rina Hassan"
"BLD-100027","2023-11-09","Late","3","Unpaid","Supply Chain & Logistics","Rina Hassan"
"BLD-100027","2023-03-23","Unplanned","8","Unpaid","Supply Chain & Logistics","Rina Hassan"
"BLD-100027","2023-05-06","Unplanned","8","Unpaid","Supply Chain & Logistics","Rina Hassan"
"BLD-100027","2024-04-01","Other","8","Paid","Supply Chain & Logistics","Rina Hassan"
"BLD-100027","2025-11-28","Unplanned","8","Unpaid","Supply Chain & Logistics","Rina Hassan"
"BLD-100027","2024-11-29","Sick","8","Paid","Supply Chain & Logistics","Rina Hassan"
"BLD-100027","2024-01-15","Sick","8","Paid","Supply Chain & Logistics","Rina Hassan"
"BLD-100027","2024-07-10","Unplanned","8","Unpaid","Supply Chain & Logistics","Rina Hassan"
"BLD-100027","2025-05-01","Unplanned","8","Unpaid","Supply Chain & Logistics","Rina Hassan"
"BLD-100027","2023-09-23","Late","2","Paid","Supply Chain & Logistics","Rina Hassan"
"BLD-100027","2023-09-01","Late","2","Unpaid","Supply Chain & Logistics","Rina Hassan"
"BLD-100027","2024-05-02","Sick","8","Paid","Supply Chain & Logistics","Rina Hassan"
"BLD-100027","2025-06-20","Sick","8","Paid","Supply Chain & Logistics","Rina Hassan"
"BLD-100027","2025-11-10","Sick","8","Paid","Supply Chain & Logistics","Rina Hassan"
"BLD-100028","2023-02-23","Late","1","Unpaid","R&D","Rina Baig"
"BLD-100028","2025-08-06","Late","2","Paid","R&D","Rina Baig"
"BLD-100028","2023-02-23","Unplanned","8","Unpaid","R&D","Rina Baig"
"BLD-100028","2024-05-01","Unplanned","8","Unpaid","R&D","Rina Baig"
"BLD-100028","2023-01-05","Sick","8","Paid","R&D","Rina Baig"
"BLD-100028","2025-04-12","Late","2","Unpaid","R&D","Rina Baig"
"BLD-100028","2023-10-07","Late","1","Paid","R&D","Rina Baig"
"BLD-100028","2025-05-04","Sick","8","Paid","R&D","Rina Baig"
"BLD-100028","2025-07-24","Unplanned","8","Paid","R&D","Rina Baig"
"BLD-100028","2023-05-06","Late","1","Paid","R&D","Rina Baig"
"BLD-100028","2025-01-14","Sick","8","Paid","R&D","Rina Baig"
"BLD-100028","2023-04-03","Unplanned","8","Unpaid","R&D","Rina Baig"
"BLD-100028","2024-08-07","Sick","8","Paid","R&D","Rina Baig"
"BLD-100028","2025-12-30","Sick","8","Paid","R&D","Rina Baig"
"BLD-100028","2024-08-08","Unplanned","8","Unpaid","R&D","Rina Baig"
"BLD-100028","2023-05-30","Unplanned","8","Unpaid","R&D","Rina Baig"
"BLD-100028","2023-03-08","Late","2","Unpaid","R&D","Rina Baig"
"BLD-100028","2024-01-13","Sick","8","Paid","R&D","Rina Baig"
"BLD-100028","2023-05-28","Sick","8","Paid","R&D","Rina Baig"
"BLD-100029","2023-08-18","Sick","8","Paid","Quality Assurance & Food Safety","Nadia Santos"
"BLD-100029","2024-08-17","Sick","8","Paid","Quality Assurance & Food Safety","Nadia Santos"
"BLD-100029","2024-08-13","Unplanned","8","Unpaid","Quality Assurance & Food Safety","Nadia Santos"
"BLD-100029","2024-08-25","Unplanned","8","Unpaid","Quality Assurance & Food Safety","Nadia Santos"
"BLD-100029","2023-01-17","Sick","8","Paid","Quality Assurance & Food Safety","Nadia Santos"
"BLD-100029","2023-07-18","Sick","8","Paid","Quality Assurance & Food Safety","Nadia Santos"
"BLD-100029","2023-04-28","Late","1","Paid","Quality Assurance & Food Safety","Nadia Santos"
"BLD-100029","2023-02-10","Late","2","Unpaid","Quality Assurance & Food Safety","Nadia Santos"
"BLD-100029","2024-02-25","Unplanned","8","Unpaid","Quality Assurance & Food Safety","Nadia Santos"
"BLD-100030","2024-04-25","Sick","8","Paid","People & Culture","Layla Reyes"
"BLD-100030","2024-04-13","Other","8","Unpaid","People & Culture","Layla Reyes"
"BLD-100030","2024-12-16","Sick","8","Paid","People & Culture","Layla Reyes"
"BLD-100030","2023-06-03","Other","8","Paid","People & Culture","Layla Reyes"
"BLD-100030","2023-02-09","Sick","8","Paid","People & Culture","Layla Reyes"
"BLD-100030","2023-02-26","Sick","8","Paid","People & Culture","Layla Reyes"
"BLD-100030","2023-09-27","Unplanned","8","Unpaid","People & Culture","Layla Reyes"
"BLD-100030","2025-05-16","Sick","8","Paid","People & Culture","Layla Reyes"
"BLD-100030","2023-12-09","Sick","8","Paid","People & Culture","Layla Reyes"
"BLD-100030","2024-11-27","Sick","8","Paid","People & Culture","Layla Reyes"
"BLD-100030","2024-02-26","Unplanned","8","Paid","People & Culture","Layla Reyes"
"BLD-100030","2025-12-06","Sick","8","Paid","People & Culture","Layla Reyes"
"BLD-100031","2023-04-18","Sick","8","Paid","Engineering & Maintenance","Ravi Youssef"
"BLD-100032","2023-05-02","Unplanned","8","Paid","Sales & Distribution","Manoj Baig"
"BLD-100032","2024-07-10","Sick","8","Paid","Sales & Distribution","Manoj Baig"
"BLD-100032","2024-08-27","Late","3","Paid","Sales & Distribution","Manoj Baig"
"BLD-100032","2023-09-09","Sick","8","Paid","Sales & Distribution","Manoj Baig"
"BLD-100032","2023-12-20","Unplanned","8","Unpaid","Sales & Distribution","Manoj Baig"
"BLD-100032","2024-01-01","Sick","8","Paid","Sales & Distribution","Manoj Baig"
"BLD-100032","2023-09-08","Late","2","Unpaid","Sales & Distribution","Manoj Baig"
"BLD-100032","2023-02-23","Unplanned","8","Paid","Sales & Distribution","Manoj Baig"
"BLD-100032","2024-10-23","Sick","8","Paid","Sales & Distribution","Manoj Baig"
"BLD-100032","2023-02-21","Late","1","Paid","Sales & Distribution","Manoj Baig"
"BLD-100032","2023-01-11","Sick","8","Paid","Sales & Distribution","Manoj Baig"
"BLD-100032","2023-06-18","Unplanned","8","Paid","Sales & Distribution","Manoj Baig"
"BLD-100032","2023-05-02","Unplanned","8","Unpaid","Sales & Distribution","Manoj Baig"
"BLD-100032","2025-01-23","Sick","8","Paid","Sales & Distribution","Manoj Baig"
"BLD-100032","2025-07-19","Late","2","Paid","Sales & Distribution","Manoj Baig"
"BLD-100032","2024-11-09","Late","3","Paid","Sales & Distribution","Manoj Baig"
"BLD-100032","2025-07-26","Late","2","Unpaid","Sales & Distribution","Manoj Baig"
"BLD-100032","2024-05-13","Other","8","Paid","Sales & Distribution","Manoj Baig"
"BLD-100032","2025-03-15","Sick","8","Paid","Sales & Distribution","Manoj Baig"
"BLD-100032","2025-06-10","Late","1","Paid","Sales & Distribution","Manoj Baig"
"BLD-100032","2024-10-20","Sick","8","Paid","Sales & Distribution","Manoj Baig"
"BLD-100032","2024-11-27","Sick","8","Paid","Sales & Distribution","Manoj Baig"
"BLD-100033","2023-12-15","Sick","8","Paid","People & Culture","Waleed Rai"
"BLD-100033","2024-12-23","Unplanned","8","Unpaid","People & Culture","Waleed Rai"
"BLD-100034","2025-03-05","Unplanned","8","Paid","Procurement","Santosh Baig"
"BLD-100034","2025-04-30","Unplanned","8","Paid","Procurement","Santosh Baig"
"BLD-100034","2023-06-07","Unplanned","8","Unpaid","Procurement","Santosh Baig"
"BLD-100034","2023-10-18","Sick","8","Paid","Procurement","Santosh Baig"
"BLD-100034","2023-01-05","Other","8","Unpaid","Procurement","Santosh Baig"
"BLD-100034","2024-03-01","Late","1","Unpaid","Procurement","Santosh Baig"
"BLD-100034","2024-03-30","Unplanned","8","Paid","Procurement","Santosh Baig"
"BLD-100034","2024-08-10","Sick","8","Paid","Procurement","Santosh Baig"
"BLD-100034","2024-05-05","Sick","8","Paid","Procurement","Santosh Baig"
"BLD-100034","2024-10-13","Unplanned","8","Unpaid","Procurement","Santosh Baig"
"BLD-100034","2023-07-27","Unplanned","8","Paid","Procurement","Santosh Baig"
"BLD-100034","2023-01-20","Late","3","Unpaid","Procurement","Santosh Baig"
"BLD-100034","2023-10-06","Unplanned","8","Paid","Procurement","Santosh Baig"
"BLD-100034","2025-04-03","Unplanned","8","Unpaid","Procurement","Santosh Baig"
"BLD-100035","2023-06-17","Sick","8","Paid","People & Culture","Waleed Rai"
"BLD-100035","2023-01-09","Unplanned","8","Unpaid","People & Culture","Waleed Rai"
"BLD-100035","2023-07-16","Sick","8","Paid","People & Culture","Waleed Rai"
"BLD-100036","2024-01-11","Unplanned","8","Unpaid","Production","Yousef Al-Attiyah"
"BLD-100036","2024-05-29","Sick","8","Paid","Production","Yousef Al-Attiyah"
"BLD-100036","2024-03-28","Unplanned","8","Unpaid","Production","Yousef Al-Attiyah"
"BLD-100036","2024-07-20","Late","3","Paid","Production","Yousef Al-Attiyah"
"BLD-100036","2024-09-16","Late","3","Unpaid","Production","Yousef Al-Attiyah"
"BLD-100036","2025-08-06","Sick","8","Paid","Production","Yousef Al-Attiyah"
"BLD-100036","2023-01-04","Unplanned","8","Paid","Production","Yousef Al-Attiyah"
"BLD-100036","2023-08-13","Other","8","Paid","Production","Yousef Al-Attiyah"
"BLD-100036","2025-06-01","Late","3","Paid","Production","Yousef Al-Attiyah"
"BLD-100037","2024-07-23","Sick","8","Paid","People & Culture","Sara Santos"
"BLD-100037","2024-08-01","Unplanned","8","Unpaid","People & Culture","Sara Santos"
"BLD-100037","2024-05-17","Sick","8","Paid","People & Culture","Sara Santos"
"BLD-100037","2024-04-10","Sick","8","Paid","People & Culture","Sara Santos"
"BLD-100037","2023-12-28","Sick","8","Paid","People & Culture","Sara Santos"
"BLD-100037","2024-01-28","Sick","8","Paid","People & Culture","Sara Santos"
"BLD-100037","2023-11-03","Sick","8","Paid","People & Culture","Sara Santos"
"BLD-100037","2024-11-12","Other","8","Paid","People & Culture","Sara Santos"
"BLD-100037","2023-07-17","Late","1","Unpaid","People & Culture","Sara Santos"
"BLD-100037","2023-12-09","Sick","8","Paid","People & Culture","Sara Santos"
"BLD-100037","2023-10-05","Sick","8","Paid","People & Culture","Sara Santos"
"BLD-100037","2024-04-21","Unplanned","8","Paid","People & Culture","Sara Santos"
"BLD-100037","2024-06-03","Sick","8","Paid","People & Culture","Sara Santos"
"BLD-100038","2024-03-25","Sick","8","Paid","Procurement","Manoj Iqbal"
"BLD-100038","2023-06-01","Unplanned","8","Paid","Procurement","Manoj Iqbal"
"BLD-100038","2025-06-13","Unplanned","8","Unpaid","Procurement","Manoj Iqbal"
"BLD-100038","2025-07-15","Sick","8","Paid","Procurement","Manoj Iqbal"
"BLD-100038","2023-03-31","Sick","8","Paid","Procurement","Manoj Iqbal"
"BLD-100038","2023-10-05","Late","2","Unpaid","Procurement","Manoj Iqbal"
"BLD-100038","2024-10-02","Sick","8","Paid","Procurement","Manoj Iqbal"
"BLD-100038","2025-07-18","Sick","8","Paid","Procurement","Manoj Iqbal"
"BLD-100038","2024-02-11","Late","1","Paid","Procurement","Manoj Iqbal"
"BLD-100038","2025-04-26","Late","2","Unpaid","Procurement","Manoj Iqbal"
"BLD-100038","2023-05-13","Sick","8","Paid","Procurement","Manoj Iqbal"
"BLD-100038","2024-02-26","Late","1","Paid","Procurement","Manoj Iqbal"
"BLD-100038","2024-12-14","Sick","8","Paid","Procurement","Manoj Iqbal"
"BLD-100039","2024-03-29","Late","2","Paid","Supply Chain & Logistics","Santosh Devi"
"BLD-100039","2025-08-16","Unplanned","8","Paid","Supply Chain & Logistics","Santosh Devi"
"BLD-100039","2024-01-01","Sick","8","Paid","Supply Chain & Logistics","Santosh Devi"
"BLD-100039","2023-09-26","Late","1","Unpaid","Supply Chain & Logistics","Santosh Devi"
"BLD-100039","2025-08-31","Unplanned","8","Unpaid","Supply Chain & Logistics","Santosh Devi"
"BLD-100039","2024-05-09","Unplanned","8","Unpaid","Supply Chain & Logistics","Santosh Devi"
"BLD-100039","2024-08-03","Sick","8","Paid","Supply Chain & Logistics","Santosh Devi"
"BLD-100039","2024-01-30","Other","8","Unpaid","Supply Chain & Logistics","Santosh Devi"
"BLD-100039","2023-05-18","Other","8","Paid","Supply Chain & Logistics","Santosh Devi"
"BLD-100039","2024-02-13","Sick","8","Paid","Supply Chain & Logistics","Santosh Devi"
"BLD-100039","2024-08-30","Sick","8","Paid","Supply Chain & Logistics","Santosh Devi"
"BLD-100039","2025-08-16","Sick","8","Paid","Supply Chain & Logistics","Santosh Devi"
"BLD-100039","2023-02-02","Late","1","Unpaid","Supply Chain & Logistics","Santosh Devi"
"BLD-100040","2023-12-19","Unplanned","8","Paid","R&D","Santosh Mahmoud"
"BLD-100040","2025-07-09","Late","3","Unpaid","R&D","Santosh Mahmoud"
"BLD-100040","2024-02-11","Sick","8","Paid","R&D","Santosh Mahmoud"
"BLD-100040","2024-05-28","Late","3","Paid","R&D","Santosh Mahmoud"
"BLD-100040","2024-01-10","Sick","8","Paid","R&D","Santosh Mahmoud"
"BLD-100040","2023-03-04","Unplanned","8","Unpaid","R&D","Santosh Mahmoud"
"BLD-100040","2025-05-20","Late","3","Unpaid","R&D","Santosh Mahmoud"
"BLD-100040","2023-08-21","Sick","8","Paid","R&D","Santosh Mahmoud"
"BLD-100040","2023-11-11","Sick","8","Paid","R&D","Santosh Mahmoud"
"BLD-100040","2024-12-01","Other","8","Paid","R&D","Santosh Mahmoud"
"BLD-100040","2025-08-20","Unplanned","8","Paid","R&D","Santosh Mahmoud"
"BLD-100040","2023-03-10","Sick","8","Paid","R&D","Santosh Mahmoud"
"BLD-100040","2025-05-13","Sick","8","Paid","R&D","Santosh Mahmoud"
"BLD-100040","2024-11-23","Late","2","Unpaid","R&D","Santosh Mahmoud"
"BLD-100040","2023-12-16","Unplanned","8","Unpaid","R&D","Santosh Mahmoud"
"BLD-100040","2024-12-22","Unplanned","8","Unpaid","R&D","Santosh Mahmoud"
"BLD-100041","2024-10-19","Unplanned","8","Unpaid","Engineering & Maintenance","Vikram Abdullah"
"BLD-100041","2024-10-01","Sick","8","Paid","Engineering & Maintenance","Vikram Abdullah"
"BLD-100041","2023-02-14","Late","3","Unpaid","Engineering & Maintenance","Vikram Abdullah"
"BLD-100041","2025-04-01","Unplanned","8","Unpaid","Engineering & Maintenance","Vikram Abdullah"
"BLD-100041","2023-07-08","Late","1","Paid","Engineering & Maintenance","Vikram Abdullah"
"BLD-100041","2025-03-16","Sick","8","Paid","Engineering & Maintenance","Vikram Abdullah"
"BLD-100041","2025-03-20","Unplanned","8","Unpaid","Engineering & Maintenance","Vikram Abdullah"
"BLD-100041","2024-10-08","Late","2","Unpaid","Engineering & Maintenance","Vikram Abdullah"
"BLD-100041","2023-07-27","Sick","8","Paid","Engineering & Maintenance","Vikram Abdullah"
"BLD-100041","2024-12-10","Sick","8","Paid","Engineering & Maintenance","Vikram Abdullah"
"BLD-100041","2024-05-23","Sick","8","Paid","Engineering & Maintenance","Vikram Abdullah"
"BLD-100041","2024-04-27","Sick","8","Paid","Engineering & Maintenance","Vikram Abdullah"
"BLD-100041","2023-12-23","Unplanned","8","Unpaid","Engineering & Maintenance","Vikram Abdullah"
"BLD-100041","2025-01-01","Sick","8","Paid","Engineering & Maintenance","Vikram Abdullah"
"BLD-100042","2024-08-24","Sick","8","Paid","Supply Chain & Logistics","Khalid Ibrahim"
"BLD-100042","2024-03-16","Sick","8","Paid","Supply Chain & Logistics","Khalid Ibrahim"
"BLD-100042","2024-05-19","Sick","8","Paid","Supply Chain & Logistics","Khalid Ibrahim"
"BLD-100042","2023-04-02","Unplanned","8","Unpaid","Supply Chain & Logistics","Khalid Ibrahim"
"BLD-100043","2023-11-28","Late","2","Unpaid","IT & Digital","Juan Islam"
"BLD-100043","2023-08-11","Late","2","Unpaid","IT & Digital","Juan Islam"
"BLD-100043","2023-07-21","Unplanned","8","Unpaid","IT & Digital","Juan Islam"
"BLD-100043","2023-07-17","Unplanned","8","Paid","IT & Digital","Juan Islam"
"BLD-100043","2024-05-11","Late","1","Unpaid","IT & Digital","Juan Islam"
"BLD-100043","2023-07-14","Other","8","Unpaid","IT & Digital","Juan Islam"
"BLD-100043","2024-06-01","Late","1","Unpaid","IT & Digital","Juan Islam"
"BLD-100043","2024-04-13","Unplanned","8","Paid","IT & Digital","Juan Islam"
"BLD-100043","2024-01-08","Sick","8","Paid","IT & Digital","Juan Islam"
"BLD-100043","2024-01-31","Sick","8","Paid","IT & Digital","Juan Islam"
"BLD-100043","2023-10-11","Sick","8","Paid","IT & Digital","Juan Islam"
"BLD-100044","2024-07-10","Sick","8","Paid","People & Culture","Fatima Malik"
"BLD-100044","2024-03-07","Late","3","Paid","People & Culture","Fatima Malik"
"BLD-100044","2024-10-26","Sick","8","Paid","People & Culture","Fatima Malik"
"BLD-100044","2025-01-04","Sick","8","Paid","People & Culture","Fatima Malik"
"BLD-100045","2024-03-15","Late","2","Unpaid","R&D","Ramesh Devi"
"BLD-100045","2024-11-24","Sick","8","Paid","R&D","Ramesh Devi"
"BLD-100045","2023-03-18","Late","1","Unpaid","R&D","Ramesh Devi"
"BLD-100045","2023-10-24","Unplanned","8","Paid","R&D","Ramesh Devi"
"BLD-100045","2025-02-18","Sick","8","Paid","R&D","Ramesh Devi"
"BLD-100045","2025-07-01","Sick","8","Paid","R&D","Ramesh Devi"
"BLD-100045","2024-07-09","Unplanned","8","Unpaid","R&D","Ramesh Devi"
"BLD-100045","2024-08-28","Unplanned","8","Unpaid","R&D","Ramesh Devi"
"BLD-100045","2023-01-27","Unplanned","8","Paid","R&D","Ramesh Devi"
"BLD-100045","2025-12-31","Unplanned","8","Unpaid","R&D","Ramesh Devi"
"BLD-100045","2023-12-18","Unplanned","8","Unpaid","R&D","Ramesh Devi"
"BLD-100045","2023-12-15","Sick","8","Paid","R&D","Ramesh Devi"
"BLD-100046","2023-12-21","Late","3","Unpaid","Engineering & Maintenance","Juan Kapoor"
"BLD-100046","2025-10-23","Sick","8","Paid","Engineering & Maintenance","Juan Kapoor"
"BLD-100046","2024-04-01","Unplanned","8","Unpaid","Engineering & Maintenance","Juan Kapoor"
"BLD-100046","2023-07-03","Late","2","Paid","Engineering & Maintenance","Juan Kapoor"
"BLD-100046","2024-09-16","Sick","8","Paid","Engineering & Maintenance","Juan Kapoor"
"BLD-100046","2025-08-21","Sick","8","Paid","Engineering & Maintenance","Juan Kapoor"
"BLD-100046","2023-12-04","Sick","8","Paid","Engineering & Maintenance","Juan Kapoor"
"BLD-100046","2024-08-08","Sick","8","Paid","Engineering & Maintenance","Juan Kapoor"
"BLD-100046","2023-09-06","Sick","8","Paid","Engineering & Maintenance","Juan Kapoor"
"BLD-100046","2023-01-01","Late","1","Unpaid","Engineering & Maintenance","Juan Kapoor"
"BLD-100046","2023-02-08","Late","2","Paid","Engineering & Maintenance","Juan Kapoor"
"BLD-100046","2023-07-04","Late","1","Unpaid","Engineering & Maintenance","Juan Kapoor"
"BLD-100046","2025-06-21","Late","1","Paid","Engineering & Maintenance","Juan Kapoor"
"BLD-100046","2023-04-12","Unplanned","8","Paid","Engineering & Maintenance","Juan Kapoor"
"BLD-100046","2023-12-25","Unplanned","8","Unpaid","Engineering & Maintenance","Juan Kapoor"
"BLD-100046","2025-04-04","Unplanned","8","Paid","Engineering & Maintenance","Juan Kapoor"
"BLD-100046","2024-03-27","Sick","8","Paid","Engineering & Maintenance","Juan Kapoor"
"BLD-100046","2023-08-29","Late","3","Paid","Engineering & Maintenance","Juan Kapoor"
"BLD-100046","2023-05-11","Sick","8","Paid","Engineering & Maintenance","Juan Kapoor"
"BLD-100047","2023-05-11","Sick","8","Paid","Quality Assurance & Food Safety","Nadia Thapa"
"BLD-100047","2023-11-22","Late","3","Unpaid","Quality Assurance & Food Safety","Nadia Thapa"
"BLD-100047","2024-12-09","Sick","8","Paid","Quality Assurance & Food Safety","Nadia Thapa"
"BLD-100047","2024-03-24","Unplanned","8","Paid","Quality Assurance & Food Safety","Nadia Thapa"
"BLD-100047","2023-06-10","Unplanned","8","Unpaid","Quality Assurance & Food Safety","Nadia Thapa"
"BLD-100047","2024-06-25","Late","2","Unpaid","Quality Assurance & Food Safety","Nadia Thapa"
"BLD-100047","2023-12-03","Sick","8","Paid","Quality Assurance & Food Safety","Nadia Thapa"
"BLD-100048","2023-01-05","Sick","8","Paid","Farm Operations","Tariq Pereira"
"BLD-100048","2023-02-09","Late","3","Unpaid","Farm Operations","Tariq Pereira"
"BLD-100049","2023-01-30","Unplanned","8","Unpaid","Finance","Sanjay Gurung"
"BLD-100049","2023-02-26","Sick","8","Paid","Finance","Sanjay Gurung"
"BLD-100051","2024-01-08","Unplanned","8","Paid","Quality Assurance & Food Safety","Ahmed Farouk"
"BLD-100051","2023-08-24","Unplanned","8","Paid","Quality Assurance & Food Safety","Ahmed Farouk"
"BLD-100051","2025-09-05","Sick","8","Paid","Quality Assurance & Food Safety","Ahmed Farouk"
"BLD-100051","2023-04-19","Sick","8","Paid","Quality Assurance & Food Safety","Ahmed Farouk"
"BLD-100051","2024-07-25","Sick","8","Paid","Quality Assurance & Food Safety","Ahmed Farouk"
"BLD-100051","2023-07-13","Late","1","Paid","Quality Assurance & Food Safety","Ahmed Farouk"
"BLD-100051","2023-12-18","Sick","8","Paid","Quality Assurance & Food Safety","Ahmed Farouk"
"BLD-100051","2024-07-29","Sick","8","Paid","Quality Assurance & Food Safety","Ahmed Farouk"
"BLD-100052","2024-01-27","Unplanned","8","Paid","Production","Juan Hassan"
"BLD-100052","2023-08-07","Late","3","Unpaid","Production","Juan Hassan"
"BLD-100052","2025-01-28","Other","8","Paid","Production","Juan Hassan"
"BLD-100052","2024-07-30","Sick","8","Paid","Production","Juan Hassan"
"BLD-100052","2023-03-10","Late","1","Unpaid","Production","Juan Hassan"
"BLD-100052","2025-09-30","Sick","8","Paid","Production","Juan Hassan"
"BLD-100053","2023-05-13","Unplanned","8","Paid","Sales & Distribution","Jose Malik"
"BLD-100053","2023-04-18","Sick","8","Paid","Sales & Distribution","Jose Malik"
"BLD-100053","2023-02-22","Sick","8","Paid","Sales & Distribution","Jose Malik"
"BLD-100053","2023-05-11","Unplanned","8","Paid","Sales & Distribution","Jose Malik"
"BLD-100053","2023-05-23","Sick","8","Paid","Sales & Distribution","Jose Malik"
"BLD-100054","2024-02-20","Late","3","Paid","Procurement","Huda Al-Sayed"
"BLD-100054","2025-04-27","Unplanned","8","Unpaid","Procurement","Huda Al-Sayed"
"BLD-100054","2023-12-27","Unplanned","8","Unpaid","Procurement","Huda Al-Sayed"
"BLD-100054","2024-01-20","Sick","8","Paid","Procurement","Huda Al-Sayed"
"BLD-100054","2024-08-30","Sick","8","Paid","Procurement","Huda Al-Sayed"
"BLD-100054","2023-03-19","Sick","8","Paid","Procurement","Huda Al-Sayed"
"BLD-100054","2024-02-19","Sick","8","Paid","Procurement","Huda Al-Sayed"
"BLD-100054","2024-07-02","Sick","8","Paid","Procurement","Huda Al-Sayed"
"BLD-100054","2025-03-03","Sick","8","Paid","Procurement","Huda Al-Sayed"
"BLD-100054","2025-05-05","Late","2","Paid","Procurement","Huda Al-Sayed"
"BLD-100054","2024-07-30","Late","3","Unpaid","Procurement","Huda Al-Sayed"
"BLD-100054","2023-04-25","Sick","8","Paid","Procurement","Huda Al-Sayed"
"BLD-100054","2025-01-03","Late","3","Unpaid","Procurement","Huda Al-Sayed"
"BLD-100054","2024-03-06","Unplanned","8","Paid","Procurement","Huda Al-Sayed"
"BLD-100054","2024-11-06","Unplanned","8","Unpaid","Procurement","Huda Al-Sayed"
"BLD-100054","2023-02-12","Sick","8","Paid","Procurement","Huda Al-Sayed"
"BLD-100055","2025-08-23","Sick","8","Paid","Farm Operations","Anil Khan"
"BLD-100055","2025-08-21","Unplanned","8","Paid","Farm Operations","Anil Khan"
"BLD-100055","2025-01-06","Late","1","Unpaid","Farm Operations","Anil Khan"
"BLD-100055","2023-08-24","Other","8","Unpaid","Farm Operations","Anil Khan"
"BLD-100055","2024-08-10","Late","3","Unpaid","Farm Operations","Anil Khan"
"BLD-100055","2023-07-25","Late","2","Paid","Farm Operations","Anil Khan"
"BLD-100056","2023-08-03","Sick","8","Paid","Marketing","Anil Kapoor"
"BLD-100056","2024-05-20","Late","3","Paid","Marketing","Anil Kapoor"
"BLD-100056","2024-02-10","Late","1","Paid","Marketing","Anil Kapoor"
"BLD-100056","2024-06-23","Unplanned","8","Unpaid","Marketing","Anil Kapoor"
"BLD-100056","2023-10-26","Sick","8","Paid","Marketing","Anil Kapoor"
"BLD-100056","2023-12-26","Sick","8","Paid","Marketing","Anil Kapoor"
"BLD-100056","2024-01-19","Unplanned","8","Paid","Marketing","Anil Kapoor"
"BLD-100057","2023-04-01","Late","1","Unpaid","Quality Assurance & Food Safety","Pooja Mansour"
"BLD-100057","2023-04-20","Other","8","Paid","Quality Assurance & Food Safety","Pooja Mansour"
"BLD-100057","2024-01-31","Unplanned","8","Unpaid","Quality Assurance & Food Safety","Pooja Mansour"
"BLD-100057","2024-03-08","Sick","8","Paid","Quality Assurance & Food Safety","Pooja Mansour"
"BLD-100057","2023-11-07","Sick","8","Paid","Quality Assurance & Food Safety","Pooja Mansour"
"BLD-100058","2023-08-24","Late","1","Paid","Quality Assurance & Food Safety","Manoj Pereira"
"BLD-100058","2024-08-24","Late","2","Unpaid","Quality Assurance & Food Safety","Manoj Pereira"
"BLD-100058","2024-08-12","Sick","8","Paid","Quality Assurance & Food Safety","Manoj Pereira"
"BLD-100058","2023-11-27","Sick","8","Paid","Quality Assurance & Food Safety","Manoj Pereira"
"BLD-100058","2023-05-24","Sick","8","Paid","Quality Assurance & Food Safety","Manoj Pereira"
"BLD-100058","2025-03-17","Sick","8","Paid","Quality Assurance & Food Safety","Manoj Pereira"
"BLD-100058","2024-03-03","Other","8","Paid","Quality Assurance & Food Safety","Manoj Pereira"
"BLD-100058","2023-08-27","Late","1","Unpaid","Quality Assurance & Food Safety","Manoj Pereira"
"BLD-100058","2024-08-12","Other","8","Unpaid","Quality Assurance & Food Safety","Manoj Pereira"
"BLD-100058","2023-10-29","Sick","8","Paid","Quality Assurance & Food Safety","Manoj Pereira"
"BLD-100058","2025-02-24","Late","1","Unpaid","Quality Assurance & Food Safety","Manoj Pereira"
"BLD-100058","2024-03-30","Late","1","Unpaid","Quality Assurance & Food Safety","Manoj Pereira"
"BLD-100058","2025-03-20","Unplanned","8","Unpaid","Quality Assurance & Food Safety","Manoj Pereira"
"BLD-100058","2024-12-19","Sick","8","Paid","Quality Assurance & Food Safety","Manoj Pereira"
"BLD-100058","2023-11-18","Sick","8","Paid","Quality Assurance & Food Safety","Manoj Pereira"
"BLD-100058","2023-04-06","Sick","8","Paid","Quality Assurance & Food Safety","Manoj Pereira"
"BLD-100058","2023-03-16","Late","3","Unpaid","Quality Assurance & Food Safety","Manoj Pereira"
"BLD-100059","2024-05-03","Unplanned","8","Unpaid","R&D","Manoj Fernandes"
"BLD-100059","2025-08-12","Sick","8","Paid","R&D","Manoj Fernandes"
"BLD-100059","2025-12-07","Sick","8","Paid","R&D","Manoj Fernandes"
"BLD-100059","2024-01-25","Sick","8","Paid","R&D","Manoj Fernandes"
"BLD-100059","2023-06-18","Sick","8","Paid","R&D","Manoj Fernandes"
"BLD-100060","2025-03-07","Late","1","Unpaid","Procurement","Priya Baig"
"BLD-100060","2024-10-13","Late","3","Paid","Procurement","Priya Baig"
"BLD-100060","2023-04-23","Sick","8","Paid","Procurement","Priya Baig"
"BLD-100060","2023-04-01","Sick","8","Paid","Procurement","Priya Baig"
"BLD-100060","2024-09-12","Sick","8","Paid","Procurement","Priya Baig"
"BLD-100060","2025-08-03","Late","1","Paid","Procurement","Priya Baig"
"BLD-100060","2024-06-24","Sick","8","Paid","Procurement","Priya Baig"
"BLD-100060","2023-07-05","Unplanned","8","Unpaid","Procurement","Priya Baig"
"BLD-100060","2024-10-15","Sick","8","Paid","Procurement","Priya Baig"
"BLD-100060","2025-02-06","Sick","8","Paid","Procurement","Priya Baig"
"BLD-100060","2024-12-22","Late","3","Paid","Procurement","Priya Baig"
"BLD-100060","2023-07-07","Unplanned","8","Unpaid","Procurement","Priya Baig"
"BLD-100060","2023-02-01","Sick","8","Paid","Procurement","Priya Baig"
"BLD-100060","2024-05-23","Other","8","Unpaid","Procurement","Priya Baig"
"BLD-100060","2024-05-27","Sick","8","Paid","Procurement","Priya Baig"
"BLD-100061","2024-06-07","Sick","8","Paid","Sales & Distribution","Khalid Cruz"
"BLD-100061","2025-02-27","Sick","8","Paid","Sales & Distribution","Khalid Cruz"
"BLD-100061","2024-11-29","Other","8","Unpaid","Sales & Distribution","Khalid Cruz"
"BLD-100061","2024-06-25","Unplanned","8","Paid","Sales & Distribution","Khalid Cruz"
"BLD-100061","2025-09-09","Late","3","Unpaid","Sales & Distribution","Khalid Cruz"
"BLD-100061","2024-12-11","Sick","8","Paid","Sales & Distribution","Khalid Cruz"
"BLD-100061","2024-05-14","Late","2","Unpaid","Sales & Distribution","Khalid Cruz"
"BLD-100061","2023-11-27","Unplanned","8","Unpaid","Sales & Distribution","Khalid Cruz"
"BLD-100061","2024-01-17","Other","8","Paid","Sales & Distribution","Khalid Cruz"
"BLD-100062","2023-06-10","Unplanned","8","Unpaid","Quality Assurance & Food Safety","Rajesh Kapoor"
"BLD-100062","2023-03-24","Late","3","Paid","Quality Assurance & Food Safety","Rajesh Kapoor"
"BLD-100062","2023-04-23","Other","8","Paid","Quality Assurance & Food Safety","Rajesh Kapoor"
"BLD-100062","2023-04-28","Sick","8","Paid","Quality Assurance & Food Safety","Rajesh Kapoor"
"BLD-100062","2023-03-23","Unplanned","8","Unpaid","Quality Assurance & Food Safety","Rajesh Kapoor"
"BLD-100062","2023-10-29","Unplanned","8","Paid","Quality Assurance & Food Safety","Rajesh Kapoor"
"BLD-100062","2023-11-11","Sick","8","Paid","Quality Assurance & Food Safety","Rajesh Kapoor"
"BLD-100063","2024-02-07","Sick","8","Paid","Supply Chain & Logistics","Layla Ahmed"
"BLD-100063","2023-10-10","Sick","8","Paid","Supply Chain & Logistics","Layla Ahmed"
"BLD-100063","2025-01-01","Unplanned","8","Paid","Supply Chain & Logistics","Layla Ahmed"
"BLD-100063","2024-07-22","Unplanned","8","Unpaid","Supply Chain & Logistics","Layla Ahmed"
"BLD-100063","2024-08-24","Late","3","Unpaid","Supply Chain & Logistics","Layla Ahmed"
"BLD-100063","2024-03-30","Sick","8","Paid","Supply Chain & Logistics","Layla Ahmed"
"BLD-100063","2025-04-28","Sick","8","Paid","Supply Chain & Logistics","Layla Ahmed"
"BLD-100063","2023-07-07","Unplanned","8","Paid","Supply Chain & Logistics","Layla Ahmed"
"BLD-100063","2023-07-02","Sick","8","Paid","Supply Chain & Logistics","Layla Ahmed"
"BLD-100063","2025-07-29","Sick","8","Paid","Supply Chain & Logistics","Layla Ahmed"
"BLD-100063","2025-02-16","Sick","8","Paid","Supply Chain & Logistics","Layla Ahmed"
"BLD-100063","2024-01-13","Sick","8","Paid","Supply Chain & Logistics","Layla Ahmed"
"BLD-100063","2023-05-16","Sick","8","Paid","Supply Chain & Logistics","Layla Ahmed"
"BLD-100063","2025-06-08","Sick","8","Paid","Supply Chain & Logistics","Layla Ahmed"
"BLD-100063","2024-01-17","Late","1","Unpaid","Supply Chain & Logistics","Layla Ahmed"
"BLD-100064","2023-08-06","Sick","8","Paid","Finance","Hassan Reyes"
"BLD-100064","2023-05-16","Unplanned","8","Unpaid","Finance","Hassan Reyes"
"BLD-100064","2023-04-22","Unplanned","8","Unpaid","Finance","Hassan Reyes"
"BLD-100064","2023-05-31","Sick","8","Paid","Finance","Hassan Reyes"
"BLD-100064","2023-07-15","Sick","8","Paid","Finance","Hassan Reyes"
"BLD-100064","2023-02-16","Late","3","Unpaid","Finance","Hassan Reyes"
"BLD-100064","2023-06-06","Late","3","Paid","Finance","Hassan Reyes"
"BLD-100064","2023-01-30","Sick","8","Paid","Finance","Hassan Reyes"
"BLD-100066","2024-03-16","Late","3","Unpaid","Finance","Ali Ahmed"
"BLD-100066","2024-03-17","Unplanned","8","Paid","Finance","Ali Ahmed"
"BLD-100066","2025-03-21","Late","1","Paid","Finance","Ali Ahmed"
"BLD-100066","2025-10-06","Sick","8","Paid","Finance","Ali Ahmed"
"BLD-100066","2025-09-27","Unplanned","8","Unpaid","Finance","Ali Ahmed"
"BLD-100066","2024-04-05","Sick","8","Paid","Finance","Ali Ahmed"
"BLD-100067","2023-01-15","Sick","8","Paid","Sales & Distribution","Bishnu Al-Marri"
"BLD-100068","2024-09-18","Other","8","Paid","People & Culture","Khalid Santos"
"BLD-100068","2024-09-17","Sick","8","Paid","People & Culture","Khalid Santos"
"BLD-100068","2025-09-10","Late","2","Paid","People & Culture","Khalid Santos"
"BLD-100068","2023-06-03","Unplanned","8","Paid","People & Culture","Khalid Santos"
"BLD-100068","2024-03-09","Sick","8","Paid","People & Culture","Khalid Santos"
"BLD-100068","2023-07-09","Sick","8","Paid","People & Culture","Khalid Santos"
"BLD-100068","2023-08-03","Unplanned","8","Unpaid","People & Culture","Khalid Santos"
"BLD-100069","2023-05-24","Sick","8","Paid","Sales & Distribution","Khalid Sharma"
"BLD-100069","2023-08-08","Unplanned","8","Paid","Sales & Distribution","Khalid Sharma"
"BLD-100069","2023-07-30","Late","3","Unpaid","Sales & Distribution","Khalid Sharma"
"BLD-100069","2024-11-28","Sick","8","Paid","Sales & Distribution","Khalid Sharma"
"BLD-100069","2023-10-19","Sick","8","Paid","Sales & Distribution","Khalid Sharma"
"BLD-100069","2023-10-30","Late","1","Unpaid","Sales & Distribution","Khalid Sharma"
"BLD-100069","2025-10-16","Late","1","Paid","Sales & Distribution","Khalid Sharma"
"BLD-100069","2023-10-08","Sick","8","Paid","Sales & Distribution","Khalid Sharma"
"BLD-100069","2023-02-08","Unplanned","8","Unpaid","Sales & Distribution","Khalid Sharma"
"BLD-100069","2023-06-26","Late","1","Unpaid","Sales & Distribution","Khalid Sharma"
"BLD-100070","2023-05-14","Late","3","Unpaid","Quality Assurance & Food Safety","Aisha Malik"
"BLD-100070","2025-12-04","Late","2","Unpaid","Quality Assurance & Food Safety","Aisha Malik"
"BLD-100070","2025-12-15","Late","3","Unpaid","Quality Assurance & Food Safety","Aisha Malik"
"BLD-100070","2024-11-11","Sick","8","Paid","Quality Assurance & Food Safety","Aisha Malik"
"BLD-100070","2023-11-12","Sick","8","Paid","Quality Assurance & Food Safety","Aisha Malik"
"BLD-100070","2023-12-05","Unplanned","8","Unpaid","Quality Assurance & Food Safety","Aisha Malik"
"BLD-100070","2024-07-05","Sick","8","Paid","Quality Assurance & Food Safety","Aisha Malik"
"BLD-100071","2023-03-19","Sick","8","Paid","Sales & Distribution","Suresh Iqbal"
"BLD-100071","2025-12-17","Sick","8","Paid","Sales & Distribution","Suresh Iqbal"
"BLD-100071","2024-11-05","Sick","8","Paid","Sales & Distribution","Suresh Iqbal"
"BLD-100071","2025-08-17","Late","2","Unpaid","Sales & Distribution","Suresh Iqbal"
"BLD-100071","2024-02-24","Late","3","Unpaid","Sales & Distribution","Suresh Iqbal"
"BLD-100071","2023-11-27","Sick","8","Paid","Sales & Distribution","Suresh Iqbal"
"BLD-100071","2023-09-15","Unplanned","8","Unpaid","Sales & Distribution","Suresh Iqbal"
"BLD-100071","2024-10-26","Sick","8","Paid","Sales & Distribution","Suresh Iqbal"
"BLD-100071","2024-05-14","Unplanned","8","Unpaid","Sales & Distribution","Suresh Iqbal"
"BLD-100071","2023-08-30","Unplanned","8","Paid","Sales & Distribution","Suresh Iqbal"
"BLD-100071","2024-05-10","Late","2","Paid","Sales & Distribution","Suresh Iqbal"
"BLD-100071","2025-07-10","Late","2","Paid","Sales & Distribution","Suresh Iqbal"
"BLD-100071","2024-01-30","Sick","8","Paid","Sales & Distribution","Suresh Iqbal"
"BLD-100071","2025-04-01","Late","1","Unpaid","Sales & Distribution","Suresh Iqbal"
"BLD-100072","2025-03-28","Other","8","Unpaid","Supply Chain & Logistics","Sanjay Devi"
"BLD-100072","2023-04-29","Unplanned","8","Unpaid","Supply Chain & Logistics","Sanjay Devi"
"BLD-100072","2024-11-27","Unplanned","8","Unpaid","Supply Chain & Logistics","Sanjay Devi"
"BLD-100072","2023-03-09","Sick","8","Paid","Supply Chain & Logistics","Sanjay Devi"
"BLD-100072","2024-12-02","Late","3","Paid","Supply Chain & Logistics","Sanjay Devi"
"BLD-100073","2025-06-08","Sick","8","Paid","Farm Operations","Mohamed El-Sayed"
"BLD-100073","2024-02-21","Other","8","Paid","Farm Operations","Mohamed El-Sayed"
"BLD-100073","2023-03-20","Sick","8","Paid","Farm Operations","Mohamed El-Sayed"
"BLD-100073","2024-08-01","Unplanned","8","Unpaid","Farm Operations","Mohamed El-Sayed"
"BLD-100073","2025-06-25","Unplanned","8","Unpaid","Farm Operations","Mohamed El-Sayed"
"BLD-100073","2023-12-04","Unplanned","8","Unpaid","Farm Operations","Mohamed El-Sayed"
"BLD-100073","2024-11-30","Sick","8","Paid","Farm Operations","Mohamed El-Sayed"
"BLD-100073","2025-02-11","Unplanned","8","Paid","Farm Operations","Mohamed El-Sayed"
"BLD-100074","2023-04-22","Late","3","Unpaid","Procurement","Joy Reyes"
"BLD-100074","2023-04-16","Late","3","Unpaid","Procurement","Joy Reyes"
"BLD-100074","2023-01-25","Sick","8","Paid","Procurement","Joy Reyes"
"BLD-100075","2024-12-13","Sick","8","Paid","Production","Manoj Youssef"
"BLD-100075","2025-09-24","Unplanned","8","Paid","Production","Manoj Youssef"
"BLD-100075","2024-01-07","Unplanned","8","Unpaid","Production","Manoj Youssef"
"BLD-100075","2024-08-30","Unplanned","8","Paid","Production","Manoj Youssef"
"BLD-100075","2023-12-25","Unplanned","8","Unpaid","Production","Manoj Youssef"
"BLD-100075","2025-01-30","Sick","8","Paid","Production","Manoj Youssef"
"BLD-100075","2025-04-03","Sick","8","Paid","Production","Manoj Youssef"
"BLD-100075","2024-05-04","Sick","8","Paid","Production","Manoj Youssef"
"BLD-100075","2025-12-27","Sick","8","Paid","Production","Manoj Youssef"
"BLD-100075","2023-09-01","Unplanned","8","Paid","Production","Manoj Youssef"
"BLD-100075","2025-07-15","Unplanned","8","Unpaid","Production","Manoj Youssef"
"BLD-100075","2025-06-28","Unplanned","8","Unpaid","Production","Manoj Youssef"
"BLD-100075","2023-04-01","Late","2","Unpaid","Production","Manoj Youssef"
"BLD-100076","2025-01-31","Sick","8","Paid","Marketing","Nadia Iqbal"
"BLD-100076","2024-07-16","Unplanned","8","Unpaid","Marketing","Nadia Iqbal"
"BLD-100076","2024-01-28","Unplanned","8","Unpaid","Marketing","Nadia Iqbal"
"BLD-100076","2024-12-04","Other","8","Unpaid","Marketing","Nadia Iqbal"
"BLD-100076","2024-03-25","Sick","8","Paid","Marketing","Nadia Iqbal"
"BLD-100076","2023-05-19","Sick","8","Paid","Marketing","Nadia Iqbal"
"BLD-100076","2024-03-23","Sick","8","Paid","Marketing","Nadia Iqbal"
"BLD-100076","2023-01-01","Late","2","Paid","Marketing","Nadia Iqbal"
"BLD-100076","2024-07-13","Unplanned","8","Paid","Marketing","Nadia Iqbal"
"BLD-100076","2023-03-22","Sick","8","Paid","Marketing","Nadia Iqbal"
"BLD-100076","2024-12-19","Unplanned","8","Paid","Marketing","Nadia Iqbal"
"BLD-100076","2023-10-29","Sick","8","Paid","Marketing","Nadia Iqbal"
"BLD-100077","2023-12-26","Sick","8","Paid","Quality Assurance & Food Safety","Sameer Al-Sayed"
"BLD-100077","2023-07-15","Sick","8","Paid","Quality Assurance & Food Safety","Sameer Al-Sayed"
"BLD-100077","2023-05-21","Unplanned","8","Unpaid","Quality Assurance & Food Safety","Sameer Al-Sayed"
"BLD-100077","2023-01-05","Unplanned","8","Unpaid","Quality Assurance & Food Safety","Sameer Al-Sayed"
"BLD-100077","2024-07-08","Late","2","Paid","Quality Assurance & Food Safety","Sameer Al-Sayed"
"BLD-100077","2024-06-06","Unplanned","8","Unpaid","Quality Assurance & Food Safety","Sameer Al-Sayed"
"BLD-100077","2023-05-06","Sick","8","Paid","Quality Assurance & Food Safety","Sameer Al-Sayed"
"BLD-100078","2023-02-04","Unplanned","8","Unpaid","Engineering & Maintenance","Yasmin Fernandes"
"BLD-100078","2023-01-21","Unplanned","8","Unpaid","Engineering & Maintenance","Yasmin Fernandes"
"BLD-100078","2023-02-28","Unplanned","8","Paid","Engineering & Maintenance","Yasmin Fernandes"
"BLD-100078","2023-02-18","Sick","8","Paid","Engineering & Maintenance","Yasmin Fernandes"
"BLD-100078","2023-02-08","Sick","8","Paid","Engineering & Maintenance","Yasmin Fernandes"
"BLD-100079","2023-01-16","Unplanned","8","Paid","Procurement","Hari Hassan"
"BLD-100079","2023-04-26","Sick","8","Paid","Procurement","Hari Hassan"
"BLD-100081","2023-01-03","Unplanned","8","Paid","Quality Assurance & Food Safety","Sara Al-Marri"
"BLD-100081","2023-01-17","Late","1","Unpaid","Quality Assurance & Food Safety","Sara Al-Marri"
"BLD-100082","2023-06-20","Sick","8","Paid","Corporate & Executive Office","Rakesh Islam"
"BLD-100082","2024-05-10","Late","3","Paid","Corporate & Executive Office","Rakesh Islam"
"BLD-100082","2024-08-23","Late","1","Unpaid","Corporate & Executive Office","Rakesh Islam"
"BLD-100082","2025-01-17","Sick","8","Paid","Corporate & Executive Office","Rakesh Islam"
"BLD-100082","2023-06-14","Unplanned","8","Unpaid","Corporate & Executive Office","Rakesh Islam"
"BLD-100082","2023-08-04","Other","8","Unpaid","Corporate & Executive Office","Rakesh Islam"
"BLD-100082","2024-10-18","Sick","8","Paid","Corporate & Executive Office","Rakesh Islam"
"BLD-100082","2025-10-06","Sick","8","Paid","Corporate & Executive Office","Rakesh Islam"
"BLD-100082","2024-06-07","Sick","8","Paid","Corporate & Executive Office","Rakesh Islam"
"BLD-100082","2025-03-15","Sick","8","Paid","Corporate & Executive Office","Rakesh Islam"
"BLD-100082","2023-02-20","Unplanned","8","Paid","Corporate & Executive Office","Rakesh Islam"
"BLD-100082","2023-12-23","Unplanned","8","Unpaid","Corporate & Executive Office","Rakesh Islam"
"BLD-100082","2024-04-26","Late","2","Unpaid","Corporate & Executive Office","Rakesh Islam"
"BLD-100082","2025-06-07","Sick","8","Paid","Corporate & Executive Office","Rakesh Islam"
"BLD-100082","2025-08-05","Unplanned","8","Paid","Corporate & Executive Office","Rakesh Islam"
"BLD-100082","2024-06-04","Sick","8","Paid","Corporate & Executive Office","Rakesh Islam"
"BLD-100083","2023-11-29","Other","8","Paid","Procurement","Arjun Hassan"
"BLD-100083","2025-10-10","Late","3","Unpaid","Procurement","Arjun Hassan"
"BLD-100083","2025-11-29","Other","8","Unpaid","Procurement","Arjun Hassan"
"BLD-100083","2025-05-15","Late","1","Unpaid","Procurement","Arjun Hassan"
"BLD-100083","2025-10-25","Sick","8","Paid","Procurement","Arjun Hassan"
"BLD-100083","2024-11-04","Unplanned","8","Paid","Procurement","Arjun Hassan"
"BLD-100083","2024-12-27","Sick","8","Paid","Procurement","Arjun Hassan"
"BLD-100083","2025-03-21","Unplanned","8","Unpaid","Procurement","Arjun Hassan"
"BLD-100084","2023-11-18","Unplanned","8","Paid","Finance","Omar Thapa"
"BLD-100084","2023-12-02","Sick","8","Paid","Finance","Omar Thapa"
"BLD-100085","2023-02-19","Other","8","Paid","Supply Chain & Logistics","Santosh Devi"
"BLD-100085","2023-12-30","Sick","8","Paid","Supply Chain & Logistics","Santosh Devi"
"BLD-100085","2023-12-19","Sick","8","Paid","Supply Chain & Logistics","Santosh Devi"
"BLD-100085","2023-12-20","Sick","8","Paid","Supply Chain & Logistics","Santosh Devi"
"BLD-100085","2023-08-06","Late","2","Paid","Supply Chain & Logistics","Santosh Devi"
"BLD-100085","2023-09-26","Late","2","Unpaid","Supply Chain & Logistics","Santosh Devi"
"BLD-100085","2023-06-16","Sick","8","Paid","Supply Chain & Logistics","Santosh Devi"
"BLD-100085","2024-03-18","Other","8","Unpaid","Supply Chain & Logistics","Santosh Devi"
"BLD-100085","2023-04-10","Late","1","Unpaid","Supply Chain & Logistics","Santosh Devi"
"BLD-100085","2023-05-29","Sick","8","Paid","Supply Chain & Logistics","Santosh Devi"
"BLD-100085","2023-03-16","Unplanned","8","Paid","Supply Chain & Logistics","Santosh Devi"
"BLD-100086","2025-01-21","Sick","8","Paid","Quality Assurance & Food Safety","Rakesh Cruz"
"BLD-100086","2024-11-04","Unplanned","8","Paid","Quality Assurance & Food Safety","Rakesh Cruz"
"BLD-100086","2024-03-28","Sick","8","Paid","Quality Assurance & Food Safety","Rakesh Cruz"
"BLD-100086","2023-01-16","Unplanned","8","Paid","Quality Assurance & Food Safety","Rakesh Cruz"
"BLD-100086","2025-04-18","Sick","8","Paid","Quality Assurance & Food Safety","Rakesh Cruz"
"BLD-100086","2025-06-07","Unplanned","8","Unpaid","Quality Assurance & Food Safety","Rakesh Cruz"
"BLD-100087","2023-04-17","Late","3","Paid","R&D","Suresh Reyes"
"BLD-100087","2025-12-09","Late","2","Paid","R&D","Suresh Reyes"
"BLD-100087","2025-04-23","Unplanned","8","Unpaid","R&D","Suresh Reyes"
"BLD-100087","2025-05-13","Other","8","Paid","R&D","Suresh Reyes"
"BLD-100088","2024-08-10","Sick","8","Paid","Marketing","Vikram Ahmed"
"BLD-100088","2023-06-10","Other","8","Paid","Marketing","Vikram Ahmed"
"BLD-100088","2023-03-27","Late","2","Paid","Marketing","Vikram Ahmed"
"BLD-100088","2023-01-04","Other","8","Unpaid","Marketing","Vikram Ahmed"
"BLD-100088","2024-06-09","Sick","8","Paid","Marketing","Vikram Ahmed"
"BLD-100088","2023-08-16","Late","1","Paid","Marketing","Vikram Ahmed"
"BLD-100088","2025-05-14","Sick","8","Paid","Marketing","Vikram Ahmed"
"BLD-100088","2024-07-06","Sick","8","Paid","Marketing","Vikram Ahmed"
"BLD-100088","2023-01-10","Unplanned","8","Unpaid","Marketing","Vikram Ahmed"
"BLD-100088","2025-10-16","Sick","8","Paid","Marketing","Vikram Ahmed"
"BLD-100088","2025-08-23","Late","2","Unpaid","Marketing","Vikram Ahmed"
"BLD-100088","2023-05-22","Late","1","Paid","Marketing","Vikram Ahmed"
"BLD-100088","2023-12-27","Other","8","Paid","Marketing","Vikram Ahmed"
"BLD-100088","2024-08-04","Sick","8","Paid","Marketing","Vikram Ahmed"
"BLD-100088","2023-08-07","Sick","8","Paid","Marketing","Vikram Ahmed"
"BLD-100088","2023-02-04","Sick","8","Paid","Marketing","Vikram Ahmed"
"BLD-100089","2023-02-17","Unplanned","8","Paid","Supply Chain & Logistics","Prakash Kapoor"
"BLD-100089","2024-02-04","Late","2","Paid","Supply Chain & Logistics","Prakash Kapoor"
"BLD-100089","2023-06-10","Unplanned","8","Paid","Supply Chain & Logistics","Prakash Kapoor"
"BLD-100089","2024-03-22","Unplanned","8","Paid","Supply Chain & Logistics","Prakash Kapoor"
"BLD-100089","2023-04-22","Late","3","Unpaid","Supply Chain & Logistics","Prakash Kapoor"
"BLD-100089","2024-03-15","Unplanned","8","Unpaid","Supply Chain & Logistics","Prakash Kapoor"
"BLD-100089","2023-11-18","Sick","8","Paid","Supply Chain & Logistics","Prakash Kapoor"
"BLD-100089","2024-04-10","Sick","8","Paid","Supply Chain & Logistics","Prakash Kapoor"
"BLD-100090","2025-05-06","Unplanned","8","Paid","Supply Chain & Logistics","Jose Reyes"
"BLD-100090","2023-07-14","Late","2","Paid","Supply Chain & Logistics","Jose Reyes"
"BLD-100090","2023-10-17","Sick","8","Paid","Supply Chain & Logistics","Jose Reyes"
"BLD-100090","2025-04-12","Sick","8","Paid","Supply Chain & Logistics","Jose Reyes"
"BLD-100090","2023-09-21","Sick","8","Paid","Supply Chain & Logistics","Jose Reyes"
"BLD-100090","2024-01-22","Sick","8","Paid","Supply Chain & Logistics","Jose Reyes"
"BLD-100090","2023-11-03","Sick","8","Paid","Supply Chain & Logistics","Jose Reyes"
"BLD-100090","2024-04-03","Sick","8","Paid","Supply Chain & Logistics","Jose Reyes"
"BLD-100090","2024-02-27","Sick","8","Paid","Supply Chain & Logistics","Jose Reyes"
"BLD-100090","2023-12-25","Sick","8","Paid","Supply Chain & Logistics","Jose Reyes"
"BLD-100090","2023-04-09","Sick","8","Paid","Supply Chain & Logistics","Jose Reyes"
"BLD-100090","2023-11-16","Other","8","Unpaid","Supply Chain & Logistics","Jose Reyes"
"BLD-100090","2025-04-09","Unplanned","8","Unpaid","Supply Chain & Logistics","Jose Reyes"
"BLD-100090","2025-10-19","Late","1","Unpaid","Supply Chain & Logistics","Jose Reyes"
"BLD-100090","2025-03-14","Late","3","Unpaid","Supply Chain & Logistics","Jose Reyes"
"BLD-100090","2023-05-14","Late","3","Paid","Supply Chain & Logistics","Jose Reyes"
"BLD-100090","2023-03-16","Sick","8","Paid","Supply Chain & Logistics","Jose Reyes"
"BLD-100091","2025-10-15","Sick","8","Paid","Finance","Juan Mendoza"
"BLD-100091","2025-01-02","Late","3","Unpaid","Finance","Juan Mendoza"
"BLD-100091","2024-07-23","Sick","8","Paid","Finance","Juan Mendoza"
"BLD-100091","2025-07-28","Sick","8","Paid","Finance","Juan Mendoza"
"BLD-100091","2025-12-08","Sick","8","Paid","Finance","Juan Mendoza"
"BLD-100091","2024-03-29","Sick","8","Paid","Finance","Juan Mendoza"
"BLD-100091","2024-05-22","Sick","8","Paid","Finance","Juan Mendoza"
"BLD-100091","2023-10-18","Sick","8","Paid","Finance","Juan Mendoza"
"BLD-100091","2023-02-22","Sick","8","Paid","Finance","Juan Mendoza"
"BLD-100091","2025-08-21","Late","3","Paid","Finance","Juan Mendoza"
"BLD-100092","2024-04-08","Sick","8","Paid","Production","Tariq Youssef"
"BLD-100092","2024-02-12","Sick","8","Paid","Production","Tariq Youssef"
"BLD-100092","2024-06-30","Sick","8","Paid","Production","Tariq Youssef"
"BLD-100092","2024-10-23","Sick","8","Paid","Production","Tariq Youssef"
"BLD-100092","2024-09-07","Late","3","Unpaid","Production","Tariq Youssef"
"BLD-100092","2023-10-07","Late","2","Unpaid","Production","Tariq Youssef"
"BLD-100092","2025-11-18","Sick","8","Paid","Production","Tariq Youssef"
"BLD-100092","2025-10-05","Sick","8","Paid","Production","Tariq Youssef"
"BLD-100092","2024-07-26","Late","1","Paid","Production","Tariq Youssef"
"BLD-100092","2024-09-27","Late","3","Unpaid","Production","Tariq Youssef"
"BLD-100092","2023-05-06","Unplanned","8","Paid","Production","Tariq Youssef"
"BLD-100092","2024-01-02","Late","2","Paid","Production","Tariq Youssef"
"BLD-100092","2024-07-07","Sick","8","Paid","Production","Tariq Youssef"
"BLD-100092","2024-07-11","Unplanned","8","Paid","Production","Tariq Youssef"
"BLD-100092","2024-03-11","Late","3","Paid","Production","Tariq Youssef"
"BLD-100092","2023-10-11","Unplanned","8","Unpaid","Production","Tariq Youssef"
"BLD-100093","2023-12-21","Sick","8","Paid","Supply Chain & Logistics","Khalid Ibrahim"
"BLD-100093","2024-10-02","Late","3","Paid","Supply Chain & Logistics","Khalid Ibrahim"
"BLD-100093","2023-12-24","Unplanned","8","Unpaid","Supply Chain & Logistics","Khalid Ibrahim"
"BLD-100093","2024-01-25","Sick","8","Paid","Supply Chain & Logistics","Khalid Ibrahim"
"BLD-100093","2024-08-26","Sick","8","Paid","Supply Chain & Logistics","Khalid Ibrahim"
"BLD-100093","2025-09-11","Unplanned","8","Paid","Supply Chain & Logistics","Khalid Ibrahim"
"BLD-100093","2024-10-09","Unplanned","8","Paid","Supply Chain & Logistics","Khalid Ibrahim"
"BLD-100093","2023-02-12","Unplanned","8","Paid","Supply Chain & Logistics","Khalid Ibrahim"
"BLD-100094","2023-08-13","Sick","8","Paid","Procurement","Arjun Hassan"
"BLD-100094","2023-03-26","Unplanned","8","Paid","Procurement","Arjun Hassan"
"BLD-100094","2023-08-09","Sick","8","Paid","Procurement","Arjun Hassan"
"BLD-100095","2023-03-08","Sick","8","Paid","Engineering & Maintenance","Hassan Youssef"
"BLD-100095","2025-02-02","Unplanned","8","Paid","Engineering & Maintenance","Hassan Youssef"
"BLD-100095","2023-10-15","Sick","8","Paid","Engineering & Maintenance","Hassan Youssef"
"BLD-100095","2025-01-29","Late","2","Paid","Engineering & Maintenance","Hassan Youssef"
"BLD-100095","2023-11-14","Other","8","Unpaid","Engineering & Maintenance","Hassan Youssef"
"BLD-100095","2024-10-05","Late","3","Paid","Engineering & Maintenance","Hassan Youssef"
"BLD-100095","2025-05-19","Sick","8","Paid","Engineering & Maintenance","Hassan Youssef"
"BLD-100095","2025-12-21","Other","8","Unpaid","Engineering & Maintenance","Hassan Youssef"
"BLD-100095","2025-02-04","Sick","8","Paid","Engineering & Maintenance","Hassan Youssef"
"BLD-100095","2024-05-01","Sick","8","Paid","Engineering & Maintenance","Hassan Youssef"
"BLD-100095","2024-09-07","Late","1","Unpaid","Engineering & Maintenance","Hassan Youssef"
"BLD-100095","2024-07-10","Late","2","Unpaid","Engineering & Maintenance","Hassan Youssef"
"BLD-100095","2024-11-20","Late","2","Unpaid","Engineering & Maintenance","Hassan Youssef"
"BLD-100096","2025-07-12","Sick","8","Paid","Procurement","Dalia Gurung"
"BLD-100096","2025-02-11","Sick","8","Paid","Procurement","Dalia Gurung"
"BLD-100096","2025-02-10","Sick","8","Paid","Procurement","Dalia Gurung"
"BLD-100096","2024-06-26","Late","3","Paid","Procurement","Dalia Gurung"
"BLD-100096","2023-10-29","Other","8","Unpaid","Procurement","Dalia Gurung"
"BLD-100096","2023-11-17","Unplanned","8","Paid","Procurement","Dalia Gurung"
"BLD-100097","2025-09-12","Unplanned","8","Unpaid","Marketing","Sunita Rai"
"BLD-100097","2023-01-06","Late","1","Unpaid","Marketing","Sunita Rai"
"BLD-100097","2024-05-31","Sick","8","Paid","Marketing","Sunita Rai"
"BLD-100098","2023-03-05","Unplanned","8","Unpaid","Quality Assurance & Food Safety","Dalia Baig"
"BLD-100099","2023-06-09","Sick","8","Paid","Sales & Distribution","Arjun Fernandes"
"BLD-100099","2023-04-12","Late","1","Unpaid","Sales & Distribution","Arjun Fernandes"
"BLD-100099","2023-08-17","Sick","8","Paid","Sales & Distribution","Arjun Fernandes"
"BLD-100099","2023-12-08","Sick","8","Paid","Sales & Distribution","Arjun Fernandes"
"BLD-100100","2023-10-02","Sick","8","Paid","Sales & Distribution","Waleed Gurung"
"BLD-100100","2024-11-12","Sick","8","Paid","Sales & Distribution","Waleed Gurung"
"BLD-100101","2024-12-17","Sick","8","Paid","IT & Digital","Juan Al-Sayed"
"BLD-100101","2023-03-17","Sick","8","Paid","IT & Digital","Juan Al-Sayed"
"BLD-100101","2024-07-20","Sick","8","Paid","IT & Digital","Juan Al-Sayed"
"BLD-100101","2025-03-08","Unplanned","8","Paid","IT & Digital","Juan Al-Sayed"
"BLD-100101","2025-12-21","Late","3","Paid","IT & Digital","Juan Al-Sayed"
"BLD-100101","2023-11-26","Sick","8","Paid","IT & Digital","Juan Al-Sayed"
"BLD-100101","2023-01-27","Late","3","Unpaid","IT & Digital","Juan Al-Sayed"
"BLD-100101","2023-09-15","Sick","8","Paid","IT & Digital","Juan Al-Sayed"
"BLD-100101","2023-11-09","Unplanned","8","Unpaid","IT & Digital","Juan Al-Sayed"
"BLD-100101","2025-05-21","Other","8","Paid","IT & Digital","Juan Al-Sayed"
"BLD-100102","2023-11-15","Late","2","Unpaid","Supply Chain & Logistics","Ahmed Iqbal"
"BLD-100102","2025-10-03","Sick","8","Paid","Supply Chain & Logistics","Ahmed Iqbal"
"BLD-100102","2025-01-20","Sick","8","Paid","Supply Chain & Logistics","Ahmed Iqbal"
"BLD-100102","2023-03-09","Unplanned","8","Unpaid","Supply Chain & Logistics","Ahmed Iqbal"
"BLD-100102","2024-02-06","Sick","8","Paid","Supply Chain & Logistics","Ahmed Iqbal"
"BLD-100102","2025-02-02","Sick","8","Paid","Supply Chain & Logistics","Ahmed Iqbal"
"BLD-100102","2023-12-01","Sick","8","Paid","Supply Chain & Logistics","Ahmed Iqbal"
"BLD-100102","2023-02-14","Late","1","Unpaid","Supply Chain & Logistics","Ahmed Iqbal"
"BLD-100102","2024-09-21","Unplanned","8","Unpaid","Supply Chain & Logistics","Ahmed Iqbal"
"BLD-100102","2023-05-27","Sick","8","Paid","Supply Chain & Logistics","Ahmed Iqbal"
"BLD-100102","2024-04-23","Sick","8","Paid","Supply Chain & Logistics","Ahmed Iqbal"
"BLD-100102","2023-06-15","Sick","8","Paid","Supply Chain & Logistics","Ahmed Iqbal"
"BLD-100102","2023-11-20","Other","8","Paid","Supply Chain & Logistics","Ahmed Iqbal"
"BLD-100102","2025-04-15","Unplanned","8","Paid","Supply Chain & Logistics","Ahmed Iqbal"
"BLD-100102","2025-07-19","Late","2","Paid","Supply Chain & Logistics","Ahmed Iqbal"
"BLD-100102","2024-09-07","Unplanned","8","Unpaid","Supply Chain & Logistics","Ahmed Iqbal"
"BLD-100102","2023-01-12","Sick","8","Paid","Supply Chain & Logistics","Ahmed Iqbal"
"BLD-100102","2024-03-10","Sick","8","Paid","Supply Chain & Logistics","Ahmed Iqbal"
"BLD-100102","2023-07-27","Unplanned","8","Unpaid","Supply Chain & Logistics","Ahmed Iqbal"
"BLD-100102","2023-08-31","Late","3","Unpaid","Supply Chain & Logistics","Ahmed Iqbal"
"BLD-100102","2024-03-03","Sick","8","Paid","Supply Chain & Logistics","Ahmed Iqbal"
"BLD-100103","2025-02-27","Sick","8","Paid","Corporate & Executive Office","Santosh Islam"
"BLD-100103","2024-06-06","Unplanned","8","Unpaid","Corporate & Executive Office","Santosh Islam"
"BLD-100103","2025-06-30","Sick","8","Paid","Corporate & Executive Office","Santosh Islam"
"BLD-100103","2023-07-12","Unplanned","8","Paid","Corporate & Executive Office","Santosh Islam"
"BLD-100103","2024-06-09","Sick","8","Paid","Corporate & Executive Office","Santosh Islam"
"BLD-100103","2025-08-13","Sick","8","Paid","Corporate & Executive Office","Santosh Islam"
"BLD-100103","2024-05-31","Late","3","Paid","Corporate & Executive Office","Santosh Islam"
"BLD-100103","2023-05-02","Late","3","Unpaid","Corporate & Executive Office","Santosh Islam"
"BLD-100103","2023-04-05","Unplanned","8","Paid","Corporate & Executive Office","Santosh Islam"
"BLD-100103","2023-02-24","Unplanned","8","Unpaid","Corporate & Executive Office","Santosh Islam"
"BLD-100103","2024-11-07","Late","3","Unpaid","Corporate & Executive Office","Santosh Islam"
"BLD-100103","2024-12-03","Sick","8","Paid","Corporate & Executive Office","Santosh Islam"
"BLD-100103","2025-06-20","Other","8","Unpaid","Corporate & Executive Office","Santosh Islam"
"BLD-100103","2024-11-12","Unplanned","8","Unpaid","Corporate & Executive Office","Santosh Islam"
"BLD-100103","2024-10-18","Other","8","Paid","Corporate & Executive Office","Santosh Islam"
"BLD-100104","2025-04-08","Unplanned","8","Unpaid","Farm Operations","Khalid Santos"
"BLD-100104","2023-03-05","Sick","8","Paid","Farm Operations","Khalid Santos"
"BLD-100104","2023-02-23","Unplanned","8","Unpaid","Farm Operations","Khalid Santos"
"BLD-100104","2024-01-14","Unplanned","8","Unpaid","Farm Operations","Khalid Santos"
"BLD-100104","2024-12-21","Late","3","Unpaid","Farm Operations","Khalid Santos"
"BLD-100104","2024-11-15","Unplanned","8","Paid","Farm Operations","Khalid Santos"
"BLD-100104","2023-04-25","Unplanned","8","Unpaid","Farm Operations","Khalid Santos"
"BLD-100104","2023-10-27","Unplanned","8","Paid","Farm Operations","Khalid Santos"
"BLD-100104","2024-03-13","Sick","8","Paid","Farm Operations","Khalid Santos"
"BLD-100104","2024-10-11","Unplanned","8","Unpaid","Farm Operations","Khalid Santos"
"BLD-100104","2024-02-21","Unplanned","8","Paid","Farm Operations","Khalid Santos"
"BLD-100104","2024-10-12","Sick","8","Paid","Farm Operations","Khalid Santos"
"BLD-100105","2023-06-26","Late","2","Unpaid","People & Culture","Arjun Al-Marri"
"BLD-100105","2025-12-16","Sick","8","Paid","People & Culture","Arjun Al-Marri"
"BLD-100105","2023-09-15","Sick","8","Paid","People & Culture","Arjun Al-Marri"
"BLD-100105","2023-02-10","Sick","8","Paid","People & Culture","Arjun Al-Marri"
"BLD-100105","2025-06-13","Late","3","Paid","People & Culture","Arjun Al-Marri"
"BLD-100105","2025-05-29","Unplanned","8","Unpaid","People & Culture","Arjun Al-Marri"
"BLD-100106","2023-04-12","Unplanned","8","Unpaid","Engineering & Maintenance","Juan Kapoor"
"BLD-100106","2023-01-18","Late","3","Paid","Engineering & Maintenance","Juan Kapoor"
"BLD-100106","2023-05-22","Late","2","Unpaid","Engineering & Maintenance","Juan Kapoor"
"BLD-100106","2024-04-24","Unplanned","8","Unpaid","Engineering & Maintenance","Juan Kapoor"
"BLD-100106","2023-12-16","Sick","8","Paid","Engineering & Maintenance","Juan Kapoor"
"BLD-100106","2023-08-03","Sick","8","Paid","Engineering & Maintenance","Juan Kapoor"
"BLD-100106","2023-12-26","Late","1","Paid","Engineering & Maintenance","Juan Kapoor"
"BLD-100106","2023-01-11","Unplanned","8","Paid","Engineering & Maintenance","Juan Kapoor"
"BLD-100107","2023-09-06","Unplanned","8","Paid","Marketing","Sunita Rai"
"BLD-100107","2023-02-08","Unplanned","8","Unpaid","Marketing","Sunita Rai"
"BLD-100107","2025-11-16","Sick","8","Paid","Marketing","Sunita Rai"
"BLD-100107","2023-12-28","Unplanned","8","Unpaid","Marketing","Sunita Rai"
"BLD-100107","2023-01-14","Sick","8","Paid","Marketing","Sunita Rai"
"BLD-100107","2024-07-23","Sick","8","Paid","Marketing","Sunita Rai"
"BLD-100107","2024-01-08","Unplanned","8","Paid","Marketing","Sunita Rai"
"BLD-100107","2023-02-21","Sick","8","Paid","Marketing","Sunita Rai"
"BLD-100107","2025-11-29","Sick","8","Paid","Marketing","Sunita Rai"
"BLD-100107","2025-10-24","Unplanned","8","Unpaid","Marketing","Sunita Rai"
"BLD-100107","2023-11-19","Unplanned","8","Unpaid","Marketing","Sunita Rai"
"BLD-100108","2025-10-08","Sick","8","Paid","IT & Digital","Waleed Chowdhury"
"BLD-100108","2023-01-26","Unplanned","8","Paid","IT & Digital","Waleed Chowdhury"
"BLD-100108","2025-04-11","Unplanned","8","Unpaid","IT & Digital","Waleed Chowdhury"
"BLD-100108","2024-09-21","Unplanned","8","Unpaid","IT & Digital","Waleed Chowdhury"
"BLD-100108","2023-11-26","Sick","8","Paid","IT & Digital","Waleed Chowdhury"
"BLD-100108","2024-02-08","Sick","8","Paid","IT & Digital","Waleed Chowdhury"
"BLD-100108","2024-04-12","Other","8","Paid","IT & Digital","Waleed Chowdhury"
"BLD-100108","2024-10-29","Unplanned","8","Unpaid","IT & Digital","Waleed Chowdhury"
"BLD-100108","2024-04-29","Unplanned","8","Unpaid","IT & Digital","Waleed Chowdhury"
"BLD-100108","2025-04-22","Unplanned","8","Unpaid","IT & Digital","Waleed Chowdhury"
"BLD-100108","2025-08-04","Late","1","Paid","IT & Digital","Waleed Chowdhury"
"BLD-100108","2023-10-20","Sick","8","Paid","IT & Digital","Waleed Chowdhury"
"BLD-100108","2025-05-02","Sick","8","Paid","IT & Digital","Waleed Chowdhury"
"BLD-100109","2023-08-08","Sick","8","Paid","Production","Yousef Al-Attiyah"
"BLD-100109","2024-05-09","Late","2","Unpaid","Production","Yousef Al-Attiyah"
"BLD-100109","2025-09-05","Sick","8","Paid","Production","Yousef Al-Attiyah"
"BLD-100110","2023-02-28","Unplanned","8","Paid","Procurement","Joy Reyes"
"BLD-100110","2023-03-24","Unplanned","8","Paid","Procurement","Joy Reyes"
"BLD-100110","2023-06-23","Late","3","Unpaid","Procurement","Joy Reyes"
"BLD-100110","2023-06-28","Sick","8","Paid","Procurement","Joy Reyes"
"BLD-100110","2024-03-18","Unplanned","8","Paid","Procurement","Joy Reyes"
"BLD-100110","2023-08-04","Late","3","Unpaid","Procurement","Joy Reyes"
"BLD-100110","2023-07-20","Other","8","Paid","Procurement","Joy Reyes"
"BLD-100110","2024-05-16","Late","3","Unpaid","Procurement","Joy Reyes"
"BLD-100110","2023-11-23","Unplanned","8","Paid","Procurement","Joy Reyes"
"BLD-100110","2023-02-04","Sick","8","Paid","Procurement","Joy Reyes"
"BLD-100111","2023-11-13","Late","2","Unpaid","Finance","Jose Fernandes"
"BLD-100111","2024-11-21","Sick","8","Paid","Finance","Jose Fernandes"
"BLD-100111","2023-09-22","Sick","8","Paid","Finance","Jose Fernandes"
"BLD-100111","2024-05-23","Late","2","Unpaid","Finance","Jose Fernandes"
"BLD-100111","2023-08-06","Late","3","Unpaid","Finance","Jose Fernandes"
"BLD-100111","2024-09-22","Sick","8","Paid","Finance","Jose Fernandes"
"BLD-100111","2025-06-27","Unplanned","8","Unpaid","Finance","Jose Fernandes"
"BLD-100111","2025-08-24","Unplanned","8","Unpaid","Finance","Jose Fernandes"
"BLD-100111","2023-03-15","Sick","8","Paid","Finance","Jose Fernandes"
"BLD-100111","2025-12-24","Late","2","Unpaid","Finance","Jose Fernandes"
"BLD-100112","2025-03-27","Unplanned","8","Unpaid","Marketing","Rakesh Kapoor"
"BLD-100112","2024-03-04","Sick","8","Paid","Marketing","Rakesh Kapoor"
"BLD-100112","2025-09-08","Unplanned","8","Unpaid","Marketing","Rakesh Kapoor"
"BLD-100112","2023-11-27","Sick","8","Paid","Marketing","Rakesh Kapoor"
"BLD-100112","2024-11-04","Sick","8","Paid","Marketing","Rakesh Kapoor"
"BLD-100112","2024-06-29","Unplanned","8","Unpaid","Marketing","Rakesh Kapoor"
"BLD-100112","2024-06-01","Unplanned","8","Unpaid","Marketing","Rakesh Kapoor"
"BLD-100112","2025-01-31","Sick","8","Paid","Marketing","Rakesh Kapoor"
"BLD-100113","2025-03-28","Sick","8","Paid","Quality Assurance & Food Safety","Krishna Islam"
"BLD-100113","2025-05-08","Sick","8","Paid","Quality Assurance & Food Safety","Krishna Islam"
"BLD-100113","2025-03-21","Unplanned","8","Paid","Quality Assurance & Food Safety","Krishna Islam"
"BLD-100113","2024-06-16","Late","2","Paid","Quality Assurance & Food Safety","Krishna Islam"
"BLD-100113","2023-03-08","Other","8","Unpaid","Quality Assurance & Food Safety","Krishna Islam"
"BLD-100113","2025-08-17","Sick","8","Paid","Quality Assurance & Food Safety","Krishna Islam"
"BLD-100113","2025-05-28","Sick","8","Paid","Quality Assurance & Food Safety","Krishna Islam"
"BLD-100113","2025-06-17","Sick","8","Paid","Quality Assurance & Food Safety","Krishna Islam"
"BLD-100113","2025-10-22","Unplanned","8","Unpaid","Quality Assurance & Food Safety","Krishna Islam"
"BLD-100113","2025-08-12","Sick","8","Paid","Quality Assurance & Food Safety","Krishna Islam"
"BLD-100113","2025-03-11","Unplanned","8","Unpaid","Quality Assurance & Food Safety","Krishna Islam"
"BLD-100113","2025-06-09","Late","1","Paid","Quality Assurance & Food Safety","Krishna Islam"
"BLD-100114","2023-07-15","Sick","8","Paid","Supply Chain & Logistics","Ahmed Iqbal"
"BLD-100114","2023-01-26","Sick","8","Paid","Supply Chain & Logistics","Ahmed Iqbal"
"BLD-100114","2025-01-03","Unplanned","8","Unpaid","Supply Chain & Logistics","Ahmed Iqbal"
"BLD-100114","2023-12-11","Unplanned","8","Unpaid","Supply Chain & Logistics","Ahmed Iqbal"
"BLD-100114","2023-01-11","Late","1","Unpaid","Supply Chain & Logistics","Ahmed Iqbal"
"BLD-100114","2023-10-30","Sick","8","Paid","Supply Chain & Logistics","Ahmed Iqbal"
"BLD-100114","2023-08-05","Late","3","Paid","Supply Chain & Logistics","Ahmed Iqbal"
"BLD-100114","2023-05-17","Late","2","Paid","Supply Chain & Logistics","Ahmed Iqbal"
"BLD-100114","2024-08-25","Unplanned","8","Paid","Supply Chain & Logistics","Ahmed Iqbal"
"BLD-100114","2023-09-12","Sick","8","Paid","Supply Chain & Logistics","Ahmed Iqbal"
"BLD-100115","2023-08-22","Sick","8","Paid","Engineering & Maintenance","Suresh Devi"
"BLD-100115","2025-04-17","Late","1","Paid","Engineering & Maintenance","Suresh Devi"
"BLD-100115","2023-08-14","Unplanned","8","Paid","Engineering & Maintenance","Suresh Devi"
"BLD-100115","2025-11-01","Unplanned","8","Unpaid","Engineering & Maintenance","Suresh Devi"
"BLD-100115","2023-09-04","Sick","8","Paid","Engineering & Maintenance","Suresh Devi"
"BLD-100115","2024-09-13","Late","3","Unpaid","Engineering & Maintenance","Suresh Devi"
"BLD-100115","2024-07-10","Unplanned","8","Unpaid","Engineering & Maintenance","Suresh Devi"
"BLD-100116","2023-05-06","Sick","8","Paid","Sales & Distribution","Mohamed Mahmoud"
"BLD-100116","2023-01-05","Late","1","Unpaid","Sales & Distribution","Mohamed Mahmoud"
"BLD-100117","2023-01-24","Late","3","Paid","Finance","Jose Malik"
"BLD-100117","2023-01-18","Sick","8","Paid","Finance","Jose Malik"
"BLD-100117","2023-03-01","Unplanned","8","Unpaid","Finance","Jose Malik"
"BLD-100118","2023-04-12","Sick","8","Paid","Quality Assurance & Food Safety","Ahmed Baig"
"BLD-100118","2024-11-30","Sick","8","Paid","Quality Assurance & Food Safety","Ahmed Baig"
"BLD-100118","2025-04-14","Unplanned","8","Unpaid","Quality Assurance & Food Safety","Ahmed Baig"
"BLD-100119","2025-01-28","Sick","8","Paid","IT & Digital","Ramesh Islam"
"BLD-100119","2024-05-09","Sick","8","Paid","IT & Digital","Ramesh Islam"
"BLD-100119","2024-10-15","Sick","8","Paid","IT & Digital","Ramesh Islam"
"BLD-100119","2024-12-02","Unplanned","8","Paid","IT & Digital","Ramesh Islam"
"BLD-100119","2023-12-27","Sick","8","Paid","IT & Digital","Ramesh Islam"
"BLD-100119","2023-01-24","Late","1","Unpaid","IT & Digital","Ramesh Islam"
"BLD-100119","2024-04-03","Sick","8","Paid","IT & Digital","Ramesh Islam"
"BLD-100119","2023-02-13","Unplanned","8","Paid","IT & Digital","Ramesh Islam"
"BLD-100119","2025-04-20","Sick","8","Paid","IT & Digital","Ramesh Islam"
"BLD-100119","2024-10-16","Late","3","Unpaid","IT & Digital","Ramesh Islam"
"BLD-100119","2023-11-12","Sick","8","Paid","IT & Digital","Ramesh Islam"
"BLD-100119","2025-08-20","Other","8","Unpaid","IT & Digital","Ramesh Islam"
"BLD-100119","2025-11-13","Unplanned","8","Paid","IT & Digital","Ramesh Islam"
"BLD-100120","2023-04-07","Unplanned","8","Paid","Procurement","Dina Mahmoud"
"BLD-100120","2023-06-26","Sick","8","Paid","Procurement","Dina Mahmoud"
"BLD-100120","2023-06-17","Late","1","Unpaid","Procurement","Dina Mahmoud"
"BLD-100120","2023-05-30","Sick","8","Paid","Procurement","Dina Mahmoud"
"BLD-100120","2023-05-01","Sick","8","Paid","Procurement","Dina Mahmoud"
"BLD-100120","2023-04-12","Sick","8","Paid","Procurement","Dina Mahmoud"
"BLD-100121","2024-10-06","Sick","8","Paid","Corporate & Executive Office","Sameer Islam"
"BLD-100121","2023-08-08","Unplanned","8","Unpaid","Corporate & Executive Office","Sameer Islam"
"BLD-100121","2025-03-30","Unplanned","8","Paid","Corporate & Executive Office","Sameer Islam"
"BLD-100121","2024-07-27","Sick","8","Paid","Corporate & Executive Office","Sameer Islam"
"BLD-100121","2023-04-25","Sick","8","Paid","Corporate & Executive Office","Sameer Islam"
"BLD-100121","2025-07-12","Unplanned","8","Unpaid","Corporate & Executive Office","Sameer Islam"
"BLD-100121","2024-03-25","Sick","8","Paid","Corporate & Executive Office","Sameer Islam"
"BLD-100121","2025-04-02","Unplanned","8","Paid","Corporate & Executive Office","Sameer Islam"
"BLD-100121","2024-11-12","Sick","8","Paid","Corporate & Executive Office","Sameer Islam"
"BLD-100122","2023-05-11","Sick","8","Paid","Sales & Distribution","Kavita Al-Kuwari"
"BLD-100122","2023-10-28","Unplanned","8","Paid","Sales & Distribution","Kavita Al-Kuwari"
"BLD-100122","2023-05-17","Sick","8","Paid","Sales & Distribution","Kavita Al-Kuwari"
"BLD-100122","2023-06-27","Unplanned","8","Paid","Sales & Distribution","Kavita Al-Kuwari"
"BLD-100122","2024-05-29","Sick","8","Paid","Sales & Distribution","Kavita Al-Kuwari"
"BLD-100122","2024-08-24","Sick","8","Paid","Sales & Distribution","Kavita Al-Kuwari"
"BLD-100122","2024-06-23","Sick","8","Paid","Sales & Distribution","Kavita Al-Kuwari"
"BLD-100122","2025-10-28","Sick","8","Paid","Sales & Distribution","Kavita Al-Kuwari"
"BLD-100122","2023-08-01","Other","8","Unpaid","Sales & Distribution","Kavita Al-Kuwari"
"BLD-100122","2023-06-10","Unplanned","8","Unpaid","Sales & Distribution","Kavita Al-Kuwari"
"BLD-100122","2025-03-14","Other","8","Paid","Sales & Distribution","Kavita Al-Kuwari"
"BLD-100123","2023-04-03","Late","2","Unpaid","Procurement","Ali Kapoor"
"BLD-100123","2024-08-17","Sick","8","Paid","Procurement","Ali Kapoor"
"BLD-100123","2024-06-25","Unplanned","8","Unpaid","Procurement","Ali Kapoor"
"BLD-100123","2024-07-12","Sick","8","Paid","Procurement","Ali Kapoor"
"BLD-100123","2025-05-10","Late","1","Paid","Procurement","Ali Kapoor"
"BLD-100123","2023-10-18","Other","8","Paid","Procurement","Ali Kapoor"
"BLD-100123","2025-01-12","Sick","8","Paid","Procurement","Ali Kapoor"
"BLD-100123","2023-05-07","Sick","8","Paid","Procurement","Ali Kapoor"
"BLD-100123","2024-12-06","Unplanned","8","Unpaid","Procurement","Ali Kapoor"
"BLD-100124","2023-07-16","Unplanned","8","Unpaid","Farm Operations","Anil Cruz"
"BLD-100124","2023-03-12","Unplanned","8","Unpaid","Farm Operations","Anil Cruz"
"BLD-100124","2023-09-08","Sick","8","Paid","Farm Operations","Anil Cruz"
"BLD-100125","2023-12-19","Sick","8","Paid","Sales & Distribution","Suresh Iqbal"
"BLD-100125","2024-12-28","Sick","8","Paid","Sales & Distribution","Suresh Iqbal"
"BLD-100125","2023-11-07","Sick","8","Paid","Sales & Distribution","Suresh Iqbal"
"BLD-100125","2024-08-13","Other","8","Unpaid","Sales & Distribution","Suresh Iqbal"
"BLD-100126","2025-05-24","Sick","8","Paid","Sales & Distribution","Sanjay Santos"
"BLD-100126","2024-05-28","Unplanned","8","Paid","Sales & Distribution","Sanjay Santos"
"BLD-100126","2025-09-28","Sick","8","Paid","Sales & Distribution","Sanjay Santos"
"BLD-100126","2024-07-28","Sick","8","Paid","Sales & Distribution","Sanjay Santos"
"BLD-100126","2023-01-13","Late","1","Unpaid","Sales & Distribution","Sanjay Santos"
"BLD-100126","2025-05-23","Sick","8","Paid","Sales & Distribution","Sanjay Santos"
"BLD-100126","2025-03-25","Sick","8","Paid","Sales & Distribution","Sanjay Santos"
"BLD-100126","2024-10-11","Unplanned","8","Paid","Sales & Distribution","Sanjay Santos"
"BLD-100126","2025-07-07","Unplanned","8","Paid","Sales & Distribution","Sanjay Santos"
"BLD-100126","2023-11-07","Unplanned","8","Unpaid","Sales & Distribution","Sanjay Santos"
"BLD-100126","2023-10-05","Late","1","Unpaid","Sales & Distribution","Sanjay Santos"
"BLD-100126","2024-03-14","Unplanned","8","Unpaid","Sales & Distribution","Sanjay Santos"
"BLD-100127","2025-06-17","Sick","8","Paid","Production","Sanjay Cruz"
"BLD-100127","2024-06-29","Unplanned","8","Paid","Production","Sanjay Cruz"
"BLD-100127","2023-03-08","Unplanned","8","Unpaid","Production","Sanjay Cruz"
"BLD-100127","2025-10-14","Sick","8","Paid","Production","Sanjay Cruz"
"BLD-100127","2025-06-19","Unplanned","8","Unpaid","Production","Sanjay Cruz"
"BLD-100127","2023-02-24","Unplanned","8","Paid","Production","Sanjay Cruz"
"BLD-100128","2024-06-02","Sick","8","Paid","Finance","Grace Reyes"
"BLD-100128","2023-11-04","Sick","8","Paid","Finance","Grace Reyes"
"BLD-100128","2025-03-28","Late","2","Paid","Finance","Grace Reyes"
"BLD-100128","2024-10-08","Sick","8","Paid","Finance","Grace Reyes"
"BLD-100128","2025-04-10","Sick","8","Paid","Finance","Grace Reyes"
"BLD-100128","2025-04-02","Late","2","Unpaid","Finance","Grace Reyes"
"BLD-100128","2025-04-15","Sick","8","Paid","Finance","Grace Reyes"
"BLD-100128","2025-08-18","Late","3","Paid","Finance","Grace Reyes"
"BLD-100128","2024-09-30","Sick","8","Paid","Finance","Grace Reyes"
"BLD-100128","2023-12-24","Sick","8","Paid","Finance","Grace Reyes"
"BLD-100128","2024-01-20","Unplanned","8","Unpaid","Finance","Grace Reyes"
"BLD-100128","2025-03-24","Sick","8","Paid","Finance","Grace Reyes"
"BLD-100128","2024-03-30","Sick","8","Paid","Finance","Grace Reyes"
"BLD-100128","2023-06-04","Late","1","Paid","Finance","Grace Reyes"
"BLD-100128","2024-10-22","Late","2","Paid","Finance","Grace Reyes"
"BLD-100128","2023-03-12","Sick","8","Paid","Finance","Grace Reyes"
"BLD-100128","2023-06-14","Unplanned","8","Unpaid","Finance","Grace Reyes"
"BLD-100128","2025-12-15","Sick","8","Paid","Finance","Grace Reyes"
"BLD-100128","2023-11-27","Unplanned","8","Paid","Finance","Grace Reyes"
"BLD-100128","2023-07-22","Late","3","Unpaid","Finance","Grace Reyes"
"BLD-100128","2025-04-18","Unplanned","8","Unpaid","Finance","Grace Reyes"
"BLD-100129","2024-10-16","Sick","8","Paid","People & Culture","Noor Sharma"
"BLD-100129","2025-06-02","Late","2","Unpaid","People & Culture","Noor Sharma"
"BLD-100129","2023-04-04","Late","2","Unpaid","People & Culture","Noor Sharma"
"BLD-100129","2024-08-14","Unplanned","8","Paid","People & Culture","Noor Sharma"
"BLD-100129","2025-03-22","Sick","8","Paid","People & Culture","Noor Sharma"
"BLD-100129","2023-07-27","Unplanned","8","Unpaid","People & Culture","Noor Sharma"
"BLD-100129","2023-05-14","Late","1","Paid","People & Culture","Noor Sharma"
"BLD-100129","2023-03-10","Sick","8","Paid","People & Culture","Noor Sharma"
"BLD-100129","2024-03-05","Sick","8","Paid","People & Culture","Noor Sharma"
"BLD-100129","2023-05-18","Sick","8","Paid","People & Culture","Noor Sharma"
"BLD-100129","2024-12-04","Sick","8","Paid","People & Culture","Noor Sharma"
"BLD-100129","2024-05-26","Late","3","Unpaid","People & Culture","Noor Sharma"
"BLD-100129","2023-04-03","Late","3","Paid","People & Culture","Noor Sharma"
"BLD-100129","2023-01-07","Unplanned","8","Paid","People & Culture","Noor Sharma"
"BLD-100130","2024-10-31","Unplanned","8","Unpaid","Production","Mohamed Baig"
"BLD-100130","2024-03-04","Late","3","Unpaid","Production","Mohamed Baig"
"BLD-100130","2024-03-03","Unplanned","8","Paid","Production","Mohamed Baig"
"BLD-100130","2025-11-23","Sick","8","Paid","Production","Mohamed Baig"
"BLD-100130","2023-12-19","Sick","8","Paid","Production","Mohamed Baig"
"BLD-100130","2024-03-03","Sick","8","Paid","Production","Mohamed Baig"
"BLD-100130","2025-10-25","Sick","8","Paid","Production","Mohamed Baig"
"BLD-100131","2025-06-06","Sick","8","Paid","Sales & Distribution","Arjun Fernandes"
"BLD-100131","2024-10-23","Sick","8","Paid","Sales & Distribution","Arjun Fernandes"
"BLD-100131","2024-08-24","Late","1","Paid","Sales & Distribution","Arjun Fernandes"
"BLD-100131","2023-10-08","Unplanned","8","Unpaid","Sales & Distribution","Arjun Fernandes"
"BLD-100131","2023-01-05","Unplanned","8","Paid","Sales & Distribution","Arjun Fernandes"
"BLD-100131","2024-02-25","Unplanned","8","Paid","Sales & Distribution","Arjun Fernandes"
"BLD-100131","2025-07-17","Sick","8","Paid","Sales & Distribution","Arjun Fernandes"
"BLD-100131","2023-09-12","Sick","8","Paid","Sales & Distribution","Arjun Fernandes"
"BLD-100131","2025-01-17","Unplanned","8","Paid","Sales & Distribution","Arjun Fernandes"
"BLD-100131","2023-11-05","Sick","8","Paid","Sales & Distribution","Arjun Fernandes"
"BLD-100131","2023-09-14","Sick","8","Paid","Sales & Distribution","Arjun Fernandes"
"BLD-100131","2024-05-19","Unplanned","8","Unpaid","Sales & Distribution","Arjun Fernandes"
"BLD-100131","2023-04-26","Late","2","Paid","Sales & Distribution","Arjun Fernandes"
"BLD-100131","2024-10-06","Unplanned","8","Unpaid","Sales & Distribution","Arjun Fernandes"
"BLD-100131","2023-02-09","Late","2","Unpaid","Sales & Distribution","Arjun Fernandes"
"BLD-100131","2023-02-22","Sick","8","Paid","Sales & Distribution","Arjun Fernandes"
"BLD-100132","2023-04-01","Sick","8","Paid","Corporate & Executive Office","Rina Fernandes"
"BLD-100133","2025-07-23","Unplanned","8","Paid","Marketing","Tariq Kapoor"
"BLD-100133","2025-01-27","Sick","8","Paid","Marketing","Tariq Kapoor"
"BLD-100133","2023-04-27","Sick","8","Paid","Marketing","Tariq Kapoor"
"BLD-100133","2023-02-13","Sick","8","Paid","Marketing","Tariq Kapoor"
"BLD-100133","2023-03-07","Late","2","Unpaid","Marketing","Tariq Kapoor"
"BLD-100133","2023-10-20","Other","8","Paid","Marketing","Tariq Kapoor"
"BLD-100134","2024-11-17","Other","8","Unpaid","IT & Digital","Manoj Abdullah"
"BLD-100134","2024-06-01","Unplanned","8","Unpaid","IT & Digital","Manoj Abdullah"
"BLD-100134","2024-02-14","Sick","8","Paid","IT & Digital","Manoj Abdullah"
"BLD-100134","2024-08-03","Late","3","Paid","IT & Digital","Manoj Abdullah"
"BLD-100134","2023-11-09","Unplanned","8","Unpaid","IT & Digital","Manoj Abdullah"
"BLD-100136","2024-06-03","Unplanned","8","Unpaid","Corporate & Executive Office","Deepak Mahmoud"
"BLD-100136","2023-02-12","Sick","8","Paid","Corporate & Executive Office","Deepak Mahmoud"
"BLD-100137","2025-04-12","Unplanned","8","Paid","Production","Ramesh Islam"
"BLD-100137","2024-03-01","Sick","8","Paid","Production","Ramesh Islam"
"BLD-100137","2024-09-15","Late","3","Unpaid","Production","Ramesh Islam"
"BLD-100137","2025-06-09","Unplanned","8","Unpaid","Production","Ramesh Islam"
"BLD-100137","2025-10-01","Sick","8","Paid","Production","Ramesh Islam"
"BLD-100138","2024-11-18","Unplanned","8","Unpaid","Sales & Distribution","Rajesh Gurung"
"BLD-100138","2024-01-21","Unplanned","8","Paid","Sales & Distribution","Rajesh Gurung"
"BLD-100138","2025-07-23","Sick","8","Paid","Sales & Distribution","Rajesh Gurung"
"BLD-100138","2025-03-30","Sick","8","Paid","Sales & Distribution","Rajesh Gurung"
"BLD-100138","2025-06-15","Sick","8","Paid","Sales & Distribution","Rajesh Gurung"
"BLD-100138","2023-11-04","Sick","8","Paid","Sales & Distribution","Rajesh Gurung"
"BLD-100138","2024-08-13","Late","3","Unpaid","Sales & Distribution","Rajesh Gurung"
"BLD-100138","2023-07-26","Late","1","Unpaid","Sales & Distribution","Rajesh Gurung"
"BLD-100138","2024-05-25","Unplanned","8","Unpaid","Sales & Distribution","Rajesh Gurung"
"BLD-100138","2023-08-02","Sick","8","Paid","Sales & Distribution","Rajesh Gurung"
"BLD-100139","2023-09-09","Sick","8","Paid","Supply Chain & Logistics","Sanjay Devi"
"BLD-100139","2023-03-22","Other","8","Paid","Supply Chain & Logistics","Sanjay Devi"
"BLD-100140","2023-11-05","Late","3","Unpaid","Marketing","Huda Abdullah"
"BLD-100140","2023-05-14","Unplanned","8","Paid","Marketing","Huda Abdullah"
"BLD-100140","2025-11-30","Unplanned","8","Paid","Marketing","Huda Abdullah"
"BLD-100140","2023-10-30","Sick","8","Paid","Marketing","Huda Abdullah"
"BLD-100140","2025-05-31","Sick","8","Paid","Marketing","Huda Abdullah"
"BLD-100140","2023-10-28","Sick","8","Paid","Marketing","Huda Abdullah"
"BLD-100140","2024-09-11","Sick","8","Paid","Marketing","Huda Abdullah"
"BLD-100140","2023-06-23","Sick","8","Paid","Marketing","Huda Abdullah"
"BLD-100141","2025-02-01","Unplanned","8","Unpaid","Procurement","Mohamed Rai"
"BLD-100141","2024-09-15","Late","3","Unpaid","Procurement","Mohamed Rai"
"BLD-100141","2024-04-01","Sick","8","Paid","Procurement","Mohamed Rai"
"BLD-100141","2024-08-07","Sick","8","Paid","Procurement","Mohamed Rai"
"BLD-100141","2024-11-27","Sick","8","Paid","Procurement","Mohamed Rai"
"BLD-100141","2024-12-29","Sick","8","Paid","Procurement","Mohamed Rai"
"BLD-100141","2023-04-23","Sick","8","Paid","Procurement","Mohamed Rai"
"BLD-100141","2023-04-14","Unplanned","8","Unpaid","Procurement","Mohamed Rai"
"BLD-100142","2025-11-14","Unplanned","8","Paid","Farm Operations","Kumar Islam"
"BLD-100142","2024-06-28","Late","2","Paid","Farm Operations","Kumar Islam"
"BLD-100142","2023-12-16","Other","8","Unpaid","Farm Operations","Kumar Islam"
"BLD-100142","2024-01-03","Sick","8","Paid","Farm Operations","Kumar Islam"
"BLD-100142","2023-02-21","Sick","8","Paid","Farm Operations","Kumar Islam"
"BLD-100142","2024-05-31","Sick","8","Paid","Farm Operations","Kumar Islam"
"BLD-100142","2024-10-19","Late","3","Unpaid","Farm Operations","Kumar Islam"
"BLD-100142","2025-10-23","Unplanned","8","Paid","Farm Operations","Kumar Islam"
"BLD-100142","2024-06-16","Unplanned","8","Paid","Farm Operations","Kumar Islam"
"BLD-100143","2023-03-12","Sick","8","Paid","Quality Assurance & Food Safety","Pooja Farouk"
"BLD-100143","2025-12-01","Unplanned","8","Unpaid","Quality Assurance & Food Safety","Pooja Farouk"
"BLD-100143","2024-04-20","Unplanned","8","Unpaid","Quality Assurance & Food Safety","Pooja Farouk"
"BLD-100143","2025-10-18","Late","2","Unpaid","Quality Assurance & Food Safety","Pooja Farouk"
"BLD-100143","2024-09-26","Late","1","Paid","Quality Assurance & Food Safety","Pooja Farouk"
"BLD-100143","2025-01-29","Sick","8","Paid","Quality Assurance & Food Safety","Pooja Farouk"
"BLD-100143","2023-01-29","Sick","8","Paid","Quality Assurance & Food Safety","Pooja Farouk"
"BLD-100143","2023-07-25","Unplanned","8","Unpaid","Quality Assurance & Food Safety","Pooja Farouk"
"BLD-100143","2024-01-21","Sick","8","Paid","Quality Assurance & Food Safety","Pooja Farouk"
"BLD-100143","2025-09-16","Sick","8","Paid","Quality Assurance & Food Safety","Pooja Farouk"
"BLD-100144","2024-07-24","Sick","8","Paid","Sales & Distribution","Omar Chowdhury"
"BLD-100144","2025-02-04","Unplanned","8","Unpaid","Sales & Distribution","Omar Chowdhury"
"BLD-100144","2024-07-05","Unplanned","8","Unpaid","Sales & Distribution","Omar Chowdhury"
"BLD-100144","2023-12-28","Sick","8","Paid","Sales & Distribution","Omar Chowdhury"
"BLD-100144","2024-03-06","Sick","8","Paid","Sales & Distribution","Omar Chowdhury"
"BLD-100144","2025-09-07","Sick","8","Paid","Sales & Distribution","Omar Chowdhury"
"BLD-100144","2023-02-12","Unplanned","8","Paid","Sales & Distribution","Omar Chowdhury"
"BLD-100144","2024-09-11","Unplanned","8","Unpaid","Sales & Distribution","Omar Chowdhury"
"BLD-100144","2024-09-06","Unplanned","8","Paid","Sales & Distribution","Omar Chowdhury"
"BLD-100144","2023-07-15","Unplanned","8","Unpaid","Sales & Distribution","Omar Chowdhury"
"BLD-100144","2024-01-15","Sick","8","Paid","Sales & Distribution","Omar Chowdhury"
"BLD-100144","2025-01-25","Unplanned","8","Unpaid","Sales & Distribution","Omar Chowdhury"
"BLD-100144","2023-12-29","Sick","8","Paid","Sales & Distribution","Omar Chowdhury"
"BLD-100144","2024-02-12","Late","2","Paid","Sales & Distribution","Omar Chowdhury"
"BLD-100144","2025-08-09","Sick","8","Paid","Sales & Distribution","Omar Chowdhury"
"BLD-100144","2025-07-26","Unplanned","8","Unpaid","Sales & Distribution","Omar Chowdhury"
"BLD-100144","2024-11-01","Late","1","Unpaid","Sales & Distribution","Omar Chowdhury"
"BLD-100144","2023-11-22","Sick","8","Paid","Sales & Distribution","Omar Chowdhury"
"BLD-100144","2025-11-11","Late","2","Unpaid","Sales & Distribution","Omar Chowdhury"
"BLD-100144","2025-10-07","Sick","8","Paid","Sales & Distribution","Omar Chowdhury"
"BLD-100144","2024-09-08","Unplanned","8","Unpaid","Sales & Distribution","Omar Chowdhury"
"BLD-100145","2024-07-24","Sick","8","Paid","Production","Lubna Devi"
"BLD-100145","2023-11-27","Other","8","Paid","Production","Lubna Devi"
"BLD-100145","2024-08-04","Unplanned","8","Unpaid","Production","Lubna Devi"
"BLD-100145","2024-12-09","Sick","8","Paid","Production","Lubna Devi"
"BLD-100145","2023-03-04","Unplanned","8","Unpaid","Production","Lubna Devi"
"BLD-100145","2024-12-09","Late","1","Unpaid","Production","Lubna Devi"
"BLD-100145","2024-02-19","Late","3","Unpaid","Production","Lubna Devi"
"BLD-100145","2023-12-10","Sick","8","Paid","Production","Lubna Devi"
"BLD-100145","2024-03-05","Unplanned","8","Paid","Production","Lubna Devi"
"BLD-100145","2024-10-18","Sick","8","Paid","Production","Lubna Devi"
"BLD-100145","2024-07-02","Unplanned","8","Paid","Production","Lubna Devi"
"BLD-100145","2024-01-29","Sick","8","Paid","Production","Lubna Devi"
"BLD-100146","2023-11-25","Sick","8","Paid","Finance","Jose Fernandes"
"BLD-100146","2023-03-12","Late","3","Paid","Finance","Jose Fernandes"
"BLD-100146","2023-10-27","Sick","8","Paid","Finance","Jose Fernandes"
"BLD-100146","2024-12-23","Sick","8","Paid","Finance","Jose Fernandes"
"BLD-100146","2024-01-22","Sick","8","Paid","Finance","Jose Fernandes"
"BLD-100146","2024-08-02","Late","3","Unpaid","Finance","Jose Fernandes"
"BLD-100146","2025-10-10","Unplanned","8","Unpaid","Finance","Jose Fernandes"
"BLD-100146","2025-09-14","Sick","8","Paid","Finance","Jose Fernandes"
"BLD-100146","2025-12-15","Sick","8","Paid","Finance","Jose Fernandes"
"BLD-100146","2023-06-15","Sick","8","Paid","Finance","Jose Fernandes"
"BLD-100146","2024-09-07","Sick","8","Paid","Finance","Jose Fernandes"
"BLD-100146","2024-04-27","Unplanned","8","Paid","Finance","Jose Fernandes"
"BLD-100146","2023-01-08","Sick","8","Paid","Finance","Jose Fernandes"
"BLD-100146","2023-02-21","Sick","8","Paid","Finance","Jose Fernandes"
"BLD-100146","2023-02-14","Late","1","Unpaid","Finance","Jose Fernandes"
"BLD-100146","2024-01-04","Late","1","Unpaid","Finance","Jose Fernandes"
"BLD-100146","2023-12-26","Unplanned","8","Unpaid","Finance","Jose Fernandes"
"BLD-100146","2024-12-02","Sick","8","Paid","Finance","Jose Fernandes"
"BLD-100147","2023-01-01","Sick","8","Paid","People & Culture","Hassan Cruz"
"BLD-100147","2023-10-03","Late","1","Unpaid","People & Culture","Hassan Cruz"
"BLD-100147","2023-02-20","Sick","8","Paid","People & Culture","Hassan Cruz"
"BLD-100147","2024-03-18","Sick","8","Paid","People & Culture","Hassan Cruz"
"BLD-100147","2024-07-20","Sick","8","Paid","People & Culture","Hassan Cruz"
"BLD-100147","2024-11-21","Sick","8","Paid","People & Culture","Hassan Cruz"
"BLD-100147","2024-07-20","Sick","8","Paid","People & Culture","Hassan Cruz"
"BLD-100147","2024-01-30","Unplanned","8","Unpaid","People & Culture","Hassan Cruz"
"BLD-100147","2024-07-29","Late","3","Unpaid","People & Culture","Hassan Cruz"
"BLD-100147","2023-07-29","Sick","8","Paid","People & Culture","Hassan Cruz"
"BLD-100148","2024-09-10","Unplanned","8","Unpaid","Sales & Distribution","Rajesh Gurung"
"BLD-100148","2023-12-01","Sick","8","Paid","Sales & Distribution","Rajesh Gurung"
"BLD-100148","2025-03-28","Unplanned","8","Unpaid","Sales & Distribution","Rajesh Gurung"
"BLD-100148","2025-12-23","Late","1","Unpaid","Sales & Distribution","Rajesh Gurung"
"BLD-100148","2024-02-09","Late","1","Unpaid","Sales & Distribution","Rajesh Gurung"
"BLD-100148","2025-03-30","Sick","8","Paid","Sales & Distribution","Rajesh Gurung"
"BLD-100148","2025-04-11","Late","3","Unpaid","Sales & Distribution","Rajesh Gurung"
"BLD-100148","2024-03-29","Sick","8","Paid","Sales & Distribution","Rajesh Gurung"
"BLD-100148","2024-10-31","Unplanned","8","Unpaid","Sales & Distribution","Rajesh Gurung"
"BLD-100148","2024-12-07","Unplanned","8","Unpaid","Sales & Distribution","Rajesh Gurung"
"BLD-100148","2024-11-01","Sick","8","Paid","Sales & Distribution","Rajesh Gurung"
"BLD-100148","2025-01-16","Other","8","Unpaid","Sales & Distribution","Rajesh Gurung"
"BLD-100148","2023-05-17","Other","8","Unpaid","Sales & Distribution","Rajesh Gurung"
"BLD-100148","2025-12-18","Late","3","Paid","Sales & Distribution","Rajesh Gurung"
"BLD-100148","2024-10-29","Unplanned","8","Unpaid","Sales & Distribution","Rajesh Gurung"
"BLD-100148","2024-08-01","Late","2","Paid","Sales & Distribution","Rajesh Gurung"
"BLD-100148","2024-10-14","Unplanned","8","Unpaid","Sales & Distribution","Rajesh Gurung"
"BLD-100149","2024-02-22","Late","3","Paid","IT & Digital","Lubna Mansour"
"BLD-100149","2024-06-14","Sick","8","Paid","IT & Digital","Lubna Mansour"
"BLD-100149","2023-01-29","Sick","8","Paid","IT & Digital","Lubna Mansour"
"BLD-100149","2024-06-02","Unplanned","8","Unpaid","IT & Digital","Lubna Mansour"
"BLD-100149","2024-10-28","Unplanned","8","Paid","IT & Digital","Lubna Mansour"
"BLD-100149","2023-09-08","Sick","8","Paid","IT & Digital","Lubna Mansour"
"BLD-100149","2024-01-10","Unplanned","8","Unpaid","IT & Digital","Lubna Mansour"
"BLD-100149","2025-09-01","Sick","8","Paid","IT & Digital","Lubna Mansour"
"BLD-100149","2023-05-31","Unplanned","8","Unpaid","IT & Digital","Lubna Mansour"
"BLD-100149","2023-12-28","Other","8","Paid","IT & Digital","Lubna Mansour"
"BLD-100150","2023-11-18","Late","3","Unpaid","Procurement","Sunita Baig"
"BLD-100150","2023-01-18","Late","2","Paid","Procurement","Sunita Baig"
"BLD-100150","2023-07-17","Sick","8","Paid","Procurement","Sunita Baig"
"BLD-100150","2025-04-15","Sick","8","Paid","Procurement","Sunita Baig"
"BLD-100150","2025-09-01","Sick","8","Paid","Procurement","Sunita Baig"
"BLD-100150","2024-05-03","Sick","8","Paid","Procurement","Sunita Baig"
"BLD-100150","2023-06-03","Sick","8","Paid","Procurement","Sunita Baig"
"BLD-100150","2025-06-17","Unplanned","8","Paid","Procurement","Sunita Baig"
"BLD-100150","2023-02-19","Late","3","Unpaid","Procurement","Sunita Baig"
"BLD-100150","2024-10-08","Late","3","Unpaid","Procurement","Sunita Baig"
"BLD-100150","2025-12-23","Unplanned","8","Unpaid","Procurement","Sunita Baig"
"BLD-100150","2024-03-03","Sick","8","Paid","Procurement","Sunita Baig"
"BLD-100150","2024-05-03","Sick","8","Paid","Procurement","Sunita Baig"
"BLD-100150","2025-05-31","Late","2","Paid","Procurement","Sunita Baig"
"BLD-100151","2023-02-05","Unplanned","8","Paid","IT & Digital","Ramesh Islam"
"BLD-100151","2023-06-29","Sick","8","Paid","IT & Digital","Ramesh Islam"
"BLD-100151","2024-01-16","Sick","8","Paid","IT & Digital","Ramesh Islam"
"BLD-100151","2023-04-11","Sick","8","Paid","IT & Digital","Ramesh Islam"
"BLD-100151","2023-04-11","Sick","8","Paid","IT & Digital","Ramesh Islam"
"BLD-100151","2023-05-26","Sick","8","Paid","IT & Digital","Ramesh Islam"
"BLD-100152","2024-12-20","Sick","8","Paid","Farm Operations","Sanjay Kapoor"
"BLD-100152","2024-01-22","Sick","8","Paid","Farm Operations","Sanjay Kapoor"
"BLD-100152","2023-06-25","Other","8","Unpaid","Farm Operations","Sanjay Kapoor"
"BLD-100152","2023-09-27","Unplanned","8","Unpaid","Farm Operations","Sanjay Kapoor"
"BLD-100152","2023-11-01","Unplanned","8","Unpaid","Farm Operations","Sanjay Kapoor"
"BLD-100152","2025-04-30","Unplanned","8","Unpaid","Farm Operations","Sanjay Kapoor"
"BLD-100152","2025-08-28","Sick","8","Paid","Farm Operations","Sanjay Kapoor"
"BLD-100152","2023-08-11","Other","8","Unpaid","Farm Operations","Sanjay Kapoor"
"BLD-100152","2023-04-27","Sick","8","Paid","Farm Operations","Sanjay Kapoor"
"BLD-100152","2024-06-01","Sick","8","Paid","Farm Operations","Sanjay Kapoor"
"BLD-100152","2024-10-07","Late","1","Unpaid","Farm Operations","Sanjay Kapoor"
"BLD-100152","2023-08-26","Unplanned","8","Paid","Farm Operations","Sanjay Kapoor"
"BLD-100152","2025-02-21","Late","1","Paid","Farm Operations","Sanjay Kapoor"
"BLD-100152","2024-04-25","Late","1","Paid","Farm Operations","Sanjay Kapoor"
"BLD-100152","2023-09-17","Sick","8","Paid","Farm Operations","Sanjay Kapoor"
"BLD-100152","2024-03-02","Late","3","Paid","Farm Operations","Sanjay Kapoor"
"BLD-100152","2023-11-22","Sick","8","Paid","Farm Operations","Sanjay Kapoor"
"BLD-100152","2024-08-15","Sick","8","Paid","Farm Operations","Sanjay Kapoor"
"BLD-100153","2023-04-14","Sick","8","Paid","Finance","Prakash Ibrahim"
"BLD-100153","2024-04-09","Late","3","Unpaid","Finance","Prakash Ibrahim"
"BLD-100153","2023-07-19","Sick","8","Paid","Finance","Prakash Ibrahim"
"BLD-100153","2023-05-03","Sick","8","Paid","Finance","Prakash Ibrahim"
"BLD-100154","2025-05-09","Sick","8","Paid","Corporate & Executive Office","Pooja Chowdhury"
"BLD-100154","2025-08-20","Unplanned","8","Paid","Corporate & Executive Office","Pooja Chowdhury"
"BLD-100154","2025-08-19","Unplanned","8","Paid","Corporate & Executive Office","Pooja Chowdhury"
"BLD-100154","2023-02-28","Sick","8","Paid","Corporate & Executive Office","Pooja Chowdhury"
"BLD-100154","2025-03-08","Sick","8","Paid","Corporate & Executive Office","Pooja Chowdhury"
"BLD-100154","2024-06-17","Sick","8","Paid","Corporate & Executive Office","Pooja Chowdhury"
"BLD-100154","2024-10-13","Other","8","Unpaid","Corporate & Executive Office","Pooja Chowdhury"
"BLD-100155","2023-03-03","Unplanned","8","Paid","Production","Yousef Al-Attiyah"
"BLD-100156","2023-01-29","Sick","8","Paid","People & Culture","Arjun Kapoor"
"BLD-100156","2023-01-30","Sick","8","Paid","People & Culture","Arjun Kapoor"
"BLD-100157","2024-12-25","Unplanned","8","Unpaid","Finance","Sameer Abdullah"
"BLD-100157","2023-12-30","Unplanned","8","Unpaid","Finance","Sameer Abdullah"
"BLD-100157","2023-07-21","Other","8","Unpaid","Finance","Sameer Abdullah"
"BLD-100157","2025-04-11","Late","3","Unpaid","Finance","Sameer Abdullah"
"BLD-100157","2025-07-01","Late","3","Unpaid","Finance","Sameer Abdullah"
"BLD-100157","2025-10-21","Unplanned","8","Unpaid","Finance","Sameer Abdullah"
"BLD-100158","2024-06-04","Late","3","Unpaid","Engineering & Maintenance","Ravi Youssef"
"BLD-100158","2024-12-08","Sick","8","Paid","Engineering & Maintenance","Ravi Youssef"
"BLD-100158","2023-08-20","Late","3","Paid","Engineering & Maintenance","Ravi Youssef"
"BLD-100158","2024-07-13","Unplanned","8","Paid","Engineering & Maintenance","Ravi Youssef"
"BLD-100158","2025-08-01","Sick","8","Paid","Engineering & Maintenance","Ravi Youssef"
"BLD-100158","2025-08-18","Sick","8","Paid","Engineering & Maintenance","Ravi Youssef"
"BLD-100158","2025-07-29","Unplanned","8","Unpaid","Engineering & Maintenance","Ravi Youssef"
"BLD-100158","2023-04-04","Late","2","Paid","Engineering & Maintenance","Ravi Youssef"
"BLD-100158","2024-05-24","Sick","8","Paid","Engineering & Maintenance","Ravi Youssef"
"BLD-100158","2023-11-06","Late","1","Paid","Engineering & Maintenance","Ravi Youssef"
"BLD-100158","2023-06-15","Sick","8","Paid","Engineering & Maintenance","Ravi Youssef"
"BLD-100158","2025-12-19","Sick","8","Paid","Engineering & Maintenance","Ravi Youssef"
"BLD-100158","2023-12-10","Sick","8","Paid","Engineering & Maintenance","Ravi Youssef"
"BLD-100158","2023-09-30","Late","3","Paid","Engineering & Maintenance","Ravi Youssef"
"BLD-100159","2024-07-15","Late","1","Paid","IT & Digital","Deepak Gurung"
"BLD-100159","2025-10-19","Unplanned","8","Unpaid","IT & Digital","Deepak Gurung"
"BLD-100159","2023-08-02","Sick","8","Paid","IT & Digital","Deepak Gurung"
"BLD-100159","2025-11-18","Sick","8","Paid","IT & Digital","Deepak Gurung"
"BLD-100159","2024-11-11","Sick","8","Paid","IT & Digital","Deepak Gurung"
"BLD-100159","2025-02-04","Sick","8","Paid","IT & Digital","Deepak Gurung"
"BLD-100159","2023-01-11","Sick","8","Paid","IT & Digital","Deepak Gurung"
"BLD-100159","2023-01-26","Unplanned","8","Unpaid","IT & Digital","Deepak Gurung"
"BLD-100159","2024-08-19","Late","2","Unpaid","IT & Digital","Deepak Gurung"
"BLD-100159","2023-01-17","Sick","8","Paid","IT & Digital","Deepak Gurung"
"BLD-100159","2023-10-27","Sick","8","Paid","IT & Digital","Deepak Gurung"
"BLD-100159","2023-03-26","Sick","8","Paid","IT & Digital","Deepak Gurung"
"BLD-100160","2023-05-13","Late","1","Unpaid","Production","Omar Al-Kuwari"
"BLD-100160","2023-12-06","Sick","8","Paid","Production","Omar Al-Kuwari"
"BLD-100160","2024-01-09","Sick","8","Paid","Production","Omar Al-Kuwari"
"BLD-100161","2024-09-10","Unplanned","8","Unpaid","Marketing","Rakesh Kapoor"
"BLD-100161","2023-11-10","Sick","8","Paid","Marketing","Rakesh Kapoor"
"BLD-100161","2023-10-24","Late","2","Unpaid","Marketing","Rakesh Kapoor"
"BLD-100161","2024-11-15","Unplanned","8","Unpaid","Marketing","Rakesh Kapoor"
"BLD-100161","2024-09-12","Sick","8","Paid","Marketing","Rakesh Kapoor"
"BLD-100161","2024-05-30","Sick","8","Paid","Marketing","Rakesh Kapoor"
"BLD-100161","2025-02-19","Sick","8","Paid","Marketing","Rakesh Kapoor"
"BLD-100161","2025-01-21","Late","2","Unpaid","Marketing","Rakesh Kapoor"
"BLD-100161","2023-11-07","Unplanned","8","Unpaid","Marketing","Rakesh Kapoor"
"BLD-100162","2023-05-05","Sick","8","Paid","Marketing","Aisha Iqbal"
"BLD-100162","2023-04-10","Sick","8","Paid","Marketing","Aisha Iqbal"
"BLD-100162","2023-07-18","Unplanned","8","Paid","Marketing","Aisha Iqbal"
"BLD-100162","2023-04-02","Late","1","Unpaid","Marketing","Aisha Iqbal"
"BLD-100162","2023-04-13","Sick","8","Paid","Marketing","Aisha Iqbal"
"BLD-100162","2023-01-04","Sick","8","Paid","Marketing","Aisha Iqbal"
"BLD-100163","2024-05-30","Late","2","Unpaid","Finance","Suresh Baig"
"BLD-100163","2023-12-22","Sick","8","Paid","Finance","Suresh Baig"
"BLD-100163","2023-07-01","Unplanned","8","Paid","Finance","Suresh Baig"
"BLD-100163","2024-11-10","Sick","8","Paid","Finance","Suresh Baig"
"BLD-100163","2023-06-29","Sick","8","Paid","Finance","Suresh Baig"
"BLD-100163","2023-05-03","Other","8","Unpaid","Finance","Suresh Baig"
"BLD-100163","2023-08-15","Other","8","Paid","Finance","Suresh Baig"
"BLD-100163","2023-01-03","Sick","8","Paid","Finance","Suresh Baig"
"BLD-100163","2024-01-27","Late","3","Unpaid","Finance","Suresh Baig"
"BLD-100163","2025-08-21","Other","8","Paid","Finance","Suresh Baig"
"BLD-100163","2024-05-23","Other","8","Unpaid","Finance","Suresh Baig"
"BLD-100163","2025-06-29","Sick","8","Paid","Finance","Suresh Baig"
"BLD-100163","2025-10-15","Sick","8","Paid","Finance","Suresh Baig"
"BLD-100163","2025-07-12","Unplanned","8","Unpaid","Finance","Suresh Baig"
"BLD-100163","2024-12-27","Late","3","Paid","Finance","Suresh Baig"
"BLD-100163","2024-11-10","Sick","8","Paid","Finance","Suresh Baig"
"BLD-100163","2025-08-13","Sick","8","Paid","Finance","Suresh Baig"
"BLD-100163","2023-05-27","Sick","8","Paid","Finance","Suresh Baig"
"BLD-100163","2025-03-16","Unplanned","8","Unpaid","Finance","Suresh Baig"
"BLD-100164","2023-02-28","Late","2","Unpaid","People & Culture","Manoj Youssef"
"BLD-100165","2024-11-08","Unplanned","8","Unpaid","People & Culture","Juan Santos"
"BLD-100165","2023-08-07","Sick","8","Paid","People & Culture","Juan Santos"
"BLD-100165","2023-10-25","Sick","8","Paid","People & Culture","Juan Santos"
"BLD-100165","2023-11-07","Unplanned","8","Unpaid","People & Culture","Juan Santos"
"BLD-100165","2024-02-03","Sick","8","Paid","People & Culture","Juan Santos"
"BLD-100165","2024-01-12","Late","1","Paid","People & Culture","Juan Santos"
"BLD-100165","2023-07-29","Sick","8","Paid","People & Culture","Juan Santos"
"BLD-100165","2024-12-10","Unplanned","8","Unpaid","People & Culture","Juan Santos"
"BLD-100165","2024-07-28","Sick","8","Paid","People & Culture","Juan Santos"
"BLD-100165","2024-09-29","Late","2","Unpaid","People & Culture","Juan Santos"
"BLD-100165","2024-02-13","Unplanned","8","Paid","People & Culture","Juan Santos"
"BLD-100165","2024-04-11","Sick","8","Paid","People & Culture","Juan Santos"
"BLD-100165","2024-01-18","Sick","8","Paid","People & Culture","Juan Santos"
"BLD-100165","2023-08-12","Unplanned","8","Paid","People & Culture","Juan Santos"
"BLD-100165","2024-05-14","Sick","8","Paid","People & Culture","Juan Santos"
"BLD-100166","2025-08-08","Sick","8","Paid","People & Culture","Ravi Santos"
"BLD-100166","2025-08-17","Sick","8","Paid","People & Culture","Ravi Santos"
"BLD-100166","2024-01-02","Late","3","Unpaid","People & Culture","Ravi Santos"
"BLD-100166","2023-05-03","Unplanned","8","Unpaid","People & Culture","Ravi Santos"
"BLD-100166","2023-03-17","Late","3","Paid","People & Culture","Ravi Santos"
"BLD-100166","2023-04-27","Sick","8","Paid","People & Culture","Ravi Santos"
"BLD-100167","2025-03-26","Sick","8","Paid","Production","Hari Al-Marri"
"BLD-100167","2023-08-14","Sick","8","Paid","Production","Hari Al-Marri"
"BLD-100167","2023-12-15","Sick","8","Paid","Production","Hari Al-Marri"
"BLD-100167","2024-02-14","Sick","8","Paid","Production","Hari Al-Marri"
"BLD-100167","2023-02-27","Other","8","Paid","Production","Hari Al-Marri"
"BLD-100167","2023-04-28","Unplanned","8","Paid","Production","Hari Al-Marri"
"BLD-100167","2024-04-21","Sick","8","Paid","Production","Hari Al-Marri"
"BLD-100167","2023-03-04","Sick","8","Paid","Production","Hari Al-Marri"
"BLD-100168","2023-01-10","Sick","8","Paid","IT & Digital","Ali Cruz"
"BLD-100168","2024-02-12","Sick","8","Paid","IT & Digital","Ali Cruz"
"BLD-100168","2023-05-28","Other","8","Unpaid","IT & Digital","Ali Cruz"
"BLD-100168","2024-05-26","Other","8","Unpaid","IT & Digital","Ali Cruz"
"BLD-100168","2025-02-28","Sick","8","Paid","IT & Digital","Ali Cruz"
"BLD-100168","2023-03-30","Sick","8","Paid","IT & Digital","Ali Cruz"
"BLD-100169","2023-05-25","Unplanned","8","Paid","Marketing","Vikram Ahmed"
"BLD-100169","2023-07-17","Late","2","Unpaid","Marketing","Vikram Ahmed"
"BLD-100169","2023-09-22","Sick","8","Paid","Marketing","Vikram Ahmed"
"BLD-100169","2023-03-14","Sick","8","Paid","Marketing","Vikram Ahmed"
"BLD-100169","2024-06-26","Sick","8","Paid","Marketing","Vikram Ahmed"
"BLD-100169","2023-09-23","Sick","8","Paid","Marketing","Vikram Ahmed"
"BLD-100169","2024-11-01","Sick","8","Paid","Marketing","Vikram Ahmed"
"BLD-100169","2023-07-27","Sick","8","Paid","Marketing","Vikram Ahmed"
"BLD-100169","2025-10-16","Unplanned","8","Unpaid","Marketing","Vikram Ahmed"
"BLD-100169","2024-12-11","Unplanned","8","Paid","Marketing","Vikram Ahmed"
"BLD-100169","2023-10-02","Unplanned","8","Paid","Marketing","Vikram Ahmed"
"BLD-100169","2025-12-10","Sick","8","Paid","Marketing","Vikram Ahmed"
"BLD-100169","2023-07-31","Late","3","Unpaid","Marketing","Vikram Ahmed"
"BLD-100169","2025-05-22","Unplanned","8","Unpaid","Marketing","Vikram Ahmed"
"BLD-100169","2024-10-21","Late","2","Unpaid","Marketing","Vikram Ahmed"
"BLD-100169","2023-07-17","Unplanned","8","Unpaid","Marketing","Vikram Ahmed"
"BLD-100170","2024-01-25","Late","3","Paid","Sales & Distribution","Bishnu Al-Marri"
"BLD-100170","2024-06-10","Sick","8","Paid","Sales & Distribution","Bishnu Al-Marri"
"BLD-100170","2024-01-10","Sick","8","Paid","Sales & Distribution","Bishnu Al-Marri"
"BLD-100170","2023-10-18","Unplanned","8","Unpaid","Sales & Distribution","Bishnu Al-Marri"
"BLD-100170","2023-07-18","Unplanned","8","Unpaid","Sales & Distribution","Bishnu Al-Marri"
"BLD-100170","2025-01-03","Late","1","Paid","Sales & Distribution","Bishnu Al-Marri"
"BLD-100170","2025-07-20","Other","8","Paid","Sales & Distribution","Bishnu Al-Marri"
"BLD-100170","2024-04-10","Other","8","Unpaid","Sales & Distribution","Bishnu Al-Marri"
"BLD-100171","2025-05-26","Sick","8","Paid","Marketing","Yousef Al-Attiyah"
"BLD-100171","2024-03-17","Sick","8","Paid","Marketing","Yousef Al-Attiyah"
"BLD-100171","2024-12-10","Sick","8","Paid","Marketing","Yousef Al-Attiyah"
"BLD-100171","2023-04-17","Sick","8","Paid","Marketing","Yousef Al-Attiyah"
"BLD-100171","2023-02-01","Unplanned","8","Unpaid","Marketing","Yousef Al-Attiyah"
"BLD-100171","2023-03-06","Unplanned","8","Paid","Marketing","Yousef Al-Attiyah"
"BLD-100171","2023-06-21","Sick","8","Paid","Marketing","Yousef Al-Attiyah"
"BLD-100172","2024-05-27","Late","2","Unpaid","Procurement","Deepak Devi"
"BLD-100172","2023-01-25","Sick","8","Paid","Procurement","Deepak Devi"
"BLD-100172","2024-11-07","Sick","8","Paid","Procurement","Deepak Devi"
"BLD-100172","2024-06-07","Late","1","Unpaid","Procurement","Deepak Devi"
"BLD-100172","2024-04-23","Sick","8","Paid","Procurement","Deepak Devi"
"BLD-100172","2023-07-24","Sick","8","Paid","Procurement","Deepak Devi"
"BLD-100172","2023-08-23","Unplanned","8","Unpaid","Procurement","Deepak Devi"
"BLD-100172","2024-10-09","Late","2","Unpaid","Procurement","Deepak Devi"
"BLD-100172","2023-11-20","Unplanned","8","Paid","Procurement","Deepak Devi"
"BLD-100172","2023-12-10","Sick","8","Paid","Procurement","Deepak Devi"
"BLD-100172","2025-09-21","Unplanned","8","Unpaid","Procurement","Deepak Devi"
"BLD-100172","2024-10-08","Unplanned","8","Paid","Procurement","Deepak Devi"
"BLD-100172","2025-09-30","Late","3","Unpaid","Procurement","Deepak Devi"
"BLD-100172","2025-04-24","Late","1","Unpaid","Procurement","Deepak Devi"
"BLD-100172","2023-10-21","Late","3","Unpaid","Procurement","Deepak Devi"
"BLD-100172","2023-12-15","Other","8","Unpaid","Procurement","Deepak Devi"
"BLD-100172","2024-10-14","Sick","8","Paid","Procurement","Deepak Devi"
"BLD-100172","2025-08-30","Other","8","Paid","Procurement","Deepak Devi"
"BLD-100172","2023-02-14","Unplanned","8","Unpaid","Procurement","Deepak Devi"
"BLD-100173","2023-05-15","Unplanned","8","Unpaid","Marketing","Vikram Ahmed"
"BLD-100173","2023-07-16","Late","3","Paid","Marketing","Vikram Ahmed"
"BLD-100173","2023-01-01","Sick","8","Paid","Marketing","Vikram Ahmed"
"BLD-100173","2023-05-18","Sick","8","Paid","Marketing","Vikram Ahmed"
"BLD-100173","2023-05-13","Sick","8","Paid","Marketing","Vikram Ahmed"
"BLD-100173","2023-05-03","Sick","8","Paid","Marketing","Vikram Ahmed"
"BLD-100174","2024-03-26","Sick","8","Paid","Engineering & Maintenance","Ravi Youssef"
"BLD-100174","2025-09-21","Unplanned","8","Paid","Engineering & Maintenance","Ravi Youssef"
"BLD-100174","2024-12-29","Sick","8","Paid","Engineering & Maintenance","Ravi Youssef"
"BLD-100174","2024-07-28","Late","1","Unpaid","Engineering & Maintenance","Ravi Youssef"
"BLD-100174","2024-03-10","Sick","8","Paid","Engineering & Maintenance","Ravi Youssef"
"BLD-100174","2025-02-20","Sick","8","Paid","Engineering & Maintenance","Ravi Youssef"
"BLD-100174","2023-01-22","Unplanned","8","Unpaid","Engineering & Maintenance","Ravi Youssef"
"BLD-100174","2025-08-27","Unplanned","8","Unpaid","Engineering & Maintenance","Ravi Youssef"
"BLD-100175","2024-07-12","Unplanned","8","Unpaid","Farm Operations","Bikram Hassan"
"BLD-100175","2023-10-12","Late","3","Paid","Farm Operations","Bikram Hassan"
"BLD-100175","2024-06-15","Sick","8","Paid","Farm Operations","Bikram Hassan"
"BLD-100175","2023-03-19","Unplanned","8","Paid","Farm Operations","Bikram Hassan"
"BLD-100175","2023-08-28","Unplanned","8","Unpaid","Farm Operations","Bikram Hassan"
"BLD-100175","2024-02-25","Sick","8","Paid","Farm Operations","Bikram Hassan"
"BLD-100175","2024-07-30","Sick","8","Paid","Farm Operations","Bikram Hassan"
"BLD-100175","2023-10-29","Late","3","Paid","Farm Operations","Bikram Hassan"
"BLD-100176","2023-06-26","Sick","8","Paid","Sales & Distribution","Suresh Hassan"
"BLD-100176","2025-01-19","Unplanned","8","Paid","Sales & Distribution","Suresh Hassan"
"BLD-100176","2023-07-23","Sick","8","Paid","Sales & Distribution","Suresh Hassan"
"BLD-100176","2023-09-20","Unplanned","8","Paid","Sales & Distribution","Suresh Hassan"
"BLD-100176","2023-04-25","Unplanned","8","Paid","Sales & Distribution","Suresh Hassan"
"BLD-100176","2023-07-12","Unplanned","8","Paid","Sales & Distribution","Suresh Hassan"
"BLD-100176","2025-09-09","Sick","8","Paid","Sales & Distribution","Suresh Hassan"
"BLD-100177","2025-06-22","Late","1","Unpaid","IT & Digital","Sameer Devi"
"BLD-100177","2025-08-31","Unplanned","8","Paid","IT & Digital","Sameer Devi"
"BLD-100177","2023-07-13","Other","8","Paid","IT & Digital","Sameer Devi"
"BLD-100177","2024-05-29","Late","3","Paid","IT & Digital","Sameer Devi"
"BLD-100177","2024-09-03","Sick","8","Paid","IT & Digital","Sameer Devi"
"BLD-100177","2023-07-08","Late","2","Unpaid","IT & Digital","Sameer Devi"
"BLD-100177","2024-08-11","Late","3","Unpaid","IT & Digital","Sameer Devi"
"BLD-100177","2025-06-26","Unplanned","8","Unpaid","IT & Digital","Sameer Devi"
"BLD-100177","2024-04-06","Late","1","Paid","IT & Digital","Sameer Devi"
"BLD-100177","2025-12-06","Late","1","Paid","IT & Digital","Sameer Devi"
"BLD-100177","2023-11-04","Sick","8","Paid","IT & Digital","Sameer Devi"
"BLD-100177","2023-06-14","Unplanned","8","Unpaid","IT & Digital","Sameer Devi"
"BLD-100177","2025-01-10","Sick","8","Paid","IT & Digital","Sameer Devi"
"BLD-100177","2023-03-19","Unplanned","8","Unpaid","IT & Digital","Sameer Devi"
"BLD-100178","2024-05-24","Unplanned","8","Unpaid","People & Culture","Reem Ibrahim"
"BLD-100178","2025-03-26","Sick","8","Paid","People & Culture","Reem Ibrahim"
"BLD-100178","2024-05-11","Late","3","Unpaid","People & Culture","Reem Ibrahim"
"BLD-100178","2024-05-21","Unplanned","8","Unpaid","People & Culture","Reem Ibrahim"
"BLD-100178","2025-09-23","Late","1","Paid","People & Culture","Reem Ibrahim"
"BLD-100178","2023-07-31","Sick","8","Paid","People & Culture","Reem Ibrahim"
"BLD-100178","2025-07-26","Sick","8","Paid","People & Culture","Reem Ibrahim"
"BLD-100178","2025-05-05","Unplanned","8","Paid","People & Culture","Reem Ibrahim"
"BLD-100178","2025-09-02","Unplanned","8","Paid","People & Culture","Reem Ibrahim"
"BLD-100178","2023-12-21","Late","3","Unpaid","People & Culture","Reem Ibrahim"
"BLD-100178","2023-06-05","Sick","8","Paid","People & Culture","Reem Ibrahim"
"BLD-100178","2024-07-31","Unplanned","8","Paid","People & Culture","Reem Ibrahim"
"BLD-100178","2025-09-19","Sick","8","Paid","People & Culture","Reem Ibrahim"
"BLD-100178","2023-07-14","Unplanned","8","Unpaid","People & Culture","Reem Ibrahim"
"BLD-100178","2023-03-16","Sick","8","Paid","People & Culture","Reem Ibrahim"
"BLD-100178","2023-07-26","Unplanned","8","Unpaid","People & Culture","Reem Ibrahim"
"BLD-100178","2024-03-19","Unplanned","8","Unpaid","People & Culture","Reem Ibrahim"
"BLD-100178","2023-09-07","Other","8","Paid","People & Culture","Reem Ibrahim"
"BLD-100178","2024-12-13","Sick","8","Paid","People & Culture","Reem Ibrahim"
"BLD-100178","2023-07-22","Unplanned","8","Paid","People & Culture","Reem Ibrahim"
"BLD-100178","2023-05-06","Late","1","Unpaid","People & Culture","Reem Ibrahim"
"BLD-100179","2024-11-18","Late","1","Unpaid","Engineering & Maintenance","Omar Al-Sayed"
"BLD-100179","2023-01-04","Late","3","Unpaid","Engineering & Maintenance","Omar Al-Sayed"
"BLD-100179","2025-05-13","Sick","8","Paid","Engineering & Maintenance","Omar Al-Sayed"
"BLD-100179","2024-10-08","Unplanned","8","Unpaid","Engineering & Maintenance","Omar Al-Sayed"
"BLD-100179","2025-06-22","Sick","8","Paid","Engineering & Maintenance","Omar Al-Sayed"
"BLD-100179","2025-06-14","Unplanned","8","Paid","Engineering & Maintenance","Omar Al-Sayed"
"BLD-100179","2023-08-09","Unplanned","8","Unpaid","Engineering & Maintenance","Omar Al-Sayed"
"BLD-100179","2023-09-10","Sick","8","Paid","Engineering & Maintenance","Omar Al-Sayed"
"BLD-100179","2025-10-05","Late","1","Unpaid","Engineering & Maintenance","Omar Al-Sayed"
"BLD-100179","2023-03-16","Late","3","Paid","Engineering & Maintenance","Omar Al-Sayed"
"BLD-100179","2023-03-19","Sick","8","Paid","Engineering & Maintenance","Omar Al-Sayed"
"BLD-100179","2025-05-22","Late","2","Paid","Engineering & Maintenance","Omar Al-Sayed"
"BLD-100179","2023-01-20","Unplanned","8","Paid","Engineering & Maintenance","Omar Al-Sayed"
"BLD-100179","2023-05-17","Unplanned","8","Unpaid","Engineering & Maintenance","Omar Al-Sayed"
"BLD-100179","2025-12-23","Late","3","Unpaid","Engineering & Maintenance","Omar Al-Sayed"
"BLD-100179","2024-05-01","Sick","8","Paid","Engineering & Maintenance","Omar Al-Sayed"
"BLD-100179","2025-07-01","Sick","8","Paid","Engineering & Maintenance","Omar Al-Sayed"
"BLD-100179","2025-01-31","Sick","8","Paid","Engineering & Maintenance","Omar Al-Sayed"
"BLD-100179","2024-12-19","Late","1","Unpaid","Engineering & Maintenance","Omar Al-Sayed"
"BLD-100179","2025-01-27","Sick","8","Paid","Engineering & Maintenance","Omar Al-Sayed"
"BLD-100180","2023-04-22","Unplanned","8","Paid","Finance","Juan El-Sayed"
"BLD-100180","2023-05-17","Sick","8","Paid","Finance","Juan El-Sayed"
"BLD-100180","2023-01-11","Sick","8","Paid","Finance","Juan El-Sayed"
"BLD-100180","2023-03-23","Unplanned","8","Paid","Finance","Juan El-Sayed"
"BLD-100180","2023-09-28","Sick","8","Paid","Finance","Juan El-Sayed"
"BLD-100180","2023-06-20","Unplanned","8","Paid","Finance","Juan El-Sayed"
"BLD-100180","2023-07-28","Sick","8","Paid","Finance","Juan El-Sayed"
"BLD-100181","2025-09-09","Sick","8","Paid","People & Culture","Juan Gurung"
"BLD-100181","2023-08-26","Late","2","Unpaid","People & Culture","Juan Gurung"
"BLD-100181","2024-07-04","Sick","8","Paid","People & Culture","Juan Gurung"
"BLD-100181","2023-11-29","Unplanned","8","Unpaid","People & Culture","Juan Gurung"
"BLD-100181","2024-08-12","Late","1","Unpaid","People & Culture","Juan Gurung"
"BLD-100181","2023-09-29","Sick","8","Paid","People & Culture","Juan Gurung"
"BLD-100181","2024-12-17","Sick","8","Paid","People & Culture","Juan Gurung"
"BLD-100181","2024-11-02","Late","1","Paid","People & Culture","Juan Gurung"
"BLD-100181","2025-07-18","Late","3","Unpaid","People & Culture","Juan Gurung"
"BLD-100181","2024-07-12","Sick","8","Paid","People & Culture","Juan Gurung"
"BLD-100181","2023-01-22","Unplanned","8","Unpaid","People & Culture","Juan Gurung"
"BLD-100181","2024-08-26","Sick","8","Paid","People & Culture","Juan Gurung"
"BLD-100181","2025-10-04","Late","3","Paid","People & Culture","Juan Gurung"
"BLD-100181","2023-06-29","Sick","8","Paid","People & Culture","Juan Gurung"
"BLD-100181","2025-02-21","Sick","8","Paid","People & Culture","Juan Gurung"
"BLD-100181","2025-03-24","Sick","8","Paid","People & Culture","Juan Gurung"
"BLD-100181","2025-10-28","Unplanned","8","Paid","People & Culture","Juan Gurung"
"BLD-100182","2025-04-29","Sick","8","Paid","Production","Huda Abdullah"
"BLD-100182","2024-07-17","Sick","8","Paid","Production","Huda Abdullah"
"BLD-100183","2023-07-18","Sick","8","Paid","Production","Rajesh Mendoza"
"BLD-100183","2023-04-03","Sick","8","Paid","Production","Rajesh Mendoza"
"BLD-100183","2023-01-10","Late","3","Paid","Production","Rajesh Mendoza"
"BLD-100184","2023-12-16","Sick","8","Paid","Corporate & Executive Office","Rowena Pereira"
"BLD-100184","2023-03-06","Late","3","Paid","Corporate & Executive Office","Rowena Pereira"
"BLD-100184","2024-01-15","Sick","8","Paid","Corporate & Executive Office","Rowena Pereira"
"BLD-100184","2023-07-12","Unplanned","8","Unpaid","Corporate & Executive Office","Rowena Pereira"
"BLD-100184","2023-11-05","Late","1","Unpaid","Corporate & Executive Office","Rowena Pereira"
"BLD-100184","2023-09-11","Unplanned","8","Unpaid","Corporate & Executive Office","Rowena Pereira"
"BLD-100186","2024-02-03","Sick","8","Paid","People & Culture","Rowena Islam"
"BLD-100186","2023-12-29","Unplanned","8","Unpaid","People & Culture","Rowena Islam"
"BLD-100186","2023-04-11","Sick","8","Paid","People & Culture","Rowena Islam"
"BLD-100186","2023-02-27","Sick","8","Paid","People & Culture","Rowena Islam"
"BLD-100186","2024-07-06","Unplanned","8","Paid","People & Culture","Rowena Islam"
"BLD-100186","2024-07-25","Unplanned","8","Unpaid","People & Culture","Rowena Islam"
"BLD-100186","2023-10-30","Sick","8","Paid","People & Culture","Rowena Islam"
"BLD-100186","2024-01-30","Other","8","Unpaid","People & Culture","Rowena Islam"
"BLD-100187","2025-06-27","Unplanned","8","Unpaid","People & Culture","Reem Kapoor"
"BLD-100187","2023-08-21","Sick","8","Paid","People & Culture","Reem Kapoor"
"BLD-100187","2025-12-27","Sick","8","Paid","People & Culture","Reem Kapoor"
"BLD-100187","2023-01-18","Unplanned","8","Unpaid","People & Culture","Reem Kapoor"
"BLD-100187","2024-01-27","Late","1","Paid","People & Culture","Reem Kapoor"
"BLD-100187","2025-04-24","Unplanned","8","Unpaid","People & Culture","Reem Kapoor"
"BLD-100187","2025-05-12","Sick","8","Paid","People & Culture","Reem Kapoor"
"BLD-100187","2024-05-19","Sick","8","Paid","People & Culture","Reem Kapoor"
"BLD-100188","2024-05-16","Sick","8","Paid","Sales & Distribution","Tariq Islam"
"BLD-100188","2023-04-07","Sick","8","Paid","Sales & Distribution","Tariq Islam"
"BLD-100188","2025-01-03","Late","1","Paid","Sales & Distribution","Tariq Islam"
"BLD-100188","2024-09-14","Sick","8","Paid","Sales & Distribution","Tariq Islam"
"BLD-100188","2023-03-13","Late","3","Unpaid","Sales & Distribution","Tariq Islam"
"BLD-100188","2024-12-22","Unplanned","8","Unpaid","Sales & Distribution","Tariq Islam"
"BLD-100188","2025-03-30","Sick","8","Paid","Sales & Distribution","Tariq Islam"
"BLD-100189","2023-10-28","Late","3","Paid","People & Culture","Bishnu Kapoor"
"BLD-100189","2023-03-04","Sick","8","Paid","People & Culture","Bishnu Kapoor"
"BLD-100189","2023-03-24","Other","8","Unpaid","People & Culture","Bishnu Kapoor"
"BLD-100189","2023-01-14","Sick","8","Paid","People & Culture","Bishnu Kapoor"
"BLD-100189","2023-08-20","Other","8","Paid","People & Culture","Bishnu Kapoor"
"BLD-100189","2023-05-02","Unplanned","8","Paid","People & Culture","Bishnu Kapoor"
"BLD-100189","2023-04-07","Unplanned","8","Paid","People & Culture","Bishnu Kapoor"
"BLD-100190","2023-01-22","Unplanned","8","Unpaid","Supply Chain & Logistics","Sanjay El-Sayed"
"BLD-100190","2023-10-30","Sick","8","Paid","Supply Chain & Logistics","Sanjay El-Sayed"
"BLD-100190","2023-03-15","Late","1","Unpaid","Supply Chain & Logistics","Sanjay El-Sayed"
"BLD-100190","2023-02-18","Late","1","Unpaid","Supply Chain & Logistics","Sanjay El-Sayed"
"BLD-100190","2023-01-12","Unplanned","8","Paid","Supply Chain & Logistics","Sanjay El-Sayed"
"BLD-100191","2025-07-02","Sick","8","Paid","IT & Digital","Ahmed Al-Sayed"
"BLD-100191","2024-06-20","Unplanned","8","Unpaid","IT & Digital","Ahmed Al-Sayed"
"BLD-100191","2025-11-02","Other","8","Unpaid","IT & Digital","Ahmed Al-Sayed"
"BLD-100191","2025-07-20","Late","1","Unpaid","IT & Digital","Ahmed Al-Sayed"
"BLD-100191","2024-07-08","Unplanned","8","Unpaid","IT & Digital","Ahmed Al-Sayed"
"BLD-100191","2025-07-22","Unplanned","8","Unpaid","IT & Digital","Ahmed Al-Sayed"
"BLD-100192","2023-06-27","Sick","8","Paid","Finance","Ravi Malik"
"BLD-100192","2023-01-10","Unplanned","8","Unpaid","Finance","Ravi Malik"
"BLD-100192","2023-10-28","Other","8","Unpaid","Finance","Ravi Malik"
"BLD-100192","2023-10-03","Sick","8","Paid","Finance","Ravi Malik"
"BLD-100193","2025-02-06","Sick","8","Paid","People & Culture","Cherry Reyes"
"BLD-100193","2023-04-26","Late","3","Paid","People & Culture","Cherry Reyes"
"BLD-100193","2023-03-22","Unplanned","8","Paid","People & Culture","Cherry Reyes"
"BLD-100193","2025-01-09","Sick","8","Paid","People & Culture","Cherry Reyes"
"BLD-100193","2024-09-30","Unplanned","8","Unpaid","People & Culture","Cherry Reyes"
"BLD-100193","2023-05-30","Unplanned","8","Paid","People & Culture","Cherry Reyes"
"BLD-100193","2024-12-10","Unplanned","8","Unpaid","People & Culture","Cherry Reyes"
"BLD-100193","2025-10-25","Sick","8","Paid","People & Culture","Cherry Reyes"
"BLD-100193","2024-11-26","Late","2","Paid","People & Culture","Cherry Reyes"
"BLD-100193","2024-06-06","Sick","8","Paid","People & Culture","Cherry Reyes"
"BLD-100193","2023-08-02","Sick","8","Paid","People & Culture","Cherry Reyes"
"BLD-100193","2023-06-16","Sick","8","Paid","People & Culture","Cherry Reyes"
"BLD-100193","2024-05-05","Sick","8","Paid","People & Culture","Cherry Reyes"
"BLD-100193","2025-02-10","Sick","8","Paid","People & Culture","Cherry Reyes"
"BLD-100193","2024-12-11","Sick","8","Paid","People & Culture","Cherry Reyes"
"BLD-100193","2023-03-14","Sick","8","Paid","People & Culture","Cherry Reyes"
"BLD-100193","2025-01-25","Sick","8","Paid","People & Culture","Cherry Reyes"
"BLD-100193","2024-08-22","Sick","8","Paid","People & Culture","Cherry Reyes"
"BLD-100193","2023-08-08","Unplanned","8","Paid","People & Culture","Cherry Reyes"
"BLD-100193","2024-01-19","Other","8","Unpaid","People & Culture","Cherry Reyes"
"BLD-100193","2023-10-27","Sick","8","Paid","People & Culture","Cherry Reyes"
"BLD-100193","2025-04-02","Unplanned","8","Unpaid","People & Culture","Cherry Reyes"
"BLD-100194","2023-09-27","Sick","8","Paid","People & Culture","Sara Santos"
"BLD-100194","2024-07-29","Late","2","Unpaid","People & Culture","Sara Santos"
"BLD-100194","2023-04-07","Unplanned","8","Paid","People & Culture","Sara Santos"
"BLD-100194","2023-04-04","Unplanned","8","Unpaid","People & Culture","Sara Santos"
"BLD-100194","2023-12-20","Sick","8","Paid","People & Culture","Sara Santos"
"BLD-100194","2024-01-30","Unplanned","8","Unpaid","People & Culture","Sara Santos"
"BLD-100194","2024-07-10","Sick","8","Paid","People & Culture","Sara Santos"
"BLD-100194","2024-12-04","Late","3","Paid","People & Culture","Sara Santos"
"BLD-100194","2023-08-26","Sick","8","Paid","People & Culture","Sara Santos"
"BLD-100194","2025-05-11","Sick","8","Paid","People & Culture","Sara Santos"
"BLD-100194","2023-01-31","Unplanned","8","Paid","People & Culture","Sara Santos"
"BLD-100194","2023-02-03","Sick","8","Paid","People & Culture","Sara Santos"
"BLD-100194","2023-04-07","Sick","8","Paid","People & Culture","Sara Santos"
"BLD-100194","2024-11-15","Late","3","Paid","People & Culture","Sara Santos"
"BLD-100194","2023-10-24","Unplanned","8","Unpaid","People & Culture","Sara Santos"
"BLD-100194","2024-10-21","Sick","8","Paid","People & Culture","Sara Santos"
"BLD-100194","2023-01-22","Unplanned","8","Unpaid","People & Culture","Sara Santos"
"BLD-100195","2023-06-03","Sick","8","Paid","Production","Anil Mendoza"
"BLD-100195","2023-05-19","Sick","8","Paid","Production","Anil Mendoza"
"BLD-100195","2023-03-13","Sick","8","Paid","Production","Anil Mendoza"
"BLD-100195","2023-09-26","Sick","8","Paid","Production","Anil Mendoza"
"BLD-100195","2023-08-18","Sick","8","Paid","Production","Anil Mendoza"
"BLD-100195","2023-09-10","Sick","8","Paid","Production","Anil Mendoza"
"BLD-100195","2024-03-01","Unplanned","8","Unpaid","Production","Anil Mendoza"
"BLD-100195","2023-08-24","Sick","8","Paid","Production","Anil Mendoza"
"BLD-100195","2023-10-31","Sick","8","Paid","Production","Anil Mendoza"
"BLD-100195","2023-08-14","Unplanned","8","Paid","Production","Anil Mendoza"
"BLD-100195","2023-11-13","Sick","8","Paid","Production","Anil Mendoza"
"BLD-100195","2023-04-10","Sick","8","Paid","Production","Anil Mendoza"
"BLD-100195","2023-10-19","Unplanned","8","Paid","Production","Anil Mendoza"
"BLD-100196","2023-10-02","Unplanned","8","Unpaid","Quality Assurance & Food Safety","Waleed Baig"
"BLD-100196","2023-10-12","Sick","8","Paid","Quality Assurance & Food Safety","Waleed Baig"
"BLD-100196","2024-03-17","Sick","8","Paid","Quality Assurance & Food Safety","Waleed Baig"
"BLD-100196","2025-10-01","Sick","8","Paid","Quality Assurance & Food Safety","Waleed Baig"
"BLD-100196","2025-08-27","Unplanned","8","Unpaid","Quality Assurance & Food Safety","Waleed Baig"
"BLD-100196","2025-09-23","Sick","8","Paid","Quality Assurance & Food Safety","Waleed Baig"
"BLD-100196","2024-01-16","Unplanned","8","Paid","Quality Assurance & Food Safety","Waleed Baig"
"BLD-100196","2023-05-24","Sick","8","Paid","Quality Assurance & Food Safety","Waleed Baig"
"BLD-100196","2024-05-13","Sick","8","Paid","Quality Assurance & Food Safety","Waleed Baig"
"BLD-100196","2025-05-03","Sick","8","Paid","Quality Assurance & Food Safety","Waleed Baig"
"BLD-100196","2023-09-05","Sick","8","Paid","Quality Assurance & Food Safety","Waleed Baig"
"BLD-100196","2023-02-09","Unplanned","8","Unpaid","Quality Assurance & Food Safety","Waleed Baig"
"BLD-100196","2025-10-03","Sick","8","Paid","Quality Assurance & Food Safety","Waleed Baig"
"BLD-100196","2023-05-02","Unplanned","8","Paid","Quality Assurance & Food Safety","Waleed Baig"
"BLD-100197","2023-08-21","Sick","8","Paid","IT & Digital","Mona Khan"
"BLD-100197","2024-08-20","Other","8","Paid","IT & Digital","Mona Khan"
"BLD-100197","2025-09-30","Unplanned","8","Unpaid","IT & Digital","Mona Khan"
"BLD-100197","2025-10-18","Late","3","Unpaid","IT & Digital","Mona Khan"
"BLD-100197","2024-07-10","Sick","8","Paid","IT & Digital","Mona Khan"
"BLD-100197","2024-08-11","Unplanned","8","Paid","IT & Digital","Mona Khan"
"BLD-100197","2024-12-23","Unplanned","8","Unpaid","IT & Digital","Mona Khan"
"BLD-100197","2023-10-12","Sick","8","Paid","IT & Digital","Mona Khan"
"BLD-100197","2024-03-11","Sick","8","Paid","IT & Digital","Mona Khan"
"BLD-100197","2025-11-06","Sick","8","Paid","IT & Digital","Mona Khan"
"BLD-100197","2023-01-07","Sick","8","Paid","IT & Digital","Mona Khan"
"BLD-100197","2024-05-28","Sick","8","Paid","IT & Digital","Mona Khan"
"BLD-100197","2023-03-31","Unplanned","8","Paid","IT & Digital","Mona Khan"
"BLD-100197","2024-12-15","Late","3","Unpaid","IT & Digital","Mona Khan"
"BLD-100197","2024-03-11","Late","3","Paid","IT & Digital","Mona Khan"
"BLD-100197","2025-02-18","Sick","8","Paid","IT & Digital","Mona Khan"
"BLD-100198","2023-09-16","Other","8","Paid","Supply Chain & Logistics","Sanjay El-Sayed"
"BLD-100198","2023-03-22","Sick","8","Paid","Supply Chain & Logistics","Sanjay El-Sayed"
"BLD-100198","2023-03-04","Unplanned","8","Unpaid","Supply Chain & Logistics","Sanjay El-Sayed"
"BLD-100199","2023-09-08","Late","2","Unpaid","Farm Operations","Yousef Al-Attiyah"
"BLD-100199","2023-03-04","Unplanned","8","Unpaid","Farm Operations","Yousef Al-Attiyah"
"BLD-100199","2023-11-20","Unplanned","8","Unpaid","Farm Operations","Yousef Al-Attiyah"
"BLD-100200","2023-01-21","Sick","8","Paid","Quality Assurance & Food Safety","Rajesh Farouk"
"BLD-100201","2024-11-27","Unplanned","8","Unpaid","Supply Chain & Logistics","Mohamed Mansour"
"BLD-100201","2023-11-30","Unplanned","8","Unpaid","Supply Chain & Logistics","Mohamed Mansour"
"BLD-100201","2023-07-23","Sick","8","Paid","Supply Chain & Logistics","Mohamed Mansour"
"BLD-100201","2023-08-07","Sick","8","Paid","Supply Chain & Logistics","Mohamed Mansour"
"BLD-100201","2023-10-26","Sick","8","Paid","Supply Chain & Logistics","Mohamed Mansour"
"BLD-100201","2024-09-15","Late","3","Unpaid","Supply Chain & Logistics","Mohamed Mansour"
"BLD-100201","2023-03-15","Unplanned","8","Unpaid","Supply Chain & Logistics","Mohamed Mansour"
"BLD-100201","2023-08-10","Sick","8","Paid","Supply Chain & Logistics","Mohamed Mansour"
"BLD-100201","2024-05-16","Sick","8","Paid","Supply Chain & Logistics","Mohamed Mansour"
"BLD-100201","2024-09-04","Sick","8","Paid","Supply Chain & Logistics","Mohamed Mansour"
"BLD-100201","2024-08-29","Sick","8","Paid","Supply Chain & Logistics","Mohamed Mansour"
"BLD-100202","2023-05-15","Sick","8","Paid","R&D","Anita Mansour"
"BLD-100202","2025-01-27","Sick","8","Paid","R&D","Anita Mansour"
"BLD-100202","2024-04-15","Sick","8","Paid","R&D","Anita Mansour"
"BLD-100202","2024-10-10","Unplanned","8","Paid","R&D","Anita Mansour"
"BLD-100202","2023-06-01","Late","1","Unpaid","R&D","Anita Mansour"
"BLD-100202","2023-08-10","Late","1","Paid","R&D","Anita Mansour"
"BLD-100202","2023-05-18","Late","2","Unpaid","R&D","Anita Mansour"
"BLD-100202","2024-05-22","Sick","8","Paid","R&D","Anita Mansour"
"BLD-100202","2024-08-27","Unplanned","8","Unpaid","R&D","Anita Mansour"
"BLD-100202","2023-11-02","Sick","8","Paid","R&D","Anita Mansour"
"BLD-100202","2025-10-23","Unplanned","8","Paid","R&D","Anita Mansour"
"BLD-100202","2025-04-29","Sick","8","Paid","R&D","Anita Mansour"
"BLD-100202","2024-03-12","Sick","8","Paid","R&D","Anita Mansour"
"BLD-100202","2023-09-18","Unplanned","8","Unpaid","R&D","Anita Mansour"
"BLD-100202","2024-08-03","Unplanned","8","Unpaid","R&D","Anita Mansour"
"BLD-100202","2023-09-26","Unplanned","8","Unpaid","R&D","Anita Mansour"
"BLD-100202","2025-05-19","Unplanned","8","Paid","R&D","Anita Mansour"
"BLD-100202","2023-09-01","Sick","8","Paid","R&D","Anita Mansour"
"BLD-100202","2024-10-17","Unplanned","8","Unpaid","R&D","Anita Mansour"
"BLD-100202","2023-06-14","Sick","8","Paid","R&D","Anita Mansour"
"BLD-100202","2025-02-07","Late","3","Paid","R&D","Anita Mansour"
"BLD-100202","2023-04-29","Sick","8","Paid","R&D","Anita Mansour"
"BLD-100203","2023-08-05","Unplanned","8","Unpaid","Marketing","Nadia Iqbal"
"BLD-100203","2023-01-18","Unplanned","8","Unpaid","Marketing","Nadia Iqbal"
"BLD-100203","2023-03-10","Late","3","Paid","Marketing","Nadia Iqbal"
"BLD-100203","2023-06-05","Sick","8","Paid","Marketing","Nadia Iqbal"
"BLD-100204","2024-05-04","Unplanned","8","Paid","Engineering & Maintenance","Ravi Youssef"
"BLD-100204","2023-03-15","Late","3","Unpaid","Engineering & Maintenance","Ravi Youssef"
"BLD-100204","2023-07-18","Unplanned","8","Unpaid","Engineering & Maintenance","Ravi Youssef"
"BLD-100204","2023-12-26","Sick","8","Paid","Engineering & Maintenance","Ravi Youssef"
"BLD-100204","2024-07-18","Sick","8","Paid","Engineering & Maintenance","Ravi Youssef"
"BLD-100204","2024-02-08","Sick","8","Paid","Engineering & Maintenance","Ravi Youssef"
"BLD-100205","2023-06-26","Unplanned","8","Paid","Sales & Distribution","Ramesh Islam"
"BLD-100205","2025-05-05","Unplanned","8","Unpaid","Sales & Distribution","Ramesh Islam"
"BLD-100205","2024-02-03","Sick","8","Paid","Sales & Distribution","Ramesh Islam"
"BLD-100205","2024-03-12","Sick","8","Paid","Sales & Distribution","Ramesh Islam"
"BLD-100205","2025-07-29","Unplanned","8","Unpaid","Sales & Distribution","Ramesh Islam"
"BLD-100205","2025-10-20","Late","2","Unpaid","Sales & Distribution","Ramesh Islam"
"BLD-100205","2024-06-03","Unplanned","8","Unpaid","Sales & Distribution","Ramesh Islam"
"BLD-100205","2025-05-08","Sick","8","Paid","Sales & Distribution","Ramesh Islam"
"BLD-100205","2023-11-08","Sick","8","Paid","Sales & Distribution","Ramesh Islam"
"BLD-100205","2025-03-24","Other","8","Paid","Sales & Distribution","Ramesh Islam"
"BLD-100207","2023-03-03","Sick","8","Paid","Corporate & Executive Office","Deepak Mahmoud"
"BLD-100207","2024-04-13","Sick","8","Paid","Corporate & Executive Office","Deepak Mahmoud"
"BLD-100207","2023-11-27","Sick","8","Paid","Corporate & Executive Office","Deepak Mahmoud"
"BLD-100207","2023-01-09","Sick","8","Paid","Corporate & Executive Office","Deepak Mahmoud"
"BLD-100207","2024-07-13","Unplanned","8","Unpaid","Corporate & Executive Office","Deepak Mahmoud"
"BLD-100208","2023-02-04","Late","3","Unpaid","Production","Omar Al-Kuwari"
"BLD-100208","2024-09-30","Unplanned","8","Paid","Production","Omar Al-Kuwari"
"BLD-100208","2025-04-21","Late","3","Unpaid","Production","Omar Al-Kuwari"
"BLD-100208","2025-04-21","Sick","8","Paid","Production","Omar Al-Kuwari"
"BLD-100208","2023-09-03","Sick","8","Paid","Production","Omar Al-Kuwari"
"BLD-100208","2023-09-26","Sick","8","Paid","Production","Omar Al-Kuwari"
"BLD-100208","2023-12-03","Unplanned","8","Paid","Production","Omar Al-Kuwari"
"BLD-100208","2023-08-10","Sick","8","Paid","Production","Omar Al-Kuwari"
"BLD-100208","2025-10-04","Sick","8","Paid","Production","Omar Al-Kuwari"
"BLD-100209","2024-01-07","Unplanned","8","Unpaid","Production","Sanjay Cruz"
"BLD-100209","2023-08-28","Sick","8","Paid","Production","Sanjay Cruz"
"BLD-100209","2025-10-25","Sick","8","Paid","Production","Sanjay Cruz"
"BLD-100209","2023-02-18","Late","3","Unpaid","Production","Sanjay Cruz"
"BLD-100209","2024-12-14","Sick","8","Paid","Production","Sanjay Cruz"
"BLD-100209","2023-08-11","Unplanned","8","Paid","Production","Sanjay Cruz"
"BLD-100209","2023-09-15","Unplanned","8","Paid","Production","Sanjay Cruz"
"BLD-100209","2023-03-12","Unplanned","8","Unpaid","Production","Sanjay Cruz"
"BLD-100210","2023-11-16","Late","2","Unpaid","Engineering & Maintenance","Sanjay Baig"
"BLD-100210","2025-07-09","Unplanned","8","Unpaid","Engineering & Maintenance","Sanjay Baig"
"BLD-100210","2023-12-24","Sick","8","Paid","Engineering & Maintenance","Sanjay Baig"
"BLD-100210","2024-10-29","Sick","8","Paid","Engineering & Maintenance","Sanjay Baig"
"BLD-100210","2025-03-11","Sick","8","Paid","Engineering & Maintenance","Sanjay Baig"
"BLD-100210","2024-10-10","Sick","8","Paid","Engineering & Maintenance","Sanjay Baig"
"BLD-100210","2025-07-20","Sick","8","Paid","Engineering & Maintenance","Sanjay Baig"
"BLD-100210","2025-07-22","Unplanned","8","Unpaid","Engineering & Maintenance","Sanjay Baig"
"BLD-100210","2023-09-17","Late","1","Paid","Engineering & Maintenance","Sanjay Baig"
"BLD-100210","2024-09-07","Late","3","Paid","Engineering & Maintenance","Sanjay Baig"
"BLD-100210","2023-08-28","Sick","8","Paid","Engineering & Maintenance","Sanjay Baig"
"BLD-100210","2023-06-15","Sick","8","Paid","Engineering & Maintenance","Sanjay Baig"
"BLD-100210","2024-04-06","Other","8","Paid","Engineering & Maintenance","Sanjay Baig"
"BLD-100210","2023-09-27","Late","3","Unpaid","Engineering & Maintenance","Sanjay Baig"
"BLD-100210","2023-06-24","Sick","8","Paid","Engineering & Maintenance","Sanjay Baig"
"BLD-100210","2025-09-05","Unplanned","8","Paid","Engineering & Maintenance","Sanjay Baig"
"BLD-100210","2024-04-07","Late","2","Unpaid","Engineering & Maintenance","Sanjay Baig"
"BLD-100210","2023-10-29","Unplanned","8","Unpaid","Engineering & Maintenance","Sanjay Baig"
"BLD-100211","2023-07-09","Late","1","Unpaid","Finance","Rina Malik"
"BLD-100211","2024-03-03","Sick","8","Paid","Finance","Rina Malik"
"BLD-100211","2023-09-29","Sick","8","Paid","Finance","Rina Malik"
"BLD-100212","2024-03-28","Unplanned","8","Unpaid","Procurement","Santosh Baig"
"BLD-100212","2024-01-12","Other","8","Paid","Procurement","Santosh Baig"
"BLD-100212","2024-03-12","Sick","8","Paid","Procurement","Santosh Baig"
"BLD-100212","2024-06-18","Sick","8","Paid","Procurement","Santosh Baig"
"BLD-100212","2025-09-29","Sick","8","Paid","Procurement","Santosh Baig"
"BLD-100212","2025-02-25","Unplanned","8","Unpaid","Procurement","Santosh Baig"
"BLD-100212","2024-01-30","Late","1","Unpaid","Procurement","Santosh Baig"
"BLD-100212","2024-07-21","Sick","8","Paid","Procurement","Santosh Baig"
"BLD-100212","2025-05-09","Late","3","Unpaid","Procurement","Santosh Baig"
"BLD-100212","2023-11-15","Late","3","Paid","Procurement","Santosh Baig"
"BLD-100212","2024-01-12","Other","8","Unpaid","Procurement","Santosh Baig"
"BLD-100212","2023-01-17","Unplanned","8","Unpaid","Procurement","Santosh Baig"
"BLD-100212","2025-01-25","Late","1","Paid","Procurement","Santosh Baig"
"BLD-100212","2024-09-09","Sick","8","Paid","Procurement","Santosh Baig"
"BLD-100212","2025-08-19","Late","2","Unpaid","Procurement","Santosh Baig"
"BLD-100212","2025-07-30","Sick","8","Paid","Procurement","Santosh Baig"
"BLD-100213","2023-06-30","Unplanned","8","Unpaid","R&D","Nadia Ahmed"
"BLD-100213","2024-09-05","Sick","8","Paid","R&D","Nadia Ahmed"
"BLD-100213","2023-12-03","Unplanned","8","Unpaid","R&D","Nadia Ahmed"
"BLD-100213","2024-10-01","Sick","8","Paid","R&D","Nadia Ahmed"
"BLD-100213","2023-02-15","Sick","8","Paid","R&D","Nadia Ahmed"
"BLD-100213","2025-05-05","Other","8","Paid","R&D","Nadia Ahmed"
"BLD-100213","2025-10-01","Sick","8","Paid","R&D","Nadia Ahmed"
"BLD-100213","2024-12-23","Unplanned","8","Unpaid","R&D","Nadia Ahmed"
"BLD-100213","2023-08-29","Unplanned","8","Paid","R&D","Nadia Ahmed"
"BLD-100213","2023-09-14","Sick","8","Paid","R&D","Nadia Ahmed"
"BLD-100214","2023-02-13","Unplanned","8","Paid","R&D","Kumar Islam"
"BLD-100214","2023-04-22","Sick","8","Paid","R&D","Kumar Islam"
"BLD-100214","2023-03-10","Sick","8","Paid","R&D","Kumar Islam"
"BLD-100214","2024-07-31","Unplanned","8","Paid","R&D","Kumar Islam"
"BLD-100214","2024-10-08","Other","8","Unpaid","R&D","Kumar Islam"
"BLD-100214","2024-07-03","Sick","8","Paid","R&D","Kumar Islam"
"BLD-100214","2023-05-18","Unplanned","8","Unpaid","R&D","Kumar Islam"
"BLD-100214","2024-07-03","Unplanned","8","Paid","R&D","Kumar Islam"
"BLD-100214","2024-02-06","Sick","8","Paid","R&D","Kumar Islam"
"BLD-100214","2024-12-03","Unplanned","8","Unpaid","R&D","Kumar Islam"
"BLD-100214","2025-02-24","Sick","8","Paid","R&D","Kumar Islam"
"BLD-100214","2025-03-25","Sick","8","Paid","R&D","Kumar Islam"
"BLD-100215","2023-07-11","Unplanned","8","Unpaid","Engineering & Maintenance","Ravi Youssef"
"BLD-100215","2024-08-27","Sick","8","Paid","Engineering & Maintenance","Ravi Youssef"
"BLD-100216","2024-02-26","Late","1","Unpaid","Marketing","Nadia Iqbal"
"BLD-100216","2023-01-25","Late","1","Unpaid","Marketing","Nadia Iqbal"
"BLD-100216","2024-09-19","Unplanned","8","Paid","Marketing","Nadia Iqbal"
"BLD-100216","2023-07-01","Late","3","Unpaid","Marketing","Nadia Iqbal"
"BLD-100216","2025-01-05","Sick","8","Paid","Marketing","Nadia Iqbal"
"BLD-100216","2024-04-30","Late","1","Paid","Marketing","Nadia Iqbal"
"BLD-100216","2024-08-17","Sick","8","Paid","Marketing","Nadia Iqbal"
"BLD-100216","2025-07-03","Unplanned","8","Paid","Marketing","Nadia Iqbal"
"BLD-100216","2023-07-06","Sick","8","Paid","Marketing","Nadia Iqbal"
"BLD-100216","2025-12-13","Late","1","Paid","Marketing","Nadia Iqbal"
"BLD-100216","2025-03-26","Unplanned","8","Paid","Marketing","Nadia Iqbal"
"BLD-100216","2023-03-22","Other","8","Unpaid","Marketing","Nadia Iqbal"
"BLD-100216","2023-12-17","Sick","8","Paid","Marketing","Nadia Iqbal"
"BLD-100216","2024-03-19","Sick","8","Paid","Marketing","Nadia Iqbal"
"BLD-100216","2024-10-29","Sick","8","Paid","Marketing","Nadia Iqbal"
"BLD-100216","2023-02-11","Sick","8","Paid","Marketing","Nadia Iqbal"
"BLD-100216","2024-06-27","Unplanned","8","Paid","Marketing","Nadia Iqbal"
"BLD-100216","2023-04-23","Sick","8","Paid","Marketing","Nadia Iqbal"
"BLD-100216","2024-04-14","Sick","8","Paid","Marketing","Nadia Iqbal"
"BLD-100217","2024-06-10","Sick","8","Paid","Supply Chain & Logistics","Bikram Al-Kuwari"
"BLD-100217","2025-12-04","Late","3","Unpaid","Supply Chain & Logistics","Bikram Al-Kuwari"
"BLD-100218","2024-03-28","Unplanned","8","Paid","Finance","Krishna Kapoor"
"BLD-100218","2023-10-08","Sick","8","Paid","Finance","Krishna Kapoor"
"BLD-100218","2023-03-12","Sick","8","Paid","Finance","Krishna Kapoor"
"BLD-100218","2023-07-16","Unplanned","8","Unpaid","Finance","Krishna Kapoor"
"BLD-100219","2024-03-02","Late","1","Unpaid","Sales & Distribution","Yasmin Sharma"
"BLD-100219","2024-10-05","Unplanned","8","Unpaid","Sales & Distribution","Yasmin Sharma"
"BLD-100219","2025-08-17","Sick","8","Paid","Sales & Distribution","Yasmin Sharma"
"BLD-100219","2024-07-23","Unplanned","8","Unpaid","Sales & Distribution","Yasmin Sharma"
"BLD-100219","2023-08-01","Sick","8","Paid","Sales & Distribution","Yasmin Sharma"
"BLD-100220","2025-12-15","Unplanned","8","Unpaid","Sales & Distribution","Vikram El-Sayed"
"BLD-100220","2025-04-09","Sick","8","Paid","Sales & Distribution","Vikram El-Sayed"
"BLD-100220","2024-09-13","Other","8","Paid","Sales & Distribution","Vikram El-Sayed"
"BLD-100220","2025-03-12","Other","8","Paid","Sales & Distribution","Vikram El-Sayed"
"BLD-100220","2025-11-05","Sick","8","Paid","Sales & Distribution","Vikram El-Sayed"
"BLD-100220","2023-08-07","Late","2","Paid","Sales & Distribution","Vikram El-Sayed"
"BLD-100220","2024-08-31","Unplanned","8","Paid","Sales & Distribution","Vikram El-Sayed"
"BLD-100220","2024-11-25","Late","2","Unpaid","Sales & Distribution","Vikram El-Sayed"
"BLD-100220","2025-10-29","Unplanned","8","Unpaid","Sales & Distribution","Vikram El-Sayed"
"BLD-100220","2025-04-15","Sick","8","Paid","Sales & Distribution","Vikram El-Sayed"
"BLD-100220","2023-12-14","Sick","8","Paid","Sales & Distribution","Vikram El-Sayed"
"BLD-100221","2023-10-15","Sick","8","Paid","Procurement","Ali Devi"
"BLD-100221","2025-11-15","Sick","8","Paid","Procurement","Ali Devi"
"BLD-100221","2023-11-05","Sick","8","Paid","Procurement","Ali Devi"
"BLD-100221","2025-12-02","Unplanned","8","Paid","Procurement","Ali Devi"
"BLD-100221","2024-01-16","Sick","8","Paid","Procurement","Ali Devi"
"BLD-100221","2024-08-15","Late","1","Unpaid","Procurement","Ali Devi"
"BLD-100221","2025-04-17","Sick","8","Paid","Procurement","Ali Devi"
"BLD-100222","2023-12-26","Unplanned","8","Unpaid","Farm Operations","Ahmed Cruz"
"BLD-100222","2025-04-23","Sick","8","Paid","Farm Operations","Ahmed Cruz"
"BLD-100222","2024-04-24","Late","1","Paid","Farm Operations","Ahmed Cruz"
"BLD-100222","2025-03-24","Sick","8","Paid","Farm Operations","Ahmed Cruz"
"BLD-100223","2023-08-29","Unplanned","8","Unpaid","Procurement","Ali Al-Kuwari"
"BLD-100223","2024-05-18","Sick","8","Paid","Procurement","Ali Al-Kuwari"
"BLD-100223","2024-09-25","Sick","8","Paid","Procurement","Ali Al-Kuwari"
"BLD-100223","2023-09-03","Late","3","Paid","Procurement","Ali Al-Kuwari"
"BLD-100223","2024-02-26","Sick","8","Paid","Procurement","Ali Al-Kuwari"
"BLD-100223","2024-05-20","Unplanned","8","Unpaid","Procurement","Ali Al-Kuwari"
"BLD-100223","2024-06-07","Sick","8","Paid","Procurement","Ali Al-Kuwari"
"BLD-100223","2023-12-11","Late","3","Unpaid","Procurement","Ali Al-Kuwari"
"BLD-100223","2024-03-29","Late","2","Unpaid","Procurement","Ali Al-Kuwari"
"BLD-100224","2024-11-18","Late","2","Unpaid","People & Culture","Rina Rai"
"BLD-100224","2023-02-02","Sick","8","Paid","People & Culture","Rina Rai"
"BLD-100224","2023-03-23","Late","2","Unpaid","People & Culture","Rina Rai"
"BLD-100224","2025-07-22","Sick","8","Paid","People & Culture","Rina Rai"
"BLD-100224","2024-02-15","Late","3","Paid","People & Culture","Rina Rai"
"BLD-100224","2024-09-20","Other","8","Paid","People & Culture","Rina Rai"
"BLD-100224","2023-06-03","Unplanned","8","Unpaid","People & Culture","Rina Rai"
"BLD-100224","2024-07-03","Sick","8","Paid","People & Culture","Rina Rai"
"BLD-100224","2024-12-20","Unplanned","8","Paid","People & Culture","Rina Rai"
"BLD-100224","2024-09-10","Sick","8","Paid","People & Culture","Rina Rai"
"BLD-100224","2025-05-24","Unplanned","8","Unpaid","People & Culture","Rina Rai"
"BLD-100224","2025-10-02","Sick","8","Paid","People & Culture","Rina Rai"
"BLD-100224","2023-07-19","Late","2","Paid","People & Culture","Rina Rai"
"BLD-100224","2023-04-01","Unplanned","8","Unpaid","People & Culture","Rina Rai"
"BLD-100224","2023-08-13","Sick","8","Paid","People & Culture","Rina Rai"
"BLD-100224","2024-08-15","Other","8","Unpaid","People & Culture","Rina Rai"
"BLD-100224","2023-05-06","Sick","8","Paid","People & Culture","Rina Rai"
"BLD-100225","2024-04-20","Sick","8","Paid","Production","Anil Khan"
"BLD-100225","2025-03-17","Unplanned","8","Unpaid","Production","Anil Khan"
"BLD-100225","2023-06-10","Sick","8","Paid","Production","Anil Khan"
"BLD-100225","2023-06-25","Sick","8","Paid","Production","Anil Khan"
"BLD-100225","2023-06-29","Late","3","Unpaid","Production","Anil Khan"
"BLD-100226","2023-02-08","Unplanned","8","Unpaid","Finance","Manoj Abdullah"
"BLD-100228","2023-02-18","Sick","8","Paid","Corporate & Executive Office","Mona Al-Kuwari"
"BLD-100228","2024-01-23","Unplanned","8","Unpaid","Corporate & Executive Office","Mona Al-Kuwari"
"BLD-100228","2023-01-31","Late","1","Unpaid","Corporate & Executive Office","Mona Al-Kuwari"
"BLD-100228","2025-10-09","Late","3","Unpaid","Corporate & Executive Office","Mona Al-Kuwari"
"BLD-100228","2023-06-10","Sick","8","Paid","Corporate & Executive Office","Mona Al-Kuwari"
"BLD-100228","2024-10-20","Sick","8","Paid","Corporate & Executive Office","Mona Al-Kuwari"
"BLD-100228","2025-06-07","Sick","8","Paid","Corporate & Executive Office","Mona Al-Kuwari"
"BLD-100228","2024-12-22","Unplanned","8","Paid","Corporate & Executive Office","Mona Al-Kuwari"
"BLD-100228","2024-07-09","Sick","8","Paid","Corporate & Executive Office","Mona Al-Kuwari"
"BLD-100228","2025-06-28","Late","3","Paid","Corporate & Executive Office","Mona Al-Kuwari"
"BLD-100228","2023-06-20","Late","1","Unpaid","Corporate & Executive Office","Mona Al-Kuwari"
"BLD-100228","2025-06-16","Other","8","Paid","Corporate & Executive Office","Mona Al-Kuwari"
"BLD-100228","2023-09-24","Sick","8","Paid","Corporate & Executive Office","Mona Al-Kuwari"
"BLD-100228","2025-06-25","Unplanned","8","Unpaid","Corporate & Executive Office","Mona Al-Kuwari"
"BLD-100228","2023-03-12","Unplanned","8","Unpaid","Corporate & Executive Office","Mona Al-Kuwari"
"BLD-100228","2023-01-07","Sick","8","Paid","Corporate & Executive Office","Mona Al-Kuwari"
"BLD-100228","2025-11-15","Unplanned","8","Paid","Corporate & Executive Office","Mona Al-Kuwari"
"BLD-100228","2025-10-18","Unplanned","8","Paid","Corporate & Executive Office","Mona Al-Kuwari"
"BLD-100228","2023-05-27","Unplanned","8","Paid","Corporate & Executive Office","Mona Al-Kuwari"
"BLD-100228","2023-03-11","Sick","8","Paid","Corporate & Executive Office","Mona Al-Kuwari"
"BLD-100228","2025-04-03","Sick","8","Paid","Corporate & Executive Office","Mona Al-Kuwari"
"BLD-100228","2025-03-21","Late","1","Paid","Corporate & Executive Office","Mona Al-Kuwari"
"BLD-100228","2025-05-22","Unplanned","8","Paid","Corporate & Executive Office","Mona Al-Kuwari"
"BLD-100228","2024-02-12","Sick","8","Paid","Corporate & Executive Office","Mona Al-Kuwari"
"BLD-100228","2024-11-24","Late","3","Unpaid","Corporate & Executive Office","Mona Al-Kuwari"
"BLD-100228","2023-08-16","Sick","8","Paid","Corporate & Executive Office","Mona Al-Kuwari"
"BLD-100228","2025-10-06","Unplanned","8","Unpaid","Corporate & Executive Office","Mona Al-Kuwari"
"BLD-100229","2023-08-18","Sick","8","Paid","Finance","Krishna Kapoor"
"BLD-100229","2025-10-20","Late","2","Unpaid","Finance","Krishna Kapoor"
"BLD-100230","2023-02-20","Unplanned","8","Paid","Quality Assurance & Food Safety","Omar Sharma"
"BLD-100231","2023-05-14","Sick","8","Paid","Engineering & Maintenance","Ravi Mansour"
"BLD-100231","2023-06-29","Sick","8","Paid","Engineering & Maintenance","Ravi Mansour"
"BLD-100231","2023-03-24","Unplanned","8","Paid","Engineering & Maintenance","Ravi Mansour"
"BLD-100231","2023-06-01","Late","2","Paid","Engineering & Maintenance","Ravi Mansour"
"BLD-100231","2023-01-11","Sick","8","Paid","Engineering & Maintenance","Ravi Mansour"
"BLD-100231","2023-02-24","Late","1","Paid","Engineering & Maintenance","Ravi Mansour"
"BLD-100232","2024-10-10","Sick","8","Paid","Sales & Distribution","Jose Mansour"
"BLD-100232","2024-01-27","Other","8","Paid","Sales & Distribution","Jose Mansour"
"BLD-100232","2023-05-01","Sick","8","Paid","Sales & Distribution","Jose Mansour"
"BLD-100232","2024-04-30","Unplanned","8","Unpaid","Sales & Distribution","Jose Mansour"
"BLD-100232","2023-06-09","Sick","8","Paid","Sales & Distribution","Jose Mansour"
"BLD-100232","2023-08-24","Unplanned","8","Paid","Sales & Distribution","Jose Mansour"
"BLD-100232","2024-04-15","Late","3","Paid","Sales & Distribution","Jose Mansour"
"BLD-100232","2023-12-02","Other","8","Unpaid","Sales & Distribution","Jose Mansour"
"BLD-100232","2025-03-10","Late","2","Unpaid","Sales & Distribution","Jose Mansour"
"BLD-100232","2025-07-06","Late","2","Unpaid","Sales & Distribution","Jose Mansour"
"BLD-100232","2024-05-11","Unplanned","8","Paid","Sales & Distribution","Jose Mansour"
"BLD-100232","2023-11-23","Sick","8","Paid","Sales & Distribution","Jose Mansour"
"BLD-100232","2023-04-12","Unplanned","8","Unpaid","Sales & Distribution","Jose Mansour"
"BLD-100232","2025-11-20","Unplanned","8","Unpaid","Sales & Distribution","Jose Mansour"
"BLD-100232","2024-09-25","Other","8","Unpaid","Sales & Distribution","Jose Mansour"
"BLD-100232","2023-11-14","Unplanned","8","Unpaid","Sales & Distribution","Jose Mansour"
"BLD-100232","2025-08-31","Sick","8","Paid","Sales & Distribution","Jose Mansour"
"BLD-100233","2023-11-12","Unplanned","8","Unpaid","Corporate & Executive Office","Rina Youssef"
"BLD-100233","2025-08-11","Sick","8","Paid","Corporate & Executive Office","Rina Youssef"
"BLD-100233","2023-11-28","Unplanned","8","Paid","Corporate & Executive Office","Rina Youssef"
"BLD-100233","2023-10-11","Sick","8","Paid","Corporate & Executive Office","Rina Youssef"
"BLD-100233","2025-10-15","Sick","8","Paid","Corporate & Executive Office","Rina Youssef"
"BLD-100233","2023-10-22","Late","1","Paid","Corporate & Executive Office","Rina Youssef"
"BLD-100233","2024-11-06","Sick","8","Paid","Corporate & Executive Office","Rina Youssef"
"BLD-100233","2024-12-26","Sick","8","Paid","Corporate & Executive Office","Rina Youssef"
"BLD-100233","2024-09-15","Sick","8","Paid","Corporate & Executive Office","Rina Youssef"
"BLD-100233","2025-08-21","Sick","8","Paid","Corporate & Executive Office","Rina Youssef"
"BLD-100233","2025-01-20","Late","2","Paid","Corporate & Executive Office","Rina Youssef"
"BLD-100233","2023-01-05","Other","8","Unpaid","Corporate & Executive Office","Rina Youssef"
"BLD-100233","2023-05-21","Late","3","Unpaid","Corporate & Executive Office","Rina Youssef"
"BLD-100233","2025-04-04","Sick","8","Paid","Corporate & Executive Office","Rina Youssef"
"BLD-100233","2024-10-13","Unplanned","8","Unpaid","Corporate & Executive Office","Rina Youssef"
"BLD-100234","2023-06-19","Unplanned","8","Unpaid","Finance","Suresh Baig"
"BLD-100234","2023-12-21","Sick","8","Paid","Finance","Suresh Baig"
"BLD-100234","2024-04-23","Unplanned","8","Unpaid","Finance","Suresh Baig"
"BLD-100234","2024-05-28","Sick","8","Paid","Finance","Suresh Baig"
"BLD-100234","2023-10-06","Late","2","Unpaid","Finance","Suresh Baig"
"BLD-100234","2024-04-21","Unplanned","8","Paid","Finance","Suresh Baig"
"BLD-100234","2023-09-06","Sick","8","Paid","Finance","Suresh Baig"
"BLD-100234","2023-11-09","Unplanned","8","Paid","Finance","Suresh Baig"
"BLD-100235","2024-11-24","Sick","8","Paid","R&D","Sameer Sharma"
"BLD-100235","2024-04-30","Unplanned","8","Unpaid","R&D","Sameer Sharma"
"BLD-100235","2025-10-12","Unplanned","8","Unpaid","R&D","Sameer Sharma"
"BLD-100235","2023-01-12","Late","1","Paid","R&D","Sameer Sharma"
"BLD-100235","2023-03-06","Sick","8","Paid","R&D","Sameer Sharma"
"BLD-100235","2025-03-05","Sick","8","Paid","R&D","Sameer Sharma"
"BLD-100235","2023-07-17","Sick","8","Paid","R&D","Sameer Sharma"
"BLD-100235","2025-07-28","Unplanned","8","Paid","R&D","Sameer Sharma"
"BLD-100236","2023-05-05","Unplanned","8","Paid","Finance","Reem El-Sayed"
"BLD-100236","2025-12-22","Sick","8","Paid","Finance","Reem El-Sayed"
"BLD-100236","2024-04-21","Late","1","Unpaid","Finance","Reem El-Sayed"
"BLD-100236","2024-05-02","Sick","8","Paid","Finance","Reem El-Sayed"
"BLD-100236","2024-02-08","Sick","8","Paid","Finance","Reem El-Sayed"
"BLD-100236","2023-11-13","Late","3","Paid","Finance","Reem El-Sayed"
"BLD-100236","2025-05-26","Unplanned","8","Unpaid","Finance","Reem El-Sayed"
"BLD-100236","2024-07-27","Unplanned","8","Paid","Finance","Reem El-Sayed"
"BLD-100237","2023-01-05","Late","3","Unpaid","People & Culture","Hind Mahmoud"
"BLD-100237","2023-04-09","Unplanned","8","Unpaid","People & Culture","Hind Mahmoud"
"BLD-100237","2023-06-07","Unplanned","8","Unpaid","People & Culture","Hind Mahmoud"
"BLD-100237","2023-02-14","Sick","8","Paid","People & Culture","Hind Mahmoud"
"BLD-100237","2023-08-17","Sick","8","Paid","People & Culture","Hind Mahmoud"
"BLD-100237","2023-08-24","Sick","8","Paid","People & Culture","Hind Mahmoud"
"BLD-100238","2025-06-30","Sick","8","Paid","Marketing","Vikram Ahmed"
"BLD-100238","2023-01-17","Sick","8","Paid","Marketing","Vikram Ahmed"
"BLD-100238","2025-11-21","Late","3","Unpaid","Marketing","Vikram Ahmed"
"BLD-100238","2023-04-04","Unplanned","8","Unpaid","Marketing","Vikram Ahmed"
"BLD-100238","2023-04-26","Unplanned","8","Paid","Marketing","Vikram Ahmed"
"BLD-100238","2023-07-11","Late","1","Unpaid","Marketing","Vikram Ahmed"
"BLD-100238","2024-10-10","Late","1","Paid","Marketing","Vikram Ahmed"
"BLD-100238","2025-07-02","Late","1","Unpaid","Marketing","Vikram Ahmed"
"BLD-100238","2023-04-08","Late","2","Unpaid","Marketing","Vikram Ahmed"
"BLD-100238","2025-05-01","Unplanned","8","Unpaid","Marketing","Vikram Ahmed"
"BLD-100238","2023-03-05","Unplanned","8","Unpaid","Marketing","Vikram Ahmed"
"BLD-100238","2025-11-22","Sick","8","Paid","Marketing","Vikram Ahmed"
"BLD-100238","2025-01-21","Sick","8","Paid","Marketing","Vikram Ahmed"
"BLD-100238","2024-07-18","Other","8","Paid","Marketing","Vikram Ahmed"
"BLD-100238","2025-06-24","Sick","8","Paid","Marketing","Vikram Ahmed"
"BLD-100238","2025-03-16","Sick","8","Paid","Marketing","Vikram Ahmed"
"BLD-100238","2025-04-16","Sick","8","Paid","Marketing","Vikram Ahmed"
"BLD-100239","2025-04-28","Unplanned","8","Paid","Finance","Maria Pereira"
"BLD-100239","2025-08-24","Late","1","Paid","Finance","Maria Pereira"
"BLD-100239","2023-11-24","Late","1","Unpaid","Finance","Maria Pereira"
"BLD-100239","2025-01-16","Sick","8","Paid","Finance","Maria Pereira"
"BLD-100239","2024-06-19","Unplanned","8","Unpaid","Finance","Maria Pereira"
"BLD-100239","2025-11-09","Late","1","Unpaid","Finance","Maria Pereira"
"BLD-100239","2024-02-22","Unplanned","8","Unpaid","Finance","Maria Pereira"
"BLD-100239","2023-12-03","Unplanned","8","Paid","Finance","Maria Pereira"
"BLD-100239","2025-09-10","Sick","8","Paid","Finance","Maria Pereira"
"BLD-100239","2025-10-21","Other","8","Unpaid","Finance","Maria Pereira"
"BLD-100239","2025-11-11","Sick","8","Paid","Finance","Maria Pereira"
"BLD-100239","2025-04-10","Late","2","Unpaid","Finance","Maria Pereira"
"BLD-100239","2023-08-02","Unplanned","8","Paid","Finance","Maria Pereira"
"BLD-100239","2023-04-05","Unplanned","8","Paid","Finance","Maria Pereira"
"BLD-100239","2023-01-20","Sick","8","Paid","Finance","Maria Pereira"
"BLD-100239","2023-02-28","Late","2","Unpaid","Finance","Maria Pereira"
"BLD-100239","2025-03-27","Unplanned","8","Unpaid","Finance","Maria Pereira"
"BLD-100239","2025-11-01","Unplanned","8","Paid","Finance","Maria Pereira"
"BLD-100239","2024-01-28","Unplanned","8","Unpaid","Finance","Maria Pereira"
"BLD-100239","2023-06-22","Sick","8","Paid","Finance","Maria Pereira"
"BLD-100239","2025-08-17","Unplanned","8","Paid","Finance","Maria Pereira"
"BLD-100239","2024-02-04","Unplanned","8","Unpaid","Finance","Maria Pereira"
"BLD-100240","2023-02-11","Other","8","Unpaid","Quality Assurance & Food Safety","Dalia Baig"
"BLD-100240","2023-07-20","Late","2","Paid","Quality Assurance & Food Safety","Dalia Baig"
"BLD-100240","2023-04-09","Late","3","Unpaid","Quality Assurance & Food Safety","Dalia Baig"
"BLD-100240","2025-05-11","Unplanned","8","Unpaid","Quality Assurance & Food Safety","Dalia Baig"
"BLD-100240","2025-06-08","Unplanned","8","Paid","Quality Assurance & Food Safety","Dalia Baig"
"BLD-100240","2023-07-06","Late","1","Unpaid","Quality Assurance & Food Safety","Dalia Baig"
"BLD-100240","2024-12-24","Late","2","Unpaid","Quality Assurance & Food Safety","Dalia Baig"
"BLD-100240","2024-09-17","Sick","8","Paid","Quality Assurance & Food Safety","Dalia Baig"
"BLD-100240","2024-03-10","Unplanned","8","Unpaid","Quality Assurance & Food Safety","Dalia Baig"
"BLD-100240","2025-03-17","Unplanned","8","Unpaid","Quality Assurance & Food Safety","Dalia Baig"
"BLD-100240","2024-09-10","Unplanned","8","Unpaid","Quality Assurance & Food Safety","Dalia Baig"
"BLD-100240","2024-02-07","Late","1","Unpaid","Quality Assurance & Food Safety","Dalia Baig"
"BLD-100240","2025-05-03","Unplanned","8","Unpaid","Quality Assurance & Food Safety","Dalia Baig"
"BLD-100240","2023-03-23","Unplanned","8","Unpaid","Quality Assurance & Food Safety","Dalia Baig"
"BLD-100240","2023-09-30","Sick","8","Paid","Quality Assurance & Food Safety","Dalia Baig"
"BLD-100240","2023-11-26","Sick","8","Paid","Quality Assurance & Food Safety","Dalia Baig"
"BLD-100240","2023-12-11","Unplanned","8","Unpaid","Quality Assurance & Food Safety","Dalia Baig"
"BLD-100240","2024-03-25","Unplanned","8","Paid","Quality Assurance & Food Safety","Dalia Baig"
"BLD-100240","2024-05-12","Sick","8","Paid","Quality Assurance & Food Safety","Dalia Baig"
"BLD-100241","2023-08-19","Unplanned","8","Unpaid","Farm Operations","Anil Fernandes"
"BLD-100241","2023-05-26","Late","1","Unpaid","Farm Operations","Anil Fernandes"
"BLD-100241","2024-07-10","Sick","8","Paid","Farm Operations","Anil Fernandes"
"BLD-100241","2023-10-25","Sick","8","Paid","Farm Operations","Anil Fernandes"
"BLD-100241","2024-08-13","Sick","8","Paid","Farm Operations","Anil Fernandes"
"BLD-100241","2023-07-29","Unplanned","8","Unpaid","Farm Operations","Anil Fernandes"
"BLD-100242","2025-11-18","Other","8","Unpaid","Engineering & Maintenance","Ramesh Gurung"
"BLD-100242","2025-05-10","Sick","8","Paid","Engineering & Maintenance","Ramesh Gurung"
"BLD-100242","2025-11-19","Sick","8","Paid","Engineering & Maintenance","Ramesh Gurung"
"BLD-100242","2023-10-03","Late","3","Unpaid","Engineering & Maintenance","Ramesh Gurung"
"BLD-100242","2024-09-29","Unplanned","8","Paid","Engineering & Maintenance","Ramesh Gurung"
"BLD-100242","2024-05-30","Sick","8","Paid","Engineering & Maintenance","Ramesh Gurung"
"BLD-100242","2024-10-21","Unplanned","8","Unpaid","Engineering & Maintenance","Ramesh Gurung"
"BLD-100242","2025-12-22","Sick","8","Paid","Engineering & Maintenance","Ramesh Gurung"
"BLD-100242","2025-01-07","Late","2","Paid","Engineering & Maintenance","Ramesh Gurung"
"BLD-100242","2025-02-23","Sick","8","Paid","Engineering & Maintenance","Ramesh Gurung"
"BLD-100242","2024-10-27","Sick","8","Paid","Engineering & Maintenance","Ramesh Gurung"
"BLD-100242","2024-11-29","Sick","8","Paid","Engineering & Maintenance","Ramesh Gurung"
"BLD-100242","2024-06-02","Sick","8","Paid","Engineering & Maintenance","Ramesh Gurung"
"BLD-100243","2023-06-19","Unplanned","8","Paid","Engineering & Maintenance","Ravi Youssef"
"BLD-100243","2024-03-01","Sick","8","Paid","Engineering & Maintenance","Ravi Youssef"
"BLD-100243","2023-10-13","Late","3","Unpaid","Engineering & Maintenance","Ravi Youssef"
"BLD-100243","2023-04-03","Unplanned","8","Unpaid","Engineering & Maintenance","Ravi Youssef"
"BLD-100243","2024-08-10","Sick","8","Paid","Engineering & Maintenance","Ravi Youssef"
"BLD-100243","2025-07-17","Late","1","Unpaid","Engineering & Maintenance","Ravi Youssef"
"BLD-100243","2023-05-08","Unplanned","8","Paid","Engineering & Maintenance","Ravi Youssef"
"BLD-100243","2023-08-14","Sick","8","Paid","Engineering & Maintenance","Ravi Youssef"
"BLD-100244","2024-07-03","Sick","8","Paid","Engineering & Maintenance","Prakash Gurung"
"BLD-100244","2024-02-18","Unplanned","8","Unpaid","Engineering & Maintenance","Prakash Gurung"
"BLD-100244","2023-06-24","Late","3","Paid","Engineering & Maintenance","Prakash Gurung"
"BLD-100244","2024-07-27","Unplanned","8","Paid","Engineering & Maintenance","Prakash Gurung"
"BLD-100244","2023-04-02","Sick","8","Paid","Engineering & Maintenance","Prakash Gurung"
"BLD-100244","2024-05-07","Unplanned","8","Paid","Engineering & Maintenance","Prakash Gurung"
"BLD-100244","2023-11-27","Late","3","Unpaid","Engineering & Maintenance","Prakash Gurung"
"BLD-100244","2023-06-14","Other","8","Paid","Engineering & Maintenance","Prakash Gurung"
"BLD-100244","2023-01-31","Sick","8","Paid","Engineering & Maintenance","Prakash Gurung"
"BLD-100244","2024-01-30","Sick","8","Paid","Engineering & Maintenance","Prakash Gurung"
"BLD-100245","2023-01-15","Sick","8","Paid","Engineering & Maintenance","Jose Youssef"
"BLD-100246","2023-09-08","Unplanned","8","Paid","People & Culture","Yasmin Cruz"
"BLD-100246","2025-01-29","Late","3","Paid","People & Culture","Yasmin Cruz"
"BLD-100246","2023-02-10","Sick","8","Paid","People & Culture","Yasmin Cruz"
"BLD-100246","2024-08-12","Sick","8","Paid","People & Culture","Yasmin Cruz"
"BLD-100246","2025-01-01","Unplanned","8","Paid","People & Culture","Yasmin Cruz"
"BLD-100246","2023-09-19","Unplanned","8","Paid","People & Culture","Yasmin Cruz"
"BLD-100246","2024-05-14","Sick","8","Paid","People & Culture","Yasmin Cruz"
"BLD-100246","2023-08-20","Unplanned","8","Paid","People & Culture","Yasmin Cruz"
"BLD-100246","2024-12-03","Unplanned","8","Paid","People & Culture","Yasmin Cruz"
"BLD-100246","2025-07-31","Sick","8","Paid","People & Culture","Yasmin Cruz"
"BLD-100246","2023-01-16","Unplanned","8","Paid","People & Culture","Yasmin Cruz"
"BLD-100246","2025-11-28","Sick","8","Paid","People & Culture","Yasmin Cruz"
"BLD-100246","2025-01-31","Late","1","Unpaid","People & Culture","Yasmin Cruz"
"BLD-100246","2023-11-10","Late","1","Paid","People & Culture","Yasmin Cruz"
"BLD-100246","2024-02-27","Unplanned","8","Unpaid","People & Culture","Yasmin Cruz"
"BLD-100246","2023-07-16","Sick","8","Paid","People & Culture","Yasmin Cruz"
"BLD-100246","2025-11-28","Late","2","Paid","People & Culture","Yasmin Cruz"
"BLD-100246","2024-01-14","Unplanned","8","Unpaid","People & Culture","Yasmin Cruz"
"BLD-100247","2024-12-09","Unplanned","8","Unpaid","Farm Operations","Ahmed El-Sayed"
"BLD-100247","2023-04-29","Late","3","Paid","Farm Operations","Ahmed El-Sayed"
"BLD-100247","2024-09-18","Unplanned","8","Unpaid","Farm Operations","Ahmed El-Sayed"
"BLD-100247","2023-03-11","Late","3","Unpaid","Farm Operations","Ahmed El-Sayed"
"BLD-100247","2023-03-21","Unplanned","8","Paid","Farm Operations","Ahmed El-Sayed"
"BLD-100247","2023-05-11","Sick","8","Paid","Farm Operations","Ahmed El-Sayed"
"BLD-100247","2023-06-07","Unplanned","8","Unpaid","Farm Operations","Ahmed El-Sayed"
"BLD-100247","2024-06-30","Late","1","Unpaid","Farm Operations","Ahmed El-Sayed"
"BLD-100248","2024-03-24","Sick","8","Paid","Finance","Santosh Mendoza"
"BLD-100248","2023-08-21","Unplanned","8","Unpaid","Finance","Santosh Mendoza"
"BLD-100248","2024-03-06","Other","8","Unpaid","Finance","Santosh Mendoza"
"BLD-100248","2024-01-19","Late","1","Unpaid","Finance","Santosh Mendoza"
"BLD-100249","2023-04-06","Late","1","Paid","Production","Rakesh Youssef"
"BLD-100250","2025-09-29","Late","3","Unpaid","Finance","Krishna Kapoor"
"BLD-100250","2023-07-09","Sick","8","Paid","Finance","Krishna Kapoor"
"BLD-100250","2023-11-08","Sick","8","Paid","Finance","Krishna Kapoor"
"BLD-100251","2024-06-30","Other","8","Unpaid","Supply Chain & Logistics","Prakash Reyes"
"BLD-100251","2024-07-21","Sick","8","Paid","Supply Chain & Logistics","Prakash Reyes"
"BLD-100251","2024-08-25","Sick","8","Paid","Supply Chain & Logistics","Prakash Reyes"
"BLD-100251","2023-10-13","Sick","8","Paid","Supply Chain & Logistics","Prakash Reyes"
"BLD-100251","2023-11-13","Sick","8","Paid","Supply Chain & Logistics","Prakash Reyes"
"BLD-100251","2024-01-01","Unplanned","8","Unpaid","Supply Chain & Logistics","Prakash Reyes"
"BLD-100251","2024-07-14","Sick","8","Paid","Supply Chain & Logistics","Prakash Reyes"
"BLD-100251","2023-06-13","Sick","8","Paid","Supply Chain & Logistics","Prakash Reyes"
"BLD-100251","2024-11-12","Unplanned","8","Unpaid","Supply Chain & Logistics","Prakash Reyes"
"BLD-100251","2023-04-08","Late","3","Unpaid","Supply Chain & Logistics","Prakash Reyes"
"BLD-100252","2024-11-27","Sick","8","Paid","Quality Assurance & Food Safety","Vikram Al-Kuwari"
"BLD-100252","2025-11-12","Unplanned","8","Paid","Quality Assurance & Food Safety","Vikram Al-Kuwari"
"BLD-100252","2025-08-11","Sick","8","Paid","Quality Assurance & Food Safety","Vikram Al-Kuwari"
"BLD-100252","2024-10-09","Late","1","Paid","Quality Assurance & Food Safety","Vikram Al-Kuwari"
"BLD-100252","2024-04-09","Sick","8","Paid","Quality Assurance & Food Safety","Vikram Al-Kuwari"
"BLD-100252","2023-01-15","Late","1","Unpaid","Quality Assurance & Food Safety","Vikram Al-Kuwari"
"BLD-100252","2024-07-27","Sick","8","Paid","Quality Assurance & Food Safety","Vikram Al-Kuwari"
"BLD-100252","2025-09-01","Late","1","Paid","Quality Assurance & Food Safety","Vikram Al-Kuwari"
"BLD-100252","2023-07-09","Unplanned","8","Paid","Quality Assurance & Food Safety","Vikram Al-Kuwari"
"BLD-100252","2023-02-06","Sick","8","Paid","Quality Assurance & Food Safety","Vikram Al-Kuwari"
"BLD-100252","2025-01-22","Unplanned","8","Paid","Quality Assurance & Food Safety","Vikram Al-Kuwari"
"BLD-100252","2025-05-27","Sick","8","Paid","Quality Assurance & Food Safety","Vikram Al-Kuwari"
"BLD-100253","2023-02-25","Unplanned","8","Unpaid","IT & Digital","Juan Islam"
"BLD-100253","2023-05-08","Other","8","Paid","IT & Digital","Juan Islam"
"BLD-100253","2024-04-14","Unplanned","8","Unpaid","IT & Digital","Juan Islam"
"BLD-100253","2023-03-13","Sick","8","Paid","IT & Digital","Juan Islam"
"BLD-100253","2024-08-10","Sick","8","Paid","IT & Digital","Juan Islam"
"BLD-100253","2024-08-28","Late","1","Unpaid","IT & Digital","Juan Islam"
"BLD-100253","2025-07-04","Other","8","Unpaid","IT & Digital","Juan Islam"
"BLD-100253","2023-01-03","Sick","8","Paid","IT & Digital","Juan Islam"
"BLD-100253","2023-05-22","Unplanned","8","Paid","IT & Digital","Juan Islam"
"BLD-100253","2024-07-19","Sick","8","Paid","IT & Digital","Juan Islam"
"BLD-100253","2024-02-24","Other","8","Unpaid","IT & Digital","Juan Islam"
"BLD-100253","2023-03-22","Sick","8","Paid","IT & Digital","Juan Islam"
"BLD-100253","2025-04-15","Sick","8","Paid","IT & Digital","Juan Islam"
"BLD-100253","2024-08-07","Sick","8","Paid","IT & Digital","Juan Islam"
"BLD-100253","2025-08-04","Sick","8","Paid","IT & Digital","Juan Islam"
"BLD-100253","2024-07-02","Unplanned","8","Paid","IT & Digital","Juan Islam"
"BLD-100253","2024-02-04","Sick","8","Paid","IT & Digital","Juan Islam"
"BLD-100253","2023-09-29","Sick","8","Paid","IT & Digital","Juan Islam"
"BLD-100253","2023-12-15","Sick","8","Paid","IT & Digital","Juan Islam"
"BLD-100254","2023-03-10","Unplanned","8","Paid","Marketing","Ahmed Mahmoud"
"BLD-100254","2023-05-13","Sick","8","Paid","Marketing","Ahmed Mahmoud"
"BLD-100255","2023-12-03","Sick","8","Paid","Sales & Distribution","Sunita Al-Marri"
"BLD-100255","2023-03-13","Sick","8","Paid","Sales & Distribution","Sunita Al-Marri"
"BLD-100256","2023-11-13","Sick","8","Paid","Finance","Sameer Abdullah"
"BLD-100256","2025-03-01","Sick","8","Paid","Finance","Sameer Abdullah"
"BLD-100256","2025-07-13","Sick","8","Paid","Finance","Sameer Abdullah"
"BLD-100256","2024-04-08","Unplanned","8","Paid","Finance","Sameer Abdullah"
"BLD-100256","2023-10-21","Late","1","Unpaid","Finance","Sameer Abdullah"
"BLD-100256","2023-01-07","Sick","8","Paid","Finance","Sameer Abdullah"
"BLD-100256","2024-09-07","Unplanned","8","Unpaid","Finance","Sameer Abdullah"
"BLD-100256","2025-07-19","Unplanned","8","Unpaid","Finance","Sameer Abdullah"
"BLD-100256","2024-12-16","Sick","8","Paid","Finance","Sameer Abdullah"
"BLD-100257","2025-12-03","Late","2","Unpaid","Sales & Distribution","Kumar El-Sayed"
"BLD-100257","2025-01-21","Unplanned","8","Unpaid","Sales & Distribution","Kumar El-Sayed"
"BLD-100257","2023-08-06","Sick","8","Paid","Sales & Distribution","Kumar El-Sayed"
"BLD-100257","2025-02-14","Unplanned","8","Unpaid","Sales & Distribution","Kumar El-Sayed"
"BLD-100257","2024-11-13","Sick","8","Paid","Sales & Distribution","Kumar El-Sayed"
"BLD-100257","2025-08-20","Unplanned","8","Paid","Sales & Distribution","Kumar El-Sayed"
"BLD-100257","2023-08-02","Sick","8","Paid","Sales & Distribution","Kumar El-Sayed"
"BLD-100257","2024-06-02","Sick","8","Paid","Sales & Distribution","Kumar El-Sayed"
"BLD-100257","2025-05-13","Unplanned","8","Unpaid","Sales & Distribution","Kumar El-Sayed"
"BLD-100257","2023-02-26","Unplanned","8","Unpaid","Sales & Distribution","Kumar El-Sayed"
"BLD-100257","2024-07-08","Sick","8","Paid","Sales & Distribution","Kumar El-Sayed"
"BLD-100258","2024-02-29","Sick","8","Paid","Quality Assurance & Food Safety","Sanjay Devi"
"BLD-100258","2024-03-09","Sick","8","Paid","Quality Assurance & Food Safety","Sanjay Devi"
"BLD-100258","2023-06-10","Sick","8","Paid","Quality Assurance & Food Safety","Sanjay Devi"
"BLD-100258","2025-07-16","Unplanned","8","Paid","Quality Assurance & Food Safety","Sanjay Devi"
"BLD-100258","2024-11-22","Sick","8","Paid","Quality Assurance & Food Safety","Sanjay Devi"
"BLD-100258","2024-10-18","Sick","8","Paid","Quality Assurance & Food Safety","Sanjay Devi"
"BLD-100258","2024-12-29","Unplanned","8","Paid","Quality Assurance & Food Safety","Sanjay Devi"
"BLD-100258","2024-08-07","Sick","8","Paid","Quality Assurance & Food Safety","Sanjay Devi"
"BLD-100258","2024-03-20","Sick","8","Paid","Quality Assurance & Food Safety","Sanjay Devi"
"BLD-100258","2024-05-02","Unplanned","8","Paid","Quality Assurance & Food Safety","Sanjay Devi"
"BLD-100258","2024-09-12","Sick","8","Paid","Quality Assurance & Food Safety","Sanjay Devi"
"BLD-100259","2024-07-12","Unplanned","8","Unpaid","Sales & Distribution","Reem El-Sayed"
"BLD-100259","2024-05-20","Unplanned","8","Unpaid","Sales & Distribution","Reem El-Sayed"
"BLD-100259","2025-09-22","Sick","8","Paid","Sales & Distribution","Reem El-Sayed"
"BLD-100259","2024-04-25","Sick","8","Paid","Sales & Distribution","Reem El-Sayed"
"BLD-100259","2024-01-21","Sick","8","Paid","Sales & Distribution","Reem El-Sayed"
"BLD-100259","2025-06-23","Late","3","Unpaid","Sales & Distribution","Reem El-Sayed"
"BLD-100259","2025-11-24","Sick","8","Paid","Sales & Distribution","Reem El-Sayed"
"BLD-100259","2024-12-02","Sick","8","Paid","Sales & Distribution","Reem El-Sayed"
"BLD-100259","2023-07-03","Sick","8","Paid","Sales & Distribution","Reem El-Sayed"
"BLD-100259","2025-05-17","Sick","8","Paid","Sales & Distribution","Reem El-Sayed"
"BLD-100259","2023-10-08","Other","8","Unpaid","Sales & Distribution","Reem El-Sayed"
"BLD-100259","2025-10-24","Sick","8","Paid","Sales & Distribution","Reem El-Sayed"
"BLD-100259","2023-07-11","Sick","8","Paid","Sales & Distribution","Reem El-Sayed"
"BLD-100259","2025-07-02","Sick","8","Paid","Sales & Distribution","Reem El-Sayed"
"BLD-100259","2023-12-10","Late","2","Unpaid","Sales & Distribution","Reem El-Sayed"
"BLD-100259","2025-12-17","Sick","8","Paid","Sales & Distribution","Reem El-Sayed"
"BLD-100260","2024-12-14","Late","2","Paid","Engineering & Maintenance","Sameer Hassan"
"BLD-100260","2023-06-01","Unplanned","8","Unpaid","Engineering & Maintenance","Sameer Hassan"
"BLD-100260","2024-02-10","Sick","8","Paid","Engineering & Maintenance","Sameer Hassan"
"BLD-100260","2025-07-07","Late","2","Paid","Engineering & Maintenance","Sameer Hassan"
"BLD-100260","2023-02-10","Unplanned","8","Paid","Engineering & Maintenance","Sameer Hassan"
"BLD-100260","2024-11-06","Sick","8","Paid","Engineering & Maintenance","Sameer Hassan"
"BLD-100260","2024-10-12","Sick","8","Paid","Engineering & Maintenance","Sameer Hassan"
"BLD-100260","2024-03-07","Sick","8","Paid","Engineering & Maintenance","Sameer Hassan"
"BLD-100260","2025-03-07","Unplanned","8","Unpaid","Engineering & Maintenance","Sameer Hassan"
"BLD-100260","2024-04-07","Late","1","Paid","Engineering & Maintenance","Sameer Hassan"
"BLD-100260","2025-04-09","Sick","8","Paid","Engineering & Maintenance","Sameer Hassan"
"BLD-100260","2024-03-02","Late","1","Unpaid","Engineering & Maintenance","Sameer Hassan"
"BLD-100260","2024-09-06","Other","8","Paid","Engineering & Maintenance","Sameer Hassan"
"BLD-100260","2024-02-12","Unplanned","8","Unpaid","Engineering & Maintenance","Sameer Hassan"
"BLD-100260","2025-09-03","Late","3","Paid","Engineering & Maintenance","Sameer Hassan"
"BLD-100260","2025-12-22","Late","1","Unpaid","Engineering & Maintenance","Sameer Hassan"
"BLD-100261","2025-05-31","Unplanned","8","Unpaid","Supply Chain & Logistics","Sanjay Abdullah"
"BLD-100261","2023-03-16","Unplanned","8","Paid","Supply Chain & Logistics","Sanjay Abdullah"
"BLD-100261","2024-01-18","Late","1","Paid","Supply Chain & Logistics","Sanjay Abdullah"
"BLD-100261","2025-11-09","Unplanned","8","Unpaid","Supply Chain & Logistics","Sanjay Abdullah"
"BLD-100261","2023-03-14","Unplanned","8","Unpaid","Supply Chain & Logistics","Sanjay Abdullah"
"BLD-100261","2024-08-05","Unplanned","8","Paid","Supply Chain & Logistics","Sanjay Abdullah"
"BLD-100261","2023-09-19","Late","2","Paid","Supply Chain & Logistics","Sanjay Abdullah"
"BLD-100262","2025-07-20","Unplanned","8","Unpaid","People & Culture","Sanjay Kapoor"
"BLD-100262","2025-07-16","Sick","8","Paid","People & Culture","Sanjay Kapoor"
"BLD-100262","2024-05-08","Other","8","Unpaid","People & Culture","Sanjay Kapoor"
"BLD-100262","2024-04-23","Unplanned","8","Unpaid","People & Culture","Sanjay Kapoor"
"BLD-100262","2025-08-08","Sick","8","Paid","People & Culture","Sanjay Kapoor"
"BLD-100262","2024-02-20","Sick","8","Paid","People & Culture","Sanjay Kapoor"
"BLD-100262","2024-05-19","Unplanned","8","Unpaid","People & Culture","Sanjay Kapoor"
"BLD-100262","2023-06-15","Late","1","Unpaid","People & Culture","Sanjay Kapoor"
"BLD-100262","2025-08-23","Sick","8","Paid","People & Culture","Sanjay Kapoor"
"BLD-100262","2025-08-19","Other","8","Unpaid","People & Culture","Sanjay Kapoor"
"BLD-100262","2024-11-30","Unplanned","8","Unpaid","People & Culture","Sanjay Kapoor"
"BLD-100262","2025-09-26","Late","3","Unpaid","People & Culture","Sanjay Kapoor"
"BLD-100262","2024-03-05","Sick","8","Paid","People & Culture","Sanjay Kapoor"
"BLD-100262","2024-04-19","Unplanned","8","Paid","People & Culture","Sanjay Kapoor"
"BLD-100262","2024-04-06","Unplanned","8","Unpaid","People & Culture","Sanjay Kapoor"
"BLD-100262","2025-10-30","Sick","8","Paid","People & Culture","Sanjay Kapoor"
"BLD-100262","2023-05-30","Unplanned","8","Paid","People & Culture","Sanjay Kapoor"
"BLD-100262","2024-12-01","Late","3","Unpaid","People & Culture","Sanjay Kapoor"
"BLD-100263","2023-08-07","Late","1","Unpaid","Procurement","Huda Sharma"
"BLD-100263","2023-06-27","Unplanned","8","Unpaid","Procurement","Huda Sharma"
"BLD-100263","2023-08-11","Late","2","Paid","Procurement","Huda Sharma"
"BLD-100263","2023-04-25","Sick","8","Paid","Procurement","Huda Sharma"
"BLD-100263","2024-06-18","Sick","8","Paid","Procurement","Huda Sharma"
"BLD-100263","2024-07-14","Sick","8","Paid","Procurement","Huda Sharma"
"BLD-100263","2024-08-17","Sick","8","Paid","Procurement","Huda Sharma"
"BLD-100263","2023-12-01","Sick","8","Paid","Procurement","Huda Sharma"
"BLD-100263","2024-01-17","Sick","8","Paid","Procurement","Huda Sharma"
"BLD-100264","2024-05-19","Sick","8","Paid","Sales & Distribution","Khalid Cruz"
"BLD-100264","2025-05-19","Unplanned","8","Unpaid","Sales & Distribution","Khalid Cruz"
"BLD-100264","2025-08-19","Sick","8","Paid","Sales & Distribution","Khalid Cruz"
"BLD-100264","2023-06-26","Sick","8","Paid","Sales & Distribution","Khalid Cruz"
"BLD-100264","2023-04-01","Sick","8","Paid","Sales & Distribution","Khalid Cruz"
"BLD-100264","2024-07-28","Unplanned","8","Unpaid","Sales & Distribution","Khalid Cruz"
"BLD-100264","2023-05-03","Unplanned","8","Paid","Sales & Distribution","Khalid Cruz"
"BLD-100264","2023-08-17","Sick","8","Paid","Sales & Distribution","Khalid Cruz"
"BLD-100264","2024-03-09","Sick","8","Paid","Sales & Distribution","Khalid Cruz"
"BLD-100264","2025-04-11","Late","2","Paid","Sales & Distribution","Khalid Cruz"
"BLD-100264","2024-08-08","Sick","8","Paid","Sales & Distribution","Khalid Cruz"
"BLD-100264","2023-12-16","Late","1","Unpaid","Sales & Distribution","Khalid Cruz"
"BLD-100264","2023-05-10","Unplanned","8","Unpaid","Sales & Distribution","Khalid Cruz"
"BLD-100264","2024-01-09","Late","1","Paid","Sales & Distribution","Khalid Cruz"
"BLD-100264","2023-03-29","Sick","8","Paid","Sales & Distribution","Khalid Cruz"
"BLD-100264","2023-09-12","Unplanned","8","Paid","Sales & Distribution","Khalid Cruz"
"BLD-100264","2024-03-08","Sick","8","Paid","Sales & Distribution","Khalid Cruz"
"BLD-100264","2024-10-11","Sick","8","Paid","Sales & Distribution","Khalid Cruz"
"BLD-100265","2024-04-29","Unplanned","8","Unpaid","Sales & Distribution","Sameer Abdullah"
"BLD-100265","2023-01-10","Late","3","Paid","Sales & Distribution","Sameer Abdullah"
"BLD-100265","2023-03-01","Unplanned","8","Paid","Sales & Distribution","Sameer Abdullah"
"BLD-100265","2023-11-08","Unplanned","8","Unpaid","Sales & Distribution","Sameer Abdullah"
"BLD-100265","2025-03-18","Unplanned","8","Unpaid","Sales & Distribution","Sameer Abdullah"
"BLD-100265","2024-06-01","Unplanned","8","Paid","Sales & Distribution","Sameer Abdullah"
"BLD-100265","2023-06-24","Unplanned","8","Paid","Sales & Distribution","Sameer Abdullah"
"BLD-100265","2025-03-20","Unplanned","8","Unpaid","Sales & Distribution","Sameer Abdullah"
"BLD-100265","2024-01-28","Unplanned","8","Unpaid","Sales & Distribution","Sameer Abdullah"
"BLD-100265","2023-10-01","Late","3","Unpaid","Sales & Distribution","Sameer Abdullah"
"BLD-100265","2024-03-16","Other","8","Unpaid","Sales & Distribution","Sameer Abdullah"
"BLD-100265","2024-09-22","Sick","8","Paid","Sales & Distribution","Sameer Abdullah"
"BLD-100266","2023-01-05","Sick","8","Paid","Engineering & Maintenance","Krishna Fernandes"
"BLD-100267","2023-05-06","Other","8","Paid","Engineering & Maintenance","Pooja Cruz"
"BLD-100267","2023-01-06","Unplanned","8","Unpaid","Engineering & Maintenance","Pooja Cruz"
"BLD-100267","2023-06-08","Late","1","Paid","Engineering & Maintenance","Pooja Cruz"
"BLD-100267","2023-06-29","Unplanned","8","Paid","Engineering & Maintenance","Pooja Cruz"
"BLD-100267","2023-05-01","Unplanned","8","Unpaid","Engineering & Maintenance","Pooja Cruz"
"BLD-100267","2023-01-19","Unplanned","8","Unpaid","Engineering & Maintenance","Pooja Cruz"
"BLD-100267","2023-03-31","Late","1","Unpaid","Engineering & Maintenance","Pooja Cruz"
"BLD-100267","2023-01-12","Sick","8","Paid","Engineering & Maintenance","Pooja Cruz"
"BLD-100268","2024-11-28","Unplanned","8","Paid","R&D","Ahmed Ibrahim"
"BLD-100268","2025-03-12","Sick","8","Paid","R&D","Ahmed Ibrahim"
"BLD-100268","2023-03-13","Sick","8","Paid","R&D","Ahmed Ibrahim"
"BLD-100268","2025-11-27","Sick","8","Paid","R&D","Ahmed Ibrahim"
"BLD-100268","2025-09-17","Sick","8","Paid","R&D","Ahmed Ibrahim"
"BLD-100268","2023-08-29","Other","8","Paid","R&D","Ahmed Ibrahim"
"BLD-100268","2023-10-25","Unplanned","8","Paid","R&D","Ahmed Ibrahim"
"BLD-100269","2023-01-29","Unplanned","8","Unpaid","Production","Mohamed Baig"
"BLD-100269","2025-10-12","Late","3","Paid","Production","Mohamed Baig"
"BLD-100269","2023-06-19","Unplanned","8","Paid","Production","Mohamed Baig"
"BLD-100269","2025-10-08","Late","3","Unpaid","Production","Mohamed Baig"
"BLD-100269","2023-02-08","Unplanned","8","Paid","Production","Mohamed Baig"
"BLD-100269","2023-11-19","Sick","8","Paid","Production","Mohamed Baig"
"BLD-100270","2025-08-04","Late","2","Unpaid","Farm Operations","Anil Khan"
"BLD-100270","2023-09-09","Sick","8","Paid","Farm Operations","Anil Khan"
"BLD-100270","2023-04-30","Late","1","Unpaid","Farm Operations","Anil Khan"
"BLD-100270","2025-10-17","Unplanned","8","Unpaid","Farm Operations","Anil Khan"
"BLD-100270","2025-01-26","Unplanned","8","Unpaid","Farm Operations","Anil Khan"
"BLD-100271","2025-03-25","Sick","8","Paid","People & Culture","Mariam Khan"
"BLD-100271","2023-10-10","Other","8","Unpaid","People & Culture","Mariam Khan"
"BLD-100271","2023-12-27","Sick","8","Paid","People & Culture","Mariam Khan"
"BLD-100271","2024-07-17","Unplanned","8","Unpaid","People & Culture","Mariam Khan"
"BLD-100271","2023-12-03","Other","8","Paid","People & Culture","Mariam Khan"
"BLD-100271","2025-05-30","Sick","8","Paid","People & Culture","Mariam Khan"
"BLD-100271","2025-09-09","Sick","8","Paid","People & Culture","Mariam Khan"
"BLD-100271","2023-10-21","Sick","8","Paid","People & Culture","Mariam Khan"
"BLD-100271","2024-08-26","Sick","8","Paid","People & Culture","Mariam Khan"
"BLD-100271","2023-01-20","Sick","8","Paid","People & Culture","Mariam Khan"
"BLD-100271","2024-02-20","Unplanned","8","Paid","People & Culture","Mariam Khan"
"BLD-100271","2023-06-25","Late","1","Paid","People & Culture","Mariam Khan"
"BLD-100271","2023-08-31","Sick","8","Paid","People & Culture","Mariam Khan"
"BLD-100271","2024-07-01","Sick","8","Paid","People & Culture","Mariam Khan"
"BLD-100272","2025-02-22","Other","8","Paid","Sales & Distribution","Joy Mansour"
"BLD-100272","2023-11-27","Late","2","Paid","Sales & Distribution","Joy Mansour"
"BLD-100272","2023-01-19","Late","1","Paid","Sales & Distribution","Joy Mansour"
"BLD-100272","2023-09-30","Sick","8","Paid","Sales & Distribution","Joy Mansour"
"BLD-100272","2023-01-04","Sick","8","Paid","Sales & Distribution","Joy Mansour"
"BLD-100272","2023-08-08","Unplanned","8","Unpaid","Sales & Distribution","Joy Mansour"
"BLD-100272","2025-09-24","Sick","8","Paid","Sales & Distribution","Joy Mansour"
"BLD-100272","2024-02-17","Unplanned","8","Paid","Sales & Distribution","Joy Mansour"
"BLD-100272","2025-02-06","Late","2","Unpaid","Sales & Distribution","Joy Mansour"
"BLD-100272","2024-09-27","Sick","8","Paid","Sales & Distribution","Joy Mansour"
"BLD-100272","2024-06-20","Unplanned","8","Unpaid","Sales & Distribution","Joy Mansour"
"BLD-100272","2023-05-14","Sick","8","Paid","Sales & Distribution","Joy Mansour"
"BLD-100272","2024-12-14","Late","1","Paid","Sales & Distribution","Joy Mansour"
"BLD-100272","2025-03-31","Unplanned","8","Paid","Sales & Distribution","Joy Mansour"
"BLD-100272","2024-01-07","Sick","8","Paid","Sales & Distribution","Joy Mansour"
"BLD-100272","2023-11-25","Late","1","Paid","Sales & Distribution","Joy Mansour"
"BLD-100272","2025-03-24","Other","8","Unpaid","Sales & Distribution","Joy Mansour"
"BLD-100273","2023-04-18","Sick","8","Paid","IT & Digital","Deepak Gurung"
"BLD-100275","2025-08-29","Sick","8","Paid","People & Culture","Ahmed Santos"
"BLD-100275","2025-07-14","Sick","8","Paid","People & Culture","Ahmed Santos"
"BLD-100275","2024-12-01","Sick","8","Paid","People & Culture","Ahmed Santos"
"BLD-100275","2024-07-12","Unplanned","8","Paid","People & Culture","Ahmed Santos"
"BLD-100275","2024-01-09","Late","2","Paid","People & Culture","Ahmed Santos"
"BLD-100275","2023-04-21","Unplanned","8","Unpaid","People & Culture","Ahmed Santos"
"BLD-100275","2024-05-16","Unplanned","8","Unpaid","People & Culture","Ahmed Santos"
"BLD-100275","2024-08-18","Sick","8","Paid","People & Culture","Ahmed Santos"
"BLD-100275","2023-09-02","Late","3","Unpaid","People & Culture","Ahmed Santos"
"BLD-100275","2025-08-29","Unplanned","8","Unpaid","People & Culture","Ahmed Santos"
"BLD-100275","2025-04-27","Late","1","Unpaid","People & Culture","Ahmed Santos"
"BLD-100276","2023-11-25","Other","8","Paid","Procurement","Manoj Iqbal"
"BLD-100276","2024-11-13","Unplanned","8","Unpaid","Procurement","Manoj Iqbal"
"BLD-100276","2024-04-24","Unplanned","8","Unpaid","Procurement","Manoj Iqbal"
"BLD-100276","2023-07-02","Sick","8","Paid","Procurement","Manoj Iqbal"
"BLD-100276","2023-06-17","Late","1","Paid","Procurement","Manoj Iqbal"
"BLD-100276","2023-03-29","Unplanned","8","Unpaid","Procurement","Manoj Iqbal"
"BLD-100277","2024-02-02","Sick","8","Paid","Sales & Distribution","Juan Baig"
"BLD-100277","2023-04-01","Unplanned","8","Unpaid","Sales & Distribution","Juan Baig"
"BLD-100277","2024-04-19","Unplanned","8","Unpaid","Sales & Distribution","Juan Baig"
"BLD-100277","2023-05-14","Sick","8","Paid","Sales & Distribution","Juan Baig"
"BLD-100277","2024-05-17","Other","8","Paid","Sales & Distribution","Juan Baig"
"BLD-100277","2024-08-01","Late","2","Paid","Sales & Distribution","Juan Baig"
"BLD-100277","2023-07-02","Sick","8","Paid","Sales & Distribution","Juan Baig"
"BLD-100277","2024-01-13","Sick","8","Paid","Sales & Distribution","Juan Baig"
"BLD-100277","2024-04-26","Sick","8","Paid","Sales & Distribution","Juan Baig"
"BLD-100277","2023-01-06","Sick","8","Paid","Sales & Distribution","Juan Baig"
"BLD-100278","2025-04-25","Unplanned","8","Paid","Supply Chain & Logistics","Bishnu Iqbal"
"BLD-100278","2024-05-14","Sick","8","Paid","Supply Chain & Logistics","Bishnu Iqbal"
"BLD-100278","2023-02-01","Late","3","Unpaid","Supply Chain & Logistics","Bishnu Iqbal"
"BLD-100278","2025-07-12","Late","1","Unpaid","Supply Chain & Logistics","Bishnu Iqbal"
"BLD-100278","2023-11-08","Sick","8","Paid","Supply Chain & Logistics","Bishnu Iqbal"
"BLD-100278","2024-03-29","Sick","8","Paid","Supply Chain & Logistics","Bishnu Iqbal"
"BLD-100278","2023-10-19","Late","2","Unpaid","Supply Chain & Logistics","Bishnu Iqbal"
"BLD-100278","2024-12-24","Unplanned","8","Unpaid","Supply Chain & Logistics","Bishnu Iqbal"
"BLD-100278","2023-12-14","Unplanned","8","Unpaid","Supply Chain & Logistics","Bishnu Iqbal"
"BLD-100278","2023-10-21","Sick","8","Paid","Supply Chain & Logistics","Bishnu Iqbal"
"BLD-100278","2024-03-05","Unplanned","8","Unpaid","Supply Chain & Logistics","Bishnu Iqbal"
"BLD-100278","2025-09-26","Unplanned","8","Paid","Supply Chain & Logistics","Bishnu Iqbal"
"BLD-100278","2025-12-06","Sick","8","Paid","Supply Chain & Logistics","Bishnu Iqbal"
"BLD-100278","2023-03-02","Sick","8","Paid","Supply Chain & Logistics","Bishnu Iqbal"
"BLD-100278","2024-08-23","Unplanned","8","Paid","Supply Chain & Logistics","Bishnu Iqbal"
"BLD-100278","2023-03-16","Unplanned","8","Paid","Supply Chain & Logistics","Bishnu Iqbal"
"BLD-100278","2024-02-26","Unplanned","8","Unpaid","Supply Chain & Logistics","Bishnu Iqbal"
"BLD-100278","2023-04-15","Unplanned","8","Unpaid","Supply Chain & Logistics","Bishnu Iqbal"
"BLD-100279","2023-09-05","Sick","8","Paid","Supply Chain & Logistics","Kumar Thapa"
"BLD-100279","2023-06-23","Unplanned","8","Paid","Supply Chain & Logistics","Kumar Thapa"
"BLD-100279","2023-12-29","Late","1","Unpaid","Supply Chain & Logistics","Kumar Thapa"
"BLD-100279","2024-02-26","Other","8","Unpaid","Supply Chain & Logistics","Kumar Thapa"
"BLD-100279","2024-04-11","Sick","8","Paid","Supply Chain & Logistics","Kumar Thapa"
"BLD-100279","2024-03-06","Sick","8","Paid","Supply Chain & Logistics","Kumar Thapa"
"BLD-100279","2023-02-12","Sick","8","Paid","Supply Chain & Logistics","Kumar Thapa"
"BLD-100279","2023-07-04","Unplanned","8","Paid","Supply Chain & Logistics","Kumar Thapa"
"BLD-100279","2024-02-25","Sick","8","Paid","Supply Chain & Logistics","Kumar Thapa"
"BLD-100279","2023-12-13","Sick","8","Paid","Supply Chain & Logistics","Kumar Thapa"
"BLD-100280","2023-10-06","Unplanned","8","Unpaid","Production","Hari Al-Marri"
"BLD-100280","2024-01-07","Unplanned","8","Unpaid","Production","Hari Al-Marri"
"BLD-100280","2023-02-22","Other","8","Unpaid","Production","Hari Al-Marri"
"BLD-100280","2023-04-21","Sick","8","Paid","Production","Hari Al-Marri"
"BLD-100280","2023-04-23","Unplanned","8","Unpaid","Production","Hari Al-Marri"
"BLD-100280","2023-01-25","Late","3","Unpaid","Production","Hari Al-Marri"
"BLD-100280","2023-10-30","Unplanned","8","Paid","Production","Hari Al-Marri"
"BLD-100281","2024-09-24","Sick","8","Paid","Procurement","Jose Fernandes"
"BLD-100281","2025-02-16","Sick","8","Paid","Procurement","Jose Fernandes"
"BLD-100281","2023-01-28","Sick","8","Paid","Procurement","Jose Fernandes"
"BLD-100281","2024-01-05","Sick","8","Paid","Procurement","Jose Fernandes"
"BLD-100281","2024-10-18","Sick","8","Paid","Procurement","Jose Fernandes"
"BLD-100281","2023-08-24","Sick","8","Paid","Procurement","Jose Fernandes"
"BLD-100281","2025-06-30","Sick","8","Paid","Procurement","Jose Fernandes"
"BLD-100282","2024-07-03","Unplanned","8","Unpaid","Sales & Distribution","Hassan Baig"
"BLD-100282","2023-11-15","Unplanned","8","Unpaid","Sales & Distribution","Hassan Baig"
"BLD-100282","2024-02-18","Sick","8","Paid","Sales & Distribution","Hassan Baig"
"BLD-100282","2023-03-28","Unplanned","8","Paid","Sales & Distribution","Hassan Baig"
"BLD-100283","2023-03-19","Sick","8","Paid","Quality Assurance & Food Safety","Tariq El-Sayed"
"BLD-100283","2023-10-28","Sick","8","Paid","Quality Assurance & Food Safety","Tariq El-Sayed"
"BLD-100284","2024-12-15","Sick","8","Paid","Sales & Distribution","Yasmin Sharma"
"BLD-100284","2023-09-01","Sick","8","Paid","Sales & Distribution","Yasmin Sharma"
"BLD-100284","2023-06-19","Late","2","Unpaid","Sales & Distribution","Yasmin Sharma"
"BLD-100284","2023-01-16","Late","2","Unpaid","Sales & Distribution","Yasmin Sharma"
"BLD-100284","2024-01-30","Unplanned","8","Paid","Sales & Distribution","Yasmin Sharma"
"BLD-100284","2023-03-20","Late","2","Unpaid","Sales & Distribution","Yasmin Sharma"
"BLD-100284","2025-07-01","Other","8","Paid","Sales & Distribution","Yasmin Sharma"
"BLD-100284","2025-06-05","Unplanned","8","Unpaid","Sales & Distribution","Yasmin Sharma"
"BLD-100284","2024-09-19","Unplanned","8","Unpaid","Sales & Distribution","Yasmin Sharma"
"BLD-100285","2024-12-31","Sick","8","Paid","Farm Operations","Santosh El-Sayed"
"BLD-100285","2024-07-19","Sick","8","Paid","Farm Operations","Santosh El-Sayed"
"BLD-100285","2025-09-26","Other","8","Paid","Farm Operations","Santosh El-Sayed"
"BLD-100285","2024-03-30","Unplanned","8","Unpaid","Farm Operations","Santosh El-Sayed"
"BLD-100285","2025-03-03","Unplanned","8","Unpaid","Farm Operations","Santosh El-Sayed"
"BLD-100285","2023-01-22","Unplanned","8","Paid","Farm Operations","Santosh El-Sayed"
"BLD-100285","2025-09-19","Sick","8","Paid","Farm Operations","Santosh El-Sayed"
"BLD-100285","2023-10-15","Unplanned","8","Unpaid","Farm Operations","Santosh El-Sayed"
"BLD-100285","2025-02-15","Unplanned","8","Paid","Farm Operations","Santosh El-Sayed"
"BLD-100285","2025-04-27","Unplanned","8","Unpaid","Farm Operations","Santosh El-Sayed"
"BLD-100286","2023-05-03","Unplanned","8","Unpaid","IT & Digital","Omar Thapa"
"BLD-100286","2023-01-06","Sick","8","Paid","IT & Digital","Omar Thapa"
"BLD-100286","2023-03-17","Unplanned","8","Paid","IT & Digital","Omar Thapa"
"BLD-100286","2023-02-08","Sick","8","Paid","IT & Digital","Omar Thapa"
"BLD-100288","2024-02-21","Unplanned","8","Unpaid","Supply Chain & Logistics","Prakash Reyes"
"BLD-100288","2024-02-13","Sick","8","Paid","Supply Chain & Logistics","Prakash Reyes"
"BLD-100288","2023-06-15","Other","8","Unpaid","Supply Chain & Logistics","Prakash Reyes"
"BLD-100288","2024-01-12","Late","1","Paid","Supply Chain & Logistics","Prakash Reyes"
"BLD-100288","2023-12-13","Unplanned","8","Unpaid","Supply Chain & Logistics","Prakash Reyes"
"BLD-100288","2023-12-27","Other","8","Paid","Supply Chain & Logistics","Prakash Reyes"
"BLD-100289","2023-01-19","Sick","8","Paid","Supply Chain & Logistics","Faisal Al-Marri"
"BLD-100289","2023-01-02","Sick","8","Paid","Supply Chain & Logistics","Faisal Al-Marri"
"BLD-100289","2023-01-17","Late","1","Unpaid","Supply Chain & Logistics","Faisal Al-Marri"
"BLD-100289","2023-06-29","Late","3","Unpaid","Supply Chain & Logistics","Faisal Al-Marri"
"BLD-100290","2024-09-20","Sick","8","Paid","R&D","Ravi Al-Sayed"
"BLD-100290","2024-08-02","Other","8","Paid","R&D","Ravi Al-Sayed"
"BLD-100290","2024-03-09","Sick","8","Paid","R&D","Ravi Al-Sayed"
"BLD-100290","2025-02-26","Other","8","Paid","R&D","Ravi Al-Sayed"
"BLD-100290","2024-07-30","Sick","8","Paid","R&D","Ravi Al-Sayed"
"BLD-100290","2023-01-30","Unplanned","8","Unpaid","R&D","Ravi Al-Sayed"
"BLD-100290","2024-07-10","Sick","8","Paid","R&D","Ravi Al-Sayed"
"BLD-100290","2025-12-09","Unplanned","8","Paid","R&D","Ravi Al-Sayed"
"BLD-100290","2023-08-21","Unplanned","8","Paid","R&D","Ravi Al-Sayed"
"BLD-100290","2024-07-26","Unplanned","8","Unpaid","R&D","Ravi Al-Sayed"
"BLD-100290","2025-06-07","Sick","8","Paid","R&D","Ravi Al-Sayed"
"BLD-100291","2023-01-02","Unplanned","8","Unpaid","Production","Sameer Reyes"
"BLD-100291","2023-08-31","Unplanned","8","Paid","Production","Sameer Reyes"
"BLD-100291","2025-10-12","Sick","8","Paid","Production","Sameer Reyes"
"BLD-100291","2024-05-15","Other","8","Unpaid","Production","Sameer Reyes"
"BLD-100292","2023-08-31","Unplanned","8","Paid","Corporate & Executive Office","Santosh Islam"
"BLD-100292","2025-10-22","Sick","8","Paid","Corporate & Executive Office","Santosh Islam"
"BLD-100292","2025-10-22","Sick","8","Paid","Corporate & Executive Office","Santosh Islam"
"BLD-100292","2025-10-30","Sick","8","Paid","Corporate & Executive Office","Santosh Islam"
"BLD-100292","2024-03-25","Sick","8","Paid","Corporate & Executive Office","Santosh Islam"
"BLD-100292","2023-11-28","Sick","8","Paid","Corporate & Executive Office","Santosh Islam"
"BLD-100292","2025-06-15","Unplanned","8","Unpaid","Corporate & Executive Office","Santosh Islam"
"BLD-100292","2024-04-07","Sick","8","Paid","Corporate & Executive Office","Santosh Islam"
"BLD-100292","2023-06-28","Sick","8","Paid","Corporate & Executive Office","Santosh Islam"
"BLD-100292","2023-05-31","Sick","8","Paid","Corporate & Executive Office","Santosh Islam"
"BLD-100292","2023-03-06","Late","3","Unpaid","Corporate & Executive Office","Santosh Islam"
"BLD-100292","2025-01-23","Sick","8","Paid","Corporate & Executive Office","Santosh Islam"
"BLD-100292","2023-01-16","Unplanned","8","Paid","Corporate & Executive Office","Santosh Islam"
"BLD-100292","2025-01-11","Sick","8","Paid","Corporate & Executive Office","Santosh Islam"
"BLD-100293","2025-10-25","Late","2","Unpaid","People & Culture","Maria Fernandes"
"BLD-100293","2023-08-22","Sick","8","Paid","People & Culture","Maria Fernandes"
"BLD-100293","2023-10-25","Sick","8","Paid","People & Culture","Maria Fernandes"
"BLD-100293","2024-02-29","Unplanned","8","Unpaid","People & Culture","Maria Fernandes"
"BLD-100293","2024-06-09","Late","3","Paid","People & Culture","Maria Fernandes"
"BLD-100293","2025-01-11","Unplanned","8","Paid","People & Culture","Maria Fernandes"
"BLD-100293","2023-03-27","Sick","8","Paid","People & Culture","Maria Fernandes"
"BLD-100293","2023-09-15","Sick","8","Paid","People & Culture","Maria Fernandes"
"BLD-100293","2025-06-04","Unplanned","8","Paid","People & Culture","Maria Fernandes"
"BLD-100293","2023-10-08","Sick","8","Paid","People & Culture","Maria Fernandes"
"BLD-100295","2023-11-18","Sick","8","Paid","Finance","Noor Al-Sayed"
"BLD-100295","2024-12-15","Sick","8","Paid","Finance","Noor Al-Sayed"
"BLD-100295","2023-11-16","Late","3","Paid","Finance","Noor Al-Sayed"
"BLD-100295","2025-12-04","Sick","8","Paid","Finance","Noor Al-Sayed"
"BLD-100295","2025-12-29","Unplanned","8","Unpaid","Finance","Noor Al-Sayed"
"BLD-100295","2024-04-21","Unplanned","8","Unpaid","Finance","Noor Al-Sayed"
"BLD-100295","2023-11-30","Sick","8","Paid","Finance","Noor Al-Sayed"
"BLD-100295","2025-12-14","Sick","8","Paid","Finance","Noor Al-Sayed"
"BLD-100295","2024-04-07","Unplanned","8","Paid","Finance","Noor Al-Sayed"
"BLD-100295","2024-06-19","Unplanned","8","Paid","Finance","Noor Al-Sayed"
"BLD-100295","2023-09-13","Sick","8","Paid","Finance","Noor Al-Sayed"
"BLD-100295","2024-01-04","Late","3","Paid","Finance","Noor Al-Sayed"
"BLD-100296","2023-08-08","Unplanned","8","Unpaid","Procurement","Ali Ibrahim"
"BLD-100296","2023-07-14","Other","8","Paid","Procurement","Ali Ibrahim"
"BLD-100296","2023-01-31","Unplanned","8","Unpaid","Procurement","Ali Ibrahim"
"BLD-100296","2023-02-09","Unplanned","8","Unpaid","Procurement","Ali Ibrahim"
"BLD-100296","2023-01-06","Sick","8","Paid","Procurement","Ali Ibrahim"
"BLD-100296","2023-08-13","Unplanned","8","Paid","Procurement","Ali Ibrahim"
"BLD-100296","2023-04-29","Sick","8","Paid","Procurement","Ali Ibrahim"
"BLD-100296","2023-05-09","Unplanned","8","Unpaid","Procurement","Ali Ibrahim"
"BLD-100296","2023-02-09","Unplanned","8","Paid","Procurement","Ali Ibrahim"
"BLD-100297","2025-03-17","Sick","8","Paid","Finance","Bikram Al-Sayed"
"BLD-100297","2024-02-27","Sick","8","Paid","Finance","Bikram Al-Sayed"
"BLD-100297","2025-01-26","Sick","8","Paid","Finance","Bikram Al-Sayed"
"BLD-100297","2023-02-11","Sick","8","Paid","Finance","Bikram Al-Sayed"
"BLD-100297","2024-03-17","Sick","8","Paid","Finance","Bikram Al-Sayed"
"BLD-100297","2023-11-28","Unplanned","8","Unpaid","Finance","Bikram Al-Sayed"
"BLD-100297","2023-06-28","Sick","8","Paid","Finance","Bikram Al-Sayed"
"BLD-100297","2025-01-28","Unplanned","8","Unpaid","Finance","Bikram Al-Sayed"
"BLD-100297","2024-08-30","Other","8","Paid","Finance","Bikram Al-Sayed"
"BLD-100297","2024-03-18","Unplanned","8","Unpaid","Finance","Bikram Al-Sayed"
"BLD-100297","2025-08-26","Sick","8","Paid","Finance","Bikram Al-Sayed"
"BLD-100297","2024-01-17","Sick","8","Paid","Finance","Bikram Al-Sayed"
"BLD-100297","2024-01-12","Other","8","Unpaid","Finance","Bikram Al-Sayed"
"BLD-100297","2025-12-29","Unplanned","8","Paid","Finance","Bikram Al-Sayed"
"BLD-100298","2024-03-16","Unplanned","8","Unpaid","Marketing","Rowena Chowdhury"
"BLD-100298","2025-10-29","Unplanned","8","Unpaid","Marketing","Rowena Chowdhury"
"BLD-100298","2024-12-22","Sick","8","Paid","Marketing","Rowena Chowdhury"
"BLD-100298","2025-09-24","Unplanned","8","Paid","Marketing","Rowena Chowdhury"
"BLD-100298","2025-01-27","Sick","8","Paid","Marketing","Rowena Chowdhury"
"BLD-100298","2023-10-04","Sick","8","Paid","Marketing","Rowena Chowdhury"
"BLD-100298","2023-08-23","Unplanned","8","Paid","Marketing","Rowena Chowdhury"
"BLD-100298","2024-07-14","Sick","8","Paid","Marketing","Rowena Chowdhury"
"BLD-100298","2024-12-23","Sick","8","Paid","Marketing","Rowena Chowdhury"
"BLD-100298","2023-09-17","Sick","8","Paid","Marketing","Rowena Chowdhury"
"BLD-100298","2023-12-16","Other","8","Paid","Marketing","Rowena Chowdhury"
"BLD-100298","2023-04-15","Sick","8","Paid","Marketing","Rowena Chowdhury"
"BLD-100299","2023-03-04","Sick","8","Paid","Finance","Prakash Ibrahim"
"BLD-100299","2023-05-11","Late","3","Unpaid","Finance","Prakash Ibrahim"
"BLD-100299","2023-07-16","Late","3","Paid","Finance","Prakash Ibrahim"
"BLD-100299","2023-08-27","Unplanned","8","Unpaid","Finance","Prakash Ibrahim"
"BLD-100299","2023-08-10","Unplanned","8","Unpaid","Finance","Prakash Ibrahim"
"BLD-100299","2023-04-11","Unplanned","8","Paid","Finance","Prakash Ibrahim"
"BLD-100299","2023-06-21","Sick","8","Paid","Finance","Prakash Ibrahim"
"BLD-100300","2023-02-22","Unplanned","8","Paid","Finance","Mohamed Al-Sayed"
"BLD-100300","2023-01-06","Sick","8","Paid","Finance","Mohamed Al-Sayed"
"BLD-100300","2023-03-23","Late","2","Paid","Finance","Mohamed Al-Sayed"
"BLD-100300","2023-03-08","Late","3","Paid","Finance","Mohamed Al-Sayed"
"BLD-100300","2023-08-12","Unplanned","8","Unpaid","Finance","Mohamed Al-Sayed"
"BLD-100301","2023-09-20","Unplanned","8","Unpaid","Quality Assurance & Food Safety","Vikram Al-Kuwari"
"BLD-100301","2023-06-25","Sick","8","Paid","Quality Assurance & Food Safety","Vikram Al-Kuwari"
"BLD-100301","2025-02-26","Sick","8","Paid","Quality Assurance & Food Safety","Vikram Al-Kuwari"
"BLD-100301","2025-04-24","Late","1","Unpaid","Quality Assurance & Food Safety","Vikram Al-Kuwari"
"BLD-100301","2024-01-17","Sick","8","Paid","Quality Assurance & Food Safety","Vikram Al-Kuwari"
"BLD-100301","2025-05-23","Unplanned","8","Paid","Quality Assurance & Food Safety","Vikram Al-Kuwari"
"BLD-100301","2023-07-24","Sick","8","Paid","Quality Assurance & Food Safety","Vikram Al-Kuwari"
"BLD-100301","2024-02-08","Late","3","Unpaid","Quality Assurance & Food Safety","Vikram Al-Kuwari"
"BLD-100301","2023-06-08","Other","8","Unpaid","Quality Assurance & Food Safety","Vikram Al-Kuwari"
"BLD-100301","2023-02-06","Late","1","Unpaid","Quality Assurance & Food Safety","Vikram Al-Kuwari"
"BLD-100301","2023-08-19","Unplanned","8","Unpaid","Quality Assurance & Food Safety","Vikram Al-Kuwari"
"BLD-100301","2024-05-15","Unplanned","8","Unpaid","Quality Assurance & Food Safety","Vikram Al-Kuwari"
"BLD-100301","2025-05-28","Sick","8","Paid","Quality Assurance & Food Safety","Vikram Al-Kuwari"
"BLD-100301","2024-05-10","Late","3","Paid","Quality Assurance & Food Safety","Vikram Al-Kuwari"
"BLD-100301","2023-05-19","Sick","8","Paid","Quality Assurance & Food Safety","Vikram Al-Kuwari"
"BLD-100302","2024-02-22","Sick","8","Paid","Corporate & Executive Office","Rajesh Al-Marri"
"BLD-100302","2023-01-22","Late","3","Paid","Corporate & Executive Office","Rajesh Al-Marri"
"BLD-100302","2024-02-24","Other","8","Unpaid","Corporate & Executive Office","Rajesh Al-Marri"
"BLD-100302","2023-03-23","Sick","8","Paid","Corporate & Executive Office","Rajesh Al-Marri"
"BLD-100302","2023-06-08","Sick","8","Paid","Corporate & Executive Office","Rajesh Al-Marri"
"BLD-100302","2023-02-17","Sick","8","Paid","Corporate & Executive Office","Rajesh Al-Marri"
"BLD-100302","2024-05-23","Unplanned","8","Paid","Corporate & Executive Office","Rajesh Al-Marri"
"BLD-100302","2024-06-18","Unplanned","8","Unpaid","Corporate & Executive Office","Rajesh Al-Marri"
"BLD-100302","2024-06-01","Sick","8","Paid","Corporate & Executive Office","Rajesh Al-Marri"
"BLD-100303","2025-03-16","Sick","8","Paid","Marketing","Yousef Al-Attiyah"
"BLD-100303","2024-06-06","Sick","8","Paid","Marketing","Yousef Al-Attiyah"
"BLD-100303","2023-03-31","Sick","8","Paid","Marketing","Yousef Al-Attiyah"
"BLD-100303","2023-02-10","Other","8","Unpaid","Marketing","Yousef Al-Attiyah"
"BLD-100303","2023-05-09","Sick","8","Paid","Marketing","Yousef Al-Attiyah"
"BLD-100303","2024-06-19","Unplanned","8","Paid","Marketing","Yousef Al-Attiyah"
"BLD-100303","2023-01-19","Unplanned","8","Unpaid","Marketing","Yousef Al-Attiyah"
"BLD-100304","2023-10-30","Sick","8","Paid","Farm Operations","Tariq Malik"
"BLD-100304","2025-11-13","Late","1","Unpaid","Farm Operations","Tariq Malik"
"BLD-100304","2025-09-22","Sick","8","Paid","Farm Operations","Tariq Malik"
"BLD-100304","2025-10-11","Late","3","Unpaid","Farm Operations","Tariq Malik"
"BLD-100304","2024-08-10","Unplanned","8","Paid","Farm Operations","Tariq Malik"
"BLD-100304","2023-03-10","Other","8","Unpaid","Farm Operations","Tariq Malik"
"BLD-100304","2023-03-28","Sick","8","Paid","Farm Operations","Tariq Malik"
"BLD-100304","2024-08-19","Sick","8","Paid","Farm Operations","Tariq Malik"
"BLD-100304","2024-01-26","Late","1","Paid","Farm Operations","Tariq Malik"
"BLD-100304","2023-03-10","Late","2","Paid","Farm Operations","Tariq Malik"
"BLD-100304","2024-08-25","Sick","8","Paid","Farm Operations","Tariq Malik"
"BLD-100304","2024-07-01","Sick","8","Paid","Farm Operations","Tariq Malik"
"BLD-100304","2023-09-03","Sick","8","Paid","Farm Operations","Tariq Malik"
"BLD-100304","2023-05-27","Unplanned","8","Unpaid","Farm Operations","Tariq Malik"
"BLD-100304","2023-08-25","Late","2","Paid","Farm Operations","Tariq Malik"
"BLD-100304","2024-03-03","Other","8","Unpaid","Farm Operations","Tariq Malik"
"BLD-100304","2025-10-22","Sick","8","Paid","Farm Operations","Tariq Malik"
"BLD-100304","2024-08-11","Sick","8","Paid","Farm Operations","Tariq Malik"
"BLD-100304","2025-03-29","Unplanned","8","Paid","Farm Operations","Tariq Malik"
"BLD-100304","2024-07-18","Other","8","Unpaid","Farm Operations","Tariq Malik"
"BLD-100304","2025-09-19","Sick","8","Paid","Farm Operations","Tariq Malik"
"BLD-100305","2024-10-07","Sick","8","Paid","Sales & Distribution","Sameer Islam"
"BLD-100305","2023-06-25","Unplanned","8","Unpaid","Sales & Distribution","Sameer Islam"
"BLD-100305","2024-10-14","Sick","8","Paid","Sales & Distribution","Sameer Islam"
"BLD-100305","2023-05-07","Unplanned","8","Paid","Sales & Distribution","Sameer Islam"
"BLD-100305","2025-08-19","Sick","8","Paid","Sales & Distribution","Sameer Islam"
"BLD-100305","2024-08-03","Sick","8","Paid","Sales & Distribution","Sameer Islam"
"BLD-100305","2023-08-05","Unplanned","8","Unpaid","Sales & Distribution","Sameer Islam"
"BLD-100305","2024-06-20","Other","8","Paid","Sales & Distribution","Sameer Islam"
"BLD-100305","2023-07-24","Unplanned","8","Unpaid","Sales & Distribution","Sameer Islam"
"BLD-100305","2025-10-19","Unplanned","8","Unpaid","Sales & Distribution","Sameer Islam"
"BLD-100305","2025-07-01","Sick","8","Paid","Sales & Distribution","Sameer Islam"
"BLD-100305","2025-08-22","Sick","8","Paid","Sales & Distribution","Sameer Islam"
"BLD-100305","2023-01-11","Sick","8","Paid","Sales & Distribution","Sameer Islam"
"BLD-100305","2024-06-05","Sick","8","Paid","Sales & Distribution","Sameer Islam"
"BLD-100305","2024-01-28","Late","2","Unpaid","Sales & Distribution","Sameer Islam"
"BLD-100305","2025-08-22","Unplanned","8","Paid","Sales & Distribution","Sameer Islam"
"BLD-100305","2025-02-24","Unplanned","8","Unpaid","Sales & Distribution","Sameer Islam"
"BLD-100305","2023-02-23","Sick","8","Paid","Sales & Distribution","Sameer Islam"
"BLD-100305","2024-10-15","Unplanned","8","Paid","Sales & Distribution","Sameer Islam"
"BLD-100305","2024-06-02","Sick","8","Paid","Sales & Distribution","Sameer Islam"
"BLD-100306","2024-11-26","Unplanned","8","Unpaid","People & Culture","Noor Baig"
"BLD-100306","2025-06-25","Late","3","Unpaid","People & Culture","Noor Baig"
"BLD-100306","2023-04-18","Unplanned","8","Unpaid","People & Culture","Noor Baig"
"BLD-100306","2024-12-03","Late","1","Unpaid","People & Culture","Noor Baig"
"BLD-100306","2023-12-01","Sick","8","Paid","People & Culture","Noor Baig"
"BLD-100306","2023-01-04","Sick","8","Paid","People & Culture","Noor Baig"
"BLD-100306","2025-06-04","Unplanned","8","Paid","People & Culture","Noor Baig"
"BLD-100306","2025-01-10","Late","2","Unpaid","People & Culture","Noor Baig"
"BLD-100306","2023-12-02","Sick","8","Paid","People & Culture","Noor Baig"
"BLD-100306","2024-02-28","Unplanned","8","Paid","People & Culture","Noor Baig"
"BLD-100306","2024-05-09","Sick","8","Paid","People & Culture","Noor Baig"
"BLD-100306","2023-12-14","Unplanned","8","Unpaid","People & Culture","Noor Baig"
"BLD-100306","2025-05-11","Unplanned","8","Unpaid","People & Culture","Noor Baig"
"BLD-100307","2024-02-20","Sick","8","Paid","Finance","Amina Cruz"
"BLD-100307","2023-10-04","Sick","8","Paid","Finance","Amina Cruz"
"BLD-100307","2023-05-13","Late","1","Unpaid","Finance","Amina Cruz"
"BLD-100307","2023-10-07","Sick","8","Paid","Finance","Amina Cruz"
"BLD-100307","2025-03-09","Late","3","Paid","Finance","Amina Cruz"
"BLD-100307","2025-02-17","Unplanned","8","Unpaid","Finance","Amina Cruz"
"BLD-100307","2024-05-07","Unplanned","8","Unpaid","Finance","Amina Cruz"
"BLD-100307","2023-01-26","Sick","8","Paid","Finance","Amina Cruz"
"BLD-100307","2024-01-20","Unplanned","8","Unpaid","Finance","Amina Cruz"
"BLD-100307","2024-04-09","Other","8","Unpaid","Finance","Amina Cruz"
"BLD-100307","2025-02-23","Unplanned","8","Unpaid","Finance","Amina Cruz"
"BLD-100307","2024-10-12","Unplanned","8","Paid","Finance","Amina Cruz"
"BLD-100307","2024-12-03","Unplanned","8","Unpaid","Finance","Amina Cruz"
"BLD-100308","2025-02-04","Sick","8","Paid","People & Culture","Noor Baig"
"BLD-100308","2024-11-12","Sick","8","Paid","People & Culture","Noor Baig"
"BLD-100308","2023-01-22","Sick","8","Paid","People & Culture","Noor Baig"
"BLD-100308","2023-02-09","Sick","8","Paid","People & Culture","Noor Baig"
"BLD-100308","2024-05-21","Sick","8","Paid","People & Culture","Noor Baig"
"BLD-100308","2023-05-17","Late","1","Unpaid","People & Culture","Noor Baig"
"BLD-100308","2025-02-23","Sick","8","Paid","People & Culture","Noor Baig"
"BLD-100308","2024-02-24","Sick","8","Paid","People & Culture","Noor Baig"
"BLD-100308","2025-04-19","Sick","8","Paid","People & Culture","Noor Baig"
"BLD-100308","2023-04-06","Sick","8","Paid","People & Culture","Noor Baig"
"BLD-100308","2023-10-10","Other","8","Unpaid","People & Culture","Noor Baig"
"BLD-100308","2024-01-01","Late","1","Paid","People & Culture","Noor Baig"
"BLD-100308","2023-05-22","Late","2","Unpaid","People & Culture","Noor Baig"
"BLD-100308","2024-02-25","Other","8","Unpaid","People & Culture","Noor Baig"
"BLD-100308","2025-09-17","Unplanned","8","Paid","People & Culture","Noor Baig"
"BLD-100308","2023-12-01","Sick","8","Paid","People & Culture","Noor Baig"
"BLD-100308","2025-01-10","Late","1","Unpaid","People & Culture","Noor Baig"
"BLD-100308","2025-01-02","Sick","8","Paid","People & Culture","Noor Baig"
"BLD-100308","2023-11-23","Unplanned","8","Unpaid","People & Culture","Noor Baig"
"BLD-100308","2023-01-27","Sick","8","Paid","People & Culture","Noor Baig"
"BLD-100308","2023-11-24","Late","1","Unpaid","People & Culture","Noor Baig"
"BLD-100308","2025-09-06","Sick","8","Paid","People & Culture","Noor Baig"
"BLD-100309","2023-03-09","Late","1","Paid","IT & Digital","Amina Fernandes"
"BLD-100309","2024-05-24","Late","2","Unpaid","IT & Digital","Amina Fernandes"
"BLD-100309","2023-03-29","Late","2","Paid","IT & Digital","Amina Fernandes"
"BLD-100309","2023-06-15","Sick","8","Paid","IT & Digital","Amina Fernandes"
"BLD-100309","2023-10-05","Other","8","Unpaid","IT & Digital","Amina Fernandes"
"BLD-100309","2024-05-20","Sick","8","Paid","IT & Digital","Amina Fernandes"
"BLD-100309","2023-01-22","Sick","8","Paid","IT & Digital","Amina Fernandes"
"BLD-100310","2023-01-09","Other","8","Unpaid","Quality Assurance & Food Safety","Amina Farouk"
"BLD-100310","2023-02-17","Sick","8","Paid","Quality Assurance & Food Safety","Amina Farouk"
"BLD-100310","2023-01-13","Late","2","Unpaid","Quality Assurance & Food Safety","Amina Farouk"
"BLD-100310","2023-01-07","Unplanned","8","Unpaid","Quality Assurance & Food Safety","Amina Farouk"
"BLD-100310","2023-09-21","Sick","8","Paid","Quality Assurance & Food Safety","Amina Farouk"
"BLD-100311","2024-03-17","Other","8","Unpaid","Supply Chain & Logistics","Mohamed Mansour"
"BLD-100311","2024-10-19","Unplanned","8","Unpaid","Supply Chain & Logistics","Mohamed Mansour"
"BLD-100311","2024-04-20","Other","8","Unpaid","Supply Chain & Logistics","Mohamed Mansour"
"BLD-100311","2025-09-10","Sick","8","Paid","Supply Chain & Logistics","Mohamed Mansour"
"BLD-100311","2024-03-11","Late","1","Unpaid","Supply Chain & Logistics","Mohamed Mansour"
"BLD-100311","2023-03-07","Unplanned","8","Unpaid","Supply Chain & Logistics","Mohamed Mansour"
"BLD-100311","2025-03-24","Sick","8","Paid","Supply Chain & Logistics","Mohamed Mansour"
"BLD-100311","2025-08-16","Sick","8","Paid","Supply Chain & Logistics","Mohamed Mansour"
"BLD-100311","2025-06-05","Unplanned","8","Unpaid","Supply Chain & Logistics","Mohamed Mansour"
"BLD-100311","2025-11-05","Sick","8","Paid","Supply Chain & Logistics","Mohamed Mansour"
"BLD-100311","2025-07-14","Unplanned","8","Paid","Supply Chain & Logistics","Mohamed Mansour"
"BLD-100311","2025-01-12","Sick","8","Paid","Supply Chain & Logistics","Mohamed Mansour"
"BLD-100311","2023-06-01","Sick","8","Paid","Supply Chain & Logistics","Mohamed Mansour"
"BLD-100311","2023-07-03","Late","3","Paid","Supply Chain & Logistics","Mohamed Mansour"
"BLD-100311","2024-02-22","Unplanned","8","Unpaid","Supply Chain & Logistics","Mohamed Mansour"
"BLD-100311","2025-07-07","Late","2","Paid","Supply Chain & Logistics","Mohamed Mansour"
"BLD-100311","2024-09-24","Sick","8","Paid","Supply Chain & Logistics","Mohamed Mansour"
"BLD-100311","2025-02-04","Late","2","Unpaid","Supply Chain & Logistics","Mohamed Mansour"
"BLD-100311","2024-06-18","Sick","8","Paid","Supply Chain & Logistics","Mohamed Mansour"
"BLD-100312","2023-11-08","Unplanned","8","Unpaid","Quality Assurance & Food Safety","Deepak Cruz"
"BLD-100312","2023-03-12","Sick","8","Paid","Quality Assurance & Food Safety","Deepak Cruz"
"BLD-100312","2023-08-01","Sick","8","Paid","Quality Assurance & Food Safety","Deepak Cruz"
"BLD-100312","2025-03-28","Unplanned","8","Unpaid","Quality Assurance & Food Safety","Deepak Cruz"
"BLD-100312","2023-09-23","Sick","8","Paid","Quality Assurance & Food Safety","Deepak Cruz"
"BLD-100312","2023-12-18","Sick","8","Paid","Quality Assurance & Food Safety","Deepak Cruz"
"BLD-100312","2024-03-17","Sick","8","Paid","Quality Assurance & Food Safety","Deepak Cruz"
"BLD-100312","2023-06-22","Late","3","Unpaid","Quality Assurance & Food Safety","Deepak Cruz"
"BLD-100312","2023-05-23","Unplanned","8","Unpaid","Quality Assurance & Food Safety","Deepak Cruz"
"BLD-100312","2023-04-30","Other","8","Unpaid","Quality Assurance & Food Safety","Deepak Cruz"
"BLD-100312","2024-08-04","Sick","8","Paid","Quality Assurance & Food Safety","Deepak Cruz"
"BLD-100312","2025-02-20","Unplanned","8","Unpaid","Quality Assurance & Food Safety","Deepak Cruz"
"BLD-100312","2024-01-30","Unplanned","8","Unpaid","Quality Assurance & Food Safety","Deepak Cruz"
"BLD-100312","2023-11-04","Other","8","Paid","Quality Assurance & Food Safety","Deepak Cruz"
"BLD-100312","2024-10-30","Sick","8","Paid","Quality Assurance & Food Safety","Deepak Cruz"
"BLD-100312","2025-02-20","Unplanned","8","Unpaid","Quality Assurance & Food Safety","Deepak Cruz"
"BLD-100312","2023-08-14","Other","8","Unpaid","Quality Assurance & Food Safety","Deepak Cruz"
"BLD-100312","2023-08-10","Other","8","Unpaid","Quality Assurance & Food Safety","Deepak Cruz"
"BLD-100313","2024-07-29","Sick","8","Paid","Sales & Distribution","Sameer Islam"
"BLD-100313","2025-07-21","Late","3","Unpaid","Sales & Distribution","Sameer Islam"
"BLD-100313","2024-06-29","Sick","8","Paid","Sales & Distribution","Sameer Islam"
"BLD-100313","2024-03-21","Sick","8","Paid","Sales & Distribution","Sameer Islam"
"BLD-100313","2024-02-09","Sick","8","Paid","Sales & Distribution","Sameer Islam"
"BLD-100313","2024-07-13","Sick","8","Paid","Sales & Distribution","Sameer Islam"
"BLD-100313","2024-03-23","Sick","8","Paid","Sales & Distribution","Sameer Islam"
"BLD-100313","2023-11-25","Sick","8","Paid","Sales & Distribution","Sameer Islam"
"BLD-100313","2024-10-02","Late","1","Unpaid","Sales & Distribution","Sameer Islam"
"BLD-100313","2023-05-03","Sick","8","Paid","Sales & Distribution","Sameer Islam"
"BLD-100313","2023-02-16","Unplanned","8","Unpaid","Sales & Distribution","Sameer Islam"
"BLD-100313","2024-08-01","Sick","8","Paid","Sales & Distribution","Sameer Islam"
"BLD-100313","2025-04-23","Sick","8","Paid","Sales & Distribution","Sameer Islam"
"BLD-100313","2024-07-12","Unplanned","8","Paid","Sales & Distribution","Sameer Islam"
"BLD-100313","2024-01-07","Sick","8","Paid","Sales & Distribution","Sameer Islam"
"BLD-100313","2024-12-31","Late","3","Paid","Sales & Distribution","Sameer Islam"
"BLD-100313","2024-04-11","Sick","8","Paid","Sales & Distribution","Sameer Islam"
"BLD-100313","2025-04-13","Unplanned","8","Unpaid","Sales & Distribution","Sameer Islam"
"BLD-100313","2023-02-19","Late","2","Paid","Sales & Distribution","Sameer Islam"
"BLD-100314","2024-02-02","Sick","8","Paid","Quality Assurance & Food Safety","Tariq El-Sayed"
"BLD-100314","2025-04-19","Sick","8","Paid","Quality Assurance & Food Safety","Tariq El-Sayed"
"BLD-100314","2024-06-29","Unplanned","8","Unpaid","Quality Assurance & Food Safety","Tariq El-Sayed"
"BLD-100314","2023-05-17","Sick","8","Paid","Quality Assurance & Food Safety","Tariq El-Sayed"
"BLD-100314","2023-10-31","Late","2","Unpaid","Quality Assurance & Food Safety","Tariq El-Sayed"
"BLD-100315","2023-02-05","Sick","8","Paid","People & Culture","Arjun Kapoor"
"BLD-100316","2023-02-20","Sick","8","Paid","Sales & Distribution","Rakesh Baig"
"BLD-100316","2025-09-23","Sick","8","Paid","Sales & Distribution","Rakesh Baig"
"BLD-100316","2023-11-14","Unplanned","8","Paid","Sales & Distribution","Rakesh Baig"
"BLD-100316","2024-01-17","Late","3","Paid","Sales & Distribution","Rakesh Baig"
"BLD-100316","2023-10-07","Unplanned","8","Paid","Sales & Distribution","Rakesh Baig"
"BLD-100316","2025-07-06","Sick","8","Paid","Sales & Distribution","Rakesh Baig"
"BLD-100316","2025-03-08","Other","8","Unpaid","Sales & Distribution","Rakesh Baig"
"BLD-100316","2024-04-28","Sick","8","Paid","Sales & Distribution","Rakesh Baig"
"BLD-100316","2023-02-27","Sick","8","Paid","Sales & Distribution","Rakesh Baig"
"BLD-100316","2025-01-12","Unplanned","8","Unpaid","Sales & Distribution","Rakesh Baig"
"BLD-100316","2025-11-10","Sick","8","Paid","Sales & Distribution","Rakesh Baig"
"BLD-100316","2024-04-13","Sick","8","Paid","Sales & Distribution","Rakesh Baig"
"BLD-100316","2025-08-15","Unplanned","8","Unpaid","Sales & Distribution","Rakesh Baig"
"BLD-100316","2023-08-09","Unplanned","8","Paid","Sales & Distribution","Rakesh Baig"
"BLD-100317","2023-11-19","Unplanned","8","Paid","Corporate & Executive Office","Noor Abdullah"
"BLD-100317","2025-08-31","Sick","8","Paid","Corporate & Executive Office","Noor Abdullah"
"BLD-100317","2025-08-18","Sick","8","Paid","Corporate & Executive Office","Noor Abdullah"
"BLD-100317","2025-11-26","Late","1","Paid","Corporate & Executive Office","Noor Abdullah"
"BLD-100317","2025-02-02","Sick","8","Paid","Corporate & Executive Office","Noor Abdullah"
"BLD-100317","2024-06-13","Unplanned","8","Unpaid","Corporate & Executive Office","Noor Abdullah"
"BLD-100317","2025-01-27","Late","2","Paid","Corporate & Executive Office","Noor Abdullah"
"BLD-100317","2025-05-16","Unplanned","8","Unpaid","Corporate & Executive Office","Noor Abdullah"
"BLD-100317","2023-05-26","Sick","8","Paid","Corporate & Executive Office","Noor Abdullah"
"BLD-100317","2025-06-03","Sick","8","Paid","Corporate & Executive Office","Noor Abdullah"
"BLD-100318","2023-03-30","Unplanned","8","Unpaid","Finance","Khalid Chowdhury"
"BLD-100318","2023-05-29","Sick","8","Paid","Finance","Khalid Chowdhury"
"BLD-100318","2023-02-20","Other","8","Paid","Finance","Khalid Chowdhury"
"BLD-100319","2024-04-25","Sick","8","Paid","Engineering & Maintenance","Suresh Devi"
"BLD-100319","2024-01-05","Unplanned","8","Unpaid","Engineering & Maintenance","Suresh Devi"
"BLD-100319","2023-12-07","Late","1","Paid","Engineering & Maintenance","Suresh Devi"
"BLD-100319","2025-02-23","Unplanned","8","Paid","Engineering & Maintenance","Suresh Devi"
"BLD-100319","2023-03-18","Sick","8","Paid","Engineering & Maintenance","Suresh Devi"
"BLD-100319","2023-05-11","Sick","8","Paid","Engineering & Maintenance","Suresh Devi"
"BLD-100319","2024-07-09","Sick","8","Paid","Engineering & Maintenance","Suresh Devi"
"BLD-100319","2023-02-18","Unplanned","8","Unpaid","Engineering & Maintenance","Suresh Devi"
"BLD-100320","2025-02-09","Sick","8","Paid","Corporate & Executive Office","Hari Al-Marri"
"BLD-100320","2025-09-10","Unplanned","8","Unpaid","Corporate & Executive Office","Hari Al-Marri"
"BLD-100320","2024-07-01","Sick","8","Paid","Corporate & Executive Office","Hari Al-Marri"
"BLD-100320","2025-09-22","Unplanned","8","Unpaid","Corporate & Executive Office","Hari Al-Marri"
"BLD-100320","2023-07-21","Sick","8","Paid","Corporate & Executive Office","Hari Al-Marri"
"BLD-100320","2025-12-22","Sick","8","Paid","Corporate & Executive Office","Hari Al-Marri"
"BLD-100320","2023-02-17","Sick","8","Paid","Corporate & Executive Office","Hari Al-Marri"
"BLD-100320","2024-05-20","Sick","8","Paid","Corporate & Executive Office","Hari Al-Marri"
"BLD-100320","2024-08-16","Unplanned","8","Unpaid","Corporate & Executive Office","Hari Al-Marri"
"BLD-100321","2023-02-05","Sick","8","Paid","Corporate & Executive Office","Santosh Islam"
"BLD-100321","2023-01-25","Sick","8","Paid","Corporate & Executive Office","Santosh Islam"
"BLD-100321","2023-05-27","Unplanned","8","Unpaid","Corporate & Executive Office","Santosh Islam"
"BLD-100321","2023-03-30","Unplanned","8","Unpaid","Corporate & Executive Office","Santosh Islam"
"BLD-100321","2023-06-21","Sick","8","Paid","Corporate & Executive Office","Santosh Islam"
"BLD-100322","2023-04-24","Other","8","Paid","Finance","Khalid Chowdhury"
"BLD-100322","2024-02-20","Late","2","Unpaid","Finance","Khalid Chowdhury"
"BLD-100322","2023-06-24","Other","8","Paid","Finance","Khalid Chowdhury"
"BLD-100322","2024-02-01","Sick","8","Paid","Finance","Khalid Chowdhury"
"BLD-100322","2024-04-19","Late","3","Unpaid","Finance","Khalid Chowdhury"
"BLD-100322","2025-02-27","Sick","8","Paid","Finance","Khalid Chowdhury"
"BLD-100322","2025-08-27","Late","1","Unpaid","Finance","Khalid Chowdhury"
"BLD-100322","2024-04-14","Sick","8","Paid","Finance","Khalid Chowdhury"
"BLD-100322","2025-07-25","Unplanned","8","Unpaid","Finance","Khalid Chowdhury"
"BLD-100323","2024-12-21","Sick","8","Paid","Finance","Deepak Cruz"
"BLD-100323","2023-07-14","Unplanned","8","Paid","Finance","Deepak Cruz"
"BLD-100323","2023-01-05","Unplanned","8","Paid","Finance","Deepak Cruz"
"BLD-100323","2024-12-05","Unplanned","8","Paid","Finance","Deepak Cruz"
"BLD-100323","2023-06-01","Sick","8","Paid","Finance","Deepak Cruz"
"BLD-100323","2024-11-16","Sick","8","Paid","Finance","Deepak Cruz"
"BLD-100323","2023-07-22","Unplanned","8","Paid","Finance","Deepak Cruz"
"BLD-100323","2024-10-07","Unplanned","8","Unpaid","Finance","Deepak Cruz"
"BLD-100323","2023-11-18","Unplanned","8","Paid","Finance","Deepak Cruz"
"BLD-100323","2024-10-15","Sick","8","Paid","Finance","Deepak Cruz"
"BLD-100324","2024-05-02","Sick","8","Paid","Production","Anil Mendoza"
"BLD-100324","2023-06-17","Sick","8","Paid","Production","Anil Mendoza"
"BLD-100324","2024-05-07","Sick","8","Paid","Production","Anil Mendoza"
"BLD-100324","2023-05-28","Unplanned","8","Paid","Production","Anil Mendoza"
"BLD-100324","2023-12-28","Late","3","Unpaid","Production","Anil Mendoza"
"BLD-100324","2023-09-24","Sick","8","Paid","Production","Anil Mendoza"
"BLD-100324","2023-07-26","Unplanned","8","Paid","Production","Anil Mendoza"
"BLD-100324","2023-01-23","Unplanned","8","Paid","Production","Anil Mendoza"
"BLD-100324","2023-05-10","Late","3","Unpaid","Production","Anil Mendoza"
"BLD-100325","2023-06-11","Late","3","Unpaid","People & Culture","Cherry Ibrahim"
"BLD-100325","2024-10-22","Sick","8","Paid","People & Culture","Cherry Ibrahim"
"BLD-100325","2025-04-22","Late","2","Unpaid","People & Culture","Cherry Ibrahim"
"BLD-100325","2025-11-04","Late","1","Unpaid","People & Culture","Cherry Ibrahim"
"BLD-100325","2024-09-07","Sick","8","Paid","People & Culture","Cherry Ibrahim"
"BLD-100325","2024-01-01","Sick","8","Paid","People & Culture","Cherry Ibrahim"
"BLD-100325","2025-08-04","Sick","8","Paid","People & Culture","Cherry Ibrahim"
"BLD-100325","2024-01-11","Unplanned","8","Paid","People & Culture","Cherry Ibrahim"
"BLD-100325","2023-05-29","Other","8","Unpaid","People & Culture","Cherry Ibrahim"
"BLD-100325","2023-02-12","Sick","8","Paid","People & Culture","Cherry Ibrahim"
"BLD-100325","2025-09-10","Sick","8","Paid","People & Culture","Cherry Ibrahim"
"BLD-100325","2025-05-28","Unplanned","8","Unpaid","People & Culture","Cherry Ibrahim"
"BLD-100325","2025-04-30","Late","2","Unpaid","People & Culture","Cherry Ibrahim"
"BLD-100325","2025-07-09","Other","8","Unpaid","People & Culture","Cherry Ibrahim"
"BLD-100325","2023-04-05","Sick","8","Paid","People & Culture","Cherry Ibrahim"
"BLD-100325","2025-01-11","Sick","8","Paid","People & Culture","Cherry Ibrahim"
"BLD-100326","2023-07-15","Sick","8","Paid","R&D","Manoj Santos"
"BLD-100326","2025-02-17","Unplanned","8","Paid","R&D","Manoj Santos"
"BLD-100326","2024-09-27","Late","1","Unpaid","R&D","Manoj Santos"
"BLD-100326","2024-04-26","Unplanned","8","Paid","R&D","Manoj Santos"
"BLD-100326","2023-09-26","Unplanned","8","Unpaid","R&D","Manoj Santos"
"BLD-100326","2025-08-06","Unplanned","8","Paid","R&D","Manoj Santos"
"BLD-100326","2024-10-10","Unplanned","8","Paid","R&D","Manoj Santos"
"BLD-100326","2024-05-15","Late","1","Unpaid","R&D","Manoj Santos"
"BLD-100326","2023-02-19","Sick","8","Paid","R&D","Manoj Santos"
"BLD-100326","2024-06-23","Late","2","Unpaid","R&D","Manoj Santos"
"BLD-100326","2023-07-06","Late","3","Unpaid","R&D","Manoj Santos"
"BLD-100326","2024-05-16","Sick","8","Paid","R&D","Manoj Santos"
"BLD-100326","2025-01-16","Other","8","Unpaid","R&D","Manoj Santos"
"BLD-100327","2023-07-14","Late","1","Unpaid","R&D","Sameer Sharma"
"BLD-100327","2023-06-10","Sick","8","Paid","R&D","Sameer Sharma"
"BLD-100327","2023-08-31","Late","3","Unpaid","R&D","Sameer Sharma"
"BLD-100327","2023-02-12","Unplanned","8","Unpaid","R&D","Sameer Sharma"
"BLD-100328","2023-09-13","Sick","8","Paid","Farm Operations","Anil Reyes"
"BLD-100328","2024-05-02","Sick","8","Paid","Farm Operations","Anil Reyes"
"BLD-100328","2024-03-28","Other","8","Unpaid","Farm Operations","Anil Reyes"
"BLD-100328","2023-08-06","Sick","8","Paid","Farm Operations","Anil Reyes"
"BLD-100328","2024-08-07","Sick","8","Paid","Farm Operations","Anil Reyes"
"BLD-100328","2025-05-25","Unplanned","8","Paid","Farm Operations","Anil Reyes"
"BLD-100328","2025-12-15","Sick","8","Paid","Farm Operations","Anil Reyes"
"BLD-100328","2024-07-22","Other","8","Paid","Farm Operations","Anil Reyes"
"BLD-100328","2025-12-08","Unplanned","8","Paid","Farm Operations","Anil Reyes"
"BLD-100328","2024-12-11","Sick","8","Paid","Farm Operations","Anil Reyes"
"BLD-100328","2024-09-24","Late","3","Paid","Farm Operations","Anil Reyes"
"BLD-100328","2025-10-26","Unplanned","8","Paid","Farm Operations","Anil Reyes"
"BLD-100328","2023-06-07","Sick","8","Paid","Farm Operations","Anil Reyes"
"BLD-100328","2024-01-07","Sick","8","Paid","Farm Operations","Anil Reyes"
"BLD-100328","2025-08-15","Sick","8","Paid","Farm Operations","Anil Reyes"
"BLD-100328","2025-12-21","Late","2","Unpaid","Farm Operations","Anil Reyes"
"BLD-100328","2023-03-26","Unplanned","8","Unpaid","Farm Operations","Anil Reyes"
"BLD-100328","2025-05-13","Sick","8","Paid","Farm Operations","Anil Reyes"
"BLD-100328","2023-08-07","Unplanned","8","Unpaid","Farm Operations","Anil Reyes"
"BLD-100328","2023-09-05","Sick","8","Paid","Farm Operations","Anil Reyes"
"BLD-100328","2025-02-05","Sick","8","Paid","Farm Operations","Anil Reyes"
"BLD-100328","2025-11-09","Unplanned","8","Unpaid","Farm Operations","Anil Reyes"
"BLD-100328","2025-07-09","Sick","8","Paid","Farm Operations","Anil Reyes"
"BLD-100328","2024-12-14","Late","1","Unpaid","Farm Operations","Anil Reyes"
"BLD-100328","2025-10-15","Late","1","Unpaid","Farm Operations","Anil Reyes"
"BLD-100329","2024-11-11","Sick","8","Paid","Production","Mohamed Al-Kuwari"
"BLD-100329","2024-11-15","Sick","8","Paid","Production","Mohamed Al-Kuwari"
"BLD-100329","2024-07-18","Unplanned","8","Unpaid","Production","Mohamed Al-Kuwari"
"BLD-100329","2024-05-21","Unplanned","8","Unpaid","Production","Mohamed Al-Kuwari"
"BLD-100329","2023-01-13","Late","3","Paid","Production","Mohamed Al-Kuwari"
"BLD-100329","2023-02-18","Unplanned","8","Paid","Production","Mohamed Al-Kuwari"
"BLD-100330","2023-06-08","Unplanned","8","Unpaid","Farm Operations","Prakash Kapoor"
"BLD-100330","2023-12-16","Sick","8","Paid","Farm Operations","Prakash Kapoor"
"BLD-100330","2023-04-07","Late","3","Unpaid","Farm Operations","Prakash Kapoor"
"BLD-100330","2023-02-05","Unplanned","8","Unpaid","Farm Operations","Prakash Kapoor"
"BLD-100330","2023-07-16","Unplanned","8","Unpaid","Farm Operations","Prakash Kapoor"
"BLD-100331","2025-08-28","Sick","8","Paid","Farm Operations","Anil Khan"
"BLD-100331","2024-03-19","Unplanned","8","Unpaid","Farm Operations","Anil Khan"
"BLD-100331","2025-01-06","Sick","8","Paid","Farm Operations","Anil Khan"
"BLD-100331","2023-06-25","Other","8","Unpaid","Farm Operations","Anil Khan"
"BLD-100331","2024-03-06","Unplanned","8","Unpaid","Farm Operations","Anil Khan"
"BLD-100331","2023-08-01","Late","1","Unpaid","Farm Operations","Anil Khan"
"BLD-100331","2023-09-21","Unplanned","8","Paid","Farm Operations","Anil Khan"
"BLD-100332","2024-09-18","Unplanned","8","Paid","Engineering & Maintenance","Prakash Gurung"
"BLD-100332","2024-08-09","Late","2","Paid","Engineering & Maintenance","Prakash Gurung"
"BLD-100332","2025-01-02","Unplanned","8","Unpaid","Engineering & Maintenance","Prakash Gurung"
"BLD-100332","2024-03-28","Unplanned","8","Unpaid","Engineering & Maintenance","Prakash Gurung"
"BLD-100332","2023-02-20","Late","1","Unpaid","Engineering & Maintenance","Prakash Gurung"
"BLD-100332","2023-06-14","Unplanned","8","Paid","Engineering & Maintenance","Prakash Gurung"
"BLD-100332","2024-07-22","Sick","8","Paid","Engineering & Maintenance","Prakash Gurung"
"BLD-100332","2025-10-27","Sick","8","Paid","Engineering & Maintenance","Prakash Gurung"
"BLD-100332","2023-08-11","Other","8","Paid","Engineering & Maintenance","Prakash Gurung"
"BLD-100332","2025-02-08","Sick","8","Paid","Engineering & Maintenance","Prakash Gurung"
"BLD-100332","2024-10-12","Sick","8","Paid","Engineering & Maintenance","Prakash Gurung"
"BLD-100332","2025-02-24","Sick","8","Paid","Engineering & Maintenance","Prakash Gurung"
"BLD-100332","2024-03-11","Unplanned","8","Unpaid","Engineering & Maintenance","Prakash Gurung"
"BLD-100333","2023-09-12","Sick","8","Paid","Procurement","Huda Al-Sayed"
"BLD-100333","2023-09-17","Late","1","Unpaid","Procurement","Huda Al-Sayed"
"BLD-100333","2024-09-21","Late","3","Unpaid","Procurement","Huda Al-Sayed"
"BLD-100333","2023-12-07","Sick","8","Paid","Procurement","Huda Al-Sayed"
"BLD-100333","2023-04-28","Sick","8","Paid","Procurement","Huda Al-Sayed"
"BLD-100333","2025-10-06","Sick","8","Paid","Procurement","Huda Al-Sayed"
"BLD-100333","2025-06-02","Sick","8","Paid","Procurement","Huda Al-Sayed"
"BLD-100333","2025-02-04","Late","2","Paid","Procurement","Huda Al-Sayed"
"BLD-100333","2024-12-19","Sick","8","Paid","Procurement","Huda Al-Sayed"
"BLD-100333","2024-11-02","Unplanned","8","Unpaid","Procurement","Huda Al-Sayed"
"BLD-100333","2025-10-09","Sick","8","Paid","Procurement","Huda Al-Sayed"
"BLD-100333","2025-12-16","Unplanned","8","Unpaid","Procurement","Huda Al-Sayed"
"BLD-100333","2025-10-11","Sick","8","Paid","Procurement","Huda Al-Sayed"
"BLD-100333","2025-09-02","Other","8","Unpaid","Procurement","Huda Al-Sayed"
"BLD-100333","2023-03-06","Sick","8","Paid","Procurement","Huda Al-Sayed"
"BLD-100333","2023-01-31","Sick","8","Paid","Procurement","Huda Al-Sayed"
"BLD-100333","2025-10-31","Sick","8","Paid","Procurement","Huda Al-Sayed"
"BLD-100333","2025-05-15","Sick","8","Paid","Procurement","Huda Al-Sayed"
"BLD-100333","2023-03-22","Sick","8","Paid","Procurement","Huda Al-Sayed"
"BLD-100334","2024-01-20","Sick","8","Paid","People & Culture","Sameer Iqbal"
"BLD-100334","2024-07-03","Late","1","Paid","People & Culture","Sameer Iqbal"
"BLD-100334","2024-02-11","Sick","8","Paid","People & Culture","Sameer Iqbal"
"BLD-100334","2024-06-21","Late","3","Unpaid","People & Culture","Sameer Iqbal"
"BLD-100334","2024-02-20","Late","3","Paid","People & Culture","Sameer Iqbal"
"BLD-100335","2025-04-26","Sick","8","Paid","IT & Digital","Manoj Abdullah"
"BLD-100335","2025-10-11","Unplanned","8","Unpaid","IT & Digital","Manoj Abdullah"
"BLD-100335","2024-04-24","Unplanned","8","Paid","IT & Digital","Manoj Abdullah"
"BLD-100335","2024-03-07","Sick","8","Paid","IT & Digital","Manoj Abdullah"
"BLD-100335","2023-06-08","Late","2","Paid","IT & Digital","Manoj Abdullah"
"BLD-100335","2025-03-16","Unplanned","8","Unpaid","IT & Digital","Manoj Abdullah"
"BLD-100335","2023-10-01","Unplanned","8","Paid","IT & Digital","Manoj Abdullah"
"BLD-100335","2024-05-10","Sick","8","Paid","IT & Digital","Manoj Abdullah"
"BLD-100335","2025-01-24","Unplanned","8","Paid","IT & Digital","Manoj Abdullah"
"BLD-100337","2023-05-10","Sick","8","Paid","Procurement","Bikram Al-Kuwari"
"BLD-100337","2023-12-12","Unplanned","8","Unpaid","Procurement","Bikram Al-Kuwari"
"BLD-100337","2025-01-02","Unplanned","8","Unpaid","Procurement","Bikram Al-Kuwari"
"BLD-100337","2023-04-15","Sick","8","Paid","Procurement","Bikram Al-Kuwari"
"BLD-100337","2023-03-30","Late","3","Paid","Procurement","Bikram Al-Kuwari"
"BLD-100337","2023-10-12","Sick","8","Paid","Procurement","Bikram Al-Kuwari"
"BLD-100337","2023-01-28","Sick","8","Paid","Procurement","Bikram Al-Kuwari"
"BLD-100337","2024-03-22","Late","2","Unpaid","Procurement","Bikram Al-Kuwari"
"BLD-100337","2024-10-15","Sick","8","Paid","Procurement","Bikram Al-Kuwari"
"BLD-100337","2023-09-26","Sick","8","Paid","Procurement","Bikram Al-Kuwari"
"BLD-100337","2023-01-27","Sick","8","Paid","Procurement","Bikram Al-Kuwari"
"BLD-100338","2024-08-19","Unplanned","8","Paid","Supply Chain & Logistics","Noor Al-Sayed"
"BLD-100338","2023-11-08","Late","3","Paid","Supply Chain & Logistics","Noor Al-Sayed"
"BLD-100338","2023-04-15","Unplanned","8","Paid","Supply Chain & Logistics","Noor Al-Sayed"
"BLD-100338","2024-03-14","Unplanned","8","Unpaid","Supply Chain & Logistics","Noor Al-Sayed"
"BLD-100338","2025-10-08","Late","2","Unpaid","Supply Chain & Logistics","Noor Al-Sayed"
"BLD-100338","2023-12-01","Sick","8","Paid","Supply Chain & Logistics","Noor Al-Sayed"
"BLD-100338","2024-11-18","Sick","8","Paid","Supply Chain & Logistics","Noor Al-Sayed"
"BLD-100338","2023-01-14","Late","1","Unpaid","Supply Chain & Logistics","Noor Al-Sayed"
"BLD-100338","2025-03-10","Sick","8","Paid","Supply Chain & Logistics","Noor Al-Sayed"
"BLD-100339","2025-06-04","Unplanned","8","Paid","Procurement","Priya Baig"
"BLD-100339","2024-03-30","Sick","8","Paid","Procurement","Priya Baig"
"BLD-100339","2025-09-08","Sick","8","Paid","Procurement","Priya Baig"
"BLD-100339","2025-02-08","Unplanned","8","Paid","Procurement","Priya Baig"
"BLD-100339","2025-09-14","Unplanned","8","Unpaid","Procurement","Priya Baig"
"BLD-100339","2025-08-06","Late","1","Paid","Procurement","Priya Baig"
"BLD-100339","2023-12-08","Sick","8","Paid","Procurement","Priya Baig"
"BLD-100339","2023-05-09","Unplanned","8","Paid","Procurement","Priya Baig"
"BLD-100339","2025-08-30","Unplanned","8","Unpaid","Procurement","Priya Baig"
"BLD-100339","2024-03-20","Unplanned","8","Unpaid","Procurement","Priya Baig"
"BLD-100339","2024-04-09","Sick","8","Paid","Procurement","Priya Baig"
"BLD-100339","2024-03-24","Unplanned","8","Unpaid","Procurement","Priya Baig"
"BLD-100339","2023-10-20","Sick","8","Paid","Procurement","Priya Baig"
"BLD-100339","2023-04-29","Sick","8","Paid","Procurement","Priya Baig"
"BLD-100339","2024-01-07","Other","8","Unpaid","Procurement","Priya Baig"
"BLD-100339","2024-02-27","Sick","8","Paid","Procurement","Priya Baig"
"BLD-100339","2024-10-03","Unplanned","8","Unpaid","Procurement","Priya Baig"
"BLD-100340","2024-09-12","Unplanned","8","Unpaid","Procurement","Sameer Reyes"
"BLD-100340","2025-01-23","Late","3","Paid","Procurement","Sameer Reyes"
"BLD-100340","2023-11-25","Late","3","Unpaid","Procurement","Sameer Reyes"
"BLD-100340","2025-11-09","Unplanned","8","Unpaid","Procurement","Sameer Reyes"
"BLD-100340","2025-01-21","Sick","8","Paid","Procurement","Sameer Reyes"
"BLD-100340","2023-11-25","Late","1","Unpaid","Procurement","Sameer Reyes"
"BLD-100340","2025-10-12","Sick","8","Paid","Procurement","Sameer Reyes"
"BLD-100340","2025-07-28","Sick","8","Paid","Procurement","Sameer Reyes"
"BLD-100340","2023-09-11","Late","1","Unpaid","Procurement","Sameer Reyes"
"BLD-100341","2023-08-18","Late","1","Unpaid","Farm Operations","Kumar Islam"
"BLD-100341","2025-07-26","Late","3","Unpaid","Farm Operations","Kumar Islam"
"BLD-100341","2024-03-13","Late","3","Paid","Farm Operations","Kumar Islam"
"BLD-100341","2025-02-23","Sick","8","Paid","Farm Operations","Kumar Islam"
"BLD-100341","2025-04-17","Sick","8","Paid","Farm Operations","Kumar Islam"
"BLD-100341","2024-05-26","Late","2","Paid","Farm Operations","Kumar Islam"
"BLD-100341","2023-05-20","Unplanned","8","Paid","Farm Operations","Kumar Islam"
"BLD-100342","2023-12-10","Other","8","Paid","Farm Operations","Prakash Kapoor"
"BLD-100342","2024-02-02","Other","8","Unpaid","Farm Operations","Prakash Kapoor"
"BLD-100342","2023-03-04","Unplanned","8","Unpaid","Farm Operations","Prakash Kapoor"
"BLD-100342","2023-01-28","Unplanned","8","Unpaid","Farm Operations","Prakash Kapoor"
"BLD-100342","2024-12-28","Late","1","Unpaid","Farm Operations","Prakash Kapoor"
"BLD-100342","2024-05-31","Sick","8","Paid","Farm Operations","Prakash Kapoor"
"BLD-100343","2023-06-19","Sick","8","Paid","Finance","Sunita Sharma"
"BLD-100343","2023-11-07","Late","2","Paid","Finance","Sunita Sharma"
"BLD-100343","2024-05-07","Late","1","Paid","Finance","Sunita Sharma"
"BLD-100343","2023-01-22","Late","3","Unpaid","Finance","Sunita Sharma"
"BLD-100343","2024-08-26","Late","2","Paid","Finance","Sunita Sharma"
"BLD-100343","2025-10-29","Late","1","Paid","Finance","Sunita Sharma"
"BLD-100344","2025-02-15","Late","3","Unpaid","People & Culture","Cherry Ibrahim"
"BLD-100344","2024-10-25","Sick","8","Paid","People & Culture","Cherry Ibrahim"
"BLD-100344","2023-06-07","Unplanned","8","Paid","People & Culture","Cherry Ibrahim"
"BLD-100344","2025-09-29","Sick","8","Paid","People & Culture","Cherry Ibrahim"
"BLD-100344","2025-07-26","Sick","8","Paid","People & Culture","Cherry Ibrahim"
"BLD-100344","2025-05-02","Unplanned","8","Unpaid","People & Culture","Cherry Ibrahim"
"BLD-100344","2024-01-10","Unplanned","8","Paid","People & Culture","Cherry Ibrahim"
"BLD-100344","2023-11-03","Late","2","Paid","People & Culture","Cherry Ibrahim"
"BLD-100344","2025-07-31","Unplanned","8","Unpaid","People & Culture","Cherry Ibrahim"
"BLD-100344","2023-11-20","Sick","8","Paid","People & Culture","Cherry Ibrahim"
"BLD-100344","2025-11-18","Unplanned","8","Unpaid","People & Culture","Cherry Ibrahim"
"BLD-100344","2023-09-10","Unplanned","8","Paid","People & Culture","Cherry Ibrahim"
"BLD-100344","2023-06-28","Unplanned","8","Paid","People & Culture","Cherry Ibrahim"
"BLD-100344","2025-03-17","Sick","8","Paid","People & Culture","Cherry Ibrahim"
"BLD-100344","2025-11-26","Sick","8","Paid","People & Culture","Cherry Ibrahim"
"BLD-100344","2023-02-27","Late","3","Unpaid","People & Culture","Cherry Ibrahim"
"BLD-100344","2025-11-08","Sick","8","Paid","People & Culture","Cherry Ibrahim"
"BLD-100344","2025-03-31","Unplanned","8","Paid","People & Culture","Cherry Ibrahim"
"BLD-100344","2025-09-27","Late","1","Unpaid","People & Culture","Cherry Ibrahim"
"BLD-100344","2024-11-25","Sick","8","Paid","People & Culture","Cherry Ibrahim"
"BLD-100344","2023-09-10","Late","3","Paid","People & Culture","Cherry Ibrahim"
"BLD-100344","2023-05-03","Sick","8","Paid","People & Culture","Cherry Ibrahim"
"BLD-100344","2024-09-18","Sick","8","Paid","People & Culture","Cherry Ibrahim"
"BLD-100344","2023-01-09","Other","8","Paid","People & Culture","Cherry Ibrahim"
"BLD-100345","2023-02-21","Sick","8","Paid","People & Culture","Sara Hassan"
"BLD-100345","2023-07-05","Unplanned","8","Unpaid","People & Culture","Sara Hassan"
"BLD-100345","2023-04-21","Late","1","Paid","People & Culture","Sara Hassan"
"BLD-100345","2023-04-13","Late","1","Paid","People & Culture","Sara Hassan"
"BLD-100345","2023-05-10","Sick","8","Paid","People & Culture","Sara Hassan"
"BLD-100345","2023-04-08","Late","3","Unpaid","People & Culture","Sara Hassan"
"BLD-100345","2023-04-17","Late","2","Unpaid","People & Culture","Sara Hassan"
"BLD-100345","2023-05-27","Late","2","Unpaid","People & Culture","Sara Hassan"
"BLD-100347","2024-03-14","Sick","8","Paid","People & Culture","Noor Al-Sayed"
"BLD-100347","2023-12-04","Sick","8","Paid","People & Culture","Noor Al-Sayed"
"BLD-100347","2024-08-08","Late","2","Paid","People & Culture","Noor Al-Sayed"
"BLD-100347","2024-02-01","Sick","8","Paid","People & Culture","Noor Al-Sayed"
"BLD-100349","2023-12-15","Unplanned","8","Unpaid","People & Culture","Reem Kapoor"
"BLD-100349","2025-04-27","Sick","8","Paid","People & Culture","Reem Kapoor"
"BLD-100349","2023-03-09","Unplanned","8","Paid","People & Culture","Reem Kapoor"
"BLD-100349","2024-03-25","Sick","8","Paid","People & Culture","Reem Kapoor"
"BLD-100349","2024-01-29","Unplanned","8","Unpaid","People & Culture","Reem Kapoor"
"BLD-100350","2025-04-27","Sick","8","Paid","R&D","Faisal Fernandes"
"BLD-100350","2025-01-14","Sick","8","Paid","R&D","Faisal Fernandes"
"BLD-100350","2023-05-20","Unplanned","8","Unpaid","R&D","Faisal Fernandes"
"BLD-100350","2025-01-08","Sick","8","Paid","R&D","Faisal Fernandes"
"BLD-100350","2023-03-01","Unplanned","8","Unpaid","R&D","Faisal Fernandes"
"BLD-100350","2023-11-26","Sick","8","Paid","R&D","Faisal Fernandes"
"BLD-100350","2024-08-11","Unplanned","8","Unpaid","R&D","Faisal Fernandes"
"BLD-100350","2023-06-04","Sick","8","Paid","R&D","Faisal Fernandes"
"BLD-100350","2024-05-30","Unplanned","8","Paid","R&D","Faisal Fernandes"
"BLD-100350","2024-12-04","Sick","8","Paid","R&D","Faisal Fernandes"
"BLD-100351","2023-02-24","Unplanned","8","Paid","Farm Operations","Deepak Reyes"
"BLD-100351","2023-03-20","Sick","8","Paid","Farm Operations","Deepak Reyes"
"BLD-100351","2024-06-08","Sick","8","Paid","Farm Operations","Deepak Reyes"
"BLD-100351","2023-01-13","Sick","8","Paid","Farm Operations","Deepak Reyes"
"BLD-100351","2024-08-11","Sick","8","Paid","Farm Operations","Deepak Reyes"
"BLD-100352","2023-02-19","Sick","8","Paid","People & Culture","Arjun Islam"
"BLD-100352","2023-03-19","Unplanned","8","Paid","People & Culture","Arjun Islam"
"BLD-100353","2024-12-22","Unplanned","8","Unpaid","Farm Operations","Santosh El-Sayed"
"BLD-100353","2024-06-22","Sick","8","Paid","Farm Operations","Santosh El-Sayed"
"BLD-100353","2024-02-20","Other","8","Unpaid","Farm Operations","Santosh El-Sayed"
"BLD-100353","2023-11-02","Sick","8","Paid","Farm Operations","Santosh El-Sayed"
"BLD-100353","2024-06-21","Unplanned","8","Unpaid","Farm Operations","Santosh El-Sayed"
"BLD-100353","2024-12-20","Unplanned","8","Unpaid","Farm Operations","Santosh El-Sayed"
"BLD-100353","2023-04-03","Sick","8","Paid","Farm Operations","Santosh El-Sayed"
"BLD-100353","2023-03-15","Other","8","Paid","Farm Operations","Santosh El-Sayed"
"BLD-100355","2023-09-08","Late","3","Unpaid","Farm Operations","Tariq Pereira"
"BLD-100355","2023-07-25","Unplanned","8","Unpaid","Farm Operations","Tariq Pereira"
"BLD-100355","2023-05-29","Late","2","Paid","Farm Operations","Tariq Pereira"
"BLD-100355","2023-09-27","Late","3","Paid","Farm Operations","Tariq Pereira"
"BLD-100355","2023-10-09","Late","3","Paid","Farm Operations","Tariq Pereira"
"BLD-100355","2024-07-08","Sick","8","Paid","Farm Operations","Tariq Pereira"
"BLD-100355","2025-01-06","Late","1","Unpaid","Farm Operations","Tariq Pereira"
"BLD-100355","2023-08-28","Sick","8","Paid","Farm Operations","Tariq Pereira"
"BLD-100355","2023-06-14","Sick","8","Paid","Farm Operations","Tariq Pereira"
"BLD-100355","2023-09-11","Sick","8","Paid","Farm Operations","Tariq Pereira"
"BLD-100355","2023-05-04","Unplanned","8","Paid","Farm Operations","Tariq Pereira"
"BLD-100355","2025-02-05","Unplanned","8","Unpaid","Farm Operations","Tariq Pereira"
"BLD-100355","2024-01-12","Sick","8","Paid","Farm Operations","Tariq Pereira"
"BLD-100355","2024-09-11","Sick","8","Paid","Farm Operations","Tariq Pereira"
"BLD-100355","2023-02-12","Sick","8","Paid","Farm Operations","Tariq Pereira"
"BLD-100355","2024-11-04","Sick","8","Paid","Farm Operations","Tariq Pereira"
"BLD-100355","2025-02-26","Late","1","Paid","Farm Operations","Tariq Pereira"
"BLD-100355","2025-02-23","Sick","8","Paid","Farm Operations","Tariq Pereira"
"BLD-100355","2024-02-10","Sick","8","Paid","Farm Operations","Tariq Pereira"
"BLD-100356","2023-03-17","Late","1","Unpaid","Sales & Distribution","Hari Chowdhury"
"BLD-100357","2024-06-24","Unplanned","8","Unpaid","Marketing","Anita Gurung"
"BLD-100357","2023-03-24","Unplanned","8","Paid","Marketing","Anita Gurung"
"BLD-100357","2023-10-28","Late","3","Paid","Marketing","Anita Gurung"
"BLD-100357","2024-12-01","Unplanned","8","Paid","Marketing","Anita Gurung"
"BLD-100357","2025-03-12","Unplanned","8","Unpaid","Marketing","Anita Gurung"
"BLD-100357","2025-03-05","Unplanned","8","Unpaid","Marketing","Anita Gurung"
"BLD-100357","2023-01-04","Unplanned","8","Unpaid","Marketing","Anita Gurung"
"BLD-100357","2025-05-03","Sick","8","Paid","Marketing","Anita Gurung"
"BLD-100357","2025-05-30","Late","3","Paid","Marketing","Anita Gurung"
"BLD-100358","2023-01-16","Sick","8","Paid","Finance","Jose Islam"
"BLD-100358","2023-04-22","Unplanned","8","Paid","Finance","Jose Islam"
"BLD-100358","2025-03-25","Late","2","Unpaid","Finance","Jose Islam"
"BLD-100358","2023-04-20","Sick","8","Paid","Finance","Jose Islam"
"BLD-100358","2024-09-11","Sick","8","Paid","Finance","Jose Islam"
"BLD-100359","2023-03-15","Sick","8","Paid","IT & Digital","Rina Malik"
"BLD-100359","2023-07-16","Late","1","Paid","IT & Digital","Rina Malik"
"BLD-100359","2025-08-07","Unplanned","8","Paid","IT & Digital","Rina Malik"
"BLD-100359","2024-09-17","Sick","8","Paid","IT & Digital","Rina Malik"
"BLD-100359","2025-11-16","Unplanned","8","Paid","IT & Digital","Rina Malik"
"BLD-100359","2023-09-15","Unplanned","8","Paid","IT & Digital","Rina Malik"
"BLD-100359","2024-11-06","Late","3","Unpaid","IT & Digital","Rina Malik"
"BLD-100359","2025-08-28","Sick","8","Paid","IT & Digital","Rina Malik"
"BLD-100359","2024-08-31","Unplanned","8","Unpaid","IT & Digital","Rina Malik"
"BLD-100359","2025-03-26","Unplanned","8","Unpaid","IT & Digital","Rina Malik"
"BLD-100359","2023-12-28","Sick","8","Paid","IT & Digital","Rina Malik"
"BLD-100359","2023-05-29","Sick","8","Paid","IT & Digital","Rina Malik"
"BLD-100359","2025-11-08","Sick","8","Paid","IT & Digital","Rina Malik"
"BLD-100359","2023-11-03","Sick","8","Paid","IT & Digital","Rina Malik"
"BLD-100359","2024-03-07","Unplanned","8","Paid","IT & Digital","Rina Malik"
"BLD-100359","2025-05-06","Late","1","Unpaid","IT & Digital","Rina Malik"
"BLD-100359","2025-09-23","Late","2","Unpaid","IT & Digital","Rina Malik"
"BLD-100359","2025-12-23","Other","8","Unpaid","IT & Digital","Rina Malik"
"BLD-100359","2024-01-22","Late","1","Unpaid","IT & Digital","Rina Malik"
"BLD-100359","2023-08-24","Late","3","Paid","IT & Digital","Rina Malik"
"BLD-100360","2023-10-20","Sick","8","Paid","Finance","Ravi Malik"
"BLD-100360","2024-01-19","Unplanned","8","Paid","Finance","Ravi Malik"
"BLD-100360","2023-08-20","Sick","8","Paid","Finance","Ravi Malik"
"BLD-100360","2023-08-18","Sick","8","Paid","Finance","Ravi Malik"
"BLD-100360","2023-08-18","Unplanned","8","Paid","Finance","Ravi Malik"
"BLD-100360","2023-09-19","Unplanned","8","Paid","Finance","Ravi Malik"
"BLD-100360","2023-06-09","Sick","8","Paid","Finance","Ravi Malik"
"BLD-100361","2023-05-31","Unplanned","8","Unpaid","Production","Mohamed Khan"
"BLD-100361","2023-09-01","Late","2","Unpaid","Production","Mohamed Khan"
"BLD-100361","2023-10-28","Sick","8","Paid","Production","Mohamed Khan"
"BLD-100361","2024-03-04","Sick","8","Paid","Production","Mohamed Khan"
"BLD-100361","2025-03-14","Unplanned","8","Paid","Production","Mohamed Khan"
"BLD-100361","2024-10-16","Late","1","Paid","Production","Mohamed Khan"
"BLD-100361","2025-11-14","Sick","8","Paid","Production","Mohamed Khan"
"BLD-100361","2024-09-06","Sick","8","Paid","Production","Mohamed Khan"
"BLD-100361","2023-08-23","Late","2","Paid","Production","Mohamed Khan"
"BLD-100361","2024-10-15","Unplanned","8","Paid","Production","Mohamed Khan"
"BLD-100361","2025-07-09","Sick","8","Paid","Production","Mohamed Khan"
"BLD-100361","2024-03-21","Unplanned","8","Unpaid","Production","Mohamed Khan"
"BLD-100361","2023-07-01","Sick","8","Paid","Production","Mohamed Khan"
"BLD-100361","2025-08-16","Late","2","Paid","Production","Mohamed Khan"
"BLD-100361","2023-01-25","Late","1","Paid","Production","Mohamed Khan"
"BLD-100361","2025-01-26","Unplanned","8","Unpaid","Production","Mohamed Khan"
"BLD-100361","2023-10-31","Unplanned","8","Paid","Production","Mohamed Khan"
"BLD-100361","2025-10-24","Unplanned","8","Paid","Production","Mohamed Khan"
"BLD-100362","2025-02-10","Sick","8","Paid","Sales & Distribution","Rakesh Baig"
"BLD-100362","2025-04-04","Sick","8","Paid","Sales & Distribution","Rakesh Baig"
"BLD-100362","2024-07-28","Sick","8","Paid","Sales & Distribution","Rakesh Baig"
"BLD-100362","2023-05-12","Sick","8","Paid","Sales & Distribution","Rakesh Baig"
"BLD-100362","2025-11-12","Sick","8","Paid","Sales & Distribution","Rakesh Baig"
"BLD-100363","2023-12-17","Sick","8","Paid","Production","Manoj Fernandes"
"BLD-100363","2023-10-20","Unplanned","8","Unpaid","Production","Manoj Fernandes"
"BLD-100363","2024-07-02","Sick","8","Paid","Production","Manoj Fernandes"
"BLD-100363","2025-11-29","Unplanned","8","Paid","Production","Manoj Fernandes"
"BLD-100363","2023-10-17","Late","3","Unpaid","Production","Manoj Fernandes"
"BLD-100363","2025-03-30","Unplanned","8","Paid","Production","Manoj Fernandes"
"BLD-100363","2023-03-22","Sick","8","Paid","Production","Manoj Fernandes"
"BLD-100363","2024-01-13","Unplanned","8","Unpaid","Production","Manoj Fernandes"
"BLD-100363","2025-03-03","Sick","8","Paid","Production","Manoj Fernandes"
"BLD-100364","2024-01-18","Sick","8","Paid","Sales & Distribution","Arjun Fernandes"
"BLD-100364","2023-08-24","Late","2","Paid","Sales & Distribution","Arjun Fernandes"
"BLD-100364","2023-02-25","Sick","8","Paid","Sales & Distribution","Arjun Fernandes"
"BLD-100364","2023-02-16","Late","3","Unpaid","Sales & Distribution","Arjun Fernandes"
"BLD-100364","2023-11-09","Sick","8","Paid","Sales & Distribution","Arjun Fernandes"
"BLD-100364","2023-12-26","Sick","8","Paid","Sales & Distribution","Arjun Fernandes"
"BLD-100364","2023-10-15","Sick","8","Paid","Sales & Distribution","Arjun Fernandes"
"BLD-100365","2024-01-30","Sick","8","Paid","People & Culture","Juan Santos"
"BLD-100365","2024-01-18","Sick","8","Paid","People & Culture","Juan Santos"
"BLD-100365","2023-06-18","Unplanned","8","Paid","People & Culture","Juan Santos"
"BLD-100365","2024-03-12","Sick","8","Paid","People & Culture","Juan Santos"
"BLD-100365","2024-08-03","Sick","8","Paid","People & Culture","Juan Santos"
"BLD-100365","2023-11-09","Late","3","Unpaid","People & Culture","Juan Santos"
"BLD-100365","2023-11-27","Sick","8","Paid","People & Culture","Juan Santos"
"BLD-100365","2024-08-18","Sick","8","Paid","People & Culture","Juan Santos"
"BLD-100366","2024-07-03","Unplanned","8","Paid","Production","Santosh Gurung"
"BLD-100366","2024-08-24","Sick","8","Paid","Production","Santosh Gurung"
"BLD-100366","2024-10-10","Sick","8","Paid","Production","Santosh Gurung"
"BLD-100366","2023-04-17","Sick","8","Paid","Production","Santosh Gurung"
"BLD-100366","2024-08-08","Sick","8","Paid","Production","Santosh Gurung"
"BLD-100366","2024-06-06","Sick","8","Paid","Production","Santosh Gurung"
"BLD-100366","2023-08-31","Late","1","Unpaid","Production","Santosh Gurung"
"BLD-100366","2024-07-09","Other","8","Unpaid","Production","Santosh Gurung"
"BLD-100366","2024-04-27","Sick","8","Paid","Production","Santosh Gurung"
"BLD-100366","2024-08-03","Unplanned","8","Paid","Production","Santosh Gurung"
"BLD-100368","2023-05-15","Late","3","Unpaid","People & Culture","Hind Mahmoud"
"BLD-100368","2023-02-26","Unplanned","8","Unpaid","People & Culture","Hind Mahmoud"
"BLD-100368","2023-08-31","Sick","8","Paid","People & Culture","Hind Mahmoud"
"BLD-100368","2023-06-11","Late","3","Unpaid","People & Culture","Hind Mahmoud"
"BLD-100368","2024-05-26","Unplanned","8","Unpaid","People & Culture","Hind Mahmoud"
"BLD-100368","2024-03-24","Late","3","Paid","People & Culture","Hind Mahmoud"
"BLD-100368","2023-01-15","Sick","8","Paid","People & Culture","Hind Mahmoud"
"BLD-100368","2023-11-19","Sick","8","Paid","People & Culture","Hind Mahmoud"
"BLD-100369","2025-10-02","Sick","8","Paid","Finance","Prakash Ibrahim"
"BLD-100369","2024-08-29","Unplanned","8","Paid","Finance","Prakash Ibrahim"
"BLD-100369","2025-09-14","Sick","8","Paid","Finance","Prakash Ibrahim"
"BLD-100369","2025-09-22","Sick","8","Paid","Finance","Prakash Ibrahim"
"BLD-100369","2023-05-02","Sick","8","Paid","Finance","Prakash Ibrahim"
"BLD-100369","2025-02-11","Sick","8","Paid","Finance","Prakash Ibrahim"
"BLD-100369","2024-10-27","Sick","8","Paid","Finance","Prakash Ibrahim"
"BLD-100369","2024-06-02","Sick","8","Paid","Finance","Prakash Ibrahim"
"BLD-100369","2023-10-18","Other","8","Paid","Finance","Prakash Ibrahim"
"BLD-100369","2024-06-02","Unplanned","8","Unpaid","Finance","Prakash Ibrahim"
"BLD-100369","2023-04-08","Late","1","Unpaid","Finance","Prakash Ibrahim"
"BLD-100369","2025-07-05","Unplanned","8","Unpaid","Finance","Prakash Ibrahim"
"BLD-100369","2023-07-31","Late","1","Unpaid","Finance","Prakash Ibrahim"
"BLD-100369","2024-08-29","Unplanned","8","Unpaid","Finance","Prakash Ibrahim"
"BLD-100369","2025-10-01","Sick","8","Paid","Finance","Prakash Ibrahim"
"BLD-100369","2024-02-10","Sick","8","Paid","Finance","Prakash Ibrahim"
"BLD-100369","2024-10-23","Unplanned","8","Unpaid","Finance","Prakash Ibrahim"
"BLD-100369","2023-06-04","Sick","8","Paid","Finance","Prakash Ibrahim"
"BLD-100369","2024-01-16","Sick","8","Paid","Finance","Prakash Ibrahim"
"BLD-100369","2025-01-13","Unplanned","8","Unpaid","Finance","Prakash Ibrahim"
"BLD-100369","2024-12-28","Sick","8","Paid","Finance","Prakash Ibrahim"
"BLD-100369","2024-01-19","Unplanned","8","Paid","Finance","Prakash Ibrahim"
"BLD-100370","2025-06-16","Sick","8","Paid","Finance","Noor Sharma"
"BLD-100370","2024-08-23","Late","1","Unpaid","Finance","Noor Sharma"
"BLD-100370","2025-03-21","Unplanned","8","Unpaid","Finance","Noor Sharma"
"BLD-100370","2024-04-10","Sick","8","Paid","Finance","Noor Sharma"
"BLD-100370","2025-11-07","Sick","8","Paid","Finance","Noor Sharma"
"BLD-100371","2023-04-30","Late","3","Unpaid","Finance","Rajesh Malik"
"BLD-100371","2023-07-25","Sick","8","Paid","Finance","Rajesh Malik"
"BLD-100371","2024-02-02","Unplanned","8","Unpaid","Finance","Rajesh Malik"
"BLD-100371","2023-09-26","Late","1","Unpaid","Finance","Rajesh Malik"
"BLD-100371","2023-03-25","Unplanned","8","Unpaid","Finance","Rajesh Malik"
"BLD-100371","2023-11-20","Other","8","Unpaid","Finance","Rajesh Malik"
"BLD-100371","2023-11-25","Sick","8","Paid","Finance","Rajesh Malik"
"BLD-100371","2023-03-19","Other","8","Paid","Finance","Rajesh Malik"
"BLD-100371","2024-04-08","Unplanned","8","Paid","Finance","Rajesh Malik"
"BLD-100371","2023-04-24","Sick","8","Paid","Finance","Rajesh Malik"
"BLD-100371","2023-12-17","Unplanned","8","Unpaid","Finance","Rajesh Malik"
"BLD-100371","2023-03-07","Sick","8","Paid","Finance","Rajesh Malik"
"BLD-100372","2023-11-17","Unplanned","8","Paid","Finance","Suresh Mahmoud"
"BLD-100372","2023-05-28","Sick","8","Paid","Finance","Suresh Mahmoud"
"BLD-100372","2023-09-04","Sick","8","Paid","Finance","Suresh Mahmoud"
"BLD-100372","2023-03-10","Sick","8","Paid","Finance","Suresh Mahmoud"
"BLD-100372","2023-07-08","Unplanned","8","Unpaid","Finance","Suresh Mahmoud"
"BLD-100372","2024-02-03","Late","2","Unpaid","Finance","Suresh Mahmoud"
"BLD-100372","2023-03-30","Sick","8","Paid","Finance","Suresh Mahmoud"
"BLD-100372","2023-02-28","Sick","8","Paid","Finance","Suresh Mahmoud"
"BLD-100372","2023-01-26","Late","1","Unpaid","Finance","Suresh Mahmoud"
"BLD-100373","2023-08-22","Unplanned","8","Paid","Supply Chain & Logistics","Rajesh Ibrahim"
"BLD-100373","2024-03-11","Sick","8","Paid","Supply Chain & Logistics","Rajesh Ibrahim"
"BLD-100373","2025-03-01","Sick","8","Paid","Supply Chain & Logistics","Rajesh Ibrahim"
"BLD-100373","2023-11-29","Unplanned","8","Paid","Supply Chain & Logistics","Rajesh Ibrahim"
"BLD-100373","2023-10-17","Late","1","Unpaid","Supply Chain & Logistics","Rajesh Ibrahim"
"BLD-100373","2023-05-04","Unplanned","8","Unpaid","Supply Chain & Logistics","Rajesh Ibrahim"
"BLD-100373","2024-06-18","Sick","8","Paid","Supply Chain & Logistics","Rajesh Ibrahim"
"BLD-100373","2024-05-12","Sick","8","Paid","Supply Chain & Logistics","Rajesh Ibrahim"
"BLD-100373","2024-04-13","Sick","8","Paid","Supply Chain & Logistics","Rajesh Ibrahim"
"BLD-100373","2025-03-20","Late","3","Unpaid","Supply Chain & Logistics","Rajesh Ibrahim"
"BLD-100373","2024-06-11","Unplanned","8","Unpaid","Supply Chain & Logistics","Rajesh Ibrahim"
"BLD-100373","2025-03-28","Unplanned","8","Unpaid","Supply Chain & Logistics","Rajesh Ibrahim"
"BLD-100373","2023-05-09","Unplanned","8","Paid","Supply Chain & Logistics","Rajesh Ibrahim"
"BLD-100373","2023-11-17","Unplanned","8","Paid","Supply Chain & Logistics","Rajesh Ibrahim"
"BLD-100373","2024-03-08","Sick","8","Paid","Supply Chain & Logistics","Rajesh Ibrahim"
"BLD-100373","2024-09-11","Sick","8","Paid","Supply Chain & Logistics","Rajesh Ibrahim"
"BLD-100373","2025-03-20","Sick","8","Paid","Supply Chain & Logistics","Rajesh Ibrahim"
"BLD-100374","2023-11-25","Sick","8","Paid","Engineering & Maintenance","Anil Mahmoud"
"BLD-100374","2023-03-15","Unplanned","8","Unpaid","Engineering & Maintenance","Anil Mahmoud"
"BLD-100374","2023-01-05","Other","8","Unpaid","Engineering & Maintenance","Anil Mahmoud"
"BLD-100374","2024-04-20","Other","8","Paid","Engineering & Maintenance","Anil Mahmoud"
"BLD-100374","2023-04-17","Sick","8","Paid","Engineering & Maintenance","Anil Mahmoud"
"BLD-100374","2023-01-04","Sick","8","Paid","Engineering & Maintenance","Anil Mahmoud"
"BLD-100374","2024-03-28","Late","3","Unpaid","Engineering & Maintenance","Anil Mahmoud"
"BLD-100374","2024-10-18","Late","1","Paid","Engineering & Maintenance","Anil Mahmoud"
"BLD-100374","2023-09-14","Late","3","Unpaid","Engineering & Maintenance","Anil Mahmoud"
"BLD-100374","2024-01-28","Sick","8","Paid","Engineering & Maintenance","Anil Mahmoud"
"BLD-100374","2023-06-10","Sick","8","Paid","Engineering & Maintenance","Anil Mahmoud"
"BLD-100375","2023-12-01","Sick","8","Paid","Marketing","Yousef Al-Attiyah"
"BLD-100375","2023-07-26","Unplanned","8","Paid","Marketing","Yousef Al-Attiyah"
"BLD-100375","2024-10-12","Unplanned","8","Unpaid","Marketing","Yousef Al-Attiyah"
"BLD-100375","2023-09-09","Sick","8","Paid","Marketing","Yousef Al-Attiyah"
"BLD-100375","2023-09-22","Unplanned","8","Unpaid","Marketing","Yousef Al-Attiyah"
"BLD-100375","2023-12-18","Sick","8","Paid","Marketing","Yousef Al-Attiyah"
"BLD-100376","2024-02-17","Late","2","Unpaid","IT & Digital","Lubna Mansour"
"BLD-100376","2024-03-29","Sick","8","Paid","IT & Digital","Lubna Mansour"
"BLD-100376","2023-12-29","Late","3","Unpaid","IT & Digital","Lubna Mansour"
"BLD-100376","2023-12-19","Sick","8","Paid","IT & Digital","Lubna Mansour"
"BLD-100376","2023-10-28","Late","1","Paid","IT & Digital","Lubna Mansour"
"BLD-100376","2023-01-24","Late","2","Unpaid","IT & Digital","Lubna Mansour"
"BLD-100376","2024-04-19","Unplanned","8","Paid","IT & Digital","Lubna Mansour"
"BLD-100376","2023-04-08","Sick","8","Paid","IT & Digital","Lubna Mansour"
"BLD-100376","2023-09-01","Late","1","Unpaid","IT & Digital","Lubna Mansour"
"BLD-100376","2023-10-08","Sick","8","Paid","IT & Digital","Lubna Mansour"
"BLD-100377","2025-05-29","Sick","8","Paid","Sales & Distribution","Nadia Baig"
"BLD-100377","2025-02-09","Sick","8","Paid","Sales & Distribution","Nadia Baig"
"BLD-100377","2024-08-05","Sick","8","Paid","Sales & Distribution","Nadia Baig"
"BLD-100377","2024-03-05","Late","1","Paid","Sales & Distribution","Nadia Baig"
"BLD-100377","2024-12-15","Late","3","Paid","Sales & Distribution","Nadia Baig"
"BLD-100377","2024-02-08","Unplanned","8","Paid","Sales & Distribution","Nadia Baig"
"BLD-100377","2025-05-07","Late","2","Unpaid","Sales & Distribution","Nadia Baig"
"BLD-100377","2024-09-05","Unplanned","8","Paid","Sales & Distribution","Nadia Baig"
"BLD-100377","2024-01-11","Unplanned","8","Paid","Sales & Distribution","Nadia Baig"
"BLD-100377","2025-09-26","Sick","8","Paid","Sales & Distribution","Nadia Baig"
"BLD-100377","2024-09-18","Late","2","Paid","Sales & Distribution","Nadia Baig"
"BLD-100377","2025-08-30","Late","1","Unpaid","Sales & Distribution","Nadia Baig"
"BLD-100377","2023-04-15","Sick","8","Paid","Sales & Distribution","Nadia Baig"
"BLD-100377","2024-04-21","Unplanned","8","Unpaid","Sales & Distribution","Nadia Baig"
"BLD-100377","2023-05-29","Unplanned","8","Unpaid","Sales & Distribution","Nadia Baig"
"BLD-100378","2025-03-10","Unplanned","8","Paid","Supply Chain & Logistics","Ahmed Abdullah"
"BLD-100378","2024-07-03","Sick","8","Paid","Supply Chain & Logistics","Ahmed Abdullah"
"BLD-100378","2023-01-22","Unplanned","8","Unpaid","Supply Chain & Logistics","Ahmed Abdullah"
"BLD-100378","2024-07-14","Sick","8","Paid","Supply Chain & Logistics","Ahmed Abdullah"
"BLD-100378","2025-01-04","Unplanned","8","Paid","Supply Chain & Logistics","Ahmed Abdullah"
"BLD-100378","2024-05-16","Sick","8","Paid","Supply Chain & Logistics","Ahmed Abdullah"
"BLD-100380","2023-03-12","Unplanned","8","Paid","Marketing","Anil Kapoor"
"BLD-100380","2025-05-01","Unplanned","8","Unpaid","Marketing","Anil Kapoor"
"BLD-100380","2023-07-05","Other","8","Unpaid","Marketing","Anil Kapoor"
"BLD-100380","2023-12-07","Unplanned","8","Paid","Marketing","Anil Kapoor"
"BLD-100380","2025-03-21","Sick","8","Paid","Marketing","Anil Kapoor"
"BLD-100380","2023-11-03","Unplanned","8","Unpaid","Marketing","Anil Kapoor"
"BLD-100380","2023-02-03","Sick","8","Paid","Marketing","Anil Kapoor"
"BLD-100381","2023-03-19","Unplanned","8","Unpaid","People & Culture","Yasmin Cruz"
"BLD-100381","2023-02-24","Sick","8","Paid","People & Culture","Yasmin Cruz"
"BLD-100381","2023-02-27","Other","8","Paid","People & Culture","Yasmin Cruz"
"BLD-100381","2023-01-15","Sick","8","Paid","People & Culture","Yasmin Cruz"
"BLD-100381","2023-02-03","Unplanned","8","Unpaid","People & Culture","Yasmin Cruz"
"BLD-100382","2023-02-10","Unplanned","8","Unpaid","R&D","Arjun Santos"
"BLD-100382","2024-06-08","Late","1","Paid","R&D","Arjun Santos"
"BLD-100382","2023-09-20","Unplanned","8","Unpaid","R&D","Arjun Santos"
"BLD-100382","2023-10-03","Sick","8","Paid","R&D","Arjun Santos"
"BLD-100382","2024-08-28","Unplanned","8","Unpaid","R&D","Arjun Santos"
"BLD-100382","2024-01-14","Late","2","Unpaid","R&D","Arjun Santos"
"BLD-100382","2025-11-13","Unplanned","8","Unpaid","R&D","Arjun Santos"
"BLD-100382","2025-01-02","Unplanned","8","Unpaid","R&D","Arjun Santos"
"BLD-100382","2025-04-27","Unplanned","8","Unpaid","R&D","Arjun Santos"
"BLD-100382","2025-02-16","Sick","8","Paid","R&D","Arjun Santos"
"BLD-100382","2024-02-28","Unplanned","8","Paid","R&D","Arjun Santos"
"BLD-100382","2025-02-08","Sick","8","Paid","R&D","Arjun Santos"
"BLD-100382","2023-02-27","Other","8","Unpaid","R&D","Arjun Santos"
"BLD-100382","2023-09-28","Unplanned","8","Unpaid","R&D","Arjun Santos"
"BLD-100382","2024-04-30","Unplanned","8","Unpaid","R&D","Arjun Santos"
"BLD-100382","2025-03-18","Sick","8","Paid","R&D","Arjun Santos"
"BLD-100383","2023-09-23","Unplanned","8","Unpaid","People & Culture","Sunita Youssef"
"BLD-100383","2024-04-27","Unplanned","8","Paid","People & Culture","Sunita Youssef"
"BLD-100383","2025-04-14","Unplanned","8","Unpaid","People & Culture","Sunita Youssef"
"BLD-100383","2024-10-04","Unplanned","8","Paid","People & Culture","Sunita Youssef"
"BLD-100383","2024-08-10","Unplanned","8","Paid","People & Culture","Sunita Youssef"
"BLD-100384","2024-02-25","Late","2","Unpaid","Quality Assurance & Food Safety","Sanjay Devi"
"BLD-100384","2024-01-07","Sick","8","Paid","Quality Assurance & Food Safety","Sanjay Devi"
"BLD-100384","2023-11-26","Sick","8","Paid","Quality Assurance & Food Safety","Sanjay Devi"
"BLD-100384","2023-04-24","Unplanned","8","Unpaid","Quality Assurance & Food Safety","Sanjay Devi"
"BLD-100384","2023-08-03","Sick","8","Paid","Quality Assurance & Food Safety","Sanjay Devi"
"BLD-100384","2024-05-03","Sick","8","Paid","Quality Assurance & Food Safety","Sanjay Devi"
"BLD-100384","2023-04-14","Other","8","Paid","Quality Assurance & Food Safety","Sanjay Devi"
"BLD-100384","2023-03-29","Sick","8","Paid","Quality Assurance & Food Safety","Sanjay Devi"
"BLD-100384","2024-04-07","Unplanned","8","Paid","Quality Assurance & Food Safety","Sanjay Devi"
"BLD-100384","2023-12-12","Unplanned","8","Paid","Quality Assurance & Food Safety","Sanjay Devi"
"BLD-100384","2023-03-29","Sick","8","Paid","Quality Assurance & Food Safety","Sanjay Devi"
"BLD-100385","2023-01-08","Unplanned","8","Unpaid","People & Culture","Waleed Mendoza"
"BLD-100385","2023-08-01","Other","8","Unpaid","People & Culture","Waleed Mendoza"
"BLD-100385","2023-05-19","Unplanned","8","Paid","People & Culture","Waleed Mendoza"
"BLD-100385","2024-01-12","Unplanned","8","Unpaid","People & Culture","Waleed Mendoza"
"BLD-100386","2024-12-05","Sick","8","Paid","Finance","Krishna Kapoor"
"BLD-100386","2025-04-21","Sick","8","Paid","Finance","Krishna Kapoor"
"BLD-100386","2025-12-06","Unplanned","8","Unpaid","Finance","Krishna Kapoor"
"BLD-100386","2024-09-29","Sick","8","Paid","Finance","Krishna Kapoor"
"BLD-100386","2024-11-22","Unplanned","8","Unpaid","Finance","Krishna Kapoor"
"BLD-100386","2024-05-13","Sick","8","Paid","Finance","Krishna Kapoor"
"BLD-100386","2024-09-17","Unplanned","8","Paid","Finance","Krishna Kapoor"
"BLD-100387","2023-04-20","Sick","8","Paid","People & Culture","Hind Youssef"
"BLD-100387","2023-04-16","Late","3","Paid","People & Culture","Hind Youssef"
"BLD-100387","2023-08-06","Unplanned","8","Paid","People & Culture","Hind Youssef"
"BLD-100387","2023-11-19","Unplanned","8","Paid","People & Culture","Hind Youssef"
"BLD-100387","2023-07-19","Late","1","Unpaid","People & Culture","Hind Youssef"
"BLD-100387","2023-04-02","Unplanned","8","Unpaid","People & Culture","Hind Youssef"
"BLD-100387","2023-04-15","Late","2","Paid","People & Culture","Hind Youssef"
"BLD-100388","2023-11-17","Unplanned","8","Unpaid","People & Culture","Reem Kapoor"
"BLD-100388","2025-01-09","Sick","8","Paid","People & Culture","Reem Kapoor"
"BLD-100388","2025-11-15","Sick","8","Paid","People & Culture","Reem Kapoor"
"BLD-100388","2025-10-04","Unplanned","8","Paid","People & Culture","Reem Kapoor"
"BLD-100388","2024-12-11","Sick","8","Paid","People & Culture","Reem Kapoor"
"BLD-100388","2023-06-10","Sick","8","Paid","People & Culture","Reem Kapoor"
"BLD-100388","2023-11-08","Unplanned","8","Unpaid","People & Culture","Reem Kapoor"
"BLD-100388","2024-12-01","Unplanned","8","Paid","People & Culture","Reem Kapoor"
"BLD-100388","2024-08-08","Unplanned","8","Unpaid","People & Culture","Reem Kapoor"
"BLD-100389","2023-01-07","Late","1","Unpaid","IT & Digital","Arjun Mendoza"
"BLD-100390","2023-03-24","Sick","8","Paid","Supply Chain & Logistics","Rina Hassan"
"BLD-100390","2023-10-15","Sick","8","Paid","Supply Chain & Logistics","Rina Hassan"
"BLD-100390","2025-02-26","Unplanned","8","Paid","Supply Chain & Logistics","Rina Hassan"
"BLD-100390","2023-06-23","Sick","8","Paid","Supply Chain & Logistics","Rina Hassan"
"BLD-100390","2025-01-17","Sick","8","Paid","Supply Chain & Logistics","Rina Hassan"
"BLD-100390","2023-09-10","Sick","8","Paid","Supply Chain & Logistics","Rina Hassan"
"BLD-100390","2025-02-20","Sick","8","Paid","Supply Chain & Logistics","Rina Hassan"
"BLD-100390","2024-07-18","Late","3","Unpaid","Supply Chain & Logistics","Rina Hassan"
"BLD-100390","2023-01-14","Unplanned","8","Unpaid","Supply Chain & Logistics","Rina Hassan"
"BLD-100390","2023-12-24","Sick","8","Paid","Supply Chain & Logistics","Rina Hassan"
"BLD-100390","2025-04-04","Sick","8","Paid","Supply Chain & Logistics","Rina Hassan"
"BLD-100391","2025-03-04","Unplanned","8","Paid","Corporate & Executive Office","Rania Kapoor"
"BLD-100391","2025-06-26","Late","1","Unpaid","Corporate & Executive Office","Rania Kapoor"
"BLD-100391","2023-06-19","Other","8","Paid","Corporate & Executive Office","Rania Kapoor"
"BLD-100391","2024-08-01","Late","1","Unpaid","Corporate & Executive Office","Rania Kapoor"
"BLD-100391","2025-01-31","Sick","8","Paid","Corporate & Executive Office","Rania Kapoor"
"BLD-100391","2023-11-12","Sick","8","Paid","Corporate & Executive Office","Rania Kapoor"
"BLD-100391","2023-02-26","Sick","8","Paid","Corporate & Executive Office","Rania Kapoor"
"BLD-100391","2025-01-29","Unplanned","8","Unpaid","Corporate & Executive Office","Rania Kapoor"
"BLD-100391","2023-03-19","Sick","8","Paid","Corporate & Executive Office","Rania Kapoor"
"BLD-100392","2023-01-17","Late","2","Unpaid","Marketing","Layla Chowdhury"
"BLD-100392","2025-12-12","Other","8","Paid","Marketing","Layla Chowdhury"
"BLD-100392","2025-05-14","Sick","8","Paid","Marketing","Layla Chowdhury"
"BLD-100392","2023-12-29","Sick","8","Paid","Marketing","Layla Chowdhury"
"BLD-100392","2024-12-07","Unplanned","8","Unpaid","Marketing","Layla Chowdhury"
"BLD-100392","2024-11-26","Sick","8","Paid","Marketing","Layla Chowdhury"
"BLD-100392","2024-10-31","Unplanned","8","Paid","Marketing","Layla Chowdhury"
"BLD-100392","2025-08-22","Sick","8","Paid","Marketing","Layla Chowdhury"
"BLD-100392","2025-09-07","Late","3","Unpaid","Marketing","Layla Chowdhury"
"BLD-100392","2024-06-29","Unplanned","8","Paid","Marketing","Layla Chowdhury"
"BLD-100392","2023-03-03","Late","2","Unpaid","Marketing","Layla Chowdhury"
"BLD-100392","2023-11-26","Unplanned","8","Unpaid","Marketing","Layla Chowdhury"
"BLD-100392","2023-06-28","Late","1","Paid","Marketing","Layla Chowdhury"
"BLD-100392","2024-04-11","Late","2","Paid","Marketing","Layla Chowdhury"
"BLD-100392","2024-03-09","Late","2","Unpaid","Marketing","Layla Chowdhury"
"BLD-100392","2023-10-17","Sick","8","Paid","Marketing","Layla Chowdhury"
"BLD-100392","2025-07-28","Other","8","Unpaid","Marketing","Layla Chowdhury"
"BLD-100392","2025-03-22","Late","3","Paid","Marketing","Layla Chowdhury"
"BLD-100392","2025-08-12","Other","8","Unpaid","Marketing","Layla Chowdhury"
"BLD-100393","2024-03-11","Sick","8","Paid","Supply Chain & Logistics","Anil Fernandes"
"BLD-100393","2024-03-22","Sick","8","Paid","Supply Chain & Logistics","Anil Fernandes"
"BLD-100393","2024-02-26","Late","1","Unpaid","Supply Chain & Logistics","Anil Fernandes"
"BLD-100393","2023-08-20","Sick","8","Paid","Supply Chain & Logistics","Anil Fernandes"
"BLD-100393","2023-02-14","Sick","8","Paid","Supply Chain & Logistics","Anil Fernandes"
"BLD-100393","2023-01-24","Unplanned","8","Paid","Supply Chain & Logistics","Anil Fernandes"
"BLD-100393","2023-03-28","Unplanned","8","Paid","Supply Chain & Logistics","Anil Fernandes"
"BLD-100393","2024-01-31","Sick","8","Paid","Supply Chain & Logistics","Anil Fernandes"
"BLD-100394","2024-05-24","Other","8","Paid","Production","Prakash Mendoza"
"BLD-100394","2024-07-02","Sick","8","Paid","Production","Prakash Mendoza"
"BLD-100394","2023-12-03","Late","2","Unpaid","Production","Prakash Mendoza"
"BLD-100395","2025-10-09","Unplanned","8","Paid","Sales & Distribution","Mohamed Rai"
"BLD-100395","2024-11-30","Late","1","Paid","Sales & Distribution","Mohamed Rai"
"BLD-100395","2023-03-08","Other","8","Unpaid","Sales & Distribution","Mohamed Rai"
"BLD-100395","2025-03-11","Sick","8","Paid","Sales & Distribution","Mohamed Rai"
"BLD-100395","2023-12-04","Late","2","Paid","Sales & Distribution","Mohamed Rai"
"BLD-100396","2023-01-31","Other","8","Paid","People & Culture","Bishnu Kapoor"
"BLD-100396","2023-03-04","Sick","8","Paid","People & Culture","Bishnu Kapoor"
"BLD-100396","2023-04-16","Sick","8","Paid","People & Culture","Bishnu Kapoor"
"BLD-100397","2023-08-03","Unplanned","8","Paid","Procurement","Sunita Baig"
"BLD-100397","2023-02-15","Unplanned","8","Unpaid","Procurement","Sunita Baig"
"BLD-100398","2024-09-23","Unplanned","8","Unpaid","Corporate & Executive Office","Pooja Chowdhury"
"BLD-100398","2025-12-09","Unplanned","8","Paid","Corporate & Executive Office","Pooja Chowdhury"
"BLD-100398","2025-04-01","Sick","8","Paid","Corporate & Executive Office","Pooja Chowdhury"
"BLD-100398","2024-07-09","Sick","8","Paid","Corporate & Executive Office","Pooja Chowdhury"
"BLD-100398","2025-08-25","Unplanned","8","Paid","Corporate & Executive Office","Pooja Chowdhury"
"BLD-100398","2025-10-22","Unplanned","8","Paid","Corporate & Executive Office","Pooja Chowdhury"
"BLD-100398","2024-05-11","Unplanned","8","Unpaid","Corporate & Executive Office","Pooja Chowdhury"
"BLD-100398","2024-03-15","Sick","8","Paid","Corporate & Executive Office","Pooja Chowdhury"
"BLD-100399","2023-04-04","Sick","8","Paid","Supply Chain & Logistics","Ahmed Iqbal"
"BLD-100399","2024-03-26","Unplanned","8","Unpaid","Supply Chain & Logistics","Ahmed Iqbal"
"BLD-100399","2023-05-10","Late","2","Unpaid","Supply Chain & Logistics","Ahmed Iqbal"
"BLD-100399","2023-07-18","Unplanned","8","Paid","Supply Chain & Logistics","Ahmed Iqbal"
"BLD-100399","2023-05-09","Unplanned","8","Paid","Supply Chain & Logistics","Ahmed Iqbal"
"BLD-100399","2024-07-20","Sick","8","Paid","Supply Chain & Logistics","Ahmed Iqbal"
"BLD-100399","2024-03-01","Late","1","Paid","Supply Chain & Logistics","Ahmed Iqbal"
"BLD-100399","2025-07-02","Sick","8","Paid","Supply Chain & Logistics","Ahmed Iqbal"
"BLD-100399","2023-05-13","Sick","8","Paid","Supply Chain & Logistics","Ahmed Iqbal"
"BLD-100399","2024-08-21","Unplanned","8","Paid","Supply Chain & Logistics","Ahmed Iqbal"
"BLD-100399","2023-07-29","Sick","8","Paid","Supply Chain & Logistics","Ahmed Iqbal"
"BLD-100399","2025-10-31","Sick","8","Paid","Supply Chain & Logistics","Ahmed Iqbal"
"BLD-100399","2023-03-05","Sick","8","Paid","Supply Chain & Logistics","Ahmed Iqbal"
"BLD-100399","2024-08-15","Unplanned","8","Unpaid","Supply Chain & Logistics","Ahmed Iqbal"
"BLD-100399","2024-10-27","Sick","8","Paid","Supply Chain & Logistics","Ahmed Iqbal"
"BLD-100399","2023-08-04","Unplanned","8","Paid","Supply Chain & Logistics","Ahmed Iqbal"
"BLD-100399","2025-08-09","Sick","8","Paid","Supply Chain & Logistics","Ahmed Iqbal"
"BLD-100400","2024-04-20","Unplanned","8","Paid","Marketing","Nadia Mendoza"
"BLD-100400","2024-02-23","Other","8","Paid","Marketing","Nadia Mendoza"
"BLD-100400","2023-08-07","Sick","8","Paid","Marketing","Nadia Mendoza"
"BLD-100400","2023-01-30","Sick","8","Paid","Marketing","Nadia Mendoza"
"BLD-100400","2023-04-14","Late","3","Unpaid","Marketing","Nadia Mendoza"
"BLD-100400","2025-02-06","Sick","8","Paid","Marketing","Nadia Mendoza"
"BLD-100400","2024-08-08","Sick","8","Paid","Marketing","Nadia Mendoza"
"BLD-100400","2024-05-26","Late","1","Unpaid","Marketing","Nadia Mendoza"
"BLD-100400","2025-07-10","Unplanned","8","Unpaid","Marketing","Nadia Mendoza"
"BLD-100400","2024-05-13","Sick","8","Paid","Marketing","Nadia Mendoza"
"BLD-100400","2025-01-27","Unplanned","8","Unpaid","Marketing","Nadia Mendoza"
"BLD-100400","2025-02-17","Sick","8","Paid","Marketing","Nadia Mendoza"
"BLD-100400","2024-09-26","Unplanned","8","Unpaid","Marketing","Nadia Mendoza"
"BLD-100400","2023-07-06","Other","8","Unpaid","Marketing","Nadia Mendoza"
"BLD-100400","2025-06-09","Sick","8","Paid","Marketing","Nadia Mendoza"
"BLD-100400","2023-08-21","Unplanned","8","Paid","Marketing","Nadia Mendoza"
"BLD-100400","2024-09-15","Late","2","Paid","Marketing","Nadia Mendoza"
"BLD-100400","2024-02-29","Sick","8","Paid","Marketing","Nadia Mendoza"
"BLD-100400","2024-02-19","Sick","8","Paid","Marketing","Nadia Mendoza"
"BLD-100400","2024-03-26","Sick","8","Paid","Marketing","Nadia Mendoza"
"BLD-100401","2025-02-04","Unplanned","8","Paid","R&D","Deepak Al-Kuwari"
"BLD-100401","2024-10-02","Sick","8","Paid","R&D","Deepak Al-Kuwari"
"BLD-100401","2024-07-02","Late","3","Unpaid","R&D","Deepak Al-Kuwari"
"BLD-100401","2023-03-05","Sick","8","Paid","R&D","Deepak Al-Kuwari"
"BLD-100401","2023-12-06","Sick","8","Paid","R&D","Deepak Al-Kuwari"
"BLD-100402","2025-04-25","Late","2","Paid","People & Culture","Manoj Fernandes"
"BLD-100402","2024-12-07","Sick","8","Paid","People & Culture","Manoj Fernandes"
"BLD-100402","2024-01-18","Late","2","Unpaid","People & Culture","Manoj Fernandes"
"BLD-100402","2024-07-17","Sick","8","Paid","People & Culture","Manoj Fernandes"
"BLD-100402","2023-07-08","Sick","8","Paid","People & Culture","Manoj Fernandes"
"BLD-100402","2025-01-15","Unplanned","8","Paid","People & Culture","Manoj Fernandes"
"BLD-100402","2023-05-12","Sick","8","Paid","People & Culture","Manoj Fernandes"
"BLD-100402","2024-10-07","Unplanned","8","Unpaid","People & Culture","Manoj Fernandes"
"BLD-100402","2025-07-20","Sick","8","Paid","People & Culture","Manoj Fernandes"
"BLD-100402","2023-01-23","Unplanned","8","Unpaid","People & Culture","Manoj Fernandes"
"BLD-100402","2025-09-11","Sick","8","Paid","People & Culture","Manoj Fernandes"
"BLD-100402","2024-12-21","Unplanned","8","Unpaid","People & Culture","Manoj Fernandes"
"BLD-100402","2025-08-23","Unplanned","8","Unpaid","People & Culture","Manoj Fernandes"
"BLD-100402","2024-03-23","Late","3","Paid","People & Culture","Manoj Fernandes"
"BLD-100402","2024-01-08","Unplanned","8","Unpaid","People & Culture","Manoj Fernandes"
"BLD-100402","2023-08-06","Unplanned","8","Unpaid","People & Culture","Manoj Fernandes"
"BLD-100402","2023-01-26","Late","2","Paid","People & Culture","Manoj Fernandes"
"BLD-100402","2025-06-19","Sick","8","Paid","People & Culture","Manoj Fernandes"
"BLD-100402","2025-07-13","Unplanned","8","Unpaid","People & Culture","Manoj Fernandes"
"BLD-100402","2023-09-04","Sick","8","Paid","People & Culture","Manoj Fernandes"
"BLD-100402","2023-09-29","Sick","8","Paid","People & Culture","Manoj Fernandes"
"BLD-100402","2024-02-28","Sick","8","Paid","People & Culture","Manoj Fernandes"
"BLD-100402","2024-08-30","Sick","8","Paid","People & Culture","Manoj Fernandes"
"BLD-100403","2023-06-19","Unplanned","8","Paid","Supply Chain & Logistics","Priya Farouk"
"BLD-100403","2025-11-30","Late","2","Paid","Supply Chain & Logistics","Priya Farouk"
"BLD-100403","2024-07-11","Unplanned","8","Unpaid","Supply Chain & Logistics","Priya Farouk"
"BLD-100403","2023-03-23","Late","1","Paid","Supply Chain & Logistics","Priya Farouk"
"BLD-100403","2023-05-25","Sick","8","Paid","Supply Chain & Logistics","Priya Farouk"
"BLD-100404","2023-11-08","Late","3","Unpaid","People & Culture","Rakesh Reyes"
"BLD-100404","2023-09-09","Unplanned","8","Paid","People & Culture","Rakesh Reyes"
"BLD-100404","2023-08-07","Late","1","Paid","People & Culture","Rakesh Reyes"
"BLD-100404","2023-01-21","Unplanned","8","Paid","People & Culture","Rakesh Reyes"
"BLD-100404","2024-11-23","Other","8","Unpaid","People & Culture","Rakesh Reyes"
"BLD-100404","2025-06-26","Unplanned","8","Unpaid","People & Culture","Rakesh Reyes"
"BLD-100404","2024-06-17","Unplanned","8","Paid","People & Culture","Rakesh Reyes"
"BLD-100404","2023-03-15","Sick","8","Paid","People & Culture","Rakesh Reyes"
"BLD-100404","2024-05-04","Unplanned","8","Unpaid","People & Culture","Rakesh Reyes"
"BLD-100404","2024-09-02","Other","8","Paid","People & Culture","Rakesh Reyes"
"BLD-100404","2023-06-06","Sick","8","Paid","People & Culture","Rakesh Reyes"
"BLD-100404","2023-03-26","Unplanned","8","Paid","People & Culture","Rakesh Reyes"
"BLD-100404","2024-02-14","Unplanned","8","Unpaid","People & Culture","Rakesh Reyes"
"BLD-100404","2025-01-03","Other","8","Paid","People & Culture","Rakesh Reyes"
"BLD-100404","2023-04-14","Unplanned","8","Paid","People & Culture","Rakesh Reyes"
"BLD-100404","2024-07-18","Late","3","Paid","People & Culture","Rakesh Reyes"
"BLD-100404","2025-05-16","Sick","8","Paid","People & Culture","Rakesh Reyes"
"BLD-100404","2023-05-18","Sick","8","Paid","People & Culture","Rakesh Reyes"
"BLD-100404","2024-01-27","Unplanned","8","Unpaid","People & Culture","Rakesh Reyes"
"BLD-100404","2025-12-16","Other","8","Unpaid","People & Culture","Rakesh Reyes"
"BLD-100405","2023-03-03","Sick","8","Paid","Finance","Mohamed Islam"
"BLD-100405","2023-02-14","Sick","8","Paid","Finance","Mohamed Islam"
"BLD-100407","2024-05-29","Sick","8","Paid","Corporate & Executive Office","Deepak Mahmoud"
"BLD-100407","2023-02-10","Sick","8","Paid","Corporate & Executive Office","Deepak Mahmoud"
"BLD-100407","2024-02-05","Other","8","Paid","Corporate & Executive Office","Deepak Mahmoud"
"BLD-100407","2024-03-09","Sick","8","Paid","Corporate & Executive Office","Deepak Mahmoud"
"BLD-100407","2024-05-12","Unplanned","8","Paid","Corporate & Executive Office","Deepak Mahmoud"
"BLD-100407","2025-03-05","Sick","8","Paid","Corporate & Executive Office","Deepak Mahmoud"
"BLD-100407","2024-01-18","Sick","8","Paid","Corporate & Executive Office","Deepak Mahmoud"
"BLD-100407","2025-10-22","Unplanned","8","Unpaid","Corporate & Executive Office","Deepak Mahmoud"
"BLD-100408","2023-07-06","Sick","8","Paid","Quality Assurance & Food Safety","Anil Gurung"
"BLD-100408","2025-10-11","Late","1","Unpaid","Quality Assurance & Food Safety","Anil Gurung"
"BLD-100408","2024-12-13","Late","3","Paid","Quality Assurance & Food Safety","Anil Gurung"
"BLD-100408","2025-03-06","Other","8","Unpaid","Quality Assurance & Food Safety","Anil Gurung"
"BLD-100408","2024-01-17","Unplanned","8","Unpaid","Quality Assurance & Food Safety","Anil Gurung"
"BLD-100408","2025-09-09","Unplanned","8","Paid","Quality Assurance & Food Safety","Anil Gurung"
"BLD-100408","2023-08-13","Unplanned","8","Unpaid","Quality Assurance & Food Safety","Anil Gurung"
"BLD-100409","2024-07-01","Sick","8","Paid","Quality Assurance & Food Safety","Vikram Hassan"
"BLD-100409","2023-12-16","Sick","8","Paid","Quality Assurance & Food Safety","Vikram Hassan"
"BLD-100409","2025-01-26","Late","2","Paid","Quality Assurance & Food Safety","Vikram Hassan"
"BLD-100409","2023-07-09","Sick","8","Paid","Quality Assurance & Food Safety","Vikram Hassan"
"BLD-100409","2025-04-12","Other","8","Unpaid","Quality Assurance & Food Safety","Vikram Hassan"
"BLD-100409","2025-03-17","Unplanned","8","Unpaid","Quality Assurance & Food Safety","Vikram Hassan"
"BLD-100410","2023-07-08","Unplanned","8","Unpaid","Production","Sameer Reyes"
"BLD-100410","2023-03-08","Sick","8","Paid","Production","Sameer Reyes"
"BLD-100410","2023-08-27","Sick","8","Paid","Production","Sameer Reyes"
"BLD-100410","2024-05-22","Unplanned","8","Unpaid","Production","Sameer Reyes"
"BLD-100410","2023-12-24","Unplanned","8","Unpaid","Production","Sameer Reyes"
"BLD-100411","2023-07-05","Sick","8","Paid","Supply Chain & Logistics","Nadia El-Sayed"
"BLD-100411","2023-03-11","Unplanned","8","Unpaid","Supply Chain & Logistics","Nadia El-Sayed"
"BLD-100411","2025-10-11","Unplanned","8","Unpaid","Supply Chain & Logistics","Nadia El-Sayed"
"BLD-100411","2025-02-04","Unplanned","8","Unpaid","Supply Chain & Logistics","Nadia El-Sayed"
"BLD-100411","2023-06-22","Sick","8","Paid","Supply Chain & Logistics","Nadia El-Sayed"
"BLD-100411","2023-07-03","Unplanned","8","Unpaid","Supply Chain & Logistics","Nadia El-Sayed"
"BLD-100411","2023-06-08","Unplanned","8","Paid","Supply Chain & Logistics","Nadia El-Sayed"
"BLD-100411","2025-07-05","Sick","8","Paid","Supply Chain & Logistics","Nadia El-Sayed"
"BLD-100411","2025-10-25","Sick","8","Paid","Supply Chain & Logistics","Nadia El-Sayed"
"BLD-100411","2024-04-22","Late","3","Unpaid","Supply Chain & Logistics","Nadia El-Sayed"
"BLD-100411","2025-09-02","Unplanned","8","Paid","Supply Chain & Logistics","Nadia El-Sayed"
"BLD-100411","2025-05-05","Sick","8","Paid","Supply Chain & Logistics","Nadia El-Sayed"
"BLD-100411","2023-07-02","Late","3","Paid","Supply Chain & Logistics","Nadia El-Sayed"
"BLD-100411","2023-12-30","Sick","8","Paid","Supply Chain & Logistics","Nadia El-Sayed"
"BLD-100411","2024-01-31","Sick","8","Paid","Supply Chain & Logistics","Nadia El-Sayed"
"BLD-100411","2024-04-13","Sick","8","Paid","Supply Chain & Logistics","Nadia El-Sayed"
"BLD-100412","2024-06-03","Sick","8","Paid","Supply Chain & Logistics","Prakash Gurung"
"BLD-100412","2023-08-16","Sick","8","Paid","Supply Chain & Logistics","Prakash Gurung"
"BLD-100412","2023-04-09","Sick","8","Paid","Supply Chain & Logistics","Prakash Gurung"
"BLD-100412","2023-03-12","Sick","8","Paid","Supply Chain & Logistics","Prakash Gurung"
"BLD-100412","2024-07-27","Sick","8","Paid","Supply Chain & Logistics","Prakash Gurung"
"BLD-100412","2024-07-01","Sick","8","Paid","Supply Chain & Logistics","Prakash Gurung"
"BLD-100412","2024-06-15","Unplanned","8","Unpaid","Supply Chain & Logistics","Prakash Gurung"
"BLD-100413","2024-02-24","Sick","8","Paid","Engineering & Maintenance","Yousef Al-Attiyah"
"BLD-100413","2025-06-23","Sick","8","Paid","Engineering & Maintenance","Yousef Al-Attiyah"
"BLD-100413","2025-01-05","Late","2","Paid","Engineering & Maintenance","Yousef Al-Attiyah"
"BLD-100413","2023-04-06","Sick","8","Paid","Engineering & Maintenance","Yousef Al-Attiyah"
"BLD-100413","2023-03-03","Unplanned","8","Unpaid","Engineering & Maintenance","Yousef Al-Attiyah"
"BLD-100413","2025-05-10","Sick","8","Paid","Engineering & Maintenance","Yousef Al-Attiyah"
"BLD-100414","2023-04-03","Sick","8","Paid","Sales & Distribution","Kavita Gurung"
"BLD-100415","2024-04-02","Unplanned","8","Paid","Finance","Deepak Cruz"
"BLD-100415","2023-12-15","Unplanned","8","Paid","Finance","Deepak Cruz"
"BLD-100415","2024-07-12","Sick","8","Paid","Finance","Deepak Cruz"
"BLD-100415","2024-08-13","Other","8","Unpaid","Finance","Deepak Cruz"
"BLD-100415","2024-05-23","Late","3","Paid","Finance","Deepak Cruz"
"BLD-100415","2024-03-17","Sick","8","Paid","Finance","Deepak Cruz"
"BLD-100415","2024-07-06","Late","3","Paid","Finance","Deepak Cruz"
"BLD-100415","2023-07-27","Unplanned","8","Paid","Finance","Deepak Cruz"
"BLD-100415","2024-07-24","Sick","8","Paid","Finance","Deepak Cruz"
"BLD-100415","2025-03-13","Unplanned","8","Unpaid","Finance","Deepak Cruz"
"BLD-100415","2023-12-11","Sick","8","Paid","Finance","Deepak Cruz"
"BLD-100415","2024-10-30","Sick","8","Paid","Finance","Deepak Cruz"
"BLD-100415","2024-02-15","Sick","8","Paid","Finance","Deepak Cruz"
"BLD-100415","2023-02-18","Unplanned","8","Paid","Finance","Deepak Cruz"
"BLD-100415","2024-01-13","Sick","8","Paid","Finance","Deepak Cruz"
"BLD-100415","2023-09-24","Late","3","Paid","Finance","Deepak Cruz"
"BLD-100416","2023-05-03","Late","2","Unpaid","People & Culture","Ravi Santos"
"BLD-100417","2023-02-06","Sick","8","Paid","IT & Digital","Rowena Ibrahim"
"BLD-100417","2023-01-21","Sick","8","Paid","IT & Digital","Rowena Ibrahim"
"BLD-100417","2023-05-11","Sick","8","Paid","IT & Digital","Rowena Ibrahim"
"BLD-100417","2023-11-13","Unplanned","8","Unpaid","IT & Digital","Rowena Ibrahim"
"BLD-100417","2023-01-02","Unplanned","8","Unpaid","IT & Digital","Rowena Ibrahim"
"BLD-100417","2023-07-09","Sick","8","Paid","IT & Digital","Rowena Ibrahim"
"BLD-100417","2023-01-01","Unplanned","8","Unpaid","IT & Digital","Rowena Ibrahim"
"BLD-100417","2023-04-05","Unplanned","8","Unpaid","IT & Digital","Rowena Ibrahim"
"BLD-100417","2023-09-19","Unplanned","8","Unpaid","IT & Digital","Rowena Ibrahim"
"BLD-100418","2024-04-08","Sick","8","Paid","Production","Hassan Pereira"
"BLD-100418","2024-01-02","Late","3","Unpaid","Production","Hassan Pereira"
"BLD-100418","2023-10-01","Sick","8","Paid","Production","Hassan Pereira"
"BLD-100418","2024-07-18","Sick","8","Paid","Production","Hassan Pereira"
"BLD-100418","2024-01-29","Sick","8","Paid","Production","Hassan Pereira"
"BLD-100419","2023-08-11","Late","1","Paid","Engineering & Maintenance","Ravi Youssef"
"BLD-100419","2025-07-10","Sick","8","Paid","Engineering & Maintenance","Ravi Youssef"
"BLD-100420","2024-03-02","Sick","8","Paid","Production","Omar Malik"
"BLD-100420","2025-07-06","Sick","8","Paid","Production","Omar Malik"
"BLD-100420","2023-11-26","Unplanned","8","Paid","Production","Omar Malik"
"BLD-100420","2024-07-20","Sick","8","Paid","Production","Omar Malik"
"BLD-100420","2025-05-16","Unplanned","8","Unpaid","Production","Omar Malik"
"BLD-100420","2025-07-13","Sick","8","Paid","Production","Omar Malik"
"BLD-100420","2024-10-23","Sick","8","Paid","Production","Omar Malik"
"BLD-100420","2023-12-02","Unplanned","8","Unpaid","Production","Omar Malik"
"BLD-100420","2023-05-28","Sick","8","Paid","Production","Omar Malik"
"BLD-100420","2025-06-30","Unplanned","8","Unpaid","Production","Omar Malik"
"BLD-100420","2025-12-14","Sick","8","Paid","Production","Omar Malik"
"BLD-100420","2025-02-12","Sick","8","Paid","Production","Omar Malik"
"BLD-100420","2025-11-13","Sick","8","Paid","Production","Omar Malik"
"BLD-100421","2024-04-15","Unplanned","8","Unpaid","Marketing","Rakesh Kapoor"
"BLD-100421","2024-12-30","Unplanned","8","Unpaid","Marketing","Rakesh Kapoor"
"BLD-100421","2025-06-12","Unplanned","8","Unpaid","Marketing","Rakesh Kapoor"
"BLD-100421","2023-09-26","Unplanned","8","Unpaid","Marketing","Rakesh Kapoor"
"BLD-100421","2024-04-26","Unplanned","8","Paid","Marketing","Rakesh Kapoor"
"BLD-100421","2024-10-25","Unplanned","8","Paid","Marketing","Rakesh Kapoor"
"BLD-100421","2023-03-05","Unplanned","8","Unpaid","Marketing","Rakesh Kapoor"
"BLD-100421","2023-01-30","Other","8","Unpaid","Marketing","Rakesh Kapoor"
"BLD-100422","2023-05-29","Other","8","Unpaid","Marketing","Amina Mansour"
"BLD-100422","2024-07-11","Late","3","Paid","Marketing","Amina Mansour"
"BLD-100422","2024-07-30","Unplanned","8","Paid","Marketing","Amina Mansour"
"BLD-100422","2024-07-25","Sick","8","Paid","Marketing","Amina Mansour"
"BLD-100422","2023-01-04","Sick","8","Paid","Marketing","Amina Mansour"
"BLD-100422","2024-05-25","Late","2","Paid","Marketing","Amina Mansour"
"BLD-100422","2023-03-05","Unplanned","8","Paid","Marketing","Amina Mansour"
"BLD-100422","2025-07-15","Sick","8","Paid","Marketing","Amina Mansour"
"BLD-100422","2024-12-14","Unplanned","8","Unpaid","Marketing","Amina Mansour"
"BLD-100422","2025-10-17","Sick","8","Paid","Marketing","Amina Mansour"
"BLD-100422","2023-10-22","Late","3","Unpaid","Marketing","Amina Mansour"
"BLD-100422","2025-04-20","Other","8","Paid","Marketing","Amina Mansour"
"BLD-100422","2023-01-20","Late","2","Unpaid","Marketing","Amina Mansour"
"BLD-100422","2024-08-20","Sick","8","Paid","Marketing","Amina Mansour"
"BLD-100422","2023-12-03","Sick","8","Paid","Marketing","Amina Mansour"
"BLD-100422","2025-06-27","Unplanned","8","Unpaid","Marketing","Amina Mansour"
"BLD-100422","2025-08-01","Unplanned","8","Unpaid","Marketing","Amina Mansour"
"BLD-100422","2025-03-24","Unplanned","8","Unpaid","Marketing","Amina Mansour"
"BLD-100422","2023-05-18","Unplanned","8","Unpaid","Marketing","Amina Mansour"
"BLD-100422","2025-01-08","Unplanned","8","Paid","Marketing","Amina Mansour"
"BLD-100422","2025-05-04","Sick","8","Paid","Marketing","Amina Mansour"
"BLD-100423","2025-01-14","Sick","8","Paid","Supply Chain & Logistics","Waleed Mendoza"
"BLD-100423","2023-01-28","Other","8","Paid","Supply Chain & Logistics","Waleed Mendoza"
"BLD-100423","2024-06-29","Sick","8","Paid","Supply Chain & Logistics","Waleed Mendoza"
"BLD-100423","2024-08-25","Sick","8","Paid","Supply Chain & Logistics","Waleed Mendoza"
"BLD-100423","2023-05-03","Unplanned","8","Unpaid","Supply Chain & Logistics","Waleed Mendoza"
"BLD-100423","2025-03-21","Sick","8","Paid","Supply Chain & Logistics","Waleed Mendoza"
"BLD-100423","2024-09-11","Unplanned","8","Paid","Supply Chain & Logistics","Waleed Mendoza"
"BLD-100423","2024-05-16","Unplanned","8","Paid","Supply Chain & Logistics","Waleed Mendoza"
"BLD-100423","2025-01-17","Late","2","Paid","Supply Chain & Logistics","Waleed Mendoza"
"BLD-100423","2025-04-16","Unplanned","8","Unpaid","Supply Chain & Logistics","Waleed Mendoza"
"BLD-100423","2025-02-18","Sick","8","Paid","Supply Chain & Logistics","Waleed Mendoza"
"BLD-100423","2023-06-06","Unplanned","8","Unpaid","Supply Chain & Logistics","Waleed Mendoza"
"BLD-100423","2024-10-18","Unplanned","8","Unpaid","Supply Chain & Logistics","Waleed Mendoza"
"BLD-100424","2023-02-05","Sick","8","Paid","IT & Digital","Mariam Rai"
"BLD-100425","2023-08-14","Unplanned","8","Paid","Supply Chain & Logistics","Rina Hassan"
"BLD-100425","2023-11-04","Unplanned","8","Paid","Supply Chain & Logistics","Rina Hassan"
"BLD-100425","2023-03-16","Unplanned","8","Paid","Supply Chain & Logistics","Rina Hassan"
"BLD-100425","2023-03-01","Other","8","Unpaid","Supply Chain & Logistics","Rina Hassan"
"BLD-100425","2023-11-03","Sick","8","Paid","Supply Chain & Logistics","Rina Hassan"
"BLD-100425","2023-02-08","Unplanned","8","Paid","Supply Chain & Logistics","Rina Hassan"
"BLD-100425","2023-10-30","Sick","8","Paid","Supply Chain & Logistics","Rina Hassan"
"BLD-100425","2023-03-27","Sick","8","Paid","Supply Chain & Logistics","Rina Hassan"
"BLD-100426","2024-08-20","Sick","8","Paid","Procurement","Manoj Iqbal"
"BLD-100426","2024-02-05","Unplanned","8","Paid","Procurement","Manoj Iqbal"
"BLD-100426","2023-05-03","Sick","8","Paid","Procurement","Manoj Iqbal"
"BLD-100426","2023-11-21","Other","8","Paid","Procurement","Manoj Iqbal"
"BLD-100427","2024-07-31","Sick","8","Paid","Procurement","Santosh Mansour"
"BLD-100427","2024-12-03","Sick","8","Paid","Procurement","Santosh Mansour"
"BLD-100427","2025-01-30","Unplanned","8","Unpaid","Procurement","Santosh Mansour"
"BLD-100427","2023-08-16","Late","1","Paid","Procurement","Santosh Mansour"
"BLD-100427","2023-06-13","Late","3","Paid","Procurement","Santosh Mansour"
"BLD-100427","2024-03-12","Sick","8","Paid","Procurement","Santosh Mansour"
"BLD-100427","2024-09-25","Other","8","Unpaid","Procurement","Santosh Mansour"
"BLD-100427","2024-06-02","Sick","8","Paid","Procurement","Santosh Mansour"
"BLD-100428","2024-07-05","Sick","8","Paid","Supply Chain & Logistics","Yasmin Devi"
"BLD-100428","2025-08-02","Sick","8","Paid","Supply Chain & Logistics","Yasmin Devi"
"BLD-100428","2023-12-14","Sick","8","Paid","Supply Chain & Logistics","Yasmin Devi"
"BLD-100428","2024-05-27","Sick","8","Paid","Supply Chain & Logistics","Yasmin Devi"
"BLD-100428","2024-02-08","Late","2","Unpaid","Supply Chain & Logistics","Yasmin Devi"
"BLD-100428","2023-10-29","Sick","8","Paid","Supply Chain & Logistics","Yasmin Devi"
"BLD-100428","2024-03-11","Unplanned","8","Unpaid","Supply Chain & Logistics","Yasmin Devi"
"BLD-100428","2025-03-30","Late","1","Unpaid","Supply Chain & Logistics","Yasmin Devi"
"BLD-100428","2023-10-15","Late","1","Unpaid","Supply Chain & Logistics","Yasmin Devi"
"BLD-100428","2025-06-08","Unplanned","8","Paid","Supply Chain & Logistics","Yasmin Devi"
"BLD-100428","2023-10-14","Sick","8","Paid","Supply Chain & Logistics","Yasmin Devi"
"BLD-100428","2023-11-06","Unplanned","8","Paid","Supply Chain & Logistics","Yasmin Devi"
"BLD-100428","2025-12-24","Unplanned","8","Unpaid","Supply Chain & Logistics","Yasmin Devi"
"BLD-100428","2024-12-20","Late","2","Unpaid","Supply Chain & Logistics","Yasmin Devi"
"BLD-100428","2023-12-19","Unplanned","8","Unpaid","Supply Chain & Logistics","Yasmin Devi"
"BLD-100428","2024-01-13","Late","1","Paid","Supply Chain & Logistics","Yasmin Devi"
"BLD-100428","2024-02-06","Sick","8","Paid","Supply Chain & Logistics","Yasmin Devi"
"BLD-100428","2025-05-12","Late","2","Unpaid","Supply Chain & Logistics","Yasmin Devi"
"BLD-100428","2024-01-15","Sick","8","Paid","Supply Chain & Logistics","Yasmin Devi"
"BLD-100429","2024-10-01","Sick","8","Paid","Farm Operations","Khalid Santos"
"BLD-100429","2023-04-14","Late","2","Paid","Farm Operations","Khalid Santos"
"BLD-100429","2025-02-05","Unplanned","8","Unpaid","Farm Operations","Khalid Santos"
"BLD-100429","2023-03-09","Other","8","Unpaid","Farm Operations","Khalid Santos"
"BLD-100429","2024-11-16","Sick","8","Paid","Farm Operations","Khalid Santos"
"BLD-100429","2025-04-01","Unplanned","8","Unpaid","Farm Operations","Khalid Santos"
"BLD-100429","2023-12-24","Other","8","Unpaid","Farm Operations","Khalid Santos"
"BLD-100429","2024-04-20","Sick","8","Paid","Farm Operations","Khalid Santos"
"BLD-100429","2025-01-29","Unplanned","8","Paid","Farm Operations","Khalid Santos"
"BLD-100429","2024-07-12","Sick","8","Paid","Farm Operations","Khalid Santos"
"BLD-100429","2024-03-11","Sick","8","Paid","Farm Operations","Khalid Santos"
"BLD-100429","2025-02-24","Sick","8","Paid","Farm Operations","Khalid Santos"
"BLD-100429","2023-07-05","Late","3","Unpaid","Farm Operations","Khalid Santos"
"BLD-100429","2024-03-17","Late","3","Unpaid","Farm Operations","Khalid Santos"
"BLD-100429","2025-06-10","Late","1","Paid","Farm Operations","Khalid Santos"
"BLD-100429","2025-06-15","Unplanned","8","Paid","Farm Operations","Khalid Santos"
"BLD-100429","2025-07-12","Unplanned","8","Unpaid","Farm Operations","Khalid Santos"
"BLD-100430","2023-08-25","Sick","8","Paid","Supply Chain & Logistics","Manoj Fernandes"
"BLD-100430","2025-10-14","Late","2","Paid","Supply Chain & Logistics","Manoj Fernandes"
"BLD-100430","2025-10-04","Sick","8","Paid","Supply Chain & Logistics","Manoj Fernandes"
"BLD-100430","2025-10-03","Late","3","Paid","Supply Chain & Logistics","Manoj Fernandes"
"BLD-100430","2025-11-02","Late","2","Paid","Supply Chain & Logistics","Manoj Fernandes"
"BLD-100430","2025-01-12","Sick","8","Paid","Supply Chain & Logistics","Manoj Fernandes"
"BLD-100430","2024-11-20","Sick","8","Paid","Supply Chain & Logistics","Manoj Fernandes"
"BLD-100430","2025-03-02","Sick","8","Paid","Supply Chain & Logistics","Manoj Fernandes"
"BLD-100430","2025-06-30","Late","2","Unpaid","Supply Chain & Logistics","Manoj Fernandes"
"BLD-100430","2024-09-15","Sick","8","Paid","Supply Chain & Logistics","Manoj Fernandes"
"BLD-100430","2024-03-05","Late","2","Unpaid","Supply Chain & Logistics","Manoj Fernandes"
"BLD-100430","2024-03-28","Sick","8","Paid","Supply Chain & Logistics","Manoj Fernandes"
"BLD-100430","2025-04-27","Sick","8","Paid","Supply Chain & Logistics","Manoj Fernandes"
"BLD-100430","2025-03-20","Late","1","Unpaid","Supply Chain & Logistics","Manoj Fernandes"
"BLD-100430","2024-03-21","Unplanned","8","Unpaid","Supply Chain & Logistics","Manoj Fernandes"
"BLD-100430","2024-07-12","Unplanned","8","Unpaid","Supply Chain & Logistics","Manoj Fernandes"
"BLD-100430","2023-05-23","Sick","8","Paid","Supply Chain & Logistics","Manoj Fernandes"
"BLD-100430","2025-12-01","Unplanned","8","Paid","Supply Chain & Logistics","Manoj Fernandes"
"BLD-100430","2023-07-25","Unplanned","8","Unpaid","Supply Chain & Logistics","Manoj Fernandes"
"BLD-100430","2025-06-04","Late","1","Paid","Supply Chain & Logistics","Manoj Fernandes"
"BLD-100430","2024-05-13","Unplanned","8","Paid","Supply Chain & Logistics","Manoj Fernandes"
"BLD-100430","2023-10-03","Unplanned","8","Unpaid","Supply Chain & Logistics","Manoj Fernandes"
"BLD-100430","2025-09-11","Late","2","Unpaid","Supply Chain & Logistics","Manoj Fernandes"
"BLD-100430","2025-05-17","Sick","8","Paid","Supply Chain & Logistics","Manoj Fernandes"
"BLD-100431","2023-04-30","Sick","8","Paid","Production","Juan Hassan"
"BLD-100431","2024-07-23","Unplanned","8","Paid","Production","Juan Hassan"
"BLD-100431","2023-05-26","Unplanned","8","Unpaid","Production","Juan Hassan"
"BLD-100431","2023-07-15","Late","3","Unpaid","Production","Juan Hassan"
"BLD-100431","2023-11-11","Late","2","Unpaid","Production","Juan Hassan"
"BLD-100432","2024-09-25","Sick","8","Paid","R&D","Layla Chowdhury"
"BLD-100432","2023-12-17","Unplanned","8","Paid","R&D","Layla Chowdhury"
"BLD-100432","2025-07-26","Sick","8","Paid","R&D","Layla Chowdhury"
"BLD-100432","2025-05-11","Unplanned","8","Unpaid","R&D","Layla Chowdhury"
"BLD-100432","2025-12-20","Sick","8","Paid","R&D","Layla Chowdhury"
"BLD-100432","2025-01-06","Late","3","Unpaid","R&D","Layla Chowdhury"
"BLD-100432","2025-09-14","Unplanned","8","Unpaid","R&D","Layla Chowdhury"
"BLD-100432","2023-12-06","Late","2","Unpaid","R&D","Layla Chowdhury"
"BLD-100432","2025-12-06","Sick","8","Paid","R&D","Layla Chowdhury"
"BLD-100432","2025-09-18","Late","2","Paid","R&D","Layla Chowdhury"
"BLD-100432","2023-01-10","Unplanned","8","Unpaid","R&D","Layla Chowdhury"
"BLD-100432","2023-09-11","Late","2","Paid","R&D","Layla Chowdhury"
"BLD-100432","2023-06-07","Sick","8","Paid","R&D","Layla Chowdhury"
"BLD-100432","2025-08-05","Late","3","Unpaid","R&D","Layla Chowdhury"
"BLD-100432","2023-06-26","Sick","8","Paid","R&D","Layla Chowdhury"
"BLD-100432","2024-06-07","Unplanned","8","Unpaid","R&D","Layla Chowdhury"
"BLD-100432","2023-08-26","Sick","8","Paid","R&D","Layla Chowdhury"
"BLD-100432","2025-05-02","Unplanned","8","Paid","R&D","Layla Chowdhury"
"BLD-100432","2025-08-24","Sick","8","Paid","R&D","Layla Chowdhury"
"BLD-100434","2023-02-03","Late","1","Unpaid","Quality Assurance & Food Safety","Ali Santos"
"BLD-100434","2024-09-21","Late","2","Unpaid","Quality Assurance & Food Safety","Ali Santos"
"BLD-100434","2023-04-17","Unplanned","8","Unpaid","Quality Assurance & Food Safety","Ali Santos"
"BLD-100434","2024-07-22","Late","3","Unpaid","Quality Assurance & Food Safety","Ali Santos"
"BLD-100434","2024-09-07","Late","2","Unpaid","Quality Assurance & Food Safety","Ali Santos"
"BLD-100434","2025-02-07","Other","8","Unpaid","Quality Assurance & Food Safety","Ali Santos"
"BLD-100434","2024-06-10","Unplanned","8","Paid","Quality Assurance & Food Safety","Ali Santos"
"BLD-100434","2025-02-13","Late","1","Paid","Quality Assurance & Food Safety","Ali Santos"
"BLD-100434","2024-07-01","Unplanned","8","Unpaid","Quality Assurance & Food Safety","Ali Santos"
"BLD-100434","2024-05-29","Late","1","Unpaid","Quality Assurance & Food Safety","Ali Santos"
"BLD-100434","2025-04-17","Sick","8","Paid","Quality Assurance & Food Safety","Ali Santos"
"BLD-100434","2024-01-08","Sick","8","Paid","Quality Assurance & Food Safety","Ali Santos"
"BLD-100434","2025-01-03","Unplanned","8","Unpaid","Quality Assurance & Food Safety","Ali Santos"
"BLD-100434","2025-04-14","Unplanned","8","Unpaid","Quality Assurance & Food Safety","Ali Santos"
"BLD-100435","2024-08-26","Unplanned","8","Paid","Sales & Distribution","Juan Baig"
"BLD-100435","2024-01-10","Sick","8","Paid","Sales & Distribution","Juan Baig"
"BLD-100435","2024-11-04","Unplanned","8","Unpaid","Sales & Distribution","Juan Baig"
"BLD-100435","2023-01-04","Unplanned","8","Paid","Sales & Distribution","Juan Baig"
"BLD-100435","2023-01-20","Sick","8","Paid","Sales & Distribution","Juan Baig"
"BLD-100435","2025-02-17","Sick","8","Paid","Sales & Distribution","Juan Baig"
"BLD-100435","2023-02-08","Other","8","Unpaid","Sales & Distribution","Juan Baig"
"BLD-100435","2023-01-22","Unplanned","8","Unpaid","Sales & Distribution","Juan Baig"
"BLD-100435","2025-02-27","Late","2","Paid","Sales & Distribution","Juan Baig"
"BLD-100435","2024-07-23","Unplanned","8","Unpaid","Sales & Distribution","Juan Baig"
"BLD-100435","2024-08-10","Unplanned","8","Paid","Sales & Distribution","Juan Baig"
"BLD-100435","2023-10-10","Sick","8","Paid","Sales & Distribution","Juan Baig"
"BLD-100435","2023-02-02","Sick","8","Paid","Sales & Distribution","Juan Baig"
"BLD-100435","2025-03-01","Late","3","Paid","Sales & Distribution","Juan Baig"
"BLD-100435","2025-05-15","Late","3","Unpaid","Sales & Distribution","Juan Baig"
"BLD-100435","2025-04-27","Unplanned","8","Unpaid","Sales & Distribution","Juan Baig"
"BLD-100435","2025-05-01","Sick","8","Paid","Sales & Distribution","Juan Baig"
"BLD-100435","2024-04-10","Sick","8","Paid","Sales & Distribution","Juan Baig"
"BLD-100435","2023-09-22","Unplanned","8","Paid","Sales & Distribution","Juan Baig"
"BLD-100435","2023-10-18","Unplanned","8","Unpaid","Sales & Distribution","Juan Baig"
"BLD-100435","2024-08-28","Unplanned","8","Unpaid","Sales & Distribution","Juan Baig"
"BLD-100436","2025-07-09","Unplanned","8","Paid","People & Culture","Arjun Islam"
"BLD-100436","2025-09-30","Unplanned","8","Paid","People & Culture","Arjun Islam"
"BLD-100436","2025-06-21","Sick","8","Paid","People & Culture","Arjun Islam"
"BLD-100436","2024-07-15","Late","2","Unpaid","People & Culture","Arjun Islam"
"BLD-100436","2023-09-01","Sick","8","Paid","People & Culture","Arjun Islam"
"BLD-100436","2023-02-06","Sick","8","Paid","People & Culture","Arjun Islam"
"BLD-100436","2025-08-10","Sick","8","Paid","People & Culture","Arjun Islam"
"BLD-100436","2024-10-03","Sick","8","Paid","People & Culture","Arjun Islam"
"BLD-100436","2025-04-28","Unplanned","8","Unpaid","People & Culture","Arjun Islam"
"BLD-100436","2025-08-28","Unplanned","8","Unpaid","People & Culture","Arjun Islam"
"BLD-100436","2025-05-06","Sick","8","Paid","People & Culture","Arjun Islam"
"BLD-100436","2024-11-12","Sick","8","Paid","People & Culture","Arjun Islam"
"BLD-100436","2025-10-17","Late","3","Unpaid","People & Culture","Arjun Islam"
"BLD-100436","2023-03-17","Sick","8","Paid","People & Culture","Arjun Islam"
"BLD-100436","2023-05-31","Sick","8","Paid","People & Culture","Arjun Islam"
"BLD-100436","2023-01-07","Late","3","Unpaid","People & Culture","Arjun Islam"
"BLD-100436","2025-10-12","Sick","8","Paid","People & Culture","Arjun Islam"
"BLD-100436","2025-11-27","Unplanned","8","Paid","People & Culture","Arjun Islam"
"BLD-100436","2023-07-31","Late","1","Unpaid","People & Culture","Arjun Islam"
"BLD-100436","2023-03-03","Sick","8","Paid","People & Culture","Arjun Islam"
"BLD-100436","2023-04-22","Unplanned","8","Paid","People & Culture","Arjun Islam"
"BLD-100436","2024-03-21","Unplanned","8","Paid","People & Culture","Arjun Islam"
"BLD-100436","2024-08-25","Sick","8","Paid","People & Culture","Arjun Islam"
"BLD-100437","2024-12-05","Unplanned","8","Paid","Sales & Distribution","Rakesh Baig"
"BLD-100437","2025-03-26","Sick","8","Paid","Sales & Distribution","Rakesh Baig"
"BLD-100437","2025-12-06","Sick","8","Paid","Sales & Distribution","Rakesh Baig"
"BLD-100437","2025-11-15","Sick","8","Paid","Sales & Distribution","Rakesh Baig"
"BLD-100437","2024-10-03","Sick","8","Paid","Sales & Distribution","Rakesh Baig"
"BLD-100437","2024-04-16","Unplanned","8","Unpaid","Sales & Distribution","Rakesh Baig"
"BLD-100437","2023-12-09","Unplanned","8","Unpaid","Sales & Distribution","Rakesh Baig"
"BLD-100438","2024-07-30","Sick","8","Paid","People & Culture","Layla Reyes"
"BLD-100438","2023-07-29","Sick","8","Paid","People & Culture","Layla Reyes"
"BLD-100438","2025-01-20","Sick","8","Paid","People & Culture","Layla Reyes"
"BLD-100438","2025-11-02","Unplanned","8","Paid","People & Culture","Layla Reyes"
"BLD-100438","2024-01-14","Unplanned","8","Unpaid","People & Culture","Layla Reyes"
"BLD-100438","2024-04-05","Sick","8","Paid","People & Culture","Layla Reyes"
"BLD-100438","2024-11-27","Late","1","Unpaid","People & Culture","Layla Reyes"
"BLD-100438","2023-08-24","Unplanned","8","Paid","People & Culture","Layla Reyes"
"BLD-100438","2025-04-19","Unplanned","8","Unpaid","People & Culture","Layla Reyes"
"BLD-100438","2025-05-26","Sick","8","Paid","People & Culture","Layla Reyes"
"BLD-100438","2023-05-27","Unplanned","8","Unpaid","People & Culture","Layla Reyes"
"BLD-100438","2024-10-26","Sick","8","Paid","People & Culture","Layla Reyes"
"BLD-100438","2023-09-24","Unplanned","8","Unpaid","People & Culture","Layla Reyes"
"BLD-100438","2024-11-22","Unplanned","8","Paid","People & Culture","Layla Reyes"
"BLD-100438","2024-05-26","Sick","8","Paid","People & Culture","Layla Reyes"
"BLD-100438","2025-04-15","Sick","8","Paid","People & Culture","Layla Reyes"
"BLD-100438","2024-03-16","Sick","8","Paid","People & Culture","Layla Reyes"
"BLD-100438","2024-08-21","Sick","8","Paid","People & Culture","Layla Reyes"
"BLD-100438","2023-04-13","Unplanned","8","Unpaid","People & Culture","Layla Reyes"
"BLD-100438","2023-02-26","Unplanned","8","Paid","People & Culture","Layla Reyes"
"BLD-100439","2024-11-11","Unplanned","8","Paid","Quality Assurance & Food Safety","Waleed Baig"
"BLD-100439","2025-12-27","Unplanned","8","Paid","Quality Assurance & Food Safety","Waleed Baig"
"BLD-100439","2023-05-13","Sick","8","Paid","Quality Assurance & Food Safety","Waleed Baig"
"BLD-100439","2025-05-04","Late","3","Unpaid","Quality Assurance & Food Safety","Waleed Baig"
"BLD-100439","2025-04-21","Late","3","Unpaid","Quality Assurance & Food Safety","Waleed Baig"
"BLD-100439","2023-09-09","Late","1","Paid","Quality Assurance & Food Safety","Waleed Baig"
"BLD-100439","2024-02-18","Sick","8","Paid","Quality Assurance & Food Safety","Waleed Baig"
"BLD-100439","2023-01-25","Late","1","Unpaid","Quality Assurance & Food Safety","Waleed Baig"
"BLD-100439","2023-08-09","Other","8","Paid","Quality Assurance & Food Safety","Waleed Baig"
"BLD-100439","2025-01-19","Late","2","Paid","Quality Assurance & Food Safety","Waleed Baig"
"BLD-100439","2023-01-25","Sick","8","Paid","Quality Assurance & Food Safety","Waleed Baig"
"BLD-100439","2024-08-12","Sick","8","Paid","Quality Assurance & Food Safety","Waleed Baig"
"BLD-100439","2023-12-09","Unplanned","8","Paid","Quality Assurance & Food Safety","Waleed Baig"
"BLD-100439","2023-08-29","Unplanned","8","Paid","Quality Assurance & Food Safety","Waleed Baig"
"BLD-100439","2023-03-14","Late","3","Unpaid","Quality Assurance & Food Safety","Waleed Baig"
"BLD-100439","2025-10-15","Unplanned","8","Unpaid","Quality Assurance & Food Safety","Waleed Baig"
"BLD-100439","2025-11-10","Late","2","Unpaid","Quality Assurance & Food Safety","Waleed Baig"
"BLD-100439","2025-06-15","Unplanned","8","Unpaid","Quality Assurance & Food Safety","Waleed Baig"
"BLD-100439","2024-04-12","Sick","8","Paid","Quality Assurance & Food Safety","Waleed Baig"
"BLD-100439","2023-09-28","Unplanned","8","Unpaid","Quality Assurance & Food Safety","Waleed Baig"
"BLD-100439","2024-07-31","Sick","8","Paid","Quality Assurance & Food Safety","Waleed Baig"
"BLD-100440","2023-09-24","Late","2","Unpaid","Corporate & Executive Office","Deepak Abdullah"
"BLD-100440","2024-07-23","Sick","8","Paid","Corporate & Executive Office","Deepak Abdullah"
"BLD-100440","2023-09-09","Late","2","Unpaid","Corporate & Executive Office","Deepak Abdullah"
"BLD-100440","2024-05-21","Sick","8","Paid","Corporate & Executive Office","Deepak Abdullah"
"BLD-100440","2024-09-19","Late","1","Unpaid","Corporate & Executive Office","Deepak Abdullah"
"BLD-100440","2024-10-15","Late","2","Unpaid","Corporate & Executive Office","Deepak Abdullah"
"BLD-100440","2023-07-05","Unplanned","8","Unpaid","Corporate & Executive Office","Deepak Abdullah"
"BLD-100440","2024-10-10","Late","1","Unpaid","Corporate & Executive Office","Deepak Abdullah"
"BLD-100441","2025-11-17","Sick","8","Paid","Procurement","Manoj Iqbal"
"BLD-100441","2025-09-18","Unplanned","8","Unpaid","Procurement","Manoj Iqbal"
"BLD-100441","2025-11-21","Sick","8","Paid","Procurement","Manoj Iqbal"
"BLD-100441","2024-07-19","Late","2","Unpaid","Procurement","Manoj Iqbal"
"BLD-100441","2024-03-18","Unplanned","8","Unpaid","Procurement","Manoj Iqbal"
"BLD-100441","2024-03-19","Late","3","Unpaid","Procurement","Manoj Iqbal"
"BLD-100441","2024-03-14","Sick","8","Paid","Procurement","Manoj Iqbal"
"BLD-100441","2025-02-14","Sick","8","Paid","Procurement","Manoj Iqbal"
"BLD-100441","2024-05-09","Unplanned","8","Unpaid","Procurement","Manoj Iqbal"
"BLD-100441","2023-03-17","Sick","8","Paid","Procurement","Manoj Iqbal"
"BLD-100441","2024-01-06","Sick","8","Paid","Procurement","Manoj Iqbal"
"BLD-100441","2025-02-27","Unplanned","8","Paid","Procurement","Manoj Iqbal"
"BLD-100441","2023-06-02","Sick","8","Paid","Procurement","Manoj Iqbal"
"BLD-100442","2025-05-05","Unplanned","8","Paid","IT & Digital","Mona Khan"
"BLD-100442","2025-02-22","Late","1","Paid","IT & Digital","Mona Khan"
"BLD-100442","2025-06-26","Late","1","Unpaid","IT & Digital","Mona Khan"
"BLD-100442","2024-08-18","Late","2","Unpaid","IT & Digital","Mona Khan"
"BLD-100442","2023-02-14","Other","8","Unpaid","IT & Digital","Mona Khan"
"BLD-100442","2024-01-04","Late","1","Unpaid","IT & Digital","Mona Khan"
"BLD-100442","2025-05-05","Late","2","Unpaid","IT & Digital","Mona Khan"
"BLD-100442","2024-09-20","Unplanned","8","Paid","IT & Digital","Mona Khan"
"BLD-100442","2025-07-23","Other","8","Unpaid","IT & Digital","Mona Khan"
"BLD-100442","2025-01-16","Sick","8","Paid","IT & Digital","Mona Khan"
"BLD-100442","2024-07-20","Sick","8","Paid","IT & Digital","Mona Khan"
"BLD-100442","2025-07-19","Sick","8","Paid","IT & Digital","Mona Khan"
"BLD-100442","2025-01-22","Late","3","Unpaid","IT & Digital","Mona Khan"
"BLD-100442","2025-11-23","Sick","8","Paid","IT & Digital","Mona Khan"
"BLD-100442","2024-12-17","Sick","8","Paid","IT & Digital","Mona Khan"
"BLD-100442","2025-02-23","Late","2","Unpaid","IT & Digital","Mona Khan"
"BLD-100442","2024-06-25","Sick","8","Paid","IT & Digital","Mona Khan"
"BLD-100442","2024-04-14","Other","8","Unpaid","IT & Digital","Mona Khan"
"BLD-100442","2023-10-16","Late","1","Unpaid","IT & Digital","Mona Khan"
"BLD-100442","2025-09-25","Unplanned","8","Unpaid","IT & Digital","Mona Khan"
"BLD-100442","2024-03-17","Other","8","Paid","IT & Digital","Mona Khan"
"BLD-100442","2025-07-18","Unplanned","8","Paid","IT & Digital","Mona Khan"
"BLD-100442","2025-09-24","Late","2","Unpaid","IT & Digital","Mona Khan"
"BLD-100443","2023-07-21","Sick","8","Paid","Sales & Distribution","Anil Khan"
"BLD-100443","2025-02-02","Sick","8","Paid","Sales & Distribution","Anil Khan"
"BLD-100443","2025-03-14","Sick","8","Paid","Sales & Distribution","Anil Khan"
"BLD-100443","2024-10-09","Sick","8","Paid","Sales & Distribution","Anil Khan"
"BLD-100444","2024-03-02","Sick","8","Paid","Supply Chain & Logistics","Priya Farouk"
"BLD-100444","2023-08-04","Sick","8","Paid","Supply Chain & Logistics","Priya Farouk"
"BLD-100444","2023-09-11","Sick","8","Paid","Supply Chain & Logistics","Priya Farouk"
"BLD-100444","2024-11-21","Sick","8","Paid","Supply Chain & Logistics","Priya Farouk"
"BLD-100445","2025-07-14","Sick","8","Paid","Marketing","Rakesh Kapoor"
"BLD-100445","2024-07-23","Late","1","Unpaid","Marketing","Rakesh Kapoor"
"BLD-100445","2024-12-21","Sick","8","Paid","Marketing","Rakesh Kapoor"
"BLD-100445","2024-11-29","Sick","8","Paid","Marketing","Rakesh Kapoor"
"BLD-100445","2025-02-15","Other","8","Unpaid","Marketing","Rakesh Kapoor"
"BLD-100445","2024-07-03","Late","2","Unpaid","Marketing","Rakesh Kapoor"
"BLD-100445","2025-01-03","Sick","8","Paid","Marketing","Rakesh Kapoor"
"BLD-100446","2023-01-29","Sick","8","Paid","Sales & Distribution","Arjun Fernandes"
"BLD-100447","2024-08-28","Sick","8","Paid","Quality Assurance & Food Safety","Aisha Malik"
"BLD-100447","2024-12-18","Unplanned","8","Unpaid","Quality Assurance & Food Safety","Aisha Malik"
"BLD-100447","2025-01-27","Sick","8","Paid","Quality Assurance & Food Safety","Aisha Malik"
"BLD-100447","2024-12-25","Late","1","Unpaid","Quality Assurance & Food Safety","Aisha Malik"
"BLD-100448","2024-05-08","Unplanned","8","Paid","Procurement","Huda Al-Sayed"
"BLD-100448","2025-04-02","Unplanned","8","Unpaid","Procurement","Huda Al-Sayed"
"BLD-100448","2024-04-10","Sick","8","Paid","Procurement","Huda Al-Sayed"
"BLD-100448","2025-11-09","Sick","8","Paid","Procurement","Huda Al-Sayed"
"BLD-100448","2024-02-02","Unplanned","8","Unpaid","Procurement","Huda Al-Sayed"
"BLD-100448","2023-04-02","Unplanned","8","Paid","Procurement","Huda Al-Sayed"
"BLD-100448","2024-08-26","Other","8","Paid","Procurement","Huda Al-Sayed"
"BLD-100448","2023-06-16","Sick","8","Paid","Procurement","Huda Al-Sayed"
"BLD-100448","2024-01-24","Sick","8","Paid","Procurement","Huda Al-Sayed"
"BLD-100448","2025-11-28","Sick","8","Paid","Procurement","Huda Al-Sayed"
"BLD-100448","2025-05-15","Sick","8","Paid","Procurement","Huda Al-Sayed"
"BLD-100448","2024-09-04","Other","8","Unpaid","Procurement","Huda Al-Sayed"
"BLD-100448","2023-07-19","Late","3","Unpaid","Procurement","Huda Al-Sayed"
"BLD-100448","2025-08-02","Unplanned","8","Paid","Procurement","Huda Al-Sayed"
"BLD-100448","2025-04-25","Sick","8","Paid","Procurement","Huda Al-Sayed"
"BLD-100449","2023-04-22","Unplanned","8","Paid","Procurement","Huda Al-Sayed"
"BLD-100449","2023-09-03","Sick","8","Paid","Procurement","Huda Al-Sayed"
"BLD-100450","2023-02-22","Sick","8","Paid","Supply Chain & Logistics","Anil Fernandes"
"BLD-100450","2024-01-11","Late","1","Paid","Supply Chain & Logistics","Anil Fernandes"
"BLD-100450","2023-01-15","Late","1","Unpaid","Supply Chain & Logistics","Anil Fernandes"
"BLD-100450","2024-08-03","Sick","8","Paid","Supply Chain & Logistics","Anil Fernandes"
"BLD-100450","2023-07-22","Sick","8","Paid","Supply Chain & Logistics","Anil Fernandes"
"BLD-100450","2023-07-20","Sick","8","Paid","Supply Chain & Logistics","Anil Fernandes"
"BLD-100450","2025-02-27","Late","2","Unpaid","Supply Chain & Logistics","Anil Fernandes"
"BLD-100450","2025-06-26","Sick","8","Paid","Supply Chain & Logistics","Anil Fernandes"
"BLD-100450","2023-02-08","Unplanned","8","Unpaid","Supply Chain & Logistics","Anil Fernandes"
"BLD-100450","2025-08-26","Sick","8","Paid","Supply Chain & Logistics","Anil Fernandes"
"BLD-100450","2024-01-05","Late","3","Unpaid","Supply Chain & Logistics","Anil Fernandes"
"BLD-100450","2025-09-07","Unplanned","8","Unpaid","Supply Chain & Logistics","Anil Fernandes"
"BLD-100450","2024-09-28","Unplanned","8","Unpaid","Supply Chain & Logistics","Anil Fernandes"
"BLD-100450","2025-07-16","Sick","8","Paid","Supply Chain & Logistics","Anil Fernandes"
"BLD-100450","2024-10-19","Sick","8","Paid","Supply Chain & Logistics","Anil Fernandes"
"BLD-100450","2024-06-14","Late","2","Paid","Supply Chain & Logistics","Anil Fernandes"
"BLD-100450","2023-12-17","Late","2","Unpaid","Supply Chain & Logistics","Anil Fernandes"
"BLD-100450","2024-08-09","Sick","8","Paid","Supply Chain & Logistics","Anil Fernandes"
"BLD-100450","2023-08-30","Sick","8","Paid","Supply Chain & Logistics","Anil Fernandes"
"BLD-100451","2023-12-06","Unplanned","8","Unpaid","Corporate & Executive Office","Mona Ahmed"
"BLD-100451","2024-10-11","Sick","8","Paid","Corporate & Executive Office","Mona Ahmed"
"BLD-100451","2023-10-06","Sick","8","Paid","Corporate & Executive Office","Mona Ahmed"
"BLD-100451","2023-07-11","Sick","8","Paid","Corporate & Executive Office","Mona Ahmed"
"BLD-100451","2025-08-30","Sick","8","Paid","Corporate & Executive Office","Mona Ahmed"
"BLD-100451","2025-03-17","Unplanned","8","Paid","Corporate & Executive Office","Mona Ahmed"
"BLD-100451","2024-01-29","Sick","8","Paid","Corporate & Executive Office","Mona Ahmed"
"BLD-100451","2023-05-10","Unplanned","8","Unpaid","Corporate & Executive Office","Mona Ahmed"
"BLD-100451","2025-04-09","Sick","8","Paid","Corporate & Executive Office","Mona Ahmed"
"BLD-100451","2025-06-08","Unplanned","8","Unpaid","Corporate & Executive Office","Mona Ahmed"
"BLD-100451","2025-03-08","Sick","8","Paid","Corporate & Executive Office","Mona Ahmed"
"BLD-100452","2023-12-09","Sick","8","Paid","R&D","Salma Mansour"
"BLD-100452","2025-04-22","Sick","8","Paid","R&D","Salma Mansour"
"BLD-100452","2024-06-11","Sick","8","Paid","R&D","Salma Mansour"
"BLD-100452","2023-04-25","Unplanned","8","Unpaid","R&D","Salma Mansour"
"BLD-100452","2023-11-18","Unplanned","8","Paid","R&D","Salma Mansour"
"BLD-100452","2023-12-09","Sick","8","Paid","R&D","Salma Mansour"
"BLD-100452","2025-12-25","Late","2","Unpaid","R&D","Salma Mansour"
"BLD-100453","2025-03-22","Unplanned","8","Paid","Supply Chain & Logistics","Prakash Kapoor"
"BLD-100453","2023-05-06","Sick","8","Paid","Supply Chain & Logistics","Prakash Kapoor"
"BLD-100453","2025-05-18","Unplanned","8","Unpaid","Supply Chain & Logistics","Prakash Kapoor"
"BLD-100453","2025-09-28","Unplanned","8","Paid","Supply Chain & Logistics","Prakash Kapoor"
"BLD-100453","2025-06-19","Unplanned","8","Paid","Supply Chain & Logistics","Prakash Kapoor"
"BLD-100453","2025-10-04","Unplanned","8","Unpaid","Supply Chain & Logistics","Prakash Kapoor"
"BLD-100453","2024-08-02","Sick","8","Paid","Supply Chain & Logistics","Prakash Kapoor"
"BLD-100453","2025-05-07","Unplanned","8","Paid","Supply Chain & Logistics","Prakash Kapoor"
"BLD-100453","2023-08-08","Sick","8","Paid","Supply Chain & Logistics","Prakash Kapoor"
"BLD-100453","2025-08-12","Unplanned","8","Paid","Supply Chain & Logistics","Prakash Kapoor"
"BLD-100453","2024-01-23","Unplanned","8","Unpaid","Supply Chain & Logistics","Prakash Kapoor"
"BLD-100453","2024-05-27","Sick","8","Paid","Supply Chain & Logistics","Prakash Kapoor"
"BLD-100453","2024-08-18","Sick","8","Paid","Supply Chain & Logistics","Prakash Kapoor"
"BLD-100453","2024-01-29","Unplanned","8","Unpaid","Supply Chain & Logistics","Prakash Kapoor"
"BLD-100453","2023-05-30","Sick","8","Paid","Supply Chain & Logistics","Prakash Kapoor"
"BLD-100453","2024-03-11","Sick","8","Paid","Supply Chain & Logistics","Prakash Kapoor"
"BLD-100454","2023-04-03","Sick","8","Paid","Farm Operations","Noor Islam"
"BLD-100454","2023-04-25","Sick","8","Paid","Farm Operations","Noor Islam"
"BLD-100454","2023-07-22","Sick","8","Paid","Farm Operations","Noor Islam"
"BLD-100454","2023-05-05","Unplanned","8","Paid","Farm Operations","Noor Islam"
"BLD-100454","2023-10-27","Late","3","Unpaid","Farm Operations","Noor Islam"
"BLD-100455","2023-11-09","Unplanned","8","Unpaid","Farm Operations","Kumar Islam"
"BLD-100455","2024-05-02","Other","8","Unpaid","Farm Operations","Kumar Islam"
"BLD-100455","2025-12-18","Late","1","Paid","Farm Operations","Kumar Islam"
"BLD-100455","2024-09-25","Late","2","Paid","Farm Operations","Kumar Islam"
"BLD-100455","2023-01-12","Sick","8","Paid","Farm Operations","Kumar Islam"
"BLD-100455","2023-02-21","Unplanned","8","Paid","Farm Operations","Kumar Islam"
"BLD-100455","2024-10-04","Sick","8","Paid","Farm Operations","Kumar Islam"
"BLD-100455","2025-10-20","Sick","8","Paid","Farm Operations","Kumar Islam"
"BLD-100455","2023-09-01","Sick","8","Paid","Farm Operations","Kumar Islam"
"BLD-100455","2023-07-24","Sick","8","Paid","Farm Operations","Kumar Islam"
"BLD-100455","2025-01-28","Sick","8","Paid","Farm Operations","Kumar Islam"
"BLD-100456","2024-03-14","Other","8","Unpaid","Farm Operations","Ahmed Cruz"
"BLD-100456","2025-06-28","Other","8","Unpaid","Farm Operations","Ahmed Cruz"
"BLD-100456","2025-11-24","Sick","8","Paid","Farm Operations","Ahmed Cruz"
"BLD-100456","2024-03-30","Sick","8","Paid","Farm Operations","Ahmed Cruz"
"BLD-100456","2023-05-10","Unplanned","8","Unpaid","Farm Operations","Ahmed Cruz"
"BLD-100456","2023-09-25","Sick","8","Paid","Farm Operations","Ahmed Cruz"
"BLD-100457","2023-02-21","Sick","8","Paid","Marketing","Juan Sharma"
"BLD-100457","2023-12-24","Unplanned","8","Unpaid","Marketing","Juan Sharma"
"BLD-100457","2023-03-14","Sick","8","Paid","Marketing","Juan Sharma"
"BLD-100457","2025-03-17","Sick","8","Paid","Marketing","Juan Sharma"
"BLD-100457","2023-12-08","Sick","8","Paid","Marketing","Juan Sharma"
"BLD-100457","2025-11-25","Sick","8","Paid","Marketing","Juan Sharma"
"BLD-100457","2025-05-28","Sick","8","Paid","Marketing","Juan Sharma"
"BLD-100457","2023-02-14","Unplanned","8","Paid","Marketing","Juan Sharma"
"BLD-100457","2025-07-12","Late","2","Paid","Marketing","Juan Sharma"
"BLD-100457","2025-05-11","Late","1","Unpaid","Marketing","Juan Sharma"
"BLD-100457","2024-11-12","Sick","8","Paid","Marketing","Juan Sharma"
"BLD-100457","2025-08-25","Unplanned","8","Unpaid","Marketing","Juan Sharma"
"BLD-100457","2024-06-20","Late","1","Unpaid","Marketing","Juan Sharma"
"BLD-100457","2024-09-08","Sick","8","Paid","Marketing","Juan Sharma"
"BLD-100457","2025-06-09","Sick","8","Paid","Marketing","Juan Sharma"
"BLD-100457","2025-06-13","Other","8","Paid","Marketing","Juan Sharma"
"BLD-100457","2023-05-22","Sick","8","Paid","Marketing","Juan Sharma"
"BLD-100457","2023-05-12","Sick","8","Paid","Marketing","Juan Sharma"
"BLD-100458","2025-09-11","Sick","8","Paid","Finance","Reem El-Sayed"
"BLD-100458","2025-02-04","Sick","8","Paid","Finance","Reem El-Sayed"
"BLD-100458","2025-02-12","Sick","8","Paid","Finance","Reem El-Sayed"
"BLD-100458","2025-04-17","Unplanned","8","Unpaid","Finance","Reem El-Sayed"
"BLD-100458","2024-01-05","Sick","8","Paid","Finance","Reem El-Sayed"
"BLD-100458","2025-06-17","Unplanned","8","Unpaid","Finance","Reem El-Sayed"
"BLD-100458","2025-08-12","Unplanned","8","Paid","Finance","Reem El-Sayed"
"BLD-100459","2023-05-23","Sick","8","Paid","Finance","Reem Islam"
"BLD-100459","2023-08-28","Unplanned","8","Paid","Finance","Reem Islam"
"BLD-100459","2023-01-16","Sick","8","Paid","Finance","Reem Islam"
"BLD-100459","2023-02-24","Late","1","Unpaid","Finance","Reem Islam"
"BLD-100459","2023-07-16","Unplanned","8","Unpaid","Finance","Reem Islam"
"BLD-100459","2023-08-11","Late","2","Unpaid","Finance","Reem Islam"
"BLD-100460","2023-05-10","Sick","8","Paid","Finance","Noor Sharma"
"BLD-100461","2024-01-21","Sick","8","Paid","Finance","Grace Reyes"
"BLD-100461","2023-10-18","Late","3","Unpaid","Finance","Grace Reyes"
"BLD-100461","2024-01-31","Sick","8","Paid","Finance","Grace Reyes"
"BLD-100461","2023-11-16","Sick","8","Paid","Finance","Grace Reyes"
"BLD-100461","2023-06-24","Late","3","Paid","Finance","Grace Reyes"
"BLD-100461","2023-02-04","Sick","8","Paid","Finance","Grace Reyes"
"BLD-100462","2023-08-28","Sick","8","Paid","Supply Chain & Logistics","Anil Islam"
"BLD-100462","2024-01-02","Sick","8","Paid","Supply Chain & Logistics","Anil Islam"
"BLD-100462","2024-11-21","Unplanned","8","Unpaid","Supply Chain & Logistics","Anil Islam"
"BLD-100462","2023-10-27","Other","8","Paid","Supply Chain & Logistics","Anil Islam"
"BLD-100462","2025-01-03","Sick","8","Paid","Supply Chain & Logistics","Anil Islam"
"BLD-100463","2023-03-10","Sick","8","Paid","Quality Assurance & Food Safety","Manoj Al-Kuwari"
"BLD-100463","2025-09-11","Unplanned","8","Unpaid","Quality Assurance & Food Safety","Manoj Al-Kuwari"
"BLD-100463","2025-08-14","Sick","8","Paid","Quality Assurance & Food Safety","Manoj Al-Kuwari"
"BLD-100464","2024-12-16","Sick","8","Paid","Finance","Noor Al-Sayed"
"BLD-100464","2023-10-08","Sick","8","Paid","Finance","Noor Al-Sayed"
"BLD-100464","2023-03-01","Sick","8","Paid","Finance","Noor Al-Sayed"
"BLD-100464","2025-12-01","Late","3","Unpaid","Finance","Noor Al-Sayed"
"BLD-100464","2024-08-31","Unplanned","8","Paid","Finance","Noor Al-Sayed"
"BLD-100464","2024-11-14","Unplanned","8","Paid","Finance","Noor Al-Sayed"
"BLD-100464","2025-04-24","Other","8","Unpaid","Finance","Noor Al-Sayed"
"BLD-100464","2024-07-23","Sick","8","Paid","Finance","Noor Al-Sayed"
"BLD-100465","2025-01-20","Sick","8","Paid","People & Culture","Hind Youssef"
"BLD-100465","2023-01-30","Sick","8","Paid","People & Culture","Hind Youssef"
"BLD-100465","2024-03-14","Sick","8","Paid","People & Culture","Hind Youssef"
"BLD-100465","2025-01-31","Sick","8","Paid","People & Culture","Hind Youssef"
"BLD-100465","2024-05-31","Unplanned","8","Paid","People & Culture","Hind Youssef"
"BLD-100465","2025-12-18","Unplanned","8","Unpaid","People & Culture","Hind Youssef"
"BLD-100465","2025-12-29","Unplanned","8","Unpaid","People & Culture","Hind Youssef"
"BLD-100465","2024-05-30","Sick","8","Paid","People & Culture","Hind Youssef"
"BLD-100465","2023-11-27","Sick","8","Paid","People & Culture","Hind Youssef"
"BLD-100465","2024-06-17","Late","2","Paid","People & Culture","Hind Youssef"
"BLD-100465","2023-12-02","Other","8","Unpaid","People & Culture","Hind Youssef"
"BLD-100465","2023-07-05","Sick","8","Paid","People & Culture","Hind Youssef"
"BLD-100465","2023-05-15","Sick","8","Paid","People & Culture","Hind Youssef"
"BLD-100465","2024-06-28","Sick","8","Paid","People & Culture","Hind Youssef"
"BLD-100465","2025-12-16","Sick","8","Paid","People & Culture","Hind Youssef"
"BLD-100465","2024-09-01","Sick","8","Paid","People & Culture","Hind Youssef"
"BLD-100465","2024-09-16","Sick","8","Paid","People & Culture","Hind Youssef"
"BLD-100465","2025-12-06","Sick","8","Paid","People & Culture","Hind Youssef"
"BLD-100465","2025-08-01","Late","1","Paid","People & Culture","Hind Youssef"
"BLD-100466","2025-05-17","Unplanned","8","Unpaid","Production","Ahmed Khan"
"BLD-100466","2025-04-24","Sick","8","Paid","Production","Ahmed Khan"
"BLD-100466","2023-02-24","Unplanned","8","Paid","Production","Ahmed Khan"
"BLD-100466","2023-10-18","Unplanned","8","Paid","Production","Ahmed Khan"
"BLD-100466","2023-09-23","Late","2","Unpaid","Production","Ahmed Khan"
"BLD-100466","2025-06-03","Sick","8","Paid","Production","Ahmed Khan"
"BLD-100466","2024-01-02","Late","2","Paid","Production","Ahmed Khan"
"BLD-100466","2025-05-13","Unplanned","8","Paid","Production","Ahmed Khan"
"BLD-100466","2025-02-01","Sick","8","Paid","Production","Ahmed Khan"
"BLD-100466","2023-10-09","Sick","8","Paid","Production","Ahmed Khan"
"BLD-100466","2024-12-16","Late","2","Paid","Production","Ahmed Khan"
"BLD-100466","2024-09-23","Unplanned","8","Unpaid","Production","Ahmed Khan"
"BLD-100466","2025-02-13","Other","8","Unpaid","Production","Ahmed Khan"
"BLD-100466","2023-08-12","Unplanned","8","Unpaid","Production","Ahmed Khan"
"BLD-100466","2025-06-24","Sick","8","Paid","Production","Ahmed Khan"
"BLD-100466","2024-08-19","Sick","8","Paid","Production","Ahmed Khan"
"BLD-100466","2024-03-16","Sick","8","Paid","Production","Ahmed Khan"
"BLD-100466","2023-06-18","Unplanned","8","Unpaid","Production","Ahmed Khan"
"BLD-100466","2023-06-25","Unplanned","8","Unpaid","Production","Ahmed Khan"
"BLD-100467","2023-02-07","Sick","8","Paid","People & Culture","Hari Reyes"
"BLD-100467","2023-02-27","Sick","8","Paid","People & Culture","Hari Reyes"
"BLD-100467","2023-01-29","Unplanned","8","Unpaid","People & Culture","Hari Reyes"
"BLD-100468","2024-03-19","Sick","8","Paid","Sales & Distribution","Nadia Baig"
"BLD-100468","2023-08-27","Late","3","Unpaid","Sales & Distribution","Nadia Baig"
"BLD-100468","2024-01-14","Sick","8","Paid","Sales & Distribution","Nadia Baig"
"BLD-100468","2024-06-15","Unplanned","8","Unpaid","Sales & Distribution","Nadia Baig"
"BLD-100468","2023-08-03","Sick","8","Paid","Sales & Distribution","Nadia Baig"
"BLD-100468","2023-04-01","Sick","8","Paid","Sales & Distribution","Nadia Baig"
"BLD-100468","2024-04-23","Sick","8","Paid","Sales & Distribution","Nadia Baig"
"BLD-100468","2024-07-06","Sick","8","Paid","Sales & Distribution","Nadia Baig"
"BLD-100468","2024-07-14","Sick","8","Paid","Sales & Distribution","Nadia Baig"
"BLD-100469","2024-02-11","Unplanned","8","Paid","People & Culture","Mona Thapa"
"BLD-100469","2023-02-18","Late","1","Paid","People & Culture","Mona Thapa"
"BLD-100469","2024-06-13","Sick","8","Paid","People & Culture","Mona Thapa"
"BLD-100470","2024-05-25","Late","1","Paid","Quality Assurance & Food Safety","Nadia Santos"
"BLD-100470","2024-07-18","Unplanned","8","Unpaid","Quality Assurance & Food Safety","Nadia Santos"
"BLD-100470","2024-03-03","Sick","8","Paid","Quality Assurance & Food Safety","Nadia Santos"
"BLD-100470","2024-01-11","Other","8","Paid","Quality Assurance & Food Safety","Nadia Santos"
"BLD-100470","2023-06-30","Unplanned","8","Unpaid","Quality Assurance & Food Safety","Nadia Santos"
"BLD-100470","2023-01-27","Sick","8","Paid","Quality Assurance & Food Safety","Nadia Santos"
"BLD-100470","2024-03-19","Sick","8","Paid","Quality Assurance & Food Safety","Nadia Santos"
"BLD-100470","2023-01-28","Unplanned","8","Unpaid","Quality Assurance & Food Safety","Nadia Santos"
"BLD-100471","2023-03-05","Sick","8","Paid","Finance","Bishnu Pereira"
"BLD-100471","2023-01-26","Unplanned","8","Paid","Finance","Bishnu Pereira"
"BLD-100471","2023-03-21","Unplanned","8","Paid","Finance","Bishnu Pereira"
"BLD-100471","2023-02-14","Late","2","Unpaid","Finance","Bishnu Pereira"
"BLD-100472","2023-08-25","Sick","8","Paid","Production","Tariq Youssef"
"BLD-100472","2024-09-09","Unplanned","8","Paid","Production","Tariq Youssef"
"BLD-100472","2024-07-09","Sick","8","Paid","Production","Tariq Youssef"
"BLD-100472","2024-12-18","Other","8","Unpaid","Production","Tariq Youssef"
"BLD-100472","2023-01-27","Sick","8","Paid","Production","Tariq Youssef"
"BLD-100472","2024-04-02","Sick","8","Paid","Production","Tariq Youssef"
"BLD-100472","2023-07-04","Unplanned","8","Unpaid","Production","Tariq Youssef"
"BLD-100472","2025-03-01","Late","1","Unpaid","Production","Tariq Youssef"
"BLD-100472","2024-05-15","Sick","8","Paid","Production","Tariq Youssef"
"BLD-100472","2023-07-01","Unplanned","8","Unpaid","Production","Tariq Youssef"
"BLD-100472","2024-11-30","Sick","8","Paid","Production","Tariq Youssef"
"BLD-100472","2024-07-08","Sick","8","Paid","Production","Tariq Youssef"
"BLD-100472","2023-08-25","Late","1","Paid","Production","Tariq Youssef"
"BLD-100472","2024-07-09","Sick","8","Paid","Production","Tariq Youssef"
"BLD-100472","2025-11-03","Late","2","Unpaid","Production","Tariq Youssef"
"BLD-100472","2023-05-16","Late","3","Paid","Production","Tariq Youssef"
"BLD-100472","2024-02-11","Unplanned","8","Unpaid","Production","Tariq Youssef"
"BLD-100474","2023-10-22","Unplanned","8","Paid","Production","Faisal Chowdhury"
"BLD-100474","2025-03-08","Unplanned","8","Paid","Production","Faisal Chowdhury"
"BLD-100474","2024-04-12","Unplanned","8","Unpaid","Production","Faisal Chowdhury"
"BLD-100474","2023-04-06","Sick","8","Paid","Production","Faisal Chowdhury"
"BLD-100474","2024-11-04","Sick","8","Paid","Production","Faisal Chowdhury"
"BLD-100474","2024-11-13","Late","2","Unpaid","Production","Faisal Chowdhury"
"BLD-100474","2025-06-13","Unplanned","8","Unpaid","Production","Faisal Chowdhury"
"BLD-100474","2023-12-06","Other","8","Paid","Production","Faisal Chowdhury"
"BLD-100474","2023-02-02","Unplanned","8","Paid","Production","Faisal Chowdhury"
"BLD-100474","2024-08-23","Sick","8","Paid","Production","Faisal Chowdhury"
"BLD-100474","2025-04-04","Unplanned","8","Unpaid","Production","Faisal Chowdhury"
"BLD-100475","2023-01-11","Late","3","Unpaid","Production","Sanjay Cruz"
"BLD-100476","2023-11-26","Unplanned","8","Unpaid","Quality Assurance & Food Safety","Suresh Reyes"
"BLD-100476","2023-10-17","Other","8","Paid","Quality Assurance & Food Safety","Suresh Reyes"
"BLD-100476","2024-01-06","Sick","8","Paid","Quality Assurance & Food Safety","Suresh Reyes"
"BLD-100476","2023-06-24","Sick","8","Paid","Quality Assurance & Food Safety","Suresh Reyes"
"BLD-100476","2025-02-28","Sick","8","Paid","Quality Assurance & Food Safety","Suresh Reyes"
"BLD-100476","2024-06-07","Late","1","Unpaid","Quality Assurance & Food Safety","Suresh Reyes"
"BLD-100476","2023-01-26","Unplanned","8","Unpaid","Quality Assurance & Food Safety","Suresh Reyes"
"BLD-100476","2023-04-11","Unplanned","8","Unpaid","Quality Assurance & Food Safety","Suresh Reyes"
"BLD-100476","2023-11-20","Sick","8","Paid","Quality Assurance & Food Safety","Suresh Reyes"
"BLD-100476","2025-04-18","Sick","8","Paid","Quality Assurance & Food Safety","Suresh Reyes"
"BLD-100476","2023-07-06","Sick","8","Paid","Quality Assurance & Food Safety","Suresh Reyes"
"BLD-100476","2024-05-22","Unplanned","8","Paid","Quality Assurance & Food Safety","Suresh Reyes"
"BLD-100476","2025-02-28","Late","1","Paid","Quality Assurance & Food Safety","Suresh Reyes"
"BLD-100476","2024-01-22","Late","2","Paid","Quality Assurance & Food Safety","Suresh Reyes"
"BLD-100476","2024-06-24","Sick","8","Paid","Quality Assurance & Food Safety","Suresh Reyes"
"BLD-100476","2023-07-14","Unplanned","8","Paid","Quality Assurance & Food Safety","Suresh Reyes"
"BLD-100476","2025-02-06","Sick","8","Paid","Quality Assurance & Food Safety","Suresh Reyes"
"BLD-100477","2024-12-12","Sick","8","Paid","Engineering & Maintenance","Anil Mahmoud"
"BLD-100477","2025-02-27","Late","2","Paid","Engineering & Maintenance","Anil Mahmoud"
"BLD-100477","2023-02-06","Unplanned","8","Unpaid","Engineering & Maintenance","Anil Mahmoud"
"BLD-100478","2024-08-03","Unplanned","8","Paid","Sales & Distribution","Vikram Santos"
"BLD-100478","2023-04-01","Sick","8","Paid","Sales & Distribution","Vikram Santos"
"BLD-100478","2025-04-27","Unplanned","8","Unpaid","Sales & Distribution","Vikram Santos"
"BLD-100478","2025-11-18","Sick","8","Paid","Sales & Distribution","Vikram Santos"
"BLD-100478","2024-12-15","Unplanned","8","Unpaid","Sales & Distribution","Vikram Santos"
"BLD-100478","2024-01-12","Sick","8","Paid","Sales & Distribution","Vikram Santos"
"BLD-100478","2024-06-20","Sick","8","Paid","Sales & Distribution","Vikram Santos"
"BLD-100478","2024-06-11","Late","1","Unpaid","Sales & Distribution","Vikram Santos"
"BLD-100478","2025-06-25","Unplanned","8","Unpaid","Sales & Distribution","Vikram Santos"
"BLD-100478","2025-02-09","Unplanned","8","Unpaid","Sales & Distribution","Vikram Santos"
"BLD-100478","2023-04-23","Sick","8","Paid","Sales & Distribution","Vikram Santos"
"BLD-100478","2024-07-22","Late","2","Unpaid","Sales & Distribution","Vikram Santos"
"BLD-100478","2025-11-22","Late","1","Unpaid","Sales & Distribution","Vikram Santos"
"BLD-100478","2025-12-29","Unplanned","8","Unpaid","Sales & Distribution","Vikram Santos"
"BLD-100478","2023-08-24","Sick","8","Paid","Sales & Distribution","Vikram Santos"
"BLD-100478","2023-09-18","Unplanned","8","Unpaid","Sales & Distribution","Vikram Santos"
"BLD-100478","2023-02-22","Late","1","Unpaid","Sales & Distribution","Vikram Santos"
"BLD-100478","2023-03-21","Sick","8","Paid","Sales & Distribution","Vikram Santos"
"BLD-100479","2024-10-23","Sick","8","Paid","Farm Operations","Krishna Thapa"
"BLD-100479","2024-08-18","Sick","8","Paid","Farm Operations","Krishna Thapa"
"BLD-100479","2023-03-27","Sick","8","Paid","Farm Operations","Krishna Thapa"
"BLD-100479","2025-04-16","Sick","8","Paid","Farm Operations","Krishna Thapa"
"BLD-100479","2024-07-05","Sick","8","Paid","Farm Operations","Krishna Thapa"
"BLD-100479","2024-07-28","Unplanned","8","Unpaid","Farm Operations","Krishna Thapa"
"BLD-100479","2025-03-29","Unplanned","8","Paid","Farm Operations","Krishna Thapa"
"BLD-100479","2024-07-27","Late","3","Unpaid","Farm Operations","Krishna Thapa"
"BLD-100479","2024-08-21","Unplanned","8","Unpaid","Farm Operations","Krishna Thapa"
"BLD-100479","2024-05-23","Late","2","Paid","Farm Operations","Krishna Thapa"
"BLD-100479","2024-05-02","Sick","8","Paid","Farm Operations","Krishna Thapa"
"BLD-100479","2025-03-23","Sick","8","Paid","Farm Operations","Krishna Thapa"
"BLD-100479","2023-05-01","Sick","8","Paid","Farm Operations","Krishna Thapa"
"BLD-100479","2024-11-15","Sick","8","Paid","Farm Operations","Krishna Thapa"
"BLD-100480","2025-09-05","Sick","8","Paid","Finance","Krishna Cruz"
"BLD-100480","2025-08-04","Sick","8","Paid","Finance","Krishna Cruz"
"BLD-100480","2023-08-26","Unplanned","8","Unpaid","Finance","Krishna Cruz"
"BLD-100480","2024-03-18","Unplanned","8","Paid","Finance","Krishna Cruz"
"BLD-100480","2023-01-04","Late","1","Paid","Finance","Krishna Cruz"
"BLD-100480","2023-02-12","Unplanned","8","Unpaid","Finance","Krishna Cruz"
"BLD-100480","2025-06-04","Unplanned","8","Unpaid","Finance","Krishna Cruz"
"BLD-100480","2025-06-29","Sick","8","Paid","Finance","Krishna Cruz"
"BLD-100480","2025-08-30","Other","8","Paid","Finance","Krishna Cruz"
"BLD-100480","2024-03-12","Late","1","Unpaid","Finance","Krishna Cruz"
"BLD-100480","2023-01-13","Sick","8","Paid","Finance","Krishna Cruz"
"BLD-100480","2024-01-07","Late","2","Paid","Finance","Krishna Cruz"
"BLD-100481","2025-02-07","Unplanned","8","Paid","Production","Sameer Reyes"
"BLD-100481","2024-04-08","Sick","8","Paid","Production","Sameer Reyes"
"BLD-100481","2024-05-17","Unplanned","8","Unpaid","Production","Sameer Reyes"
"BLD-100481","2025-02-22","Sick","8","Paid","Production","Sameer Reyes"
"BLD-100481","2023-01-01","Late","2","Unpaid","Production","Sameer Reyes"
"BLD-100482","2024-04-19","Unplanned","8","Unpaid","IT & Digital","Deepak Gurung"
"BLD-100482","2025-02-14","Late","1","Paid","IT & Digital","Deepak Gurung"
"BLD-100482","2024-09-10","Unplanned","8","Unpaid","IT & Digital","Deepak Gurung"
"BLD-100482","2024-02-03","Late","2","Unpaid","IT & Digital","Deepak Gurung"
"BLD-100482","2024-05-19","Unplanned","8","Unpaid","IT & Digital","Deepak Gurung"
"BLD-100482","2024-01-08","Unplanned","8","Paid","IT & Digital","Deepak Gurung"
"BLD-100482","2024-03-02","Sick","8","Paid","IT & Digital","Deepak Gurung"
"BLD-100482","2023-09-13","Unplanned","8","Paid","IT & Digital","Deepak Gurung"
"BLD-100482","2025-04-10","Unplanned","8","Unpaid","IT & Digital","Deepak Gurung"
"BLD-100482","2024-03-23","Late","3","Paid","IT & Digital","Deepak Gurung"
"BLD-100482","2024-04-04","Other","8","Unpaid","IT & Digital","Deepak Gurung"
"BLD-100482","2025-02-23","Late","2","Paid","IT & Digital","Deepak Gurung"
"BLD-100482","2023-07-22","Sick","8","Paid","IT & Digital","Deepak Gurung"
"BLD-100482","2025-03-05","Unplanned","8","Paid","IT & Digital","Deepak Gurung"
"BLD-100483","2025-06-08","Sick","8","Paid","Production","Hari Abdullah"
"BLD-100483","2025-04-29","Late","1","Paid","Production","Hari Abdullah"
"BLD-100483","2023-12-19","Sick","8","Paid","Production","Hari Abdullah"
"BLD-100483","2023-07-16","Unplanned","8","Paid","Production","Hari Abdullah"
"BLD-100483","2023-03-23","Late","3","Paid","Production","Hari Abdullah"
"BLD-100483","2024-07-20","Unplanned","8","Paid","Production","Hari Abdullah"
"BLD-100483","2024-04-18","Sick","8","Paid","Production","Hari Abdullah"
"BLD-100484","2023-07-15","Late","3","Unpaid","Sales & Distribution","Vikram Santos"
"BLD-100484","2024-12-31","Sick","8","Paid","Sales & Distribution","Vikram Santos"
"BLD-100484","2024-07-02","Sick","8","Paid","Sales & Distribution","Vikram Santos"
"BLD-100484","2025-07-28","Sick","8","Paid","Sales & Distribution","Vikram Santos"
"BLD-100484","2024-02-18","Sick","8","Paid","Sales & Distribution","Vikram Santos"
"BLD-100484","2025-05-31","Sick","8","Paid","Sales & Distribution","Vikram Santos"
"BLD-100484","2024-03-04","Unplanned","8","Unpaid","Sales & Distribution","Vikram Santos"
"BLD-100484","2025-06-16","Sick","8","Paid","Sales & Distribution","Vikram Santos"
"BLD-100484","2025-09-03","Other","8","Paid","Sales & Distribution","Vikram Santos"
"BLD-100484","2023-03-24","Sick","8","Paid","Sales & Distribution","Vikram Santos"
"BLD-100485","2025-01-02","Sick","8","Paid","Sales & Distribution","Rajesh Abdullah"
"BLD-100485","2025-11-13","Late","2","Paid","Sales & Distribution","Rajesh Abdullah"
"BLD-100485","2023-03-08","Sick","8","Paid","Sales & Distribution","Rajesh Abdullah"
"BLD-100485","2023-12-14","Late","3","Unpaid","Sales & Distribution","Rajesh Abdullah"
"BLD-100485","2025-10-20","Sick","8","Paid","Sales & Distribution","Rajesh Abdullah"
"BLD-100485","2023-08-27","Sick","8","Paid","Sales & Distribution","Rajesh Abdullah"
"BLD-100485","2024-10-21","Sick","8","Paid","Sales & Distribution","Rajesh Abdullah"
"BLD-100485","2023-12-20","Unplanned","8","Unpaid","Sales & Distribution","Rajesh Abdullah"
"BLD-100485","2025-03-30","Unplanned","8","Paid","Sales & Distribution","Rajesh Abdullah"
"BLD-100485","2025-09-18","Unplanned","8","Paid","Sales & Distribution","Rajesh Abdullah"
"BLD-100485","2024-03-31","Late","2","Paid","Sales & Distribution","Rajesh Abdullah"
"BLD-100485","2024-01-07","Late","1","Unpaid","Sales & Distribution","Rajesh Abdullah"
"BLD-100485","2023-11-19","Unplanned","8","Unpaid","Sales & Distribution","Rajesh Abdullah"
"BLD-100485","2024-08-05","Sick","8","Paid","Sales & Distribution","Rajesh Abdullah"
"BLD-100485","2025-01-23","Late","3","Paid","Sales & Distribution","Rajesh Abdullah"
"BLD-100485","2024-11-24","Unplanned","8","Unpaid","Sales & Distribution","Rajesh Abdullah"
"BLD-100485","2023-05-13","Sick","8","Paid","Sales & Distribution","Rajesh Abdullah"
"BLD-100485","2024-10-31","Unplanned","8","Unpaid","Sales & Distribution","Rajesh Abdullah"
"BLD-100485","2024-08-14","Sick","8","Paid","Sales & Distribution","Rajesh Abdullah"
"BLD-100485","2023-08-20","Sick","8","Paid","Sales & Distribution","Rajesh Abdullah"
"BLD-100486","2023-02-10","Sick","8","Paid","Procurement","Juan Malik"
"BLD-100486","2023-09-09","Other","8","Paid","Procurement","Juan Malik"
"BLD-100486","2023-03-17","Unplanned","8","Unpaid","Procurement","Juan Malik"
"BLD-100486","2023-11-18","Sick","8","Paid","Procurement","Juan Malik"
"BLD-100486","2023-03-12","Sick","8","Paid","Procurement","Juan Malik"
"BLD-100486","2023-01-09","Other","8","Unpaid","Procurement","Juan Malik"
"BLD-100486","2023-09-07","Other","8","Paid","Procurement","Juan Malik"
"BLD-100486","2023-08-16","Late","2","Unpaid","Procurement","Juan Malik"
"BLD-100486","2023-04-05","Unplanned","8","Unpaid","Procurement","Juan Malik"
"BLD-100486","2023-05-25","Late","1","Paid","Procurement","Juan Malik"
"BLD-100487","2024-04-10","Unplanned","8","Paid","Corporate & Executive Office","Sara Khan"
"BLD-100487","2024-03-24","Sick","8","Paid","Corporate & Executive Office","Sara Khan"
"BLD-100487","2023-08-05","Unplanned","8","Paid","Corporate & Executive Office","Sara Khan"
"BLD-100487","2024-04-06","Sick","8","Paid","Corporate & Executive Office","Sara Khan"
"BLD-100487","2023-10-14","Late","2","Paid","Corporate & Executive Office","Sara Khan"
"BLD-100488","2024-10-29","Unplanned","8","Unpaid","Sales & Distribution","Anil Khan"
"BLD-100488","2025-01-29","Sick","8","Paid","Sales & Distribution","Anil Khan"
"BLD-100488","2025-03-15","Unplanned","8","Paid","Sales & Distribution","Anil Khan"
"BLD-100488","2023-05-02","Unplanned","8","Paid","Sales & Distribution","Anil Khan"
"BLD-100488","2024-02-23","Sick","8","Paid","Sales & Distribution","Anil Khan"
"BLD-100488","2024-11-04","Unplanned","8","Paid","Sales & Distribution","Anil Khan"
"BLD-100488","2024-03-04","Late","2","Unpaid","Sales & Distribution","Anil Khan"
"BLD-100488","2025-12-29","Sick","8","Paid","Sales & Distribution","Anil Khan"
"BLD-100489","2024-12-03","Unplanned","8","Paid","Finance","Mohamed Al-Sayed"
"BLD-100489","2025-08-12","Sick","8","Paid","Finance","Mohamed Al-Sayed"
"BLD-100489","2023-04-04","Late","3","Unpaid","Finance","Mohamed Al-Sayed"
"BLD-100489","2025-03-07","Late","2","Unpaid","Finance","Mohamed Al-Sayed"
"BLD-100489","2025-01-26","Sick","8","Paid","Finance","Mohamed Al-Sayed"
"BLD-100489","2025-04-18","Unplanned","8","Unpaid","Finance","Mohamed Al-Sayed"
"BLD-100489","2023-03-01","Sick","8","Paid","Finance","Mohamed Al-Sayed"
"BLD-100489","2023-06-16","Sick","8","Paid","Finance","Mohamed Al-Sayed"
"BLD-100489","2023-04-25","Late","2","Paid","Finance","Mohamed Al-Sayed"
"BLD-100489","2023-08-10","Sick","8","Paid","Finance","Mohamed Al-Sayed"
"BLD-100489","2024-08-16","Late","1","Unpaid","Finance","Mohamed Al-Sayed"
"BLD-100489","2025-06-17","Unplanned","8","Paid","Finance","Mohamed Al-Sayed"
"BLD-100489","2023-11-20","Unplanned","8","Paid","Finance","Mohamed Al-Sayed"
"BLD-100489","2025-07-15","Other","8","Paid","Finance","Mohamed Al-Sayed"
"BLD-100489","2023-01-19","Sick","8","Paid","Finance","Mohamed Al-Sayed"
"BLD-100489","2024-11-19","Unplanned","8","Paid","Finance","Mohamed Al-Sayed"
"BLD-100489","2024-06-18","Unplanned","8","Unpaid","Finance","Mohamed Al-Sayed"
"BLD-100489","2023-03-30","Sick","8","Paid","Finance","Mohamed Al-Sayed"
"BLD-100490","2023-04-28","Late","3","Unpaid","R&D","Kumar Islam"
"BLD-100490","2024-09-06","Sick","8","Paid","R&D","Kumar Islam"
"BLD-100490","2024-11-14","Sick","8","Paid","R&D","Kumar Islam"
"BLD-100490","2024-06-23","Sick","8","Paid","R&D","Kumar Islam"
"BLD-100490","2023-07-10","Sick","8","Paid","R&D","Kumar Islam"
"BLD-100490","2024-06-16","Sick","8","Paid","R&D","Kumar Islam"
"BLD-100490","2024-12-17","Sick","8","Paid","R&D","Kumar Islam"
"BLD-100490","2025-03-19","Sick","8","Paid","R&D","Kumar Islam"
"BLD-100490","2024-02-24","Sick","8","Paid","R&D","Kumar Islam"
"BLD-100490","2024-09-03","Sick","8","Paid","R&D","Kumar Islam"
"BLD-100490","2023-06-10","Unplanned","8","Unpaid","R&D","Kumar Islam"
"BLD-100491","2023-02-04","Late","3","Unpaid","Production","Tariq Mansour"
"BLD-100491","2023-04-02","Sick","8","Paid","Production","Tariq Mansour"
"BLD-100491","2023-02-09","Sick","8","Paid","Production","Tariq Mansour"
"BLD-100491","2023-06-24","Unplanned","8","Unpaid","Production","Tariq Mansour"
"BLD-100491","2024-07-03","Unplanned","8","Unpaid","Production","Tariq Mansour"
"BLD-100491","2023-02-03","Sick","8","Paid","Production","Tariq Mansour"
"BLD-100491","2024-02-08","Sick","8","Paid","Production","Tariq Mansour"
"BLD-100491","2023-09-23","Unplanned","8","Unpaid","Production","Tariq Mansour"
"BLD-100491","2023-01-08","Unplanned","8","Unpaid","Production","Tariq Mansour"
"BLD-100491","2024-01-26","Sick","8","Paid","Production","Tariq Mansour"
"BLD-100491","2024-05-31","Sick","8","Paid","Production","Tariq Mansour"
"BLD-100492","2024-07-28","Sick","8","Paid","Marketing","Tariq Kapoor"
"BLD-100492","2023-04-04","Late","3","Paid","Marketing","Tariq Kapoor"
"BLD-100492","2023-01-28","Late","3","Paid","Marketing","Tariq Kapoor"
"BLD-100492","2025-02-10","Sick","8","Paid","Marketing","Tariq Kapoor"
"BLD-100492","2025-01-27","Sick","8","Paid","Marketing","Tariq Kapoor"
"BLD-100492","2025-04-16","Unplanned","8","Unpaid","Marketing","Tariq Kapoor"
"BLD-100492","2024-03-07","Unplanned","8","Paid","Marketing","Tariq Kapoor"
"BLD-100492","2023-08-10","Unplanned","8","Paid","Marketing","Tariq Kapoor"
"BLD-100492","2023-12-23","Sick","8","Paid","Marketing","Tariq Kapoor"
"BLD-100492","2023-02-20","Late","2","Paid","Marketing","Tariq Kapoor"
"BLD-100492","2023-07-13","Sick","8","Paid","Marketing","Tariq Kapoor"
"BLD-100492","2024-01-22","Sick","8","Paid","Marketing","Tariq Kapoor"
"BLD-100492","2025-03-17","Late","3","Unpaid","Marketing","Tariq Kapoor"
"BLD-100492","2024-12-29","Unplanned","8","Paid","Marketing","Tariq Kapoor"
"BLD-100492","2025-07-31","Other","8","Paid","Marketing","Tariq Kapoor"
"BLD-100493","2023-10-02","Unplanned","8","Paid","Production","Arjun Kapoor"
"BLD-100493","2023-09-17","Unplanned","8","Unpaid","Production","Arjun Kapoor"
"BLD-100493","2023-07-01","Other","8","Paid","Production","Arjun Kapoor"
"BLD-100493","2023-04-29","Sick","8","Paid","Production","Arjun Kapoor"
"BLD-100493","2023-02-28","Sick","8","Paid","Production","Arjun Kapoor"
"BLD-100493","2023-06-30","Late","2","Unpaid","Production","Arjun Kapoor"
"BLD-100494","2025-06-01","Late","2","Unpaid","Engineering & Maintenance","Ahmed Ibrahim"
"BLD-100494","2023-02-12","Late","2","Unpaid","Engineering & Maintenance","Ahmed Ibrahim"
"BLD-100494","2024-02-21","Sick","8","Paid","Engineering & Maintenance","Ahmed Ibrahim"
"BLD-100494","2024-03-30","Sick","8","Paid","Engineering & Maintenance","Ahmed Ibrahim"
"BLD-100494","2025-07-21","Sick","8","Paid","Engineering & Maintenance","Ahmed Ibrahim"
"BLD-100494","2024-03-11","Unplanned","8","Paid","Engineering & Maintenance","Ahmed Ibrahim"
"BLD-100494","2024-07-05","Unplanned","8","Paid","Engineering & Maintenance","Ahmed Ibrahim"
"BLD-100494","2023-09-03","Unplanned","8","Unpaid","Engineering & Maintenance","Ahmed Ibrahim"
"BLD-100494","2023-06-18","Sick","8","Paid","Engineering & Maintenance","Ahmed Ibrahim"
"BLD-100494","2023-11-27","Unplanned","8","Paid","Engineering & Maintenance","Ahmed Ibrahim"
"BLD-100495","2024-02-06","Late","1","Paid","Quality Assurance & Food Safety","Vikram Hassan"
"BLD-100495","2024-10-15","Unplanned","8","Unpaid","Quality Assurance & Food Safety","Vikram Hassan"
"BLD-100495","2025-02-23","Unplanned","8","Paid","Quality Assurance & Food Safety","Vikram Hassan"
"BLD-100495","2024-08-08","Late","2","Paid","Quality Assurance & Food Safety","Vikram Hassan"
"BLD-100495","2025-04-06","Other","8","Paid","Quality Assurance & Food Safety","Vikram Hassan"
"BLD-100495","2025-04-07","Unplanned","8","Paid","Quality Assurance & Food Safety","Vikram Hassan"
"BLD-100495","2024-12-11","Other","8","Unpaid","Quality Assurance & Food Safety","Vikram Hassan"
"BLD-100495","2024-07-12","Late","3","Unpaid","Quality Assurance & Food Safety","Vikram Hassan"
"BLD-100495","2023-07-11","Sick","8","Paid","Quality Assurance & Food Safety","Vikram Hassan"
"BLD-100496","2024-12-12","Sick","8","Paid","Marketing","Sunita Rai"
"BLD-100496","2023-07-19","Sick","8","Paid","Marketing","Sunita Rai"
"BLD-100496","2024-08-30","Late","3","Paid","Marketing","Sunita Rai"
"BLD-100497","2023-03-26","Sick","8","Paid","R&D","Dina Al-Marri"
"BLD-100497","2023-03-06","Unplanned","8","Unpaid","R&D","Dina Al-Marri"
"BLD-100497","2023-03-29","Sick","8","Paid","R&D","Dina Al-Marri"
"BLD-100497","2023-05-08","Unplanned","8","Unpaid","R&D","Dina Al-Marri"
"BLD-100498","2023-07-29","Sick","8","Paid","People & Culture","Reem Ibrahim"
"BLD-100498","2024-02-17","Sick","8","Paid","People & Culture","Reem Ibrahim"
"BLD-100498","2025-09-09","Unplanned","8","Unpaid","People & Culture","Reem Ibrahim"
"BLD-100498","2023-04-13","Late","1","Paid","People & Culture","Reem Ibrahim"
"BLD-100498","2024-12-13","Late","3","Unpaid","People & Culture","Reem Ibrahim"
"BLD-100498","2025-03-07","Sick","8","Paid","People & Culture","Reem Ibrahim"
"BLD-100498","2025-11-11","Unplanned","8","Unpaid","People & Culture","Reem Ibrahim"
"BLD-100498","2024-12-12","Late","3","Unpaid","People & Culture","Reem Ibrahim"
"BLD-100499","2025-09-29","Sick","8","Paid","R&D","Anil Khan"
"BLD-100499","2024-04-02","Unplanned","8","Paid","R&D","Anil Khan"
"BLD-100499","2023-11-23","Sick","8","Paid","R&D","Anil Khan"
"BLD-100499","2025-04-24","Unplanned","8","Unpaid","R&D","Anil Khan"
"BLD-100499","2023-02-01","Other","8","Unpaid","R&D","Anil Khan"
"BLD-100500","2025-05-31","Sick","8","Paid","Marketing","Manoj Fernandes"
"BLD-100500","2024-08-19","Late","1","Unpaid","Marketing","Manoj Fernandes"
"BLD-100500","2024-12-04","Sick","8","Paid","Marketing","Manoj Fernandes"
"BLD-100500","2023-05-12","Sick","8","Paid","Marketing","Manoj Fernandes"
"BLD-100500","2024-06-10","Unplanned","8","Unpaid","Marketing","Manoj Fernandes"
"BLD-100500","2024-08-01","Sick","8","Paid","Marketing","Manoj Fernandes"
"BLD-100500","2025-06-06","Sick","8","Paid","Marketing","Manoj Fernandes"
"BLD-100501","2025-08-03","Sick","8","Paid","Production","Mohamed Baig"
"BLD-100501","2023-05-18","Late","2","Paid","Production","Mohamed Baig"
"BLD-100501","2025-05-03","Sick","8","Paid","Production","Mohamed Baig"
"BLD-100501","2023-10-31","Sick","8","Paid","Production","Mohamed Baig"
"BLD-100501","2023-09-28","Unplanned","8","Paid","Production","Mohamed Baig"
"BLD-100501","2025-02-12","Sick","8","Paid","Production","Mohamed Baig"
"BLD-100501","2023-08-25","Unplanned","8","Unpaid","Production","Mohamed Baig"
"BLD-100501","2024-02-21","Unplanned","8","Unpaid","Production","Mohamed Baig"
"BLD-100501","2024-12-17","Unplanned","8","Unpaid","Production","Mohamed Baig"
"BLD-100501","2025-11-20","Sick","8","Paid","Production","Mohamed Baig"
"BLD-100502","2024-07-24","Sick","8","Paid","People & Culture","Khalid Santos"
"BLD-100502","2024-07-05","Late","2","Unpaid","People & Culture","Khalid Santos"
"BLD-100502","2023-04-16","Unplanned","8","Paid","People & Culture","Khalid Santos"
"BLD-100502","2025-03-22","Sick","8","Paid","People & Culture","Khalid Santos"
"BLD-100502","2024-05-27","Unplanned","8","Paid","People & Culture","Khalid Santos"
"BLD-100502","2023-07-12","Sick","8","Paid","People & Culture","Khalid Santos"
"BLD-100502","2023-12-25","Unplanned","8","Paid","People & Culture","Khalid Santos"
"BLD-100503","2023-05-09","Late","1","Paid","Sales & Distribution","Hari Al-Marri"
"BLD-100504","2025-01-17","Sick","8","Paid","Marketing","Huda Abdullah"
"BLD-100504","2025-12-02","Unplanned","8","Unpaid","Marketing","Huda Abdullah"
"BLD-100504","2024-03-15","Sick","8","Paid","Marketing","Huda Abdullah"
"BLD-100504","2023-11-05","Sick","8","Paid","Marketing","Huda Abdullah"
"BLD-100504","2024-12-31","Unplanned","8","Paid","Marketing","Huda Abdullah"
"BLD-100504","2025-03-23","Sick","8","Paid","Marketing","Huda Abdullah"
"BLD-100504","2024-12-19","Sick","8","Paid","Marketing","Huda Abdullah"
"BLD-100505","2023-01-31","Unplanned","8","Unpaid","Marketing","Rakesh Kapoor"
"BLD-100505","2023-04-01","Late","2","Paid","Marketing","Rakesh Kapoor"
"BLD-100505","2025-07-18","Sick","8","Paid","Marketing","Rakesh Kapoor"
"BLD-100505","2025-01-05","Unplanned","8","Paid","Marketing","Rakesh Kapoor"
"BLD-100505","2024-03-04","Unplanned","8","Unpaid","Marketing","Rakesh Kapoor"
"BLD-100505","2024-05-28","Sick","8","Paid","Marketing","Rakesh Kapoor"
"BLD-100505","2025-10-23","Sick","8","Paid","Marketing","Rakesh Kapoor"
"BLD-100505","2023-12-17","Unplanned","8","Paid","Marketing","Rakesh Kapoor"
"BLD-100505","2023-11-27","Sick","8","Paid","Marketing","Rakesh Kapoor"
"BLD-100505","2024-06-29","Unplanned","8","Unpaid","Marketing","Rakesh Kapoor"
"BLD-100506","2024-01-08","Unplanned","8","Unpaid","Production","Faisal Chowdhury"
"BLD-100506","2025-02-16","Other","8","Paid","Production","Faisal Chowdhury"
"BLD-100506","2024-04-07","Unplanned","8","Paid","Production","Faisal Chowdhury"
"BLD-100506","2023-09-26","Unplanned","8","Unpaid","Production","Faisal Chowdhury"
"BLD-100506","2023-07-15","Unplanned","8","Paid","Production","Faisal Chowdhury"
"BLD-100506","2024-03-29","Unplanned","8","Unpaid","Production","Faisal Chowdhury"
"BLD-100506","2023-03-07","Late","1","Unpaid","Production","Faisal Chowdhury"
"BLD-100506","2024-12-02","Late","3","Unpaid","Production","Faisal Chowdhury"
"BLD-100506","2024-02-06","Unplanned","8","Unpaid","Production","Faisal Chowdhury"
"BLD-100507","2025-07-27","Unplanned","8","Unpaid","People & Culture","Arjun Kapoor"
"BLD-100507","2024-03-06","Late","3","Paid","People & Culture","Arjun Kapoor"
"BLD-100507","2023-06-22","Late","2","Unpaid","People & Culture","Arjun Kapoor"
"BLD-100507","2024-11-22","Sick","8","Paid","People & Culture","Arjun Kapoor"
"BLD-100507","2023-08-08","Unplanned","8","Paid","People & Culture","Arjun Kapoor"
"BLD-100507","2025-07-18","Sick","8","Paid","People & Culture","Arjun Kapoor"
"BLD-100507","2025-04-06","Sick","8","Paid","People & Culture","Arjun Kapoor"
"BLD-100507","2025-02-09","Late","1","Unpaid","People & Culture","Arjun Kapoor"
"BLD-100507","2024-09-02","Sick","8","Paid","People & Culture","Arjun Kapoor"
"BLD-100507","2024-07-19","Unplanned","8","Unpaid","People & Culture","Arjun Kapoor"
"BLD-100507","2025-12-14","Late","1","Unpaid","People & Culture","Arjun Kapoor"
"BLD-100507","2024-10-02","Unplanned","8","Unpaid","People & Culture","Arjun Kapoor"
"BLD-100507","2025-05-04","Sick","8","Paid","People & Culture","Arjun Kapoor"
"BLD-100507","2023-10-27","Unplanned","8","Paid","People & Culture","Arjun Kapoor"
"BLD-100507","2024-12-12","Other","8","Unpaid","People & Culture","Arjun Kapoor"
"BLD-100508","2025-03-09","Unplanned","8","Unpaid","Production","Ravi Farouk"
"BLD-100508","2024-12-07","Unplanned","8","Paid","Production","Ravi Farouk"
"BLD-100508","2024-09-16","Sick","8","Paid","Production","Ravi Farouk"
"BLD-100509","2024-12-13","Sick","8","Paid","Supply Chain & Logistics","Sanjay Abdullah"
"BLD-100509","2025-04-13","Unplanned","8","Paid","Supply Chain & Logistics","Sanjay Abdullah"
"BLD-100509","2023-01-03","Sick","8","Paid","Supply Chain & Logistics","Sanjay Abdullah"
"BLD-100509","2024-06-01","Unplanned","8","Unpaid","Supply Chain & Logistics","Sanjay Abdullah"
"BLD-100509","2024-03-08","Other","8","Paid","Supply Chain & Logistics","Sanjay Abdullah"
"BLD-100509","2023-09-01","Unplanned","8","Unpaid","Supply Chain & Logistics","Sanjay Abdullah"
"BLD-100510","2023-09-01","Unplanned","8","Unpaid","Quality Assurance & Food Safety","Sameer Hassan"
"BLD-100510","2023-03-16","Late","3","Unpaid","Quality Assurance & Food Safety","Sameer Hassan"
"BLD-100510","2023-10-28","Sick","8","Paid","Quality Assurance & Food Safety","Sameer Hassan"
"BLD-100510","2023-11-23","Sick","8","Paid","Quality Assurance & Food Safety","Sameer Hassan"
"BLD-100510","2024-10-27","Sick","8","Paid","Quality Assurance & Food Safety","Sameer Hassan"
"BLD-100510","2024-03-28","Unplanned","8","Paid","Quality Assurance & Food Safety","Sameer Hassan"
"BLD-100510","2023-04-13","Unplanned","8","Unpaid","Quality Assurance & Food Safety","Sameer Hassan"
"BLD-100510","2025-08-28","Sick","8","Paid","Quality Assurance & Food Safety","Sameer Hassan"
"BLD-100510","2023-12-13","Sick","8","Paid","Quality Assurance & Food Safety","Sameer Hassan"
"BLD-100510","2023-05-05","Unplanned","8","Unpaid","Quality Assurance & Food Safety","Sameer Hassan"
"BLD-100510","2023-05-11","Sick","8","Paid","Quality Assurance & Food Safety","Sameer Hassan"
"BLD-100510","2023-05-26","Unplanned","8","Paid","Quality Assurance & Food Safety","Sameer Hassan"
"BLD-100511","2023-04-18","Unplanned","8","Unpaid","Supply Chain & Logistics","Suresh Reyes"
"BLD-100511","2023-11-05","Late","2","Paid","Supply Chain & Logistics","Suresh Reyes"
"BLD-100511","2023-11-11","Sick","8","Paid","Supply Chain & Logistics","Suresh Reyes"
"BLD-100511","2023-04-25","Sick","8","Paid","Supply Chain & Logistics","Suresh Reyes"
"BLD-100511","2023-05-22","Sick","8","Paid","Supply Chain & Logistics","Suresh Reyes"
"BLD-100511","2024-05-03","Unplanned","8","Unpaid","Supply Chain & Logistics","Suresh Reyes"
"BLD-100511","2024-04-27","Sick","8","Paid","Supply Chain & Logistics","Suresh Reyes"
"BLD-100511","2023-04-23","Unplanned","8","Unpaid","Supply Chain & Logistics","Suresh Reyes"
"BLD-100511","2023-08-16","Sick","8","Paid","Supply Chain & Logistics","Suresh Reyes"
"BLD-100511","2023-10-21","Sick","8","Paid","Supply Chain & Logistics","Suresh Reyes"
"BLD-100512","2025-10-21","Late","1","Unpaid","Finance","Sameer Hassan"
"BLD-100512","2024-02-24","Unplanned","8","Unpaid","Finance","Sameer Hassan"
"BLD-100512","2024-04-22","Sick","8","Paid","Finance","Sameer Hassan"
"BLD-100513","2024-11-18","Late","2","Paid","IT & Digital","Ali Baig"
"BLD-100513","2025-02-01","Sick","8","Paid","IT & Digital","Ali Baig"
"BLD-100513","2025-07-21","Sick","8","Paid","IT & Digital","Ali Baig"
"BLD-100513","2023-06-26","Late","2","Paid","IT & Digital","Ali Baig"
"BLD-100513","2024-09-27","Sick","8","Paid","IT & Digital","Ali Baig"
"BLD-100513","2024-09-21","Late","1","Paid","IT & Digital","Ali Baig"
"BLD-100513","2025-05-24","Sick","8","Paid","IT & Digital","Ali Baig"
"BLD-100513","2024-07-26","Sick","8","Paid","IT & Digital","Ali Baig"
"BLD-100513","2024-02-23","Late","2","Unpaid","IT & Digital","Ali Baig"
"BLD-100513","2024-09-10","Unplanned","8","Unpaid","IT & Digital","Ali Baig"
"BLD-100514","2024-11-24","Unplanned","8","Paid","Sales & Distribution","Manoj Baig"
"BLD-100514","2023-12-24","Unplanned","8","Paid","Sales & Distribution","Manoj Baig"
"BLD-100514","2023-09-18","Sick","8","Paid","Sales & Distribution","Manoj Baig"
"BLD-100514","2025-02-01","Unplanned","8","Paid","Sales & Distribution","Manoj Baig"
"BLD-100514","2025-08-23","Sick","8","Paid","Sales & Distribution","Manoj Baig"
"BLD-100514","2023-12-29","Unplanned","8","Unpaid","Sales & Distribution","Manoj Baig"
"BLD-100514","2024-07-26","Unplanned","8","Unpaid","Sales & Distribution","Manoj Baig"
"BLD-100514","2023-04-20","Unplanned","8","Unpaid","Sales & Distribution","Manoj Baig"
"BLD-100514","2024-10-16","Unplanned","8","Unpaid","Sales & Distribution","Manoj Baig"
"BLD-100514","2024-01-04","Late","1","Unpaid","Sales & Distribution","Manoj Baig"
"BLD-100514","2023-10-23","Sick","8","Paid","Sales & Distribution","Manoj Baig"
"BLD-100515","2023-11-04","Unplanned","8","Unpaid","R&D","Ramesh Devi"
"BLD-100515","2023-12-26","Unplanned","8","Paid","R&D","Ramesh Devi"
"BLD-100515","2024-01-24","Unplanned","8","Paid","R&D","Ramesh Devi"
"BLD-100515","2023-04-05","Late","1","Unpaid","R&D","Ramesh Devi"
"BLD-100515","2024-08-15","Sick","8","Paid","R&D","Ramesh Devi"
"BLD-100516","2024-03-17","Sick","8","Paid","Finance","Jose Islam"
"BLD-100516","2023-05-16","Sick","8","Paid","Finance","Jose Islam"
"BLD-100517","2024-01-12","Sick","8","Paid","Engineering & Maintenance","Vikram Abdullah"
"BLD-100517","2023-07-30","Sick","8","Paid","Engineering & Maintenance","Vikram Abdullah"
"BLD-100517","2024-11-26","Unplanned","8","Unpaid","Engineering & Maintenance","Vikram Abdullah"
"BLD-100517","2024-12-05","Late","3","Unpaid","Engineering & Maintenance","Vikram Abdullah"
"BLD-100517","2023-06-25","Sick","8","Paid","Engineering & Maintenance","Vikram Abdullah"
"BLD-100517","2024-06-01","Unplanned","8","Paid","Engineering & Maintenance","Vikram Abdullah"
"BLD-100517","2024-02-14","Sick","8","Paid","Engineering & Maintenance","Vikram Abdullah"
"BLD-100517","2025-08-18","Sick","8","Paid","Engineering & Maintenance","Vikram Abdullah"
"BLD-100517","2023-10-25","Late","2","Unpaid","Engineering & Maintenance","Vikram Abdullah"
"BLD-100517","2023-11-12","Other","8","Unpaid","Engineering & Maintenance","Vikram Abdullah"
"BLD-100517","2023-02-06","Late","2","Paid","Engineering & Maintenance","Vikram Abdullah"
"BLD-100517","2024-07-12","Unplanned","8","Unpaid","Engineering & Maintenance","Vikram Abdullah"
"BLD-100517","2023-07-16","Late","2","Unpaid","Engineering & Maintenance","Vikram Abdullah"
"BLD-100517","2023-02-16","Unplanned","8","Unpaid","Engineering & Maintenance","Vikram Abdullah"
"BLD-100518","2025-11-25","Unplanned","8","Paid","Quality Assurance & Food Safety","Krishna Farouk"
"BLD-100518","2025-10-18","Sick","8","Paid","Quality Assurance & Food Safety","Krishna Farouk"
"BLD-100518","2025-07-18","Unplanned","8","Unpaid","Quality Assurance & Food Safety","Krishna Farouk"
"BLD-100518","2025-05-10","Late","3","Paid","Quality Assurance & Food Safety","Krishna Farouk"
"BLD-100518","2023-09-22","Unplanned","8","Unpaid","Quality Assurance & Food Safety","Krishna Farouk"
"BLD-100518","2023-04-10","Unplanned","8","Paid","Quality Assurance & Food Safety","Krishna Farouk"
"BLD-100518","2023-10-18","Sick","8","Paid","Quality Assurance & Food Safety","Krishna Farouk"
"BLD-100518","2024-08-09","Sick","8","Paid","Quality Assurance & Food Safety","Krishna Farouk"
"BLD-100518","2025-09-15","Sick","8","Paid","Quality Assurance & Food Safety","Krishna Farouk"
"BLD-100518","2025-12-13","Sick","8","Paid","Quality Assurance & Food Safety","Krishna Farouk"
"BLD-100518","2025-04-29","Sick","8","Paid","Quality Assurance & Food Safety","Krishna Farouk"
"BLD-100519","2024-08-15","Sick","8","Paid","People & Culture","Juan Santos"
"BLD-100519","2024-12-13","Sick","8","Paid","People & Culture","Juan Santos"
"BLD-100519","2024-05-14","Sick","8","Paid","People & Culture","Juan Santos"
"BLD-100519","2025-01-23","Late","2","Unpaid","People & Culture","Juan Santos"
"BLD-100519","2025-10-04","Sick","8","Paid","People & Culture","Juan Santos"
"BLD-100519","2024-04-12","Late","1","Unpaid","People & Culture","Juan Santos"
"BLD-100519","2025-04-14","Late","3","Paid","People & Culture","Juan Santos"
"BLD-100519","2023-01-20","Unplanned","8","Unpaid","People & Culture","Juan Santos"
"BLD-100519","2023-05-11","Sick","8","Paid","People & Culture","Juan Santos"
"BLD-100519","2023-04-22","Late","2","Paid","People & Culture","Juan Santos"
"BLD-100519","2023-01-30","Unplanned","8","Unpaid","People & Culture","Juan Santos"
"BLD-100519","2023-09-23","Other","8","Paid","People & Culture","Juan Santos"
"BLD-100519","2023-05-08","Late","3","Unpaid","People & Culture","Juan Santos"
"BLD-100519","2023-10-20","Sick","8","Paid","People & Culture","Juan Santos"
"BLD-100519","2023-12-10","Unplanned","8","Paid","People & Culture","Juan Santos"
"BLD-100519","2025-12-13","Late","1","Paid","People & Culture","Juan Santos"
"BLD-100519","2023-08-14","Unplanned","8","Unpaid","People & Culture","Juan Santos"
"BLD-100519","2025-10-20","Sick","8","Paid","People & Culture","Juan Santos"
"BLD-100519","2024-07-04","Unplanned","8","Unpaid","People & Culture","Juan Santos"
"BLD-100519","2024-11-25","Sick","8","Paid","People & Culture","Juan Santos"
"BLD-100520","2024-10-31","Unplanned","8","Unpaid","Engineering & Maintenance","Ramesh Kapoor"
"BLD-100520","2024-10-16","Unplanned","8","Unpaid","Engineering & Maintenance","Ramesh Kapoor"
"BLD-100520","2023-06-18","Sick","8","Paid","Engineering & Maintenance","Ramesh Kapoor"
"BLD-100520","2025-12-23","Sick","8","Paid","Engineering & Maintenance","Ramesh Kapoor"
"BLD-100520","2024-01-21","Late","1","Paid","Engineering & Maintenance","Ramesh Kapoor"
"BLD-100521","2023-08-16","Sick","8","Paid","Farm Operations","Ravi Ahmed"
"BLD-100521","2023-06-01","Late","3","Paid","Farm Operations","Ravi Ahmed"
"BLD-100521","2023-04-25","Sick","8","Paid","Farm Operations","Ravi Ahmed"
"BLD-100521","2023-08-29","Late","2","Paid","Farm Operations","Ravi Ahmed"
"BLD-100521","2023-02-05","Sick","8","Paid","Farm Operations","Ravi Ahmed"
"BLD-100521","2023-03-19","Other","8","Unpaid","Farm Operations","Ravi Ahmed"
"BLD-100522","2023-05-02","Sick","8","Paid","Sales & Distribution","Tariq Iqbal"
"BLD-100522","2023-01-20","Sick","8","Paid","Sales & Distribution","Tariq Iqbal"
"BLD-100522","2023-04-21","Late","2","Unpaid","Sales & Distribution","Tariq Iqbal"
"BLD-100522","2023-10-03","Sick","8","Paid","Sales & Distribution","Tariq Iqbal"
"BLD-100522","2023-01-12","Unplanned","8","Unpaid","Sales & Distribution","Tariq Iqbal"
"BLD-100522","2023-02-24","Late","1","Paid","Sales & Distribution","Tariq Iqbal"
"BLD-100522","2023-02-12","Unplanned","8","Unpaid","Sales & Distribution","Tariq Iqbal"
"BLD-100523","2023-03-17","Late","3","Unpaid","Supply Chain & Logistics","Bishnu Iqbal"
"BLD-100523","2023-02-02","Sick","8","Paid","Supply Chain & Logistics","Bishnu Iqbal"
"BLD-100523","2024-12-20","Sick","8","Paid","Supply Chain & Logistics","Bishnu Iqbal"
"BLD-100523","2024-04-01","Sick","8","Paid","Supply Chain & Logistics","Bishnu Iqbal"
"BLD-100523","2023-06-01","Late","1","Paid","Supply Chain & Logistics","Bishnu Iqbal"
"BLD-100523","2025-04-04","Sick","8","Paid","Supply Chain & Logistics","Bishnu Iqbal"
"BLD-100523","2025-05-04","Late","3","Paid","Supply Chain & Logistics","Bishnu Iqbal"
"BLD-100523","2024-06-08","Unplanned","8","Unpaid","Supply Chain & Logistics","Bishnu Iqbal"
"BLD-100523","2023-10-25","Sick","8","Paid","Supply Chain & Logistics","Bishnu Iqbal"
"BLD-100523","2024-04-09","Unplanned","8","Unpaid","Supply Chain & Logistics","Bishnu Iqbal"
"BLD-100523","2023-08-04","Late","2","Paid","Supply Chain & Logistics","Bishnu Iqbal"
"BLD-100523","2025-03-03","Unplanned","8","Unpaid","Supply Chain & Logistics","Bishnu Iqbal"
"BLD-100523","2024-03-12","Sick","8","Paid","Supply Chain & Logistics","Bishnu Iqbal"
"BLD-100524","2025-04-29","Sick","8","Paid","Supply Chain & Logistics","Rina Hassan"
"BLD-100524","2024-11-04","Sick","8","Paid","Supply Chain & Logistics","Rina Hassan"
"BLD-100524","2024-01-24","Late","1","Unpaid","Supply Chain & Logistics","Rina Hassan"
"BLD-100524","2025-03-23","Sick","8","Paid","Supply Chain & Logistics","Rina Hassan"
"BLD-100524","2024-08-16","Sick","8","Paid","Supply Chain & Logistics","Rina Hassan"
"BLD-100524","2024-10-30","Sick","8","Paid","Supply Chain & Logistics","Rina Hassan"
"BLD-100524","2023-03-07","Unplanned","8","Paid","Supply Chain & Logistics","Rina Hassan"
"BLD-100524","2025-05-19","Sick","8","Paid","Supply Chain & Logistics","Rina Hassan"
"BLD-100524","2023-12-08","Sick","8","Paid","Supply Chain & Logistics","Rina Hassan"
"BLD-100524","2024-12-03","Sick","8","Paid","Supply Chain & Logistics","Rina Hassan"
"BLD-100524","2023-04-27","Sick","8","Paid","Supply Chain & Logistics","Rina Hassan"
"BLD-100525","2024-12-08","Other","8","Unpaid","Sales & Distribution","Manoj Kapoor"
"BLD-100525","2025-12-20","Sick","8","Paid","Sales & Distribution","Manoj Kapoor"
"BLD-100525","2025-08-18","Other","8","Unpaid","Sales & Distribution","Manoj Kapoor"
"BLD-100525","2025-02-28","Unplanned","8","Unpaid","Sales & Distribution","Manoj Kapoor"
"BLD-100525","2025-01-14","Sick","8","Paid","Sales & Distribution","Manoj Kapoor"
"BLD-100525","2025-12-07","Sick","8","Paid","Sales & Distribution","Manoj Kapoor"
"BLD-100525","2023-11-25","Sick","8","Paid","Sales & Distribution","Manoj Kapoor"
"BLD-100525","2025-06-29","Sick","8","Paid","Sales & Distribution","Manoj Kapoor"
"BLD-100525","2024-10-23","Sick","8","Paid","Sales & Distribution","Manoj Kapoor"
"BLD-100525","2023-11-05","Sick","8","Paid","Sales & Distribution","Manoj Kapoor"
"BLD-100525","2023-08-08","Sick","8","Paid","Sales & Distribution","Manoj Kapoor"
"BLD-100525","2024-09-12","Unplanned","8","Paid","Sales & Distribution","Manoj Kapoor"
"BLD-100525","2025-10-07","Unplanned","8","Unpaid","Sales & Distribution","Manoj Kapoor"
"BLD-100525","2025-10-28","Sick","8","Paid","Sales & Distribution","Manoj Kapoor"
"BLD-100525","2023-01-28","Late","1","Unpaid","Sales & Distribution","Manoj Kapoor"
"BLD-100525","2023-06-02","Unplanned","8","Unpaid","Sales & Distribution","Manoj Kapoor"
"BLD-100525","2023-03-06","Sick","8","Paid","Sales & Distribution","Manoj Kapoor"
"BLD-100525","2025-03-20","Sick","8","Paid","Sales & Distribution","Manoj Kapoor"
"BLD-100526","2024-08-28","Unplanned","8","Unpaid","Finance","Ravi Malik"
"BLD-100526","2023-08-02","Sick","8","Paid","Finance","Ravi Malik"
"BLD-100526","2025-03-09","Sick","8","Paid","Finance","Ravi Malik"
"BLD-100526","2025-04-17","Late","3","Paid","Finance","Ravi Malik"
"BLD-100526","2024-05-09","Unplanned","8","Unpaid","Finance","Ravi Malik"
"BLD-100526","2025-01-26","Sick","8","Paid","Finance","Ravi Malik"
"BLD-100526","2024-05-18","Sick","8","Paid","Finance","Ravi Malik"
"BLD-100526","2024-08-10","Sick","8","Paid","Finance","Ravi Malik"
"BLD-100528","2024-08-23","Sick","8","Paid","Procurement","Huda Sharma"
"BLD-100528","2023-05-14","Unplanned","8","Paid","Procurement","Huda Sharma"
"BLD-100528","2024-02-03","Late","3","Paid","Procurement","Huda Sharma"
"BLD-100528","2023-09-25","Sick","8","Paid","Procurement","Huda Sharma"
"BLD-100528","2024-09-27","Sick","8","Paid","Procurement","Huda Sharma"
"BLD-100528","2023-10-04","Sick","8","Paid","Procurement","Huda Sharma"
"BLD-100528","2023-03-19","Sick","8","Paid","Procurement","Huda Sharma"
"BLD-100528","2024-02-06","Late","1","Unpaid","Procurement","Huda Sharma"
"BLD-100528","2023-04-05","Unplanned","8","Unpaid","Procurement","Huda Sharma"
"BLD-100528","2025-01-22","Sick","8","Paid","Procurement","Huda Sharma"
"BLD-100528","2024-01-01","Sick","8","Paid","Procurement","Huda Sharma"
"BLD-100529","2023-12-30","Unplanned","8","Unpaid","Sales & Distribution","Sanjay Santos"
"BLD-100529","2023-03-27","Unplanned","8","Paid","Sales & Distribution","Sanjay Santos"
"BLD-100529","2023-08-21","Late","1","Paid","Sales & Distribution","Sanjay Santos"
"BLD-100529","2023-03-15","Sick","8","Paid","Sales & Distribution","Sanjay Santos"
"BLD-100529","2024-03-08","Unplanned","8","Paid","Sales & Distribution","Sanjay Santos"
"BLD-100529","2024-07-09","Sick","8","Paid","Sales & Distribution","Sanjay Santos"
"BLD-100530","2024-12-23","Other","8","Paid","Corporate & Executive Office","Rina Iqbal"
"BLD-100530","2023-01-29","Unplanned","8","Paid","Corporate & Executive Office","Rina Iqbal"
"BLD-100530","2023-07-07","Late","3","Paid","Corporate & Executive Office","Rina Iqbal"
"BLD-100530","2023-09-10","Late","2","Unpaid","Corporate & Executive Office","Rina Iqbal"
"BLD-100530","2024-05-30","Sick","8","Paid","Corporate & Executive Office","Rina Iqbal"
"BLD-100530","2024-03-30","Late","3","Paid","Corporate & Executive Office","Rina Iqbal"
"BLD-100530","2023-02-07","Sick","8","Paid","Corporate & Executive Office","Rina Iqbal"
"BLD-100530","2024-02-27","Sick","8","Paid","Corporate & Executive Office","Rina Iqbal"
"BLD-100530","2025-06-26","Sick","8","Paid","Corporate & Executive Office","Rina Iqbal"
"BLD-100530","2023-04-09","Sick","8","Paid","Corporate & Executive Office","Rina Iqbal"
"BLD-100530","2024-11-20","Sick","8","Paid","Corporate & Executive Office","Rina Iqbal"
"BLD-100530","2023-03-29","Sick","8","Paid","Corporate & Executive Office","Rina Iqbal"
"BLD-100530","2024-05-26","Other","8","Paid","Corporate & Executive Office","Rina Iqbal"
"BLD-100530","2023-11-14","Unplanned","8","Paid","Corporate & Executive Office","Rina Iqbal"
"BLD-100530","2025-07-20","Sick","8","Paid","Corporate & Executive Office","Rina Iqbal"
"BLD-100530","2023-03-03","Sick","8","Paid","Corporate & Executive Office","Rina Iqbal"
"BLD-100530","2024-07-02","Sick","8","Paid","Corporate & Executive Office","Rina Iqbal"
"BLD-100530","2025-12-11","Unplanned","8","Unpaid","Corporate & Executive Office","Rina Iqbal"
"BLD-100530","2025-11-16","Sick","8","Paid","Corporate & Executive Office","Rina Iqbal"
"BLD-100530","2025-01-13","Unplanned","8","Paid","Corporate & Executive Office","Rina Iqbal"
"BLD-100531","2023-03-28","Sick","8","Paid","Marketing","Rakesh Islam"
"BLD-100532","2023-01-09","Sick","8","Paid","Supply Chain & Logistics","Suresh Reyes"
"BLD-100532","2023-04-13","Unplanned","8","Unpaid","Supply Chain & Logistics","Suresh Reyes"
"BLD-100532","2023-05-17","Sick","8","Paid","Supply Chain & Logistics","Suresh Reyes"
"BLD-100534","2025-07-03","Unplanned","8","Paid","People & Culture","Manoj Fernandes"
"BLD-100534","2025-06-09","Sick","8","Paid","People & Culture","Manoj Fernandes"
"BLD-100534","2024-03-28","Sick","8","Paid","People & Culture","Manoj Fernandes"
"BLD-100534","2024-09-06","Unplanned","8","Unpaid","People & Culture","Manoj Fernandes"
"BLD-100534","2025-09-04","Unplanned","8","Paid","People & Culture","Manoj Fernandes"
"BLD-100534","2025-03-28","Sick","8","Paid","People & Culture","Manoj Fernandes"
"BLD-100534","2024-06-24","Late","1","Unpaid","People & Culture","Manoj Fernandes"
"BLD-100534","2023-07-25","Unplanned","8","Unpaid","People & Culture","Manoj Fernandes"
"BLD-100534","2024-10-29","Unplanned","8","Unpaid","People & Culture","Manoj Fernandes"
"BLD-100534","2024-07-20","Unplanned","8","Paid","People & Culture","Manoj Fernandes"
"BLD-100534","2025-06-25","Sick","8","Paid","People & Culture","Manoj Fernandes"
"BLD-100534","2024-09-30","Unplanned","8","Unpaid","People & Culture","Manoj Fernandes"
"BLD-100534","2023-02-16","Unplanned","8","Unpaid","People & Culture","Manoj Fernandes"
"BLD-100534","2023-07-16","Unplanned","8","Unpaid","People & Culture","Manoj Fernandes"
"BLD-100534","2024-05-14","Unplanned","8","Paid","People & Culture","Manoj Fernandes"
"BLD-100534","2024-12-16","Sick","8","Paid","People & Culture","Manoj Fernandes"
"BLD-100534","2024-02-18","Sick","8","Paid","People & Culture","Manoj Fernandes"
"BLD-100534","2025-01-03","Sick","8","Paid","People & Culture","Manoj Fernandes"
"BLD-100534","2024-11-16","Sick","8","Paid","People & Culture","Manoj Fernandes"
"BLD-100534","2023-05-24","Other","8","Paid","People & Culture","Manoj Fernandes"
"BLD-100534","2025-03-13","Late","1","Unpaid","People & Culture","Manoj Fernandes"
"BLD-100535","2024-08-30","Late","1","Paid","Farm Operations","Krishna Thapa"
"BLD-100535","2024-07-03","Sick","8","Paid","Farm Operations","Krishna Thapa"
"BLD-100535","2024-03-21","Unplanned","8","Paid","Farm Operations","Krishna Thapa"
"BLD-100535","2024-01-15","Unplanned","8","Paid","Farm Operations","Krishna Thapa"
"BLD-100535","2024-05-24","Late","1","Paid","Farm Operations","Krishna Thapa"
"BLD-100535","2024-01-31","Sick","8","Paid","Farm Operations","Krishna Thapa"
"BLD-100535","2024-08-06","Sick","8","Paid","Farm Operations","Krishna Thapa"
"BLD-100535","2024-01-07","Unplanned","8","Unpaid","Farm Operations","Krishna Thapa"
"BLD-100535","2025-04-08","Sick","8","Paid","Farm Operations","Krishna Thapa"
"BLD-100535","2024-04-20","Late","3","Unpaid","Farm Operations","Krishna Thapa"
"BLD-100535","2023-11-26","Late","3","Unpaid","Farm Operations","Krishna Thapa"
"BLD-100535","2023-08-31","Late","2","Unpaid","Farm Operations","Krishna Thapa"
"BLD-100535","2024-08-03","Sick","8","Paid","Farm Operations","Krishna Thapa"
"BLD-100536","2023-10-17","Unplanned","8","Unpaid","Farm Operations","Anil Cruz"
"BLD-100536","2025-12-02","Other","8","Unpaid","Farm Operations","Anil Cruz"
"BLD-100536","2025-08-09","Late","3","Unpaid","Farm Operations","Anil Cruz"
"BLD-100536","2024-01-02","Sick","8","Paid","Farm Operations","Anil Cruz"
"BLD-100537","2024-12-18","Unplanned","8","Unpaid","Production","Ali Ibrahim"
"BLD-100537","2025-05-29","Late","2","Unpaid","Production","Ali Ibrahim"
"BLD-100537","2023-04-10","Unplanned","8","Paid","Production","Ali Ibrahim"
"BLD-100538","2025-09-03","Late","2","Paid","Marketing","Rakesh Kapoor"
"BLD-100538","2023-07-11","Sick","8","Paid","Marketing","Rakesh Kapoor"
"BLD-100538","2025-11-13","Late","1","Paid","Marketing","Rakesh Kapoor"
"BLD-100538","2023-03-25","Sick","8","Paid","Marketing","Rakesh Kapoor"
"BLD-100538","2023-08-04","Late","2","Unpaid","Marketing","Rakesh Kapoor"
"BLD-100538","2025-12-14","Unplanned","8","Unpaid","Marketing","Rakesh Kapoor"
"BLD-100540","2024-08-02","Late","1","Unpaid","Sales & Distribution","Manoj Reyes"
"BLD-100540","2023-05-04","Sick","8","Paid","Sales & Distribution","Manoj Reyes"
"BLD-100540","2023-01-25","Sick","8","Paid","Sales & Distribution","Manoj Reyes"
"BLD-100540","2023-03-25","Sick","8","Paid","Sales & Distribution","Manoj Reyes"
"BLD-100540","2023-02-06","Sick","8","Paid","Sales & Distribution","Manoj Reyes"
"BLD-100540","2024-06-21","Late","3","Unpaid","Sales & Distribution","Manoj Reyes"
"BLD-100540","2023-05-11","Unplanned","8","Unpaid","Sales & Distribution","Manoj Reyes"
"BLD-100541","2024-11-04","Unplanned","8","Unpaid","Quality Assurance & Food Safety","Yasmin Chowdhury"
"BLD-100541","2023-07-17","Sick","8","Paid","Quality Assurance & Food Safety","Yasmin Chowdhury"
"BLD-100541","2024-09-01","Sick","8","Paid","Quality Assurance & Food Safety","Yasmin Chowdhury"
"BLD-100541","2024-04-26","Sick","8","Paid","Quality Assurance & Food Safety","Yasmin Chowdhury"
"BLD-100541","2024-04-04","Sick","8","Paid","Quality Assurance & Food Safety","Yasmin Chowdhury"
"BLD-100541","2025-07-27","Sick","8","Paid","Quality Assurance & Food Safety","Yasmin Chowdhury"
"BLD-100541","2023-01-27","Other","8","Paid","Quality Assurance & Food Safety","Yasmin Chowdhury"
"BLD-100541","2025-07-07","Sick","8","Paid","Quality Assurance & Food Safety","Yasmin Chowdhury"
"BLD-100541","2023-09-22","Sick","8","Paid","Quality Assurance & Food Safety","Yasmin Chowdhury"
"BLD-100541","2023-01-11","Unplanned","8","Paid","Quality Assurance & Food Safety","Yasmin Chowdhury"
"BLD-100541","2025-01-08","Unplanned","8","Paid","Quality Assurance & Food Safety","Yasmin Chowdhury"
"BLD-100541","2025-04-14","Late","3","Unpaid","Quality Assurance & Food Safety","Yasmin Chowdhury"
"BLD-100541","2025-06-19","Unplanned","8","Unpaid","Quality Assurance & Food Safety","Yasmin Chowdhury"
"BLD-100541","2023-08-14","Late","1","Unpaid","Quality Assurance & Food Safety","Yasmin Chowdhury"
"BLD-100541","2023-10-12","Sick","8","Paid","Quality Assurance & Food Safety","Yasmin Chowdhury"
"BLD-100541","2025-02-12","Unplanned","8","Unpaid","Quality Assurance & Food Safety","Yasmin Chowdhury"
"BLD-100541","2023-01-27","Sick","8","Paid","Quality Assurance & Food Safety","Yasmin Chowdhury"
"BLD-100541","2025-11-22","Unplanned","8","Unpaid","Quality Assurance & Food Safety","Yasmin Chowdhury"
"BLD-100541","2025-07-17","Late","1","Unpaid","Quality Assurance & Food Safety","Yasmin Chowdhury"
"BLD-100541","2025-08-10","Sick","8","Paid","Quality Assurance & Food Safety","Yasmin Chowdhury"
"BLD-100541","2023-04-19","Late","1","Paid","Quality Assurance & Food Safety","Yasmin Chowdhury"
"BLD-100541","2024-06-16","Unplanned","8","Paid","Quality Assurance & Food Safety","Yasmin Chowdhury"
"BLD-100542","2023-03-18","Unplanned","8","Paid","Corporate & Executive Office","Manoj Pereira"
"BLD-100542","2023-01-09","Sick","8","Paid","Corporate & Executive Office","Manoj Pereira"
"BLD-100543","2023-02-06","Sick","8","Paid","Finance","Jose Islam"
"BLD-100544","2023-02-07","Sick","8","Paid","Sales & Distribution","Anil Al-Kuwari"
"BLD-100544","2023-12-11","Sick","8","Paid","Sales & Distribution","Anil Al-Kuwari"
"BLD-100544","2023-04-16","Sick","8","Paid","Sales & Distribution","Anil Al-Kuwari"
"BLD-100544","2023-07-29","Late","1","Unpaid","Sales & Distribution","Anil Al-Kuwari"
"BLD-100544","2024-01-23","Unplanned","8","Paid","Sales & Distribution","Anil Al-Kuwari"
"BLD-100545","2023-11-27","Sick","8","Paid","People & Culture","Reem Kapoor"
"BLD-100545","2023-12-24","Late","1","Paid","People & Culture","Reem Kapoor"
"BLD-100545","2023-04-26","Late","1","Paid","People & Culture","Reem Kapoor"
"BLD-100545","2024-03-18","Late","3","Unpaid","People & Culture","Reem Kapoor"
"BLD-100545","2023-05-19","Sick","8","Paid","People & Culture","Reem Kapoor"
"BLD-100545","2023-05-29","Unplanned","8","Paid","People & Culture","Reem Kapoor"
"BLD-100545","2024-03-29","Unplanned","8","Paid","People & Culture","Reem Kapoor"
"BLD-100545","2025-06-12","Sick","8","Paid","People & Culture","Reem Kapoor"
"BLD-100545","2024-09-15","Late","3","Unpaid","People & Culture","Reem Kapoor"
"BLD-100545","2024-10-01","Sick","8","Paid","People & Culture","Reem Kapoor"
"BLD-100545","2023-06-06","Unplanned","8","Paid","People & Culture","Reem Kapoor"
"BLD-100546","2024-07-01","Sick","8","Paid","Sales & Distribution","Arjun Kapoor"
"BLD-100546","2023-05-13","Sick","8","Paid","Sales & Distribution","Arjun Kapoor"
"BLD-100546","2025-03-19","Sick","8","Paid","Sales & Distribution","Arjun Kapoor"
"BLD-100546","2025-01-10","Unplanned","8","Paid","Sales & Distribution","Arjun Kapoor"
"BLD-100546","2024-12-14","Sick","8","Paid","Sales & Distribution","Arjun Kapoor"
"BLD-100546","2023-10-05","Unplanned","8","Unpaid","Sales & Distribution","Arjun Kapoor"
"BLD-100546","2024-05-03","Unplanned","8","Unpaid","Sales & Distribution","Arjun Kapoor"
"BLD-100546","2023-06-30","Sick","8","Paid","Sales & Distribution","Arjun Kapoor"
"BLD-100546","2025-11-06","Sick","8","Paid","Sales & Distribution","Arjun Kapoor"
"BLD-100546","2025-06-11","Sick","8","Paid","Sales & Distribution","Arjun Kapoor"
"BLD-100546","2023-10-17","Sick","8","Paid","Sales & Distribution","Arjun Kapoor"
"BLD-100546","2024-10-27","Sick","8","Paid","Sales & Distribution","Arjun Kapoor"
"BLD-100546","2025-08-14","Sick","8","Paid","Sales & Distribution","Arjun Kapoor"
"BLD-100546","2023-04-23","Other","8","Paid","Sales & Distribution","Arjun Kapoor"
"BLD-100546","2024-07-26","Late","2","Unpaid","Sales & Distribution","Arjun Kapoor"
"BLD-100546","2025-06-21","Unplanned","8","Unpaid","Sales & Distribution","Arjun Kapoor"
"BLD-100546","2023-11-24","Sick","8","Paid","Sales & Distribution","Arjun Kapoor"
"BLD-100546","2023-10-15","Sick","8","Paid","Sales & Distribution","Arjun Kapoor"
"BLD-100546","2025-08-23","Late","3","Paid","Sales & Distribution","Arjun Kapoor"
"BLD-100547","2023-02-01","Sick","8","Paid","Quality Assurance & Food Safety","Ali Santos"
"BLD-100547","2023-04-30","Late","2","Unpaid","Quality Assurance & Food Safety","Ali Santos"
"BLD-100548","2023-03-19","Late","1","Paid","Supply Chain & Logistics","Ahmed Abdullah"
"BLD-100548","2023-04-07","Sick","8","Paid","Supply Chain & Logistics","Ahmed Abdullah"
"BLD-100548","2023-10-02","Unplanned","8","Unpaid","Supply Chain & Logistics","Ahmed Abdullah"
"BLD-100548","2023-06-13","Unplanned","8","Paid","Supply Chain & Logistics","Ahmed Abdullah"
"BLD-100549","2024-02-08","Late","1","Unpaid","IT & Digital","Juan Al-Sayed"
"BLD-100549","2023-01-08","Unplanned","8","Unpaid","IT & Digital","Juan Al-Sayed"
"BLD-100549","2024-05-16","Sick","8","Paid","IT & Digital","Juan Al-Sayed"
"BLD-100549","2025-08-28","Sick","8","Paid","IT & Digital","Juan Al-Sayed"
"BLD-100549","2025-09-15","Other","8","Paid","IT & Digital","Juan Al-Sayed"
"BLD-100549","2023-06-17","Sick","8","Paid","IT & Digital","Juan Al-Sayed"
"BLD-100549","2023-10-19","Late","1","Paid","IT & Digital","Juan Al-Sayed"
"BLD-100551","2025-11-27","Unplanned","8","Unpaid","Supply Chain & Logistics","Sanjay Rai"
"BLD-100551","2024-10-12","Unplanned","8","Paid","Supply Chain & Logistics","Sanjay Rai"
"BLD-100551","2025-07-08","Sick","8","Paid","Supply Chain & Logistics","Sanjay Rai"
"BLD-100551","2023-10-25","Sick","8","Paid","Supply Chain & Logistics","Sanjay Rai"
"BLD-100551","2025-05-06","Unplanned","8","Unpaid","Supply Chain & Logistics","Sanjay Rai"
"BLD-100551","2024-01-23","Sick","8","Paid","Supply Chain & Logistics","Sanjay Rai"
"BLD-100552","2024-04-07","Sick","8","Paid","Supply Chain & Logistics","Khalid Santos"
"BLD-100552","2023-03-03","Other","8","Unpaid","Supply Chain & Logistics","Khalid Santos"
"BLD-100552","2023-03-10","Unplanned","8","Unpaid","Supply Chain & Logistics","Khalid Santos"
"BLD-100552","2025-06-26","Other","8","Unpaid","Supply Chain & Logistics","Khalid Santos"
"BLD-100552","2024-03-26","Sick","8","Paid","Supply Chain & Logistics","Khalid Santos"
"BLD-100552","2023-07-11","Sick","8","Paid","Supply Chain & Logistics","Khalid Santos"
"BLD-100552","2024-02-11","Unplanned","8","Unpaid","Supply Chain & Logistics","Khalid Santos"
"BLD-100552","2025-02-11","Other","8","Unpaid","Supply Chain & Logistics","Khalid Santos"
"BLD-100552","2024-07-26","Late","3","Unpaid","Supply Chain & Logistics","Khalid Santos"
"BLD-100552","2024-12-22","Sick","8","Paid","Supply Chain & Logistics","Khalid Santos"
"BLD-100552","2024-10-08","Unplanned","8","Paid","Supply Chain & Logistics","Khalid Santos"
"BLD-100552","2024-12-21","Late","3","Paid","Supply Chain & Logistics","Khalid Santos"
"BLD-100552","2024-05-26","Late","2","Unpaid","Supply Chain & Logistics","Khalid Santos"
"BLD-100552","2024-01-12","Unplanned","8","Paid","Supply Chain & Logistics","Khalid Santos"
"BLD-100552","2025-11-26","Sick","8","Paid","Supply Chain & Logistics","Khalid Santos"
"BLD-100553","2024-03-11","Sick","8","Paid","People & Culture","Juan Malik"
"BLD-100553","2025-07-03","Unplanned","8","Unpaid","People & Culture","Juan Malik"
"BLD-100553","2025-08-04","Unplanned","8","Unpaid","People & Culture","Juan Malik"
"BLD-100553","2023-07-07","Sick","8","Paid","People & Culture","Juan Malik"
"BLD-100554","2023-05-23","Unplanned","8","Unpaid","Finance","Suresh El-Sayed"
"BLD-100554","2023-10-11","Sick","8","Paid","Finance","Suresh El-Sayed"
"BLD-100554","2025-12-23","Unplanned","8","Unpaid","Finance","Suresh El-Sayed"
"BLD-100554","2024-09-21","Late","1","Unpaid","Finance","Suresh El-Sayed"
"BLD-100554","2025-12-10","Late","1","Unpaid","Finance","Suresh El-Sayed"
"BLD-100554","2025-07-29","Late","1","Paid","Finance","Suresh El-Sayed"
"BLD-100554","2023-02-19","Sick","8","Paid","Finance","Suresh El-Sayed"
"BLD-100554","2023-01-08","Late","2","Paid","Finance","Suresh El-Sayed"
"BLD-100554","2023-06-04","Unplanned","8","Unpaid","Finance","Suresh El-Sayed"
"BLD-100554","2024-05-05","Sick","8","Paid","Finance","Suresh El-Sayed"
"BLD-100554","2023-06-12","Late","3","Unpaid","Finance","Suresh El-Sayed"
"BLD-100554","2024-11-14","Sick","8","Paid","Finance","Suresh El-Sayed"
"BLD-100554","2025-12-28","Late","2","Paid","Finance","Suresh El-Sayed"
"BLD-100554","2023-01-21","Sick","8","Paid","Finance","Suresh El-Sayed"
"BLD-100554","2023-07-05","Sick","8","Paid","Finance","Suresh El-Sayed"
"BLD-100554","2024-10-16","Other","8","Unpaid","Finance","Suresh El-Sayed"
"BLD-100554","2023-07-23","Unplanned","8","Paid","Finance","Suresh El-Sayed"
"BLD-100554","2025-10-24","Unplanned","8","Unpaid","Finance","Suresh El-Sayed"
"BLD-100554","2024-10-30","Sick","8","Paid","Finance","Suresh El-Sayed"
"BLD-100555","2024-11-03","Unplanned","8","Paid","Finance","Bikram Al-Kuwari"
"BLD-100555","2023-12-29","Sick","8","Paid","Finance","Bikram Al-Kuwari"
"BLD-100555","2023-08-19","Sick","8","Paid","Finance","Bikram Al-Kuwari"
"BLD-100555","2023-06-13","Unplanned","8","Paid","Finance","Bikram Al-Kuwari"
"BLD-100555","2025-12-02","Unplanned","8","Paid","Finance","Bikram Al-Kuwari"
"BLD-100555","2023-07-04","Sick","8","Paid","Finance","Bikram Al-Kuwari"
"BLD-100555","2023-05-21","Sick","8","Paid","Finance","Bikram Al-Kuwari"
"BLD-100555","2023-12-12","Unplanned","8","Paid","Finance","Bikram Al-Kuwari"
"BLD-100555","2024-08-28","Sick","8","Paid","Finance","Bikram Al-Kuwari"
"BLD-100555","2023-08-29","Sick","8","Paid","Finance","Bikram Al-Kuwari"
"BLD-100555","2023-12-30","Sick","8","Paid","Finance","Bikram Al-Kuwari"
"BLD-100555","2023-06-25","Sick","8","Paid","Finance","Bikram Al-Kuwari"
"BLD-100556","2024-10-20","Sick","8","Paid","Marketing","Dina Farouk"
"BLD-100556","2024-07-25","Late","2","Unpaid","Marketing","Dina Farouk"
"BLD-100556","2023-03-09","Late","2","Paid","Marketing","Dina Farouk"
"BLD-100556","2023-06-24","Unplanned","8","Unpaid","Marketing","Dina Farouk"
"BLD-100556","2024-07-17","Unplanned","8","Paid","Marketing","Dina Farouk"
"BLD-100556","2024-02-27","Unplanned","8","Paid","Marketing","Dina Farouk"
"BLD-100556","2023-08-27","Sick","8","Paid","Marketing","Dina Farouk"
"BLD-100556","2024-11-03","Unplanned","8","Paid","Marketing","Dina Farouk"
"BLD-100556","2023-08-06","Unplanned","8","Unpaid","Marketing","Dina Farouk"
"BLD-100556","2025-01-17","Other","8","Unpaid","Marketing","Dina Farouk"
"BLD-100556","2025-05-11","Sick","8","Paid","Marketing","Dina Farouk"
"BLD-100556","2025-01-04","Late","3","Unpaid","Marketing","Dina Farouk"
"BLD-100556","2024-11-05","Sick","8","Paid","Marketing","Dina Farouk"
"BLD-100556","2024-11-19","Late","3","Unpaid","Marketing","Dina Farouk"
"BLD-100557","2025-02-04","Unplanned","8","Unpaid","Farm Operations","Ahmed El-Sayed"
"BLD-100557","2024-09-24","Late","3","Paid","Farm Operations","Ahmed El-Sayed"
"BLD-100557","2023-04-12","Late","3","Unpaid","Farm Operations","Ahmed El-Sayed"
"BLD-100557","2025-10-26","Sick","8","Paid","Farm Operations","Ahmed El-Sayed"
"BLD-100557","2023-03-01","Unplanned","8","Unpaid","Farm Operations","Ahmed El-Sayed"
"BLD-100557","2024-04-05","Sick","8","Paid","Farm Operations","Ahmed El-Sayed"
"BLD-100557","2024-03-14","Unplanned","8","Unpaid","Farm Operations","Ahmed El-Sayed"
"BLD-100557","2023-12-09","Unplanned","8","Paid","Farm Operations","Ahmed El-Sayed"
"BLD-100557","2025-08-14","Sick","8","Paid","Farm Operations","Ahmed El-Sayed"
"BLD-100557","2024-01-04","Other","8","Paid","Farm Operations","Ahmed El-Sayed"
"BLD-100557","2023-12-14","Unplanned","8","Unpaid","Farm Operations","Ahmed El-Sayed"
"BLD-100557","2024-10-26","Sick","8","Paid","Farm Operations","Ahmed El-Sayed"
"BLD-100558","2023-04-15","Unplanned","8","Unpaid","Corporate & Executive Office","Rakesh Sharma"
"BLD-100558","2023-11-28","Sick","8","Paid","Corporate & Executive Office","Rakesh Sharma"
"BLD-100558","2023-04-09","Unplanned","8","Unpaid","Corporate & Executive Office","Rakesh Sharma"
"BLD-100558","2023-02-28","Late","3","Unpaid","Corporate & Executive Office","Rakesh Sharma"
"BLD-100558","2023-04-14","Sick","8","Paid","Corporate & Executive Office","Rakesh Sharma"
"BLD-100558","2023-08-22","Sick","8","Paid","Corporate & Executive Office","Rakesh Sharma"
"BLD-100558","2023-09-09","Sick","8","Paid","Corporate & Executive Office","Rakesh Sharma"
"BLD-100559","2023-09-05","Sick","8","Paid","Production","Krishna Cruz"
"BLD-100559","2023-02-09","Unplanned","8","Unpaid","Production","Krishna Cruz"
"BLD-100559","2024-04-02","Unplanned","8","Unpaid","Production","Krishna Cruz"
"BLD-100559","2023-04-10","Unplanned","8","Unpaid","Production","Krishna Cruz"
"BLD-100559","2025-05-20","Unplanned","8","Unpaid","Production","Krishna Cruz"
"BLD-100559","2025-11-25","Sick","8","Paid","Production","Krishna Cruz"
"BLD-100559","2023-01-11","Other","8","Unpaid","Production","Krishna Cruz"
"BLD-100560","2024-02-19","Sick","8","Paid","Quality Assurance & Food Safety","Hari Al-Kuwari"
"BLD-100560","2024-04-21","Sick","8","Paid","Quality Assurance & Food Safety","Hari Al-Kuwari"
"BLD-100560","2023-01-22","Late","2","Unpaid","Quality Assurance & Food Safety","Hari Al-Kuwari"
"BLD-100560","2024-01-15","Late","3","Unpaid","Quality Assurance & Food Safety","Hari Al-Kuwari"
"BLD-100560","2023-07-11","Unplanned","8","Paid","Quality Assurance & Food Safety","Hari Al-Kuwari"
"BLD-100560","2024-04-08","Unplanned","8","Unpaid","Quality Assurance & Food Safety","Hari Al-Kuwari"
"BLD-100560","2023-11-04","Unplanned","8","Paid","Quality Assurance & Food Safety","Hari Al-Kuwari"
"BLD-100561","2024-09-06","Sick","8","Paid","Production","Sameer Abdullah"
"BLD-100561","2023-10-31","Unplanned","8","Unpaid","Production","Sameer Abdullah"
"BLD-100561","2025-03-15","Unplanned","8","Unpaid","Production","Sameer Abdullah"
"BLD-100561","2023-09-23","Unplanned","8","Unpaid","Production","Sameer Abdullah"
"BLD-100561","2023-05-02","Sick","8","Paid","Production","Sameer Abdullah"
"BLD-100561","2024-01-10","Sick","8","Paid","Production","Sameer Abdullah"
"BLD-100562","2024-02-20","Sick","8","Paid","Engineering & Maintenance","Prakash Sharma"
"BLD-100562","2025-06-25","Late","1","Unpaid","Engineering & Maintenance","Prakash Sharma"
"BLD-100562","2024-01-29","Late","2","Unpaid","Engineering & Maintenance","Prakash Sharma"
"BLD-100562","2025-09-09","Sick","8","Paid","Engineering & Maintenance","Prakash Sharma"
"BLD-100562","2024-10-02","Sick","8","Paid","Engineering & Maintenance","Prakash Sharma"
"BLD-100562","2023-07-08","Late","1","Unpaid","Engineering & Maintenance","Prakash Sharma"
"BLD-100562","2023-12-22","Sick","8","Paid","Engineering & Maintenance","Prakash Sharma"
"BLD-100562","2024-03-31","Sick","8","Paid","Engineering & Maintenance","Prakash Sharma"
"BLD-100562","2024-06-08","Unplanned","8","Unpaid","Engineering & Maintenance","Prakash Sharma"
"BLD-100562","2024-09-14","Late","3","Unpaid","Engineering & Maintenance","Prakash Sharma"
"BLD-100562","2025-09-15","Late","1","Unpaid","Engineering & Maintenance","Prakash Sharma"
"BLD-100563","2023-06-12","Late","1","Paid","R&D","Rowena Kapoor"
"BLD-100563","2023-12-20","Sick","8","Paid","R&D","Rowena Kapoor"
"BLD-100563","2023-09-19","Unplanned","8","Paid","R&D","Rowena Kapoor"
"BLD-100563","2023-02-25","Unplanned","8","Unpaid","R&D","Rowena Kapoor"
"BLD-100563","2024-06-06","Sick","8","Paid","R&D","Rowena Kapoor"
"BLD-100563","2023-03-11","Sick","8","Paid","R&D","Rowena Kapoor"
"BLD-100563","2024-12-10","Sick","8","Paid","R&D","Rowena Kapoor"
"BLD-100563","2025-01-25","Sick","8","Paid","R&D","Rowena Kapoor"
"BLD-100563","2023-12-12","Unplanned","8","Paid","R&D","Rowena Kapoor"
"BLD-100563","2023-05-12","Sick","8","Paid","R&D","Rowena Kapoor"
"BLD-100563","2024-10-24","Other","8","Unpaid","R&D","Rowena Kapoor"
"BLD-100563","2024-07-26","Unplanned","8","Paid","R&D","Rowena Kapoor"
"BLD-100563","2023-02-20","Other","8","Unpaid","R&D","Rowena Kapoor"
"BLD-100563","2023-11-28","Sick","8","Paid","R&D","Rowena Kapoor"
"BLD-100563","2024-01-20","Other","8","Unpaid","R&D","Rowena Kapoor"
"BLD-100563","2023-01-10","Sick","8","Paid","R&D","Rowena Kapoor"
"BLD-100564","2024-06-11","Unplanned","8","Unpaid","People & Culture","Omar Abdullah"
"BLD-100564","2025-08-21","Unplanned","8","Unpaid","People & Culture","Omar Abdullah"
"BLD-100564","2024-07-22","Late","2","Unpaid","People & Culture","Omar Abdullah"
"BLD-100564","2024-03-02","Sick","8","Paid","People & Culture","Omar Abdullah"
"BLD-100564","2024-09-04","Late","3","Unpaid","People & Culture","Omar Abdullah"
"BLD-100564","2024-04-06","Unplanned","8","Paid","People & Culture","Omar Abdullah"
"BLD-100564","2023-12-18","Sick","8","Paid","People & Culture","Omar Abdullah"
"BLD-100564","2024-03-13","Late","3","Paid","People & Culture","Omar Abdullah"
"BLD-100564","2025-06-26","Sick","8","Paid","People & Culture","Omar Abdullah"
"BLD-100564","2025-08-31","Late","1","Unpaid","People & Culture","Omar Abdullah"
"BLD-100564","2025-03-20","Late","3","Unpaid","People & Culture","Omar Abdullah"
"BLD-100564","2025-09-27","Sick","8","Paid","People & Culture","Omar Abdullah"
"BLD-100564","2023-08-20","Late","2","Paid","People & Culture","Omar Abdullah"
"BLD-100565","2024-10-23","Unplanned","8","Unpaid","Finance","Juan El-Sayed"
"BLD-100565","2025-08-18","Other","8","Unpaid","Finance","Juan El-Sayed"
"BLD-100565","2024-06-18","Sick","8","Paid","Finance","Juan El-Sayed"
"BLD-100565","2025-02-02","Late","3","Paid","Finance","Juan El-Sayed"
"BLD-100565","2025-06-17","Sick","8","Paid","Finance","Juan El-Sayed"
"BLD-100565","2023-10-10","Sick","8","Paid","Finance","Juan El-Sayed"
"BLD-100565","2024-04-17","Late","1","Unpaid","Finance","Juan El-Sayed"
"BLD-100565","2023-10-14","Other","8","Unpaid","Finance","Juan El-Sayed"
"BLD-100565","2025-11-13","Sick","8","Paid","Finance","Juan El-Sayed"
"BLD-100565","2024-10-19","Late","1","Unpaid","Finance","Juan El-Sayed"
"BLD-100565","2025-02-07","Sick","8","Paid","Finance","Juan El-Sayed"
"BLD-100565","2024-06-06","Other","8","Unpaid","Finance","Juan El-Sayed"
"BLD-100565","2023-03-06","Sick","8","Paid","Finance","Juan El-Sayed"
"BLD-100565","2023-04-26","Sick","8","Paid","Finance","Juan El-Sayed"
"BLD-100565","2025-03-06","Unplanned","8","Paid","Finance","Juan El-Sayed"
"BLD-100565","2025-12-31","Sick","8","Paid","Finance","Juan El-Sayed"
"BLD-100565","2024-02-22","Sick","8","Paid","Finance","Juan El-Sayed"
"BLD-100565","2025-05-02","Sick","8","Paid","Finance","Juan El-Sayed"
"BLD-100565","2024-05-13","Unplanned","8","Unpaid","Finance","Juan El-Sayed"
"BLD-100565","2025-11-22","Unplanned","8","Paid","Finance","Juan El-Sayed"
"BLD-100565","2025-02-18","Sick","8","Paid","Finance","Juan El-Sayed"
"BLD-100565","2025-07-12","Late","3","Unpaid","Finance","Juan El-Sayed"
"BLD-100565","2025-10-08","Unplanned","8","Unpaid","Finance","Juan El-Sayed"
"BLD-100565","2025-11-17","Sick","8","Paid","Finance","Juan El-Sayed"
"BLD-100566","2025-02-13","Sick","8","Paid","People & Culture","Hind Mahmoud"
"BLD-100566","2023-11-17","Sick","8","Paid","People & Culture","Hind Mahmoud"
"BLD-100566","2023-08-08","Unplanned","8","Paid","People & Culture","Hind Mahmoud"
"BLD-100566","2024-11-26","Unplanned","8","Paid","People & Culture","Hind Mahmoud"
"BLD-100566","2023-10-08","Sick","8","Paid","People & Culture","Hind Mahmoud"
"BLD-100566","2024-04-17","Unplanned","8","Unpaid","People & Culture","Hind Mahmoud"
"BLD-100566","2024-03-15","Late","3","Paid","People & Culture","Hind Mahmoud"
"BLD-100566","2023-10-24","Sick","8","Paid","People & Culture","Hind Mahmoud"
"BLD-100566","2024-08-08","Unplanned","8","Unpaid","People & Culture","Hind Mahmoud"
"BLD-100566","2024-06-09","Late","3","Paid","People & Culture","Hind Mahmoud"
"BLD-100566","2023-05-24","Sick","8","Paid","People & Culture","Hind Mahmoud"
"BLD-100566","2024-12-17","Unplanned","8","Unpaid","People & Culture","Hind Mahmoud"
"BLD-100566","2024-09-26","Late","3","Unpaid","People & Culture","Hind Mahmoud"
"BLD-100566","2023-10-23","Other","8","Unpaid","People & Culture","Hind Mahmoud"
"BLD-100566","2023-08-23","Sick","8","Paid","People & Culture","Hind Mahmoud"
"BLD-100566","2023-05-03","Sick","8","Paid","People & Culture","Hind Mahmoud"
"BLD-100567","2023-01-03","Sick","8","Paid","People & Culture","Sunita Youssef"
"BLD-100567","2023-01-08","Unplanned","8","Paid","People & Culture","Sunita Youssef"
"BLD-100568","2023-01-19","Sick","8","Paid","Production","Waleed Gurung"
"BLD-100568","2023-05-06","Sick","8","Paid","Production","Waleed Gurung"
"BLD-100569","2025-04-06","Other","8","Unpaid","People & Culture","Cherry Ibrahim"
"BLD-100569","2023-09-14","Unplanned","8","Unpaid","People & Culture","Cherry Ibrahim"
"BLD-100569","2024-12-08","Unplanned","8","Unpaid","People & Culture","Cherry Ibrahim"
"BLD-100569","2023-02-07","Unplanned","8","Paid","People & Culture","Cherry Ibrahim"
"BLD-100569","2024-09-13","Sick","8","Paid","People & Culture","Cherry Ibrahim"
"BLD-100569","2024-08-03","Sick","8","Paid","People & Culture","Cherry Ibrahim"
"BLD-100569","2024-01-25","Unplanned","8","Unpaid","People & Culture","Cherry Ibrahim"
"BLD-100569","2023-10-11","Sick","8","Paid","People & Culture","Cherry Ibrahim"
"BLD-100569","2023-04-29","Sick","8","Paid","People & Culture","Cherry Ibrahim"
"BLD-100569","2025-07-24","Sick","8","Paid","People & Culture","Cherry Ibrahim"
"BLD-100569","2025-02-13","Sick","8","Paid","People & Culture","Cherry Ibrahim"
"BLD-100569","2023-03-05","Unplanned","8","Paid","People & Culture","Cherry Ibrahim"
"BLD-100569","2023-04-03","Unplanned","8","Unpaid","People & Culture","Cherry Ibrahim"
"BLD-100569","2024-02-23","Unplanned","8","Paid","People & Culture","Cherry Ibrahim"
"BLD-100569","2025-10-20","Sick","8","Paid","People & Culture","Cherry Ibrahim"
"BLD-100569","2023-11-14","Sick","8","Paid","People & Culture","Cherry Ibrahim"
"BLD-100570","2025-05-19","Sick","8","Paid","Marketing","Yasmin Islam"
"BLD-100570","2024-06-11","Late","1","Unpaid","Marketing","Yasmin Islam"
"BLD-100570","2024-07-07","Sick","8","Paid","Marketing","Yasmin Islam"
"BLD-100570","2025-08-03","Late","2","Paid","Marketing","Yasmin Islam"
"BLD-100570","2023-09-01","Unplanned","8","Unpaid","Marketing","Yasmin Islam"
"BLD-100570","2023-09-16","Unplanned","8","Paid","Marketing","Yasmin Islam"
"BLD-100570","2024-04-26","Sick","8","Paid","Marketing","Yasmin Islam"
"BLD-100570","2023-04-12","Late","1","Paid","Marketing","Yasmin Islam"
"BLD-100570","2025-07-10","Sick","8","Paid","Marketing","Yasmin Islam"
"BLD-100570","2025-01-19","Unplanned","8","Paid","Marketing","Yasmin Islam"
"BLD-100570","2023-10-17","Unplanned","8","Unpaid","Marketing","Yasmin Islam"
"BLD-100570","2024-03-14","Late","3","Unpaid","Marketing","Yasmin Islam"
"BLD-100570","2023-12-31","Late","2","Unpaid","Marketing","Yasmin Islam"
"BLD-100570","2023-11-15","Other","8","Unpaid","Marketing","Yasmin Islam"
"BLD-100570","2024-08-19","Unplanned","8","Unpaid","Marketing","Yasmin Islam"
"BLD-100570","2024-09-16","Unplanned","8","Unpaid","Marketing","Yasmin Islam"
"BLD-100570","2023-02-15","Late","1","Unpaid","Marketing","Yasmin Islam"
"BLD-100570","2023-01-30","Unplanned","8","Unpaid","Marketing","Yasmin Islam"
"BLD-100570","2023-07-13","Unplanned","8","Unpaid","Marketing","Yasmin Islam"
"BLD-100570","2023-05-30","Late","2","Unpaid","Marketing","Yasmin Islam"
"BLD-100570","2023-03-06","Sick","8","Paid","Marketing","Yasmin Islam"
"BLD-100570","2025-05-30","Sick","8","Paid","Marketing","Yasmin Islam"
"BLD-100570","2023-11-21","Sick","8","Paid","Marketing","Yasmin Islam"
"BLD-100570","2025-09-23","Sick","8","Paid","Marketing","Yasmin Islam"
"BLD-100571","2023-04-02","Unplanned","8","Paid","R&D","Bishnu Mansour"
"BLD-100571","2023-05-01","Sick","8","Paid","R&D","Bishnu Mansour"
"BLD-100571","2023-05-09","Late","2","Unpaid","R&D","Bishnu Mansour"
"BLD-100571","2023-04-20","Late","3","Paid","R&D","Bishnu Mansour"
"BLD-100571","2023-05-02","Unplanned","8","Paid","R&D","Bishnu Mansour"
"BLD-100571","2023-03-29","Unplanned","8","Unpaid","R&D","Bishnu Mansour"
"BLD-100572","2023-10-04","Sick","8","Paid","Quality Assurance & Food Safety","Sameer Al-Marri"
"BLD-100572","2023-12-25","Unplanned","8","Unpaid","Quality Assurance & Food Safety","Sameer Al-Marri"
"BLD-100572","2023-12-08","Late","1","Unpaid","Quality Assurance & Food Safety","Sameer Al-Marri"
"BLD-100572","2024-05-16","Late","3","Unpaid","Quality Assurance & Food Safety","Sameer Al-Marri"
"BLD-100572","2024-07-28","Sick","8","Paid","Quality Assurance & Food Safety","Sameer Al-Marri"
"BLD-100572","2023-07-28","Late","1","Unpaid","Quality Assurance & Food Safety","Sameer Al-Marri"
"BLD-100572","2024-10-17","Late","3","Unpaid","Quality Assurance & Food Safety","Sameer Al-Marri"
"BLD-100572","2025-08-16","Late","1","Unpaid","Quality Assurance & Food Safety","Sameer Al-Marri"
"BLD-100573","2023-03-20","Sick","8","Paid","Farm Operations","Prakash Kapoor"
"BLD-100573","2023-06-12","Unplanned","8","Paid","Farm Operations","Prakash Kapoor"
"BLD-100573","2024-07-04","Sick","8","Paid","Farm Operations","Prakash Kapoor"
"BLD-100573","2024-03-07","Sick","8","Paid","Farm Operations","Prakash Kapoor"
"BLD-100573","2023-08-13","Late","1","Unpaid","Farm Operations","Prakash Kapoor"
"BLD-100573","2024-04-03","Sick","8","Paid","Farm Operations","Prakash Kapoor"
"BLD-100573","2023-09-09","Sick","8","Paid","Farm Operations","Prakash Kapoor"
"BLD-100573","2023-10-24","Late","1","Unpaid","Farm Operations","Prakash Kapoor"
"BLD-100573","2024-10-23","Other","8","Paid","Farm Operations","Prakash Kapoor"
"BLD-100573","2024-06-02","Late","1","Paid","Farm Operations","Prakash Kapoor"
"BLD-100573","2024-07-23","Sick","8","Paid","Farm Operations","Prakash Kapoor"
"BLD-100573","2024-09-30","Late","2","Paid","Farm Operations","Prakash Kapoor"
"BLD-100573","2023-05-20","Sick","8","Paid","Farm Operations","Prakash Kapoor"
"BLD-100573","2024-01-11","Unplanned","8","Unpaid","Farm Operations","Prakash Kapoor"
"BLD-100573","2024-10-16","Sick","8","Paid","Farm Operations","Prakash Kapoor"
"BLD-100573","2023-08-31","Sick","8","Paid","Farm Operations","Prakash Kapoor"
"BLD-100573","2023-02-09","Late","3","Paid","Farm Operations","Prakash Kapoor"
"BLD-100573","2023-06-14","Unplanned","8","Unpaid","Farm Operations","Prakash Kapoor"
"BLD-100573","2023-03-11","Sick","8","Paid","Farm Operations","Prakash Kapoor"
"BLD-100574","2024-03-25","Sick","8","Paid","Sales & Distribution","Ramesh Ibrahim"
"BLD-100574","2025-12-16","Sick","8","Paid","Sales & Distribution","Ramesh Ibrahim"
"BLD-100574","2025-02-15","Late","3","Paid","Sales & Distribution","Ramesh Ibrahim"
"BLD-100574","2025-11-07","Unplanned","8","Unpaid","Sales & Distribution","Ramesh Ibrahim"
"BLD-100574","2025-03-01","Unplanned","8","Unpaid","Sales & Distribution","Ramesh Ibrahim"
"BLD-100574","2025-07-11","Sick","8","Paid","Sales & Distribution","Ramesh Ibrahim"
"BLD-100574","2025-03-05","Unplanned","8","Unpaid","Sales & Distribution","Ramesh Ibrahim"
"BLD-100574","2023-03-26","Late","1","Unpaid","Sales & Distribution","Ramesh Ibrahim"
"BLD-100574","2025-07-14","Unplanned","8","Unpaid","Sales & Distribution","Ramesh Ibrahim"
"BLD-100574","2025-10-30","Late","3","Unpaid","Sales & Distribution","Ramesh Ibrahim"
"BLD-100574","2023-08-12","Unplanned","8","Unpaid","Sales & Distribution","Ramesh Ibrahim"
"BLD-100574","2024-03-18","Sick","8","Paid","Sales & Distribution","Ramesh Ibrahim"
"BLD-100574","2025-12-27","Sick","8","Paid","Sales & Distribution","Ramesh Ibrahim"
"BLD-100574","2024-11-28","Unplanned","8","Paid","Sales & Distribution","Ramesh Ibrahim"
"BLD-100574","2025-02-04","Unplanned","8","Unpaid","Sales & Distribution","Ramesh Ibrahim"
"BLD-100574","2025-03-27","Sick","8","Paid","Sales & Distribution","Ramesh Ibrahim"
"BLD-100575","2024-05-17","Sick","8","Paid","Engineering & Maintenance","Bishnu El-Sayed"
"BLD-100575","2024-01-07","Late","2","Unpaid","Engineering & Maintenance","Bishnu El-Sayed"
"BLD-100575","2024-03-31","Late","2","Unpaid","Engineering & Maintenance","Bishnu El-Sayed"
"BLD-100575","2024-04-11","Sick","8","Paid","Engineering & Maintenance","Bishnu El-Sayed"
"BLD-100575","2023-07-07","Sick","8","Paid","Engineering & Maintenance","Bishnu El-Sayed"
"BLD-100575","2024-02-04","Unplanned","8","Unpaid","Engineering & Maintenance","Bishnu El-Sayed"
"BLD-100575","2025-04-04","Unplanned","8","Paid","Engineering & Maintenance","Bishnu El-Sayed"
"BLD-100575","2024-12-21","Late","2","Paid","Engineering & Maintenance","Bishnu El-Sayed"
"BLD-100575","2024-05-31","Other","8","Unpaid","Engineering & Maintenance","Bishnu El-Sayed"
"BLD-100575","2025-11-03","Sick","8","Paid","Engineering & Maintenance","Bishnu El-Sayed"
"BLD-100575","2024-02-12","Sick","8","Paid","Engineering & Maintenance","Bishnu El-Sayed"
"BLD-100575","2023-09-22","Unplanned","8","Unpaid","Engineering & Maintenance","Bishnu El-Sayed"
"BLD-100575","2025-06-05","Sick","8","Paid","Engineering & Maintenance","Bishnu El-Sayed"
"BLD-100575","2023-11-11","Unplanned","8","Unpaid","Engineering & Maintenance","Bishnu El-Sayed"
"BLD-100575","2024-11-06","Unplanned","8","Unpaid","Engineering & Maintenance","Bishnu El-Sayed"
"BLD-100575","2025-10-18","Late","3","Paid","Engineering & Maintenance","Bishnu El-Sayed"
"BLD-100575","2025-11-29","Unplanned","8","Paid","Engineering & Maintenance","Bishnu El-Sayed"
"BLD-100576","2024-05-18","Sick","8","Paid","Finance","Krishna Kapoor"
"BLD-100576","2025-07-13","Sick","8","Paid","Finance","Krishna Kapoor"
"BLD-100576","2023-03-12","Sick","8","Paid","Finance","Krishna Kapoor"
"BLD-100576","2024-08-14","Sick","8","Paid","Finance","Krishna Kapoor"
"BLD-100576","2025-06-27","Sick","8","Paid","Finance","Krishna Kapoor"
"BLD-100577","2023-08-14","Late","1","Unpaid","Farm Operations","Ahmed Malik"
"BLD-100577","2023-01-21","Sick","8","Paid","Farm Operations","Ahmed Malik"
"BLD-100577","2023-11-07","Late","2","Paid","Farm Operations","Ahmed Malik"
"BLD-100577","2023-07-26","Late","2","Paid","Farm Operations","Ahmed Malik"
"BLD-100577","2023-10-07","Other","8","Paid","Farm Operations","Ahmed Malik"
"BLD-100578","2025-09-04","Late","2","Paid","Supply Chain & Logistics","Suresh Reyes"
"BLD-100578","2023-08-23","Sick","8","Paid","Supply Chain & Logistics","Suresh Reyes"
"BLD-100578","2023-07-05","Sick","8","Paid","Supply Chain & Logistics","Suresh Reyes"
"BLD-100578","2023-07-01","Late","2","Unpaid","Supply Chain & Logistics","Suresh Reyes"
"BLD-100578","2025-11-05","Sick","8","Paid","Supply Chain & Logistics","Suresh Reyes"
"BLD-100578","2024-08-30","Unplanned","8","Paid","Supply Chain & Logistics","Suresh Reyes"
"BLD-100578","2025-11-30","Unplanned","8","Unpaid","Supply Chain & Logistics","Suresh Reyes"
"BLD-100578","2023-02-23","Sick","8","Paid","Supply Chain & Logistics","Suresh Reyes"
"BLD-100578","2025-12-05","Sick","8","Paid","Supply Chain & Logistics","Suresh Reyes"
"BLD-100578","2024-01-02","Unplanned","8","Unpaid","Supply Chain & Logistics","Suresh Reyes"
"BLD-100578","2025-01-27","Late","2","Unpaid","Supply Chain & Logistics","Suresh Reyes"
"BLD-100579","2025-02-01","Sick","8","Paid","Quality Assurance & Food Safety","Juan Al-Marri"
"BLD-100579","2023-05-25","Unplanned","8","Paid","Quality Assurance & Food Safety","Juan Al-Marri"
"BLD-100579","2025-01-10","Late","1","Unpaid","Quality Assurance & Food Safety","Juan Al-Marri"
"BLD-100579","2023-09-03","Late","3","Paid","Quality Assurance & Food Safety","Juan Al-Marri"
"BLD-100579","2025-06-22","Sick","8","Paid","Quality Assurance & Food Safety","Juan Al-Marri"
"BLD-100579","2024-11-24","Unplanned","8","Paid","Quality Assurance & Food Safety","Juan Al-Marri"
"BLD-100579","2023-06-05","Sick","8","Paid","Quality Assurance & Food Safety","Juan Al-Marri"
"BLD-100579","2023-01-02","Late","3","Unpaid","Quality Assurance & Food Safety","Juan Al-Marri"
"BLD-100579","2023-04-03","Late","1","Unpaid","Quality Assurance & Food Safety","Juan Al-Marri"
"BLD-100579","2025-03-23","Sick","8","Paid","Quality Assurance & Food Safety","Juan Al-Marri"
"BLD-100579","2023-07-22","Unplanned","8","Unpaid","Quality Assurance & Food Safety","Juan Al-Marri"
"BLD-100579","2025-10-08","Late","3","Unpaid","Quality Assurance & Food Safety","Juan Al-Marri"
"BLD-100579","2023-08-24","Sick","8","Paid","Quality Assurance & Food Safety","Juan Al-Marri"
"BLD-100580","2025-12-20","Sick","8","Paid","Farm Operations","Mohamed El-Sayed"
"BLD-100580","2025-04-28","Unplanned","8","Paid","Farm Operations","Mohamed El-Sayed"
"BLD-100580","2025-10-13","Sick","8","Paid","Farm Operations","Mohamed El-Sayed"
"BLD-100580","2025-02-14","Unplanned","8","Paid","Farm Operations","Mohamed El-Sayed"
"BLD-100580","2025-06-26","Unplanned","8","Paid","Farm Operations","Mohamed El-Sayed"
"BLD-100580","2023-07-06","Unplanned","8","Unpaid","Farm Operations","Mohamed El-Sayed"
"BLD-100580","2023-09-07","Unplanned","8","Unpaid","Farm Operations","Mohamed El-Sayed"
"BLD-100581","2024-11-12","Unplanned","8","Unpaid","Sales & Distribution","Suresh Baig"
"BLD-100581","2024-08-18","Sick","8","Paid","Sales & Distribution","Suresh Baig"
"BLD-100581","2023-08-26","Sick","8","Paid","Sales & Distribution","Suresh Baig"
"BLD-100581","2025-09-19","Sick","8","Paid","Sales & Distribution","Suresh Baig"
"BLD-100581","2024-09-19","Unplanned","8","Unpaid","Sales & Distribution","Suresh Baig"
"BLD-100581","2025-12-23","Sick","8","Paid","Sales & Distribution","Suresh Baig"
"BLD-100581","2024-12-21","Late","3","Paid","Sales & Distribution","Suresh Baig"
"BLD-100581","2024-12-28","Sick","8","Paid","Sales & Distribution","Suresh Baig"
"BLD-100581","2024-11-12","Late","1","Paid","Sales & Distribution","Suresh Baig"
"BLD-100581","2025-10-07","Sick","8","Paid","Sales & Distribution","Suresh Baig"
"BLD-100581","2023-01-22","Sick","8","Paid","Sales & Distribution","Suresh Baig"
"BLD-100581","2023-06-03","Late","2","Unpaid","Sales & Distribution","Suresh Baig"
"BLD-100581","2024-06-01","Sick","8","Paid","Sales & Distribution","Suresh Baig"
"BLD-100581","2025-07-08","Unplanned","8","Unpaid","Sales & Distribution","Suresh Baig"
"BLD-100581","2025-02-15","Late","3","Paid","Sales & Distribution","Suresh Baig"
"BLD-100581","2023-09-13","Unplanned","8","Paid","Sales & Distribution","Suresh Baig"
"BLD-100581","2024-07-02","Late","3","Paid","Sales & Distribution","Suresh Baig"
"BLD-100581","2023-12-08","Late","1","Unpaid","Sales & Distribution","Suresh Baig"
"BLD-100581","2025-02-11","Late","3","Unpaid","Sales & Distribution","Suresh Baig"
"BLD-100581","2023-11-02","Other","8","Paid","Sales & Distribution","Suresh Baig"
"BLD-100581","2024-07-02","Late","2","Paid","Sales & Distribution","Suresh Baig"
"BLD-100581","2024-07-23","Unplanned","8","Unpaid","Sales & Distribution","Suresh Baig"
"BLD-100581","2025-10-14","Unplanned","8","Unpaid","Sales & Distribution","Suresh Baig"
"BLD-100582","2024-10-10","Unplanned","8","Paid","Corporate & Executive Office","Tariq Pereira"
"BLD-100582","2023-04-01","Sick","8","Paid","Corporate & Executive Office","Tariq Pereira"
"BLD-100582","2024-08-08","Late","1","Unpaid","Corporate & Executive Office","Tariq Pereira"
"BLD-100582","2024-06-25","Late","2","Unpaid","Corporate & Executive Office","Tariq Pereira"
"BLD-100582","2023-10-19","Sick","8","Paid","Corporate & Executive Office","Tariq Pereira"
"BLD-100582","2023-08-10","Sick","8","Paid","Corporate & Executive Office","Tariq Pereira"
"BLD-100582","2023-10-03","Unplanned","8","Paid","Corporate & Executive Office","Tariq Pereira"
"BLD-100582","2023-04-08","Late","1","Paid","Corporate & Executive Office","Tariq Pereira"
"BLD-100582","2024-09-16","Other","8","Unpaid","Corporate & Executive Office","Tariq Pereira"
"BLD-100582","2025-04-15","Late","3","Unpaid","Corporate & Executive Office","Tariq Pereira"
"BLD-100582","2025-07-23","Late","2","Paid","Corporate & Executive Office","Tariq Pereira"
"BLD-100583","2025-05-29","Sick","8","Paid","Sales & Distribution","Waleed Gurung"
"BLD-100583","2023-11-19","Sick","8","Paid","Sales & Distribution","Waleed Gurung"
"BLD-100583","2025-05-13","Unplanned","8","Unpaid","Sales & Distribution","Waleed Gurung"
"BLD-100583","2025-06-09","Sick","8","Paid","Sales & Distribution","Waleed Gurung"
"BLD-100584","2023-03-28","Other","8","Unpaid","Engineering & Maintenance","Ramesh Kapoor"
"BLD-100584","2023-10-23","Sick","8","Paid","Engineering & Maintenance","Ramesh Kapoor"
"BLD-100584","2025-10-29","Sick","8","Paid","Engineering & Maintenance","Ramesh Kapoor"
"BLD-100584","2023-09-22","Unplanned","8","Paid","Engineering & Maintenance","Ramesh Kapoor"
"BLD-100584","2024-02-12","Sick","8","Paid","Engineering & Maintenance","Ramesh Kapoor"
"BLD-100584","2024-12-11","Sick","8","Paid","Engineering & Maintenance","Ramesh Kapoor"
"BLD-100584","2025-12-21","Late","1","Paid","Engineering & Maintenance","Ramesh Kapoor"
"BLD-100584","2023-12-14","Unplanned","8","Unpaid","Engineering & Maintenance","Ramesh Kapoor"
"BLD-100584","2024-05-31","Sick","8","Paid","Engineering & Maintenance","Ramesh Kapoor"
"BLD-100584","2023-12-25","Sick","8","Paid","Engineering & Maintenance","Ramesh Kapoor"
"BLD-100585","2023-07-13","Sick","8","Paid","Sales & Distribution","Reem Youssef"
"BLD-100585","2023-08-21","Unplanned","8","Unpaid","Sales & Distribution","Reem Youssef"
"BLD-100585","2023-03-15","Unplanned","8","Unpaid","Sales & Distribution","Reem Youssef"
"BLD-100585","2023-04-06","Late","2","Unpaid","Sales & Distribution","Reem Youssef"
"BLD-100585","2023-07-16","Sick","8","Paid","Sales & Distribution","Reem Youssef"
"BLD-100585","2023-08-14","Unplanned","8","Unpaid","Sales & Distribution","Reem Youssef"
"BLD-100585","2023-07-15","Sick","8","Paid","Sales & Distribution","Reem Youssef"
"BLD-100586","2025-12-05","Unplanned","8","Unpaid","Finance","Krishna Kapoor"
"BLD-100586","2024-07-05","Unplanned","8","Unpaid","Finance","Krishna Kapoor"
"BLD-100586","2023-06-07","Other","8","Unpaid","Finance","Krishna Kapoor"
"BLD-100586","2025-09-10","Sick","8","Paid","Finance","Krishna Kapoor"
"BLD-100586","2025-12-16","Late","3","Unpaid","Finance","Krishna Kapoor"
"BLD-100587","2024-08-27","Sick","8","Paid","Production","Omar Al-Kuwari"
"BLD-100587","2025-07-08","Late","3","Paid","Production","Omar Al-Kuwari"
"BLD-100587","2024-08-19","Unplanned","8","Unpaid","Production","Omar Al-Kuwari"
"BLD-100587","2024-12-08","Sick","8","Paid","Production","Omar Al-Kuwari"
"BLD-100587","2024-04-19","Unplanned","8","Unpaid","Production","Omar Al-Kuwari"
"BLD-100587","2025-08-23","Unplanned","8","Unpaid","Production","Omar Al-Kuwari"
"BLD-100587","2023-08-27","Late","1","Paid","Production","Omar Al-Kuwari"
"BLD-100587","2024-01-11","Late","3","Unpaid","Production","Omar Al-Kuwari"
"BLD-100587","2024-01-11","Sick","8","Paid","Production","Omar Al-Kuwari"
"BLD-100587","2024-10-17","Sick","8","Paid","Production","Omar Al-Kuwari"
"BLD-100587","2025-07-16","Sick","8","Paid","Production","Omar Al-Kuwari"
"BLD-100587","2024-11-01","Sick","8","Paid","Production","Omar Al-Kuwari"
"BLD-100587","2025-08-16","Sick","8","Paid","Production","Omar Al-Kuwari"
"BLD-100587","2025-12-24","Sick","8","Paid","Production","Omar Al-Kuwari"
"BLD-100587","2025-06-14","Unplanned","8","Unpaid","Production","Omar Al-Kuwari"
"BLD-100587","2023-10-03","Late","1","Paid","Production","Omar Al-Kuwari"
"BLD-100588","2024-04-26","Late","3","Paid","Finance","Juan El-Sayed"
"BLD-100588","2023-04-17","Unplanned","8","Paid","Finance","Juan El-Sayed"
"BLD-100588","2024-01-08","Unplanned","8","Unpaid","Finance","Juan El-Sayed"
"BLD-100588","2024-05-21","Sick","8","Paid","Finance","Juan El-Sayed"
"BLD-100588","2025-03-27","Unplanned","8","Paid","Finance","Juan El-Sayed"
"BLD-100588","2024-06-26","Unplanned","8","Unpaid","Finance","Juan El-Sayed"
"BLD-100588","2023-10-13","Late","3","Unpaid","Finance","Juan El-Sayed"
"BLD-100588","2024-04-12","Late","2","Paid","Finance","Juan El-Sayed"
"BLD-100588","2025-03-24","Late","2","Unpaid","Finance","Juan El-Sayed"
"BLD-100588","2024-03-03","Sick","8","Paid","Finance","Juan El-Sayed"
"BLD-100588","2025-05-11","Unplanned","8","Paid","Finance","Juan El-Sayed"
"BLD-100588","2025-03-22","Unplanned","8","Paid","Finance","Juan El-Sayed"
"BLD-100588","2025-01-02","Late","3","Unpaid","Finance","Juan El-Sayed"
"BLD-100588","2024-03-10","Other","8","Unpaid","Finance","Juan El-Sayed"
"BLD-100589","2024-10-26","Sick","8","Paid","Corporate & Executive Office","Mona Al-Kuwari"
"BLD-100589","2023-08-07","Sick","8","Paid","Corporate & Executive Office","Mona Al-Kuwari"
"BLD-100589","2024-05-09","Unplanned","8","Unpaid","Corporate & Executive Office","Mona Al-Kuwari"
"BLD-100589","2024-01-13","Sick","8","Paid","Corporate & Executive Office","Mona Al-Kuwari"
"BLD-100589","2025-08-13","Late","2","Paid","Corporate & Executive Office","Mona Al-Kuwari"
"BLD-100589","2023-07-11","Sick","8","Paid","Corporate & Executive Office","Mona Al-Kuwari"
"BLD-100589","2024-12-23","Unplanned","8","Unpaid","Corporate & Executive Office","Mona Al-Kuwari"
"BLD-100589","2025-09-23","Sick","8","Paid","Corporate & Executive Office","Mona Al-Kuwari"
"BLD-100589","2023-02-07","Late","3","Unpaid","Corporate & Executive Office","Mona Al-Kuwari"
"BLD-100589","2023-09-05","Unplanned","8","Paid","Corporate & Executive Office","Mona Al-Kuwari"
"BLD-100589","2025-04-01","Unplanned","8","Paid","Corporate & Executive Office","Mona Al-Kuwari"
"BLD-100589","2025-03-23","Late","1","Unpaid","Corporate & Executive Office","Mona Al-Kuwari"
"BLD-100589","2024-06-23","Sick","8","Paid","Corporate & Executive Office","Mona Al-Kuwari"
"BLD-100589","2025-11-09","Unplanned","8","Unpaid","Corporate & Executive Office","Mona Al-Kuwari"
"BLD-100589","2023-05-31","Sick","8","Paid","Corporate & Executive Office","Mona Al-Kuwari"
"BLD-100589","2023-04-05","Unplanned","8","Paid","Corporate & Executive Office","Mona Al-Kuwari"
"BLD-100589","2025-03-28","Late","2","Unpaid","Corporate & Executive Office","Mona Al-Kuwari"
"BLD-100589","2024-11-06","Late","1","Unpaid","Corporate & Executive Office","Mona Al-Kuwari"
"BLD-100590","2024-08-20","Unplanned","8","Unpaid","Finance","Jose Malik"
"BLD-100590","2025-08-17","Sick","8","Paid","Finance","Jose Malik"
"BLD-100590","2025-09-08","Sick","8","Paid","Finance","Jose Malik"
"BLD-100590","2024-12-14","Late","2","Unpaid","Finance","Jose Malik"
"BLD-100590","2024-07-15","Sick","8","Paid","Finance","Jose Malik"
"BLD-100590","2025-05-29","Late","2","Unpaid","Finance","Jose Malik"
"BLD-100590","2023-02-06","Sick","8","Paid","Finance","Jose Malik"
"BLD-100590","2025-08-26","Unplanned","8","Paid","Finance","Jose Malik"
"BLD-100590","2024-08-09","Sick","8","Paid","Finance","Jose Malik"
"BLD-100590","2025-09-19","Sick","8","Paid","Finance","Jose Malik"
"BLD-100590","2025-05-30","Unplanned","8","Paid","Finance","Jose Malik"
"BLD-100590","2025-04-21","Sick","8","Paid","Finance","Jose Malik"
"BLD-100590","2023-12-17","Unplanned","8","Unpaid","Finance","Jose Malik"
"BLD-100590","2023-01-01","Late","1","Paid","Finance","Jose Malik"
"BLD-100590","2023-10-02","Sick","8","Paid","Finance","Jose Malik"
"BLD-100590","2025-04-19","Late","3","Unpaid","Finance","Jose Malik"
"BLD-100590","2023-01-07","Unplanned","8","Unpaid","Finance","Jose Malik"
"BLD-100590","2025-03-16","Sick","8","Paid","Finance","Jose Malik"
"BLD-100590","2025-06-12","Sick","8","Paid","Finance","Jose Malik"
"BLD-100590","2024-06-02","Late","3","Unpaid","Finance","Jose Malik"
"BLD-100590","2024-04-08","Late","2","Unpaid","Finance","Jose Malik"
"BLD-100591","2025-05-16","Sick","8","Paid","Quality Assurance & Food Safety","Kumar Mansour"
"BLD-100591","2024-06-13","Late","3","Paid","Quality Assurance & Food Safety","Kumar Mansour"
"BLD-100591","2024-10-21","Unplanned","8","Paid","Quality Assurance & Food Safety","Kumar Mansour"
"BLD-100591","2023-07-26","Unplanned","8","Unpaid","Quality Assurance & Food Safety","Kumar Mansour"
"BLD-100591","2023-03-17","Unplanned","8","Paid","Quality Assurance & Food Safety","Kumar Mansour"
"BLD-100591","2025-05-21","Sick","8","Paid","Quality Assurance & Food Safety","Kumar Mansour"
"BLD-100591","2024-09-24","Late","2","Unpaid","Quality Assurance & Food Safety","Kumar Mansour"
"BLD-100591","2023-10-20","Sick","8","Paid","Quality Assurance & Food Safety","Kumar Mansour"
"BLD-100591","2023-08-02","Unplanned","8","Unpaid","Quality Assurance & Food Safety","Kumar Mansour"
"BLD-100591","2023-04-17","Late","1","Paid","Quality Assurance & Food Safety","Kumar Mansour"
"BLD-100591","2024-07-25","Sick","8","Paid","Quality Assurance & Food Safety","Kumar Mansour"
"BLD-100591","2024-06-13","Sick","8","Paid","Quality Assurance & Food Safety","Kumar Mansour"
"BLD-100591","2024-10-01","Late","1","Unpaid","Quality Assurance & Food Safety","Kumar Mansour"
"BLD-100591","2024-06-10","Late","1","Unpaid","Quality Assurance & Food Safety","Kumar Mansour"
"BLD-100591","2023-04-18","Late","3","Unpaid","Quality Assurance & Food Safety","Kumar Mansour"
"BLD-100592","2024-04-10","Sick","8","Paid","People & Culture","Sunita Youssef"
"BLD-100592","2024-04-14","Sick","8","Paid","People & Culture","Sunita Youssef"
"BLD-100592","2024-03-30","Unplanned","8","Paid","People & Culture","Sunita Youssef"
"BLD-100592","2023-04-02","Sick","8","Paid","People & Culture","Sunita Youssef"
"BLD-100592","2023-07-03","Sick","8","Paid","People & Culture","Sunita Youssef"
"BLD-100592","2025-10-20","Sick","8","Paid","People & Culture","Sunita Youssef"
"BLD-100592","2023-09-28","Unplanned","8","Unpaid","People & Culture","Sunita Youssef"
"BLD-100593","2023-12-07","Sick","8","Paid","R&D","Noor Mansour"
"BLD-100593","2025-01-24","Sick","8","Paid","R&D","Noor Mansour"
"BLD-100593","2024-09-25","Sick","8","Paid","R&D","Noor Mansour"
"BLD-100593","2023-06-16","Sick","8","Paid","R&D","Noor Mansour"
"BLD-100593","2025-01-28","Unplanned","8","Paid","R&D","Noor Mansour"
"BLD-100593","2023-01-04","Unplanned","8","Unpaid","R&D","Noor Mansour"
"BLD-100593","2024-03-19","Unplanned","8","Unpaid","R&D","Noor Mansour"
"BLD-100593","2025-08-10","Unplanned","8","Unpaid","R&D","Noor Mansour"
"BLD-100594","2023-12-17","Sick","8","Paid","People & Culture","Waleed Mendoza"
"BLD-100594","2025-04-18","Sick","8","Paid","People & Culture","Waleed Mendoza"
"BLD-100594","2025-04-10","Unplanned","8","Unpaid","People & Culture","Waleed Mendoza"
"BLD-100595","2025-05-06","Late","3","Unpaid","Sales & Distribution","Anil Al-Kuwari"
"BLD-100595","2024-03-31","Sick","8","Paid","Sales & Distribution","Anil Al-Kuwari"
"BLD-100595","2023-03-21","Sick","8","Paid","Sales & Distribution","Anil Al-Kuwari"
"BLD-100595","2023-05-02","Unplanned","8","Unpaid","Sales & Distribution","Anil Al-Kuwari"
"BLD-100595","2025-12-11","Sick","8","Paid","Sales & Distribution","Anil Al-Kuwari"
"BLD-100595","2024-03-17","Sick","8","Paid","Sales & Distribution","Anil Al-Kuwari"
"BLD-100595","2025-09-11","Unplanned","8","Unpaid","Sales & Distribution","Anil Al-Kuwari"
"BLD-100595","2024-01-17","Sick","8","Paid","Sales & Distribution","Anil Al-Kuwari"
"BLD-100595","2023-01-12","Unplanned","8","Paid","Sales & Distribution","Anil Al-Kuwari"
"BLD-100595","2024-04-05","Sick","8","Paid","Sales & Distribution","Anil Al-Kuwari"
"BLD-100595","2023-05-30","Sick","8","Paid","Sales & Distribution","Anil Al-Kuwari"
"BLD-100595","2024-11-03","Sick","8","Paid","Sales & Distribution","Anil Al-Kuwari"
"BLD-100595","2025-10-23","Late","1","Paid","Sales & Distribution","Anil Al-Kuwari"
"BLD-100595","2024-03-27","Unplanned","8","Unpaid","Sales & Distribution","Anil Al-Kuwari"
"BLD-100595","2025-06-15","Late","1","Paid","Sales & Distribution","Anil Al-Kuwari"
"BLD-100596","2024-02-25","Unplanned","8","Unpaid","Quality Assurance & Food Safety","Manoj Pereira"
"BLD-100596","2024-08-07","Sick","8","Paid","Quality Assurance & Food Safety","Manoj Pereira"
"BLD-100596","2024-05-16","Sick","8","Paid","Quality Assurance & Food Safety","Manoj Pereira"
"BLD-100596","2023-07-27","Late","1","Paid","Quality Assurance & Food Safety","Manoj Pereira"
"BLD-100596","2024-10-30","Sick","8","Paid","Quality Assurance & Food Safety","Manoj Pereira"
"BLD-100596","2025-09-15","Unplanned","8","Paid","Quality Assurance & Food Safety","Manoj Pereira"
"BLD-100596","2025-04-05","Sick","8","Paid","Quality Assurance & Food Safety","Manoj Pereira"
"BLD-100596","2025-05-04","Unplanned","8","Unpaid","Quality Assurance & Food Safety","Manoj Pereira"
"BLD-100596","2023-04-10","Sick","8","Paid","Quality Assurance & Food Safety","Manoj Pereira"
"BLD-100596","2024-12-12","Late","1","Paid","Quality Assurance & Food Safety","Manoj Pereira"
"BLD-100597","2024-04-28","Late","3","Paid","Engineering & Maintenance","Ravi Youssef"
"BLD-100597","2023-11-07","Sick","8","Paid","Engineering & Maintenance","Ravi Youssef"
"BLD-100597","2025-08-24","Other","8","Unpaid","Engineering & Maintenance","Ravi Youssef"
"BLD-100597","2023-03-02","Unplanned","8","Unpaid","Engineering & Maintenance","Ravi Youssef"
"BLD-100597","2023-06-13","Late","2","Unpaid","Engineering & Maintenance","Ravi Youssef"
"BLD-100597","2023-08-12","Unplanned","8","Unpaid","Engineering & Maintenance","Ravi Youssef"
"BLD-100597","2025-03-23","Late","3","Unpaid","Engineering & Maintenance","Ravi Youssef"
"BLD-100597","2023-04-08","Sick","8","Paid","Engineering & Maintenance","Ravi Youssef"
"BLD-100597","2025-03-22","Late","2","Unpaid","Engineering & Maintenance","Ravi Youssef"
"BLD-100597","2023-11-13","Unplanned","8","Unpaid","Engineering & Maintenance","Ravi Youssef"
"BLD-100598","2023-01-29","Late","1","Unpaid","Engineering & Maintenance","Ramesh Kapoor"
"BLD-100598","2025-08-16","Sick","8","Paid","Engineering & Maintenance","Ramesh Kapoor"
"BLD-100598","2025-10-12","Late","1","Paid","Engineering & Maintenance","Ramesh Kapoor"
"BLD-100598","2025-08-01","Sick","8","Paid","Engineering & Maintenance","Ramesh Kapoor"
"BLD-100598","2023-04-23","Late","2","Paid","Engineering & Maintenance","Ramesh Kapoor"
"BLD-100598","2024-06-24","Sick","8","Paid","Engineering & Maintenance","Ramesh Kapoor"
"BLD-100598","2023-10-30","Sick","8","Paid","Engineering & Maintenance","Ramesh Kapoor"
"BLD-100598","2025-11-11","Sick","8","Paid","Engineering & Maintenance","Ramesh Kapoor"
"BLD-100598","2025-05-17","Sick","8","Paid","Engineering & Maintenance","Ramesh Kapoor"
"BLD-100598","2023-06-17","Late","1","Unpaid","Engineering & Maintenance","Ramesh Kapoor"
"BLD-100599","2025-05-11","Unplanned","8","Unpaid","Corporate & Executive Office","Bishnu Mendoza"
"BLD-100599","2023-12-19","Late","2","Unpaid","Corporate & Executive Office","Bishnu Mendoza"
"BLD-100599","2025-02-17","Sick","8","Paid","Corporate & Executive Office","Bishnu Mendoza"
"BLD-100599","2023-07-15","Late","1","Unpaid","Corporate & Executive Office","Bishnu Mendoza"
"BLD-100599","2023-01-10","Sick","8","Paid","Corporate & Executive Office","Bishnu Mendoza"
"BLD-100599","2024-12-08","Late","2","Unpaid","Corporate & Executive Office","Bishnu Mendoza"
"BLD-100599","2023-12-19","Sick","8","Paid","Corporate & Executive Office","Bishnu Mendoza"
"BLD-100599","2025-06-20","Unplanned","8","Unpaid","Corporate & Executive Office","Bishnu Mendoza"
"BLD-100599","2023-07-03","Sick","8","Paid","Corporate & Executive Office","Bishnu Mendoza"
"BLD-100599","2025-09-03","Sick","8","Paid","Corporate & Executive Office","Bishnu Mendoza"
"BLD-100599","2023-10-14","Other","8","Unpaid","Corporate & Executive Office","Bishnu Mendoza"
"BLD-100600","2024-12-23","Unplanned","8","Unpaid","Finance","Krishna Kapoor"
"BLD-100600","2025-07-10","Late","3","Paid","Finance","Krishna Kapoor"
"BLD-100600","2025-11-23","Sick","8","Paid","Finance","Krishna Kapoor"
"BLD-100600","2024-05-12","Late","3","Unpaid","Finance","Krishna Kapoor"
"BLD-100600","2023-07-10","Unplanned","8","Unpaid","Finance","Krishna Kapoor"
"BLD-100600","2023-04-02","Unplanned","8","Unpaid","Finance","Krishna Kapoor"
"BLD-100600","2024-09-09","Sick","8","Paid","Finance","Krishna Kapoor"
"BLD-100600","2025-05-24","Unplanned","8","Paid","Finance","Krishna Kapoor"
"BLD-100600","2024-02-06","Late","2","Unpaid","Finance","Krishna Kapoor"
"BLD-100600","2023-12-15","Sick","8","Paid","Finance","Krishna Kapoor"
"BLD-100600","2024-03-14","Sick","8","Paid","Finance","Krishna Kapoor"
"BLD-100600","2025-04-23","Unplanned","8","Paid","Finance","Krishna Kapoor"
"BLD-100601","2024-11-17","Unplanned","8","Unpaid","Quality Assurance & Food Safety","Krishna Islam"
"BLD-100601","2025-03-30","Unplanned","8","Unpaid","Quality Assurance & Food Safety","Krishna Islam"
"BLD-100601","2024-11-12","Sick","8","Paid","Quality Assurance & Food Safety","Krishna Islam"
"BLD-100601","2025-05-04","Unplanned","8","Paid","Quality Assurance & Food Safety","Krishna Islam"
"BLD-100601","2024-05-23","Sick","8","Paid","Quality Assurance & Food Safety","Krishna Islam"
"BLD-100601","2025-02-05","Sick","8","Paid","Quality Assurance & Food Safety","Krishna Islam"
"BLD-100601","2023-04-27","Unplanned","8","Paid","Quality Assurance & Food Safety","Krishna Islam"
"BLD-100601","2024-11-02","Unplanned","8","Unpaid","Quality Assurance & Food Safety","Krishna Islam"
"BLD-100601","2025-05-07","Sick","8","Paid","Quality Assurance & Food Safety","Krishna Islam"
"BLD-100601","2023-08-02","Other","8","Unpaid","Quality Assurance & Food Safety","Krishna Islam"
"BLD-100601","2024-07-03","Unplanned","8","Paid","Quality Assurance & Food Safety","Krishna Islam"
"BLD-100601","2023-02-04","Late","3","Unpaid","Quality Assurance & Food Safety","Krishna Islam"
"BLD-100601","2024-03-30","Sick","8","Paid","Quality Assurance & Food Safety","Krishna Islam"
"BLD-100601","2023-05-13","Sick","8","Paid","Quality Assurance & Food Safety","Krishna Islam"
"BLD-100601","2024-08-08","Late","2","Unpaid","Quality Assurance & Food Safety","Krishna Islam"
"BLD-100601","2024-05-20","Late","3","Paid","Quality Assurance & Food Safety","Krishna Islam"
"BLD-100601","2023-07-10","Sick","8","Paid","Quality Assurance & Food Safety","Krishna Islam"
"BLD-100602","2024-04-18","Sick","8","Paid","Marketing","Mona Sharma"
"BLD-100602","2023-02-09","Late","2","Unpaid","Marketing","Mona Sharma"
"BLD-100602","2023-10-16","Late","2","Unpaid","Marketing","Mona Sharma"
"BLD-100602","2023-02-02","Sick","8","Paid","Marketing","Mona Sharma"
"BLD-100602","2023-05-10","Other","8","Unpaid","Marketing","Mona Sharma"
"BLD-100604","2023-01-10","Other","8","Unpaid","Marketing","Huda Ahmed"
"BLD-100605","2025-05-20","Sick","8","Paid","Production","Omar Gurung"
"BLD-100605","2025-05-24","Sick","8","Paid","Production","Omar Gurung"
"BLD-100605","2023-09-27","Sick","8","Paid","Production","Omar Gurung"
"BLD-100605","2024-11-20","Sick","8","Paid","Production","Omar Gurung"
"BLD-100605","2025-09-03","Unplanned","8","Paid","Production","Omar Gurung"
"BLD-100605","2023-10-01","Unplanned","8","Paid","Production","Omar Gurung"
"BLD-100605","2023-09-15","Unplanned","8","Paid","Production","Omar Gurung"
"BLD-100605","2023-08-01","Unplanned","8","Unpaid","Production","Omar Gurung"
"BLD-100605","2025-03-26","Sick","8","Paid","Production","Omar Gurung"
"BLD-100605","2025-01-05","Late","3","Unpaid","Production","Omar Gurung"
"BLD-100605","2023-03-02","Sick","8","Paid","Production","Omar Gurung"
"BLD-100605","2024-07-03","Unplanned","8","Paid","Production","Omar Gurung"
"BLD-100605","2023-02-16","Unplanned","8","Unpaid","Production","Omar Gurung"
"BLD-100606","2023-05-02","Sick","8","Paid","Production","Tariq Mansour"
"BLD-100606","2023-04-15","Sick","8","Paid","Production","Tariq Mansour"
"BLD-100606","2023-01-31","Sick","8","Paid","Production","Tariq Mansour"
"BLD-100606","2023-01-09","Sick","8","Paid","Production","Tariq Mansour"
"BLD-100607","2023-08-08","Sick","8","Paid","Finance","Sameer Abdullah"
"BLD-100607","2023-08-26","Sick","8","Paid","Finance","Sameer Abdullah"
"BLD-100608","2025-01-26","Late","3","Paid","Quality Assurance & Food Safety","Anil Gurung"
"BLD-100608","2025-06-24","Unplanned","8","Paid","Quality Assurance & Food Safety","Anil Gurung"
"BLD-100608","2024-11-11","Unplanned","8","Unpaid","Quality Assurance & Food Safety","Anil Gurung"
"BLD-100608","2023-11-22","Sick","8","Paid","Quality Assurance & Food Safety","Anil Gurung"
"BLD-100608","2025-04-27","Unplanned","8","Paid","Quality Assurance & Food Safety","Anil Gurung"
"BLD-100608","2024-06-08","Unplanned","8","Unpaid","Quality Assurance & Food Safety","Anil Gurung"
"BLD-100608","2024-12-09","Unplanned","8","Paid","Quality Assurance & Food Safety","Anil Gurung"
"BLD-100608","2025-01-26","Unplanned","8","Paid","Quality Assurance & Food Safety","Anil Gurung"
"BLD-100608","2023-12-10","Late","2","Unpaid","Quality Assurance & Food Safety","Anil Gurung"
"BLD-100609","2023-09-10","Unplanned","8","Paid","People & Culture","Noor Mahmoud"
"BLD-100609","2023-09-06","Late","2","Paid","People & Culture","Noor Mahmoud"
"BLD-100609","2023-05-17","Late","3","Unpaid","People & Culture","Noor Mahmoud"
"BLD-100609","2023-01-24","Sick","8","Paid","People & Culture","Noor Mahmoud"
"BLD-100609","2023-11-09","Unplanned","8","Paid","People & Culture","Noor Mahmoud"
"BLD-100610","2023-04-28","Sick","8","Paid","Quality Assurance & Food Safety","Deepak Cruz"
"BLD-100611","2025-07-19","Unplanned","8","Paid","People & Culture","Prakash Islam"
"BLD-100611","2023-10-25","Sick","8","Paid","People & Culture","Prakash Islam"
"BLD-100611","2023-08-01","Sick","8","Paid","People & Culture","Prakash Islam"
"BLD-100611","2023-08-06","Unplanned","8","Paid","People & Culture","Prakash Islam"
"BLD-100611","2025-10-06","Sick","8","Paid","People & Culture","Prakash Islam"
"BLD-100611","2024-06-02","Sick","8","Paid","People & Culture","Prakash Islam"
"BLD-100611","2023-01-21","Sick","8","Paid","People & Culture","Prakash Islam"
"BLD-100611","2025-12-07","Sick","8","Paid","People & Culture","Prakash Islam"
"BLD-100611","2023-01-29","Sick","8","Paid","People & Culture","Prakash Islam"
"BLD-100611","2024-04-07","Sick","8","Paid","People & Culture","Prakash Islam"
"BLD-100611","2025-03-16","Unplanned","8","Unpaid","People & Culture","Prakash Islam"
"BLD-100612","2023-10-10","Late","1","Paid","Production","Kumar Iqbal"
"BLD-100612","2023-12-31","Sick","8","Paid","Production","Kumar Iqbal"
"BLD-100612","2023-10-28","Unplanned","8","Paid","Production","Kumar Iqbal"
"BLD-100612","2023-07-25","Unplanned","8","Unpaid","Production","Kumar Iqbal"
"BLD-100612","2023-10-08","Sick","8","Paid","Production","Kumar Iqbal"
"BLD-100612","2023-07-21","Sick","8","Paid","Production","Kumar Iqbal"
"BLD-100612","2023-02-12","Sick","8","Paid","Production","Kumar Iqbal"
"BLD-100612","2023-03-03","Sick","8","Paid","Production","Kumar Iqbal"
"BLD-100612","2024-01-15","Sick","8","Paid","Production","Kumar Iqbal"
"BLD-100613","2023-02-07","Unplanned","8","Paid","Production","Sameer Abdullah"
"BLD-100613","2024-05-19","Unplanned","8","Unpaid","Production","Sameer Abdullah"
"BLD-100613","2023-11-12","Unplanned","8","Unpaid","Production","Sameer Abdullah"
"BLD-100613","2023-08-09","Unplanned","8","Unpaid","Production","Sameer Abdullah"
"BLD-100614","2023-12-23","Unplanned","8","Unpaid","R&D","Bishnu Khan"
"BLD-100614","2023-04-15","Sick","8","Paid","R&D","Bishnu Khan"
"BLD-100614","2023-12-08","Late","1","Paid","R&D","Bishnu Khan"
"BLD-100614","2025-12-28","Sick","8","Paid","R&D","Bishnu Khan"
"BLD-100614","2023-10-29","Unplanned","8","Paid","R&D","Bishnu Khan"
"BLD-100614","2024-04-18","Unplanned","8","Paid","R&D","Bishnu Khan"
"BLD-100614","2025-07-12","Unplanned","8","Paid","R&D","Bishnu Khan"
"BLD-100614","2025-11-10","Unplanned","8","Paid","R&D","Bishnu Khan"
"BLD-100615","2023-01-17","Sick","8","Paid","People & Culture","Dina Reyes"
"BLD-100615","2023-02-26","Unplanned","8","Unpaid","People & Culture","Dina Reyes"
"BLD-100615","2023-06-27","Unplanned","8","Paid","People & Culture","Dina Reyes"
"BLD-100615","2025-05-19","Sick","8","Paid","People & Culture","Dina Reyes"
"BLD-100615","2024-03-15","Sick","8","Paid","People & Culture","Dina Reyes"
"BLD-100615","2025-12-16","Sick","8","Paid","People & Culture","Dina Reyes"
"BLD-100615","2025-01-03","Late","3","Unpaid","People & Culture","Dina Reyes"
"BLD-100615","2024-06-07","Late","1","Unpaid","People & Culture","Dina Reyes"
"BLD-100615","2025-01-18","Late","3","Paid","People & Culture","Dina Reyes"
"BLD-100615","2024-09-13","Sick","8","Paid","People & Culture","Dina Reyes"
"BLD-100616","2023-06-08","Sick","8","Paid","Production","Mohamed Baig"
"BLD-100617","2023-03-25","Other","8","Paid","Corporate & Executive Office","Rajesh Ahmed"
"BLD-100620","2023-09-06","Late","3","Paid","Supply Chain & Logistics","Santosh Devi"
"BLD-100620","2024-12-23","Sick","8","Paid","Supply Chain & Logistics","Santosh Devi"
"BLD-100620","2024-09-03","Sick","8","Paid","Supply Chain & Logistics","Santosh Devi"
"BLD-100620","2024-09-02","Sick","8","Paid","Supply Chain & Logistics","Santosh Devi"
"BLD-100620","2024-10-10","Unplanned","8","Paid","Supply Chain & Logistics","Santosh Devi"
"BLD-100620","2023-02-11","Unplanned","8","Paid","Supply Chain & Logistics","Santosh Devi"
"BLD-100620","2025-06-19","Late","1","Paid","Supply Chain & Logistics","Santosh Devi"
"BLD-100620","2025-05-17","Other","8","Paid","Supply Chain & Logistics","Santosh Devi"
"BLD-100620","2024-09-15","Sick","8","Paid","Supply Chain & Logistics","Santosh Devi"
"BLD-100620","2023-11-05","Sick","8","Paid","Supply Chain & Logistics","Santosh Devi"
"BLD-100620","2024-09-19","Unplanned","8","Unpaid","Supply Chain & Logistics","Santosh Devi"
"BLD-100620","2024-12-25","Sick","8","Paid","Supply Chain & Logistics","Santosh Devi"
"BLD-100620","2025-01-21","Sick","8","Paid","Supply Chain & Logistics","Santosh Devi"
"BLD-100621","2023-07-06","Sick","8","Paid","Engineering & Maintenance","Ravi Youssef"
"BLD-100621","2025-12-17","Sick","8","Paid","Engineering & Maintenance","Ravi Youssef"
"BLD-100621","2024-12-24","Unplanned","8","Paid","Engineering & Maintenance","Ravi Youssef"
"BLD-100621","2024-05-29","Sick","8","Paid","Engineering & Maintenance","Ravi Youssef"
"BLD-100621","2024-07-11","Late","2","Paid","Engineering & Maintenance","Ravi Youssef"
"BLD-100621","2025-03-02","Late","1","Unpaid","Engineering & Maintenance","Ravi Youssef"
"BLD-100621","2025-05-17","Late","3","Paid","Engineering & Maintenance","Ravi Youssef"
"BLD-100621","2025-05-30","Sick","8","Paid","Engineering & Maintenance","Ravi Youssef"
"BLD-100621","2024-06-04","Unplanned","8","Unpaid","Engineering & Maintenance","Ravi Youssef"
"BLD-100622","2024-01-19","Late","1","Paid","Quality Assurance & Food Safety","Rajesh Farouk"
"BLD-100622","2025-02-06","Late","3","Unpaid","Quality Assurance & Food Safety","Rajesh Farouk"
"BLD-100622","2024-01-13","Unplanned","8","Unpaid","Quality Assurance & Food Safety","Rajesh Farouk"
"BLD-100622","2024-02-13","Sick","8","Paid","Quality Assurance & Food Safety","Rajesh Farouk"
"BLD-100622","2023-10-19","Unplanned","8","Unpaid","Quality Assurance & Food Safety","Rajesh Farouk"
"BLD-100622","2023-10-05","Sick","8","Paid","Quality Assurance & Food Safety","Rajesh Farouk"
"BLD-100622","2023-05-06","Late","3","Paid","Quality Assurance & Food Safety","Rajesh Farouk"
"BLD-100622","2025-05-01","Sick","8","Paid","Quality Assurance & Food Safety","Rajesh Farouk"
"BLD-100622","2025-08-18","Unplanned","8","Unpaid","Quality Assurance & Food Safety","Rajesh Farouk"
"BLD-100622","2024-05-29","Late","1","Unpaid","Quality Assurance & Food Safety","Rajesh Farouk"
"BLD-100622","2023-03-01","Sick","8","Paid","Quality Assurance & Food Safety","Rajesh Farouk"
"BLD-100622","2024-10-16","Sick","8","Paid","Quality Assurance & Food Safety","Rajesh Farouk"
"BLD-100622","2025-08-23","Sick","8","Paid","Quality Assurance & Food Safety","Rajesh Farouk"
"BLD-100622","2023-08-13","Sick","8","Paid","Quality Assurance & Food Safety","Rajesh Farouk"
"BLD-100622","2023-07-17","Sick","8","Paid","Quality Assurance & Food Safety","Rajesh Farouk"
"BLD-100622","2024-12-18","Late","2","Unpaid","Quality Assurance & Food Safety","Rajesh Farouk"
"BLD-100622","2024-03-08","Sick","8","Paid","Quality Assurance & Food Safety","Rajesh Farouk"
"BLD-100622","2024-08-06","Late","2","Paid","Quality Assurance & Food Safety","Rajesh Farouk"
"BLD-100623","2023-05-02","Unplanned","8","Paid","Finance","Deepak Cruz"
"BLD-100623","2023-02-27","Late","1","Paid","Finance","Deepak Cruz"
"BLD-100623","2023-04-16","Sick","8","Paid","Finance","Deepak Cruz"
"BLD-100623","2024-10-28","Late","2","Paid","Finance","Deepak Cruz"
"BLD-100623","2025-02-14","Late","3","Paid","Finance","Deepak Cruz"
"BLD-100623","2024-03-29","Unplanned","8","Unpaid","Finance","Deepak Cruz"
"BLD-100623","2023-06-11","Sick","8","Paid","Finance","Deepak Cruz"
"BLD-100623","2023-11-29","Sick","8","Paid","Finance","Deepak Cruz"
"BLD-100623","2025-08-19","Other","8","Unpaid","Finance","Deepak Cruz"
"BLD-100623","2024-10-12","Other","8","Paid","Finance","Deepak Cruz"
"BLD-100624","2023-12-09","Sick","8","Paid","Finance","Ravi Islam"
"BLD-100624","2023-03-22","Unplanned","8","Unpaid","Finance","Ravi Islam"
"BLD-100624","2023-07-17","Late","1","Paid","Finance","Ravi Islam"
"BLD-100624","2023-10-04","Sick","8","Paid","Finance","Ravi Islam"
"BLD-100624","2023-11-03","Sick","8","Paid","Finance","Ravi Islam"
"BLD-100624","2023-06-13","Unplanned","8","Unpaid","Finance","Ravi Islam"
"BLD-100624","2023-11-09","Late","2","Paid","Finance","Ravi Islam"
"BLD-100624","2023-09-08","Other","8","Unpaid","Finance","Ravi Islam"
"BLD-100625","2023-03-26","Late","2","Paid","People & Culture","Khalid Thapa"
"BLD-100625","2024-06-01","Sick","8","Paid","People & Culture","Khalid Thapa"
"BLD-100625","2024-07-11","Unplanned","8","Unpaid","People & Culture","Khalid Thapa"
"BLD-100625","2025-04-06","Unplanned","8","Paid","People & Culture","Khalid Thapa"
"BLD-100625","2023-08-24","Unplanned","8","Unpaid","People & Culture","Khalid Thapa"
"BLD-100626","2025-01-09","Sick","8","Paid","Procurement","Mohamed Rai"
"BLD-100626","2025-11-20","Late","1","Unpaid","Procurement","Mohamed Rai"
"BLD-100626","2024-11-02","Unplanned","8","Unpaid","Procurement","Mohamed Rai"
"BLD-100626","2024-07-19","Unplanned","8","Paid","Procurement","Mohamed Rai"
"BLD-100626","2025-03-01","Sick","8","Paid","Procurement","Mohamed Rai"
"BLD-100626","2025-01-03","Other","8","Paid","Procurement","Mohamed Rai"
"BLD-100626","2023-10-02","Late","2","Paid","Procurement","Mohamed Rai"
"BLD-100626","2024-07-11","Other","8","Paid","Procurement","Mohamed Rai"
"BLD-100627","2023-04-05","Unplanned","8","Paid","Production","Hari Abdullah"
"BLD-100627","2025-05-27","Sick","8","Paid","Production","Hari Abdullah"
"BLD-100627","2024-07-18","Late","1","Unpaid","Production","Hari Abdullah"
"BLD-100627","2024-12-10","Unplanned","8","Unpaid","Production","Hari Abdullah"
"BLD-100627","2023-01-04","Unplanned","8","Paid","Production","Hari Abdullah"
"BLD-100630","2023-09-07","Sick","8","Paid","Marketing","Bishnu Kapoor"
"BLD-100630","2023-07-29","Unplanned","8","Unpaid","Marketing","Bishnu Kapoor"
"BLD-100630","2023-10-15","Unplanned","8","Paid","Marketing","Bishnu Kapoor"
"BLD-100631","2023-04-12","Unplanned","8","Unpaid","Supply Chain & Logistics","Mohamed Mansour"
"BLD-100631","2023-12-25","Sick","8","Paid","Supply Chain & Logistics","Mohamed Mansour"
"BLD-100631","2024-02-11","Sick","8","Paid","Supply Chain & Logistics","Mohamed Mansour"
"BLD-100631","2024-01-08","Late","1","Unpaid","Supply Chain & Logistics","Mohamed Mansour"
"BLD-100632","2023-03-16","Unplanned","8","Unpaid","IT & Digital","Jose Chowdhury"
"BLD-100632","2023-03-06","Unplanned","8","Paid","IT & Digital","Jose Chowdhury"
"BLD-100633","2024-01-11","Late","1","Unpaid","Finance","Sunita Al-Marri"
"BLD-100633","2025-03-18","Unplanned","8","Paid","Finance","Sunita Al-Marri"
"BLD-100633","2025-10-07","Sick","8","Paid","Finance","Sunita Al-Marri"
"BLD-100633","2023-06-04","Sick","8","Paid","Finance","Sunita Al-Marri"
"BLD-100633","2024-02-29","Sick","8","Paid","Finance","Sunita Al-Marri"
"BLD-100633","2024-04-02","Sick","8","Paid","Finance","Sunita Al-Marri"
"BLD-100633","2024-01-14","Late","1","Unpaid","Finance","Sunita Al-Marri"
"BLD-100633","2023-06-07","Late","1","Paid","Finance","Sunita Al-Marri"
"BLD-100633","2024-10-24","Unplanned","8","Unpaid","Finance","Sunita Al-Marri"
"BLD-100633","2024-11-11","Sick","8","Paid","Finance","Sunita Al-Marri"
"BLD-100633","2025-07-25","Sick","8","Paid","Finance","Sunita Al-Marri"
"BLD-100633","2024-01-02","Sick","8","Paid","Finance","Sunita Al-Marri"
"BLD-100633","2024-10-28","Late","3","Unpaid","Finance","Sunita Al-Marri"
"BLD-100633","2025-01-15","Other","8","Unpaid","Finance","Sunita Al-Marri"
"BLD-100633","2024-01-09","Unplanned","8","Paid","Finance","Sunita Al-Marri"
"BLD-100633","2025-09-18","Late","1","Unpaid","Finance","Sunita Al-Marri"
"BLD-100633","2025-01-30","Sick","8","Paid","Finance","Sunita Al-Marri"
"BLD-100633","2025-09-16","Late","1","Paid","Finance","Sunita Al-Marri"
"BLD-100634","2024-04-14","Unplanned","8","Unpaid","IT & Digital","Ravi Devi"
"BLD-100634","2025-03-29","Sick","8","Paid","IT & Digital","Ravi Devi"
"BLD-100634","2024-08-11","Late","1","Paid","IT & Digital","Ravi Devi"
"BLD-100634","2024-10-10","Late","1","Paid","IT & Digital","Ravi Devi"
"BLD-100634","2025-08-17","Other","8","Paid","IT & Digital","Ravi Devi"
"BLD-100635","2023-10-07","Late","3","Unpaid","Production","Bikram Devi"
"BLD-100635","2025-08-27","Other","8","Paid","Production","Bikram Devi"
"BLD-100635","2024-01-15","Sick","8","Paid","Production","Bikram Devi"
"BLD-100635","2024-11-09","Late","1","Paid","Production","Bikram Devi"
"BLD-100635","2025-10-22","Late","3","Paid","Production","Bikram Devi"
"BLD-100635","2024-11-21","Unplanned","8","Unpaid","Production","Bikram Devi"
"BLD-100635","2024-09-18","Sick","8","Paid","Production","Bikram Devi"
"BLD-100635","2023-12-04","Other","8","Unpaid","Production","Bikram Devi"
"BLD-100635","2024-12-26","Unplanned","8","Unpaid","Production","Bikram Devi"
"BLD-100635","2024-04-17","Sick","8","Paid","Production","Bikram Devi"
"BLD-100635","2023-06-15","Late","1","Unpaid","Production","Bikram Devi"
"BLD-100635","2024-11-03","Late","3","Paid","Production","Bikram Devi"
"BLD-100636","2025-03-24","Unplanned","8","Unpaid","Farm Operations","Omar Chowdhury"
"BLD-100636","2023-12-09","Other","8","Unpaid","Farm Operations","Omar Chowdhury"
"BLD-100636","2023-09-27","Sick","8","Paid","Farm Operations","Omar Chowdhury"
"BLD-100636","2024-07-27","Unplanned","8","Unpaid","Farm Operations","Omar Chowdhury"
"BLD-100636","2025-09-06","Sick","8","Paid","Farm Operations","Omar Chowdhury"
"BLD-100636","2025-04-28","Other","8","Paid","Farm Operations","Omar Chowdhury"
"BLD-100636","2023-02-15","Unplanned","8","Unpaid","Farm Operations","Omar Chowdhury"
"BLD-100636","2024-06-09","Late","3","Paid","Farm Operations","Omar Chowdhury"
"BLD-100636","2024-10-10","Sick","8","Paid","Farm Operations","Omar Chowdhury"
"BLD-100636","2024-01-27","Unplanned","8","Unpaid","Farm Operations","Omar Chowdhury"
"BLD-100636","2024-07-19","Sick","8","Paid","Farm Operations","Omar Chowdhury"
"BLD-100636","2024-02-23","Late","1","Unpaid","Farm Operations","Omar Chowdhury"
"BLD-100636","2023-05-29","Unplanned","8","Paid","Farm Operations","Omar Chowdhury"
"BLD-100636","2024-07-26","Sick","8","Paid","Farm Operations","Omar Chowdhury"
"BLD-100636","2024-06-25","Unplanned","8","Paid","Farm Operations","Omar Chowdhury"
"BLD-100636","2023-03-09","Sick","8","Paid","Farm Operations","Omar Chowdhury"
"BLD-100636","2023-10-24","Sick","8","Paid","Farm Operations","Omar Chowdhury"
"BLD-100636","2025-11-22","Unplanned","8","Paid","Farm Operations","Omar Chowdhury"
"BLD-100636","2025-11-01","Sick","8","Paid","Farm Operations","Omar Chowdhury"
"BLD-100636","2023-11-05","Late","3","Unpaid","Farm Operations","Omar Chowdhury"
"BLD-100636","2024-05-17","Other","8","Paid","Farm Operations","Omar Chowdhury"
"BLD-100636","2025-08-15","Sick","8","Paid","Farm Operations","Omar Chowdhury"
"BLD-100636","2024-12-18","Unplanned","8","Unpaid","Farm Operations","Omar Chowdhury"
"BLD-100636","2023-07-19","Other","8","Unpaid","Farm Operations","Omar Chowdhury"
"BLD-100637","2023-03-20","Unplanned","8","Paid","People & Culture","Dina Reyes"
"BLD-100637","2024-01-06","Sick","8","Paid","People & Culture","Dina Reyes"
"BLD-100637","2025-12-31","Unplanned","8","Unpaid","People & Culture","Dina Reyes"
"BLD-100637","2023-02-03","Late","3","Unpaid","People & Culture","Dina Reyes"
"BLD-100638","2023-08-29","Unplanned","8","Unpaid","Production","Manoj Fernandes"
"BLD-100638","2025-09-28","Sick","8","Paid","Production","Manoj Fernandes"
"BLD-100638","2024-08-20","Unplanned","8","Unpaid","Production","Manoj Fernandes"
"BLD-100638","2025-12-18","Late","1","Paid","Production","Manoj Fernandes"
"BLD-100638","2023-01-24","Sick","8","Paid","Production","Manoj Fernandes"
"BLD-100639","2023-03-03","Unplanned","8","Unpaid","Sales & Distribution","Reem Youssef"
"BLD-100639","2023-04-18","Sick","8","Paid","Sales & Distribution","Reem Youssef"
"BLD-100639","2023-04-21","Late","3","Paid","Sales & Distribution","Reem Youssef"
"BLD-100639","2023-03-04","Unplanned","8","Paid","Sales & Distribution","Reem Youssef"
"BLD-100640","2023-02-09","Late","2","Paid","Corporate & Executive Office","Khalid Baig"
"BLD-100641","2025-02-26","Late","3","Paid","People & Culture","Cherry Ibrahim"
"BLD-100641","2024-10-23","Unplanned","8","Paid","People & Culture","Cherry Ibrahim"
"BLD-100641","2023-06-09","Late","3","Unpaid","People & Culture","Cherry Ibrahim"
"BLD-100641","2025-10-09","Unplanned","8","Unpaid","People & Culture","Cherry Ibrahim"
"BLD-100641","2024-08-07","Sick","8","Paid","People & Culture","Cherry Ibrahim"
"BLD-100641","2024-10-14","Sick","8","Paid","People & Culture","Cherry Ibrahim"
"BLD-100641","2025-10-15","Sick","8","Paid","People & Culture","Cherry Ibrahim"
"BLD-100641","2023-05-08","Other","8","Unpaid","People & Culture","Cherry Ibrahim"
"BLD-100641","2023-07-29","Sick","8","Paid","People & Culture","Cherry Ibrahim"
"BLD-100641","2025-10-29","Late","1","Unpaid","People & Culture","Cherry Ibrahim"
"BLD-100641","2024-10-06","Late","3","Unpaid","People & Culture","Cherry Ibrahim"
"BLD-100641","2023-06-22","Unplanned","8","Unpaid","People & Culture","Cherry Ibrahim"
"BLD-100641","2023-04-09","Sick","8","Paid","People & Culture","Cherry Ibrahim"
"BLD-100641","2023-10-17","Sick","8","Paid","People & Culture","Cherry Ibrahim"
"BLD-100641","2025-08-24","Other","8","Unpaid","People & Culture","Cherry Ibrahim"
"BLD-100641","2023-06-28","Unplanned","8","Paid","People & Culture","Cherry Ibrahim"
"BLD-100641","2023-04-16","Sick","8","Paid","People & Culture","Cherry Ibrahim"
"BLD-100641","2023-04-30","Sick","8","Paid","People & Culture","Cherry Ibrahim"
"BLD-100641","2025-09-30","Other","8","Paid","People & Culture","Cherry Ibrahim"
"BLD-100641","2025-01-22","Other","8","Unpaid","People & Culture","Cherry Ibrahim"
"BLD-100642","2024-12-29","Sick","8","Paid","Supply Chain & Logistics","Sanjay El-Sayed"
"BLD-100642","2025-12-10","Sick","8","Paid","Supply Chain & Logistics","Sanjay El-Sayed"
"BLD-100642","2024-04-13","Late","2","Unpaid","Supply Chain & Logistics","Sanjay El-Sayed"
"BLD-100642","2025-01-12","Late","2","Unpaid","Supply Chain & Logistics","Sanjay El-Sayed"
"BLD-100642","2023-04-08","Sick","8","Paid","Supply Chain & Logistics","Sanjay El-Sayed"
"BLD-100642","2025-12-30","Unplanned","8","Paid","Supply Chain & Logistics","Sanjay El-Sayed"
"BLD-100642","2024-01-16","Unplanned","8","Unpaid","Supply Chain & Logistics","Sanjay El-Sayed"
"BLD-100642","2023-06-07","Sick","8","Paid","Supply Chain & Logistics","Sanjay El-Sayed"
"BLD-100642","2025-06-27","Sick","8","Paid","Supply Chain & Logistics","Sanjay El-Sayed"
"BLD-100642","2023-03-26","Unplanned","8","Paid","Supply Chain & Logistics","Sanjay El-Sayed"
"BLD-100642","2023-02-27","Sick","8","Paid","Supply Chain & Logistics","Sanjay El-Sayed"
"BLD-100642","2025-04-10","Late","3","Unpaid","Supply Chain & Logistics","Sanjay El-Sayed"
"BLD-100642","2024-06-07","Unplanned","8","Paid","Supply Chain & Logistics","Sanjay El-Sayed"
"BLD-100642","2023-01-01","Sick","8","Paid","Supply Chain & Logistics","Sanjay El-Sayed"
"BLD-100642","2024-04-29","Late","2","Unpaid","Supply Chain & Logistics","Sanjay El-Sayed"
"BLD-100642","2025-08-04","Unplanned","8","Unpaid","Supply Chain & Logistics","Sanjay El-Sayed"
"BLD-100642","2023-10-21","Sick","8","Paid","Supply Chain & Logistics","Sanjay El-Sayed"
"BLD-100642","2023-12-21","Sick","8","Paid","Supply Chain & Logistics","Sanjay El-Sayed"
"BLD-100644","2025-06-13","Unplanned","8","Paid","Sales & Distribution","Mohamed Mahmoud"
"BLD-100644","2023-11-05","Unplanned","8","Unpaid","Sales & Distribution","Mohamed Mahmoud"
"BLD-100644","2024-11-08","Late","3","Paid","Sales & Distribution","Mohamed Mahmoud"
"BLD-100644","2025-01-20","Sick","8","Paid","Sales & Distribution","Mohamed Mahmoud"
"BLD-100644","2023-09-01","Unplanned","8","Paid","Sales & Distribution","Mohamed Mahmoud"
"BLD-100644","2024-11-27","Other","8","Paid","Sales & Distribution","Mohamed Mahmoud"
"BLD-100644","2024-11-21","Late","1","Unpaid","Sales & Distribution","Mohamed Mahmoud"
"BLD-100644","2025-08-25","Sick","8","Paid","Sales & Distribution","Mohamed Mahmoud"
"BLD-100644","2025-03-14","Sick","8","Paid","Sales & Distribution","Mohamed Mahmoud"
"BLD-100644","2025-11-26","Sick","8","Paid","Sales & Distribution","Mohamed Mahmoud"
"BLD-100644","2024-12-07","Unplanned","8","Paid","Sales & Distribution","Mohamed Mahmoud"
"BLD-100644","2023-10-01","Sick","8","Paid","Sales & Distribution","Mohamed Mahmoud"
"BLD-100644","2023-08-18","Sick","8","Paid","Sales & Distribution","Mohamed Mahmoud"
"BLD-100644","2024-06-18","Late","1","Unpaid","Sales & Distribution","Mohamed Mahmoud"
"BLD-100644","2023-03-04","Unplanned","8","Paid","Sales & Distribution","Mohamed Mahmoud"
"BLD-100644","2023-07-14","Sick","8","Paid","Sales & Distribution","Mohamed Mahmoud"
"BLD-100644","2023-05-22","Unplanned","8","Unpaid","Sales & Distribution","Mohamed Mahmoud"
"BLD-100644","2025-08-31","Sick","8","Paid","Sales & Distribution","Mohamed Mahmoud"
"BLD-100644","2024-03-27","Late","1","Unpaid","Sales & Distribution","Mohamed Mahmoud"
"BLD-100644","2024-12-09","Other","8","Paid","Sales & Distribution","Mohamed Mahmoud"
"BLD-100644","2024-11-13","Late","2","Paid","Sales & Distribution","Mohamed Mahmoud"
"BLD-100644","2024-09-04","Sick","8","Paid","Sales & Distribution","Mohamed Mahmoud"
"BLD-100644","2023-03-21","Sick","8","Paid","Sales & Distribution","Mohamed Mahmoud"
"BLD-100645","2023-10-13","Sick","8","Paid","Farm Operations","Sameer Kapoor"
"BLD-100645","2023-04-22","Sick","8","Paid","Farm Operations","Sameer Kapoor"
"BLD-100645","2023-11-24","Sick","8","Paid","Farm Operations","Sameer Kapoor"
"BLD-100645","2024-02-03","Unplanned","8","Unpaid","Farm Operations","Sameer Kapoor"
"BLD-100645","2023-03-13","Sick","8","Paid","Farm Operations","Sameer Kapoor"
"BLD-100645","2024-01-15","Sick","8","Paid","Farm Operations","Sameer Kapoor"
"BLD-100645","2023-08-02","Other","8","Paid","Farm Operations","Sameer Kapoor"
"BLD-100645","2023-07-01","Unplanned","8","Unpaid","Farm Operations","Sameer Kapoor"
"BLD-100645","2023-10-04","Other","8","Paid","Farm Operations","Sameer Kapoor"
"BLD-100646","2025-08-22","Late","3","Paid","IT & Digital","Arjun Malik"
"BLD-100646","2025-12-16","Unplanned","8","Paid","IT & Digital","Arjun Malik"
"BLD-100646","2024-08-02","Sick","8","Paid","IT & Digital","Arjun Malik"
"BLD-100646","2024-10-22","Sick","8","Paid","IT & Digital","Arjun Malik"
"BLD-100646","2025-02-26","Unplanned","8","Paid","IT & Digital","Arjun Malik"
"BLD-100646","2025-02-19","Unplanned","8","Unpaid","IT & Digital","Arjun Malik"
"BLD-100647","2023-01-01","Late","2","Paid","Marketing","Ahmed Kapoor"
"BLD-100647","2023-07-10","Sick","8","Paid","Marketing","Ahmed Kapoor"
"BLD-100647","2023-01-25","Late","1","Paid","Marketing","Ahmed Kapoor"
"BLD-100647","2023-03-09","Unplanned","8","Paid","Marketing","Ahmed Kapoor"
"BLD-100647","2023-03-11","Other","8","Unpaid","Marketing","Ahmed Kapoor"
"BLD-100647","2023-06-24","Sick","8","Paid","Marketing","Ahmed Kapoor"
"BLD-100647","2023-02-13","Late","3","Unpaid","Marketing","Ahmed Kapoor"
"BLD-100647","2023-05-26","Sick","8","Paid","Marketing","Ahmed Kapoor"
"BLD-100647","2023-02-02","Late","3","Unpaid","Marketing","Ahmed Kapoor"
"BLD-100647","2023-03-17","Other","8","Unpaid","Marketing","Ahmed Kapoor"
"BLD-100648","2024-05-03","Unplanned","8","Paid","R&D","Arjun Santos"
"BLD-100648","2025-03-10","Sick","8","Paid","R&D","Arjun Santos"
"BLD-100648","2024-10-14","Sick","8","Paid","R&D","Arjun Santos"
"BLD-100648","2023-02-06","Sick","8","Paid","R&D","Arjun Santos"
"BLD-100648","2025-11-05","Late","1","Paid","R&D","Arjun Santos"
"BLD-100648","2023-11-05","Sick","8","Paid","R&D","Arjun Santos"
"BLD-100648","2025-07-04","Unplanned","8","Paid","R&D","Arjun Santos"
"BLD-100648","2024-04-15","Unplanned","8","Unpaid","R&D","Arjun Santos"
"BLD-100648","2023-04-19","Sick","8","Paid","R&D","Arjun Santos"
"BLD-100648","2023-03-23","Sick","8","Paid","R&D","Arjun Santos"
"BLD-100648","2024-12-28","Sick","8","Paid","R&D","Arjun Santos"
"BLD-100648","2023-03-10","Unplanned","8","Unpaid","R&D","Arjun Santos"
"BLD-100648","2023-02-13","Late","3","Unpaid","R&D","Arjun Santos"
"BLD-100648","2024-01-02","Sick","8","Paid","R&D","Arjun Santos"
"BLD-100648","2023-12-09","Unplanned","8","Paid","R&D","Arjun Santos"
"BLD-100648","2024-12-10","Other","8","Paid","R&D","Arjun Santos"
"BLD-100648","2023-10-02","Sick","8","Paid","R&D","Arjun Santos"
"BLD-100648","2024-06-17","Sick","8","Paid","R&D","Arjun Santos"
"BLD-100648","2025-11-06","Sick","8","Paid","R&D","Arjun Santos"
"BLD-100648","2024-08-16","Sick","8","Paid","R&D","Arjun Santos"
"BLD-100649","2023-03-30","Sick","8","Paid","Supply Chain & Logistics","Aisha Mendoza"
"BLD-100649","2024-06-03","Sick","8","Paid","Supply Chain & Logistics","Aisha Mendoza"
"BLD-100649","2024-10-31","Sick","8","Paid","Supply Chain & Logistics","Aisha Mendoza"
"BLD-100649","2023-05-18","Late","3","Unpaid","Supply Chain & Logistics","Aisha Mendoza"
"BLD-100649","2024-12-29","Unplanned","8","Unpaid","Supply Chain & Logistics","Aisha Mendoza"
"BLD-100649","2025-07-11","Late","1","Unpaid","Supply Chain & Logistics","Aisha Mendoza"
"BLD-100649","2023-01-26","Sick","8","Paid","Supply Chain & Logistics","Aisha Mendoza"
"BLD-100649","2023-03-20","Late","3","Unpaid","Supply Chain & Logistics","Aisha Mendoza"
"BLD-100649","2024-09-09","Other","8","Paid","Supply Chain & Logistics","Aisha Mendoza"
"BLD-100649","2023-11-21","Sick","8","Paid","Supply Chain & Logistics","Aisha Mendoza"
"BLD-100649","2023-07-20","Late","2","Unpaid","Supply Chain & Logistics","Aisha Mendoza"
"BLD-100649","2023-05-21","Sick","8","Paid","Supply Chain & Logistics","Aisha Mendoza"
"BLD-100649","2023-11-26","Unplanned","8","Paid","Supply Chain & Logistics","Aisha Mendoza"
"BLD-100649","2024-10-28","Sick","8","Paid","Supply Chain & Logistics","Aisha Mendoza"
"BLD-100649","2025-08-04","Sick","8","Paid","Supply Chain & Logistics","Aisha Mendoza"
"BLD-100649","2024-11-25","Unplanned","8","Unpaid","Supply Chain & Logistics","Aisha Mendoza"
"BLD-100650","2024-03-24","Late","3","Paid","Corporate & Executive Office","Anil Al-Sayed"
"BLD-100650","2024-08-26","Sick","8","Paid","Corporate & Executive Office","Anil Al-Sayed"
"BLD-100650","2025-04-10","Unplanned","8","Paid","Corporate & Executive Office","Anil Al-Sayed"
"BLD-100650","2025-12-26","Sick","8","Paid","Corporate & Executive Office","Anil Al-Sayed"
"BLD-100650","2023-01-16","Sick","8","Paid","Corporate & Executive Office","Anil Al-Sayed"
"BLD-100650","2023-08-07","Sick","8","Paid","Corporate & Executive Office","Anil Al-Sayed"
"BLD-100650","2025-02-02","Sick","8","Paid","Corporate & Executive Office","Anil Al-Sayed"
"BLD-100650","2023-09-09","Sick","8","Paid","Corporate & Executive Office","Anil Al-Sayed"
"BLD-100650","2024-10-24","Unplanned","8","Unpaid","Corporate & Executive Office","Anil Al-Sayed"
"BLD-100650","2024-06-16","Sick","8","Paid","Corporate & Executive Office","Anil Al-Sayed"
"BLD-100650","2023-04-03","Late","3","Unpaid","Corporate & Executive Office","Anil Al-Sayed"
"BLD-100650","2024-12-24","Sick","8","Paid","Corporate & Executive Office","Anil Al-Sayed"
"BLD-100650","2023-07-18","Unplanned","8","Paid","Corporate & Executive Office","Anil Al-Sayed"
"BLD-100652","2023-09-13","Sick","8","Paid","People & Culture","Reem Pereira"
"BLD-100652","2023-07-02","Late","3","Unpaid","People & Culture","Reem Pereira"
"BLD-100652","2023-11-29","Unplanned","8","Paid","People & Culture","Reem Pereira"
"BLD-100652","2023-02-24","Late","3","Unpaid","People & Culture","Reem Pereira"
"BLD-100652","2023-08-03","Sick","8","Paid","People & Culture","Reem Pereira"
"BLD-100652","2023-07-29","Sick","8","Paid","People & Culture","Reem Pereira"
"BLD-100653","2023-08-20","Late","3","Paid","People & Culture","Ahmed Santos"
"BLD-100654","2025-11-12","Late","3","Unpaid","Finance","Manoj Fernandes"
"BLD-100654","2025-03-16","Unplanned","8","Paid","Finance","Manoj Fernandes"
"BLD-100654","2024-09-22","Sick","8","Paid","Finance","Manoj Fernandes"
"BLD-100654","2024-10-17","Sick","8","Paid","Finance","Manoj Fernandes"
"BLD-100654","2023-11-22","Unplanned","8","Paid","Finance","Manoj Fernandes"
"BLD-100654","2024-09-26","Unplanned","8","Unpaid","Finance","Manoj Fernandes"
"BLD-100654","2025-03-09","Other","8","Paid","Finance","Manoj Fernandes"
"BLD-100654","2025-04-01","Sick","8","Paid","Finance","Manoj Fernandes"
"BLD-100654","2024-11-27","Unplanned","8","Unpaid","Finance","Manoj Fernandes"
"BLD-100654","2024-07-18","Sick","8","Paid","Finance","Manoj Fernandes"
"BLD-100654","2023-08-17","Unplanned","8","Unpaid","Finance","Manoj Fernandes"
"BLD-100654","2025-06-01","Sick","8","Paid","Finance","Manoj Fernandes"
"BLD-100654","2024-12-30","Unplanned","8","Unpaid","Finance","Manoj Fernandes"
"BLD-100654","2025-05-06","Unplanned","8","Unpaid","Finance","Manoj Fernandes"
"BLD-100655","2023-09-19","Sick","8","Paid","Procurement","Ali Ibrahim"
"BLD-100655","2023-06-27","Late","3","Paid","Procurement","Ali Ibrahim"
"BLD-100655","2024-02-17","Sick","8","Paid","Procurement","Ali Ibrahim"
"BLD-100655","2025-09-24","Late","2","Unpaid","Procurement","Ali Ibrahim"
"BLD-100655","2023-07-20","Other","8","Paid","Procurement","Ali Ibrahim"
"BLD-100655","2024-01-10","Unplanned","8","Paid","Procurement","Ali Ibrahim"
"BLD-100655","2025-07-09","Other","8","Unpaid","Procurement","Ali Ibrahim"
"BLD-100655","2025-01-16","Late","3","Paid","Procurement","Ali Ibrahim"
"BLD-100655","2024-05-24","Sick","8","Paid","Procurement","Ali Ibrahim"
"BLD-100655","2023-10-18","Unplanned","8","Paid","Procurement","Ali Ibrahim"
"BLD-100655","2024-08-28","Late","2","Paid","Procurement","Ali Ibrahim"
"BLD-100655","2025-04-12","Unplanned","8","Paid","Procurement","Ali Ibrahim"
"BLD-100655","2025-02-07","Sick","8","Paid","Procurement","Ali Ibrahim"
"BLD-100655","2024-08-01","Unplanned","8","Paid","Procurement","Ali Ibrahim"
"BLD-100655","2023-06-04","Late","2","Paid","Procurement","Ali Ibrahim"
"BLD-100655","2025-06-03","Late","3","Paid","Procurement","Ali Ibrahim"
"BLD-100655","2025-11-17","Other","8","Paid","Procurement","Ali Ibrahim"
"BLD-100655","2024-02-16","Sick","8","Paid","Procurement","Ali Ibrahim"
"BLD-100655","2024-12-29","Late","1","Unpaid","Procurement","Ali Ibrahim"
"BLD-100655","2025-07-11","Other","8","Paid","Procurement","Ali Ibrahim"
"BLD-100655","2024-05-05","Sick","8","Paid","Procurement","Ali Ibrahim"
"BLD-100657","2024-12-22","Unplanned","8","Unpaid","People & Culture","Prakash Mendoza"
"BLD-100657","2023-11-29","Sick","8","Paid","People & Culture","Prakash Mendoza"
"BLD-100657","2024-07-15","Unplanned","8","Paid","People & Culture","Prakash Mendoza"
"BLD-100657","2025-03-06","Sick","8","Paid","People & Culture","Prakash Mendoza"
"BLD-100657","2023-11-09","Unplanned","8","Unpaid","People & Culture","Prakash Mendoza"
"BLD-100657","2025-04-08","Sick","8","Paid","People & Culture","Prakash Mendoza"
"BLD-100657","2024-04-11","Other","8","Paid","People & Culture","Prakash Mendoza"
"BLD-100657","2025-11-12","Sick","8","Paid","People & Culture","Prakash Mendoza"
"BLD-100658","2023-03-12","Unplanned","8","Unpaid","People & Culture","Arjun Islam"
"BLD-100658","2023-02-06","Unplanned","8","Unpaid","People & Culture","Arjun Islam"
"BLD-100658","2023-06-15","Late","3","Paid","People & Culture","Arjun Islam"
"BLD-100658","2023-06-16","Other","8","Unpaid","People & Culture","Arjun Islam"
"BLD-100658","2023-04-19","Sick","8","Paid","People & Culture","Arjun Islam"
"BLD-100659","2024-10-11","Sick","8","Paid","Sales & Distribution","Hari Chowdhury"
"BLD-100659","2023-03-21","Unplanned","8","Unpaid","Sales & Distribution","Hari Chowdhury"
"BLD-100659","2023-10-11","Late","3","Paid","Sales & Distribution","Hari Chowdhury"
"BLD-100659","2025-03-28","Sick","8","Paid","Sales & Distribution","Hari Chowdhury"
"BLD-100659","2023-11-25","Unplanned","8","Paid","Sales & Distribution","Hari Chowdhury"
"BLD-100659","2025-09-04","Unplanned","8","Unpaid","Sales & Distribution","Hari Chowdhury"
"BLD-100659","2023-05-25","Sick","8","Paid","Sales & Distribution","Hari Chowdhury"
"BLD-100659","2023-12-17","Unplanned","8","Paid","Sales & Distribution","Hari Chowdhury"
"BLD-100659","2023-08-30","Late","2","Unpaid","Sales & Distribution","Hari Chowdhury"
"BLD-100660","2024-12-05","Sick","8","Paid","Sales & Distribution","Ramesh El-Sayed"
"BLD-100660","2024-01-11","Late","2","Unpaid","Sales & Distribution","Ramesh El-Sayed"
"BLD-100660","2024-06-26","Late","1","Unpaid","Sales & Distribution","Ramesh El-Sayed"
"BLD-100660","2023-09-17","Late","2","Paid","Sales & Distribution","Ramesh El-Sayed"
"BLD-100660","2023-06-02","Late","1","Paid","Sales & Distribution","Ramesh El-Sayed"
"BLD-100660","2023-12-18","Sick","8","Paid","Sales & Distribution","Ramesh El-Sayed"
"BLD-100660","2025-01-28","Unplanned","8","Unpaid","Sales & Distribution","Ramesh El-Sayed"
"BLD-100660","2023-11-16","Sick","8","Paid","Sales & Distribution","Ramesh El-Sayed"
"BLD-100660","2023-10-18","Unplanned","8","Unpaid","Sales & Distribution","Ramesh El-Sayed"
"BLD-100660","2023-10-09","Unplanned","8","Unpaid","Sales & Distribution","Ramesh El-Sayed"
"BLD-100661","2024-04-11","Sick","8","Paid","R&D","Bishnu Cruz"
"BLD-100661","2023-11-27","Sick","8","Paid","R&D","Bishnu Cruz"
"BLD-100661","2023-11-27","Sick","8","Paid","R&D","Bishnu Cruz"
"BLD-100661","2025-12-30","Late","1","Unpaid","R&D","Bishnu Cruz"
"BLD-100661","2023-04-05","Sick","8","Paid","R&D","Bishnu Cruz"
"BLD-100661","2023-01-15","Sick","8","Paid","R&D","Bishnu Cruz"
"BLD-100661","2023-08-09","Unplanned","8","Unpaid","R&D","Bishnu Cruz"
"BLD-100661","2025-10-27","Late","3","Unpaid","R&D","Bishnu Cruz"
"BLD-100661","2025-09-15","Sick","8","Paid","R&D","Bishnu Cruz"
"BLD-100661","2025-12-11","Sick","8","Paid","R&D","Bishnu Cruz"
"BLD-100661","2023-11-03","Unplanned","8","Unpaid","R&D","Bishnu Cruz"
"BLD-100661","2024-04-01","Unplanned","8","Unpaid","R&D","Bishnu Cruz"
"BLD-100661","2025-11-04","Late","1","Unpaid","R&D","Bishnu Cruz"
"BLD-100661","2023-06-16","Sick","8","Paid","R&D","Bishnu Cruz"
"BLD-100661","2024-06-21","Sick","8","Paid","R&D","Bishnu Cruz"
"BLD-100661","2023-01-12","Late","2","Unpaid","R&D","Bishnu Cruz"
"BLD-100661","2023-08-06","Late","1","Unpaid","R&D","Bishnu Cruz"
"BLD-100661","2024-02-19","Unplanned","8","Unpaid","R&D","Bishnu Cruz"
"BLD-100661","2025-11-06","Unplanned","8","Unpaid","R&D","Bishnu Cruz"
"BLD-100661","2025-01-06","Sick","8","Paid","R&D","Bishnu Cruz"
"BLD-100661","2024-04-22","Other","8","Unpaid","R&D","Bishnu Cruz"
"BLD-100662","2025-06-17","Sick","8","Paid","People & Culture","Manoj Fernandes"
"BLD-100662","2025-02-12","Sick","8","Paid","People & Culture","Manoj Fernandes"
"BLD-100662","2024-01-26","Sick","8","Paid","People & Culture","Manoj Fernandes"
"BLD-100662","2023-05-16","Sick","8","Paid","People & Culture","Manoj Fernandes"
"BLD-100662","2023-11-17","Sick","8","Paid","People & Culture","Manoj Fernandes"
"BLD-100662","2025-04-01","Late","3","Paid","People & Culture","Manoj Fernandes"
"BLD-100662","2025-09-10","Unplanned","8","Unpaid","People & Culture","Manoj Fernandes"
"BLD-100662","2024-01-20","Unplanned","8","Paid","People & Culture","Manoj Fernandes"
"BLD-100662","2025-09-25","Sick","8","Paid","People & Culture","Manoj Fernandes"
"BLD-100662","2025-03-20","Sick","8","Paid","People & Culture","Manoj Fernandes"
"BLD-100662","2025-09-09","Late","2","Unpaid","People & Culture","Manoj Fernandes"
"BLD-100662","2023-07-31","Unplanned","8","Paid","People & Culture","Manoj Fernandes"
"BLD-100662","2023-02-01","Sick","8","Paid","People & Culture","Manoj Fernandes"
"BLD-100662","2023-05-17","Late","2","Paid","People & Culture","Manoj Fernandes"
"BLD-100662","2025-03-03","Unplanned","8","Paid","People & Culture","Manoj Fernandes"
"BLD-100662","2025-07-12","Late","3","Unpaid","People & Culture","Manoj Fernandes"
"BLD-100662","2023-08-16","Sick","8","Paid","People & Culture","Manoj Fernandes"
"BLD-100662","2025-08-20","Sick","8","Paid","People & Culture","Manoj Fernandes"
"BLD-100663","2023-07-24","Late","1","Unpaid","IT & Digital","Ramesh Islam"
"BLD-100663","2023-09-12","Sick","8","Paid","IT & Digital","Ramesh Islam"
"BLD-100664","2025-12-17","Late","2","Unpaid","IT & Digital","Ali Islam"
"BLD-100664","2023-08-23","Unplanned","8","Unpaid","IT & Digital","Ali Islam"
"BLD-100664","2024-02-29","Unplanned","8","Unpaid","IT & Digital","Ali Islam"
"BLD-100664","2025-06-25","Sick","8","Paid","IT & Digital","Ali Islam"
"BLD-100664","2025-02-21","Late","3","Unpaid","IT & Digital","Ali Islam"
"BLD-100664","2025-08-09","Other","8","Unpaid","IT & Digital","Ali Islam"
"BLD-100664","2023-08-28","Unplanned","8","Unpaid","IT & Digital","Ali Islam"
"BLD-100664","2024-08-26","Sick","8","Paid","IT & Digital","Ali Islam"
"BLD-100664","2024-07-05","Unplanned","8","Paid","IT & Digital","Ali Islam"
"BLD-100664","2024-07-03","Unplanned","8","Paid","IT & Digital","Ali Islam"
"BLD-100664","2024-08-24","Sick","8","Paid","IT & Digital","Ali Islam"
"BLD-100664","2023-08-12","Late","3","Unpaid","IT & Digital","Ali Islam"
"BLD-100664","2024-06-02","Late","1","Paid","IT & Digital","Ali Islam"
"BLD-100664","2025-12-21","Unplanned","8","Unpaid","IT & Digital","Ali Islam"
"BLD-100665","2023-05-24","Sick","8","Paid","Quality Assurance & Food Safety","Ahmed Ibrahim"
"BLD-100665","2025-04-15","Sick","8","Paid","Quality Assurance & Food Safety","Ahmed Ibrahim"
"BLD-100665","2025-04-18","Unplanned","8","Unpaid","Quality Assurance & Food Safety","Ahmed Ibrahim"
"BLD-100665","2023-10-01","Unplanned","8","Unpaid","Quality Assurance & Food Safety","Ahmed Ibrahim"
"BLD-100665","2024-08-12","Late","2","Unpaid","Quality Assurance & Food Safety","Ahmed Ibrahim"
"BLD-100665","2023-06-27","Sick","8","Paid","Quality Assurance & Food Safety","Ahmed Ibrahim"
"BLD-100666","2025-10-22","Sick","8","Paid","People & Culture","Layla Reyes"
"BLD-100666","2023-08-05","Sick","8","Paid","People & Culture","Layla Reyes"
"BLD-100666","2023-03-08","Unplanned","8","Paid","People & Culture","Layla Reyes"
"BLD-100666","2023-02-10","Late","2","Paid","People & Culture","Layla Reyes"
"BLD-100666","2025-09-12","Sick","8","Paid","People & Culture","Layla Reyes"
"BLD-100666","2025-07-11","Late","2","Paid","People & Culture","Layla Reyes"
"BLD-100666","2024-01-17","Other","8","Unpaid","People & Culture","Layla Reyes"
"BLD-100666","2023-04-29","Sick","8","Paid","People & Culture","Layla Reyes"
"BLD-100666","2024-03-21","Late","3","Unpaid","People & Culture","Layla Reyes"
"BLD-100666","2024-06-20","Unplanned","8","Paid","People & Culture","Layla Reyes"
"BLD-100666","2023-12-03","Unplanned","8","Paid","People & Culture","Layla Reyes"
"BLD-100666","2023-12-10","Late","2","Unpaid","People & Culture","Layla Reyes"
"BLD-100666","2023-09-18","Sick","8","Paid","People & Culture","Layla Reyes"
"BLD-100666","2025-07-12","Sick","8","Paid","People & Culture","Layla Reyes"
"BLD-100666","2023-06-01","Sick","8","Paid","People & Culture","Layla Reyes"
"BLD-100666","2024-08-05","Sick","8","Paid","People & Culture","Layla Reyes"
"BLD-100667","2023-08-31","Other","8","Unpaid","Production","Prakash Mansour"
"BLD-100667","2023-05-07","Sick","8","Paid","Production","Prakash Mansour"
"BLD-100668","2023-05-29","Unplanned","8","Paid","Procurement","Faisal Iqbal"
"BLD-100668","2023-06-28","Late","2","Paid","Procurement","Faisal Iqbal"
"BLD-100668","2023-03-21","Sick","8","Paid","Procurement","Faisal Iqbal"
"BLD-100669","2023-12-27","Late","3","Paid","Quality Assurance & Food Safety","Pooja Farouk"
"BLD-100669","2023-04-30","Other","8","Paid","Quality Assurance & Food Safety","Pooja Farouk"
"BLD-100669","2025-06-06","Unplanned","8","Unpaid","Quality Assurance & Food Safety","Pooja Farouk"
"BLD-100669","2023-07-02","Unplanned","8","Unpaid","Quality Assurance & Food Safety","Pooja Farouk"
"BLD-100669","2025-05-23","Unplanned","8","Paid","Quality Assurance & Food Safety","Pooja Farouk"
"BLD-100669","2025-08-09","Unplanned","8","Paid","Quality Assurance & Food Safety","Pooja Farouk"
"BLD-100669","2023-09-03","Sick","8","Paid","Quality Assurance & Food Safety","Pooja Farouk"
"BLD-100669","2025-12-19","Late","1","Unpaid","Quality Assurance & Food Safety","Pooja Farouk"
"BLD-100669","2024-12-10","Sick","8","Paid","Quality Assurance & Food Safety","Pooja Farouk"
"BLD-100669","2023-12-30","Sick","8","Paid","Quality Assurance & Food Safety","Pooja Farouk"
"BLD-100669","2025-01-30","Unplanned","8","Paid","Quality Assurance & Food Safety","Pooja Farouk"
"BLD-100669","2023-05-04","Other","8","Paid","Quality Assurance & Food Safety","Pooja Farouk"
"BLD-100669","2023-10-31","Late","1","Paid","Quality Assurance & Food Safety","Pooja Farouk"
"BLD-100669","2023-01-24","Sick","8","Paid","Quality Assurance & Food Safety","Pooja Farouk"
"BLD-100669","2024-01-11","Unplanned","8","Paid","Quality Assurance & Food Safety","Pooja Farouk"
"BLD-100669","2023-10-30","Unplanned","8","Unpaid","Quality Assurance & Food Safety","Pooja Farouk"
"BLD-100670","2025-06-21","Unplanned","8","Paid","Production","Mohamed Baig"
"BLD-100670","2025-02-24","Sick","8","Paid","Production","Mohamed Baig"
"BLD-100670","2024-08-16","Sick","8","Paid","Production","Mohamed Baig"
"BLD-100670","2025-02-23","Sick","8","Paid","Production","Mohamed Baig"
"BLD-100670","2023-01-17","Sick","8","Paid","Production","Mohamed Baig"
"BLD-100670","2024-11-21","Unplanned","8","Unpaid","Production","Mohamed Baig"
"BLD-100671","2023-04-23","Unplanned","8","Paid","Farm Operations","Mohamed El-Sayed"
"BLD-100671","2024-06-01","Sick","8","Paid","Farm Operations","Mohamed El-Sayed"
"BLD-100671","2024-08-20","Late","3","Paid","Farm Operations","Mohamed El-Sayed"
"BLD-100671","2025-03-28","Late","1","Unpaid","Farm Operations","Mohamed El-Sayed"
"BLD-100671","2024-11-20","Sick","8","Paid","Farm Operations","Mohamed El-Sayed"
"BLD-100671","2024-08-02","Sick","8","Paid","Farm Operations","Mohamed El-Sayed"
"BLD-100671","2024-10-28","Sick","8","Paid","Farm Operations","Mohamed El-Sayed"
"BLD-100672","2024-05-23","Unplanned","8","Unpaid","Sales & Distribution","Noor Al-Sayed"
"BLD-100672","2025-03-21","Unplanned","8","Unpaid","Sales & Distribution","Noor Al-Sayed"
"BLD-100672","2023-03-15","Sick","8","Paid","Sales & Distribution","Noor Al-Sayed"
"BLD-100672","2025-09-25","Sick","8","Paid","Sales & Distribution","Noor Al-Sayed"
"BLD-100672","2025-11-15","Late","2","Unpaid","Sales & Distribution","Noor Al-Sayed"
"BLD-100672","2025-06-29","Late","2","Paid","Sales & Distribution","Noor Al-Sayed"
"BLD-100672","2023-07-23","Unplanned","8","Paid","Sales & Distribution","Noor Al-Sayed"
"BLD-100673","2023-10-25","Late","3","Paid","Sales & Distribution","Yasmin Sharma"
"BLD-100673","2024-04-12","Sick","8","Paid","Sales & Distribution","Yasmin Sharma"
"BLD-100673","2025-05-21","Late","3","Paid","Sales & Distribution","Yasmin Sharma"
"BLD-100673","2024-05-09","Sick","8","Paid","Sales & Distribution","Yasmin Sharma"
"BLD-100673","2023-03-28","Unplanned","8","Paid","Sales & Distribution","Yasmin Sharma"
"BLD-100673","2025-09-08","Sick","8","Paid","Sales & Distribution","Yasmin Sharma"
"BLD-100673","2024-04-12","Unplanned","8","Unpaid","Sales & Distribution","Yasmin Sharma"
"BLD-100673","2024-09-01","Sick","8","Paid","Sales & Distribution","Yasmin Sharma"
"BLD-100673","2024-08-16","Unplanned","8","Unpaid","Sales & Distribution","Yasmin Sharma"
"BLD-100673","2024-10-18","Sick","8","Paid","Sales & Distribution","Yasmin Sharma"
"BLD-100674","2024-08-21","Sick","8","Paid","Quality Assurance & Food Safety","Yasmin Chowdhury"
"BLD-100674","2023-06-28","Sick","8","Paid","Quality Assurance & Food Safety","Yasmin Chowdhury"
"BLD-100674","2024-11-20","Sick","8","Paid","Quality Assurance & Food Safety","Yasmin Chowdhury"
"BLD-100674","2023-05-24","Sick","8","Paid","Quality Assurance & Food Safety","Yasmin Chowdhury"
"BLD-100674","2024-12-20","Sick","8","Paid","Quality Assurance & Food Safety","Yasmin Chowdhury"
"BLD-100674","2025-01-12","Sick","8","Paid","Quality Assurance & Food Safety","Yasmin Chowdhury"
"BLD-100674","2025-06-05","Late","3","Unpaid","Quality Assurance & Food Safety","Yasmin Chowdhury"
"BLD-100674","2023-07-31","Late","3","Unpaid","Quality Assurance & Food Safety","Yasmin Chowdhury"
"BLD-100674","2023-04-24","Unplanned","8","Unpaid","Quality Assurance & Food Safety","Yasmin Chowdhury"
"BLD-100674","2024-03-30","Late","2","Unpaid","Quality Assurance & Food Safety","Yasmin Chowdhury"
"BLD-100674","2023-12-29","Late","3","Unpaid","Quality Assurance & Food Safety","Yasmin Chowdhury"
"BLD-100674","2025-04-13","Unplanned","8","Unpaid","Quality Assurance & Food Safety","Yasmin Chowdhury"
"BLD-100675","2025-03-06","Unplanned","8","Paid","Marketing","Sameer Ibrahim"
"BLD-100675","2025-04-21","Unplanned","8","Unpaid","Marketing","Sameer Ibrahim"
"BLD-100675","2025-01-10","Sick","8","Paid","Marketing","Sameer Ibrahim"
"BLD-100675","2023-07-05","Unplanned","8","Unpaid","Marketing","Sameer Ibrahim"
"BLD-100675","2024-07-30","Late","2","Paid","Marketing","Sameer Ibrahim"
"BLD-100675","2025-04-12","Sick","8","Paid","Marketing","Sameer Ibrahim"
"BLD-100675","2025-04-18","Other","8","Paid","Marketing","Sameer Ibrahim"
"BLD-100676","2025-10-11","Sick","8","Paid","Sales & Distribution","Noor Al-Sayed"
"BLD-100676","2024-01-30","Late","2","Paid","Sales & Distribution","Noor Al-Sayed"
"BLD-100676","2023-01-14","Unplanned","8","Unpaid","Sales & Distribution","Noor Al-Sayed"
"BLD-100676","2023-06-25","Sick","8","Paid","Sales & Distribution","Noor Al-Sayed"
"BLD-100676","2023-01-09","Unplanned","8","Paid","Sales & Distribution","Noor Al-Sayed"
"BLD-100676","2023-01-31","Unplanned","8","Unpaid","Sales & Distribution","Noor Al-Sayed"
"BLD-100676","2023-02-10","Unplanned","8","Unpaid","Sales & Distribution","Noor Al-Sayed"
"BLD-100676","2024-04-17","Unplanned","8","Unpaid","Sales & Distribution","Noor Al-Sayed"
"BLD-100676","2023-10-17","Sick","8","Paid","Sales & Distribution","Noor Al-Sayed"
"BLD-100676","2024-04-22","Unplanned","8","Unpaid","Sales & Distribution","Noor Al-Sayed"
"BLD-100676","2025-03-20","Sick","8","Paid","Sales & Distribution","Noor Al-Sayed"
"BLD-100677","2024-04-08","Late","1","Unpaid","Quality Assurance & Food Safety","Anil Gurung"
"BLD-100677","2025-09-15","Unplanned","8","Unpaid","Quality Assurance & Food Safety","Anil Gurung"
"BLD-100677","2025-02-21","Late","2","Paid","Quality Assurance & Food Safety","Anil Gurung"
"BLD-100677","2025-07-11","Unplanned","8","Paid","Quality Assurance & Food Safety","Anil Gurung"
"BLD-100677","2025-08-12","Other","8","Unpaid","Quality Assurance & Food Safety","Anil Gurung"
"BLD-100677","2024-01-16","Sick","8","Paid","Quality Assurance & Food Safety","Anil Gurung"
"BLD-100678","2025-09-22","Sick","8","Paid","IT & Digital","Lubna Mansour"
"BLD-100678","2023-07-01","Unplanned","8","Paid","IT & Digital","Lubna Mansour"
"BLD-100678","2025-04-15","Unplanned","8","Paid","IT & Digital","Lubna Mansour"
"BLD-100678","2024-03-13","Late","3","Unpaid","IT & Digital","Lubna Mansour"
"BLD-100678","2025-11-06","Sick","8","Paid","IT & Digital","Lubna Mansour"
"BLD-100678","2024-07-10","Sick","8","Paid","IT & Digital","Lubna Mansour"
"BLD-100678","2024-03-25","Sick","8","Paid","IT & Digital","Lubna Mansour"
"BLD-100678","2025-08-14","Sick","8","Paid","IT & Digital","Lubna Mansour"
"BLD-100678","2025-04-20","Unplanned","8","Unpaid","IT & Digital","Lubna Mansour"
"BLD-100678","2023-11-25","Sick","8","Paid","IT & Digital","Lubna Mansour"
"BLD-100678","2025-01-05","Sick","8","Paid","IT & Digital","Lubna Mansour"
"BLD-100678","2023-10-07","Sick","8","Paid","IT & Digital","Lubna Mansour"
"BLD-100678","2024-02-22","Late","2","Unpaid","IT & Digital","Lubna Mansour"
"BLD-100678","2023-07-15","Unplanned","8","Unpaid","IT & Digital","Lubna Mansour"
"BLD-100678","2023-02-28","Sick","8","Paid","IT & Digital","Lubna Mansour"
"BLD-100678","2023-01-02","Late","1","Paid","IT & Digital","Lubna Mansour"
"BLD-100678","2025-05-01","Late","3","Unpaid","IT & Digital","Lubna Mansour"
"BLD-100679","2024-10-30","Late","2","Unpaid","Marketing","Nadia Mendoza"
"BLD-100679","2023-08-20","Other","8","Unpaid","Marketing","Nadia Mendoza"
"BLD-100679","2024-05-24","Sick","8","Paid","Marketing","Nadia Mendoza"
"BLD-100679","2025-10-22","Sick","8","Paid","Marketing","Nadia Mendoza"
"BLD-100679","2025-01-04","Sick","8","Paid","Marketing","Nadia Mendoza"
"BLD-100679","2023-01-19","Sick","8","Paid","Marketing","Nadia Mendoza"
"BLD-100680","2023-10-19","Late","3","Unpaid","Finance","Prakash Ibrahim"
"BLD-100680","2023-02-10","Sick","8","Paid","Finance","Prakash Ibrahim"
"BLD-100680","2024-03-09","Sick","8","Paid","Finance","Prakash Ibrahim"
"BLD-100680","2023-06-05","Sick","8","Paid","Finance","Prakash Ibrahim"
"BLD-100680","2023-09-14","Late","1","Unpaid","Finance","Prakash Ibrahim"
"BLD-100681","2024-01-22","Unplanned","8","Unpaid","Farm Operations","Prakash Kapoor"
"BLD-100681","2023-01-09","Sick","8","Paid","Farm Operations","Prakash Kapoor"
"BLD-100681","2023-09-08","Sick","8","Paid","Farm Operations","Prakash Kapoor"
"BLD-100681","2023-05-31","Late","3","Unpaid","Farm Operations","Prakash Kapoor"
"BLD-100681","2023-12-08","Unplanned","8","Paid","Farm Operations","Prakash Kapoor"
"BLD-100681","2023-12-25","Late","2","Unpaid","Farm Operations","Prakash Kapoor"
"BLD-100681","2024-12-07","Sick","8","Paid","Farm Operations","Prakash Kapoor"
"BLD-100681","2023-11-23","Sick","8","Paid","Farm Operations","Prakash Kapoor"
"BLD-100681","2024-02-19","Sick","8","Paid","Farm Operations","Prakash Kapoor"
"BLD-100681","2023-01-02","Sick","8","Paid","Farm Operations","Prakash Kapoor"
"BLD-100681","2024-02-12","Late","3","Unpaid","Farm Operations","Prakash Kapoor"
"BLD-100682","2023-09-06","Sick","8","Paid","Procurement","Ramesh Al-Kuwari"
"BLD-100682","2023-10-11","Sick","8","Paid","Procurement","Ramesh Al-Kuwari"
"BLD-100682","2023-02-06","Unplanned","8","Unpaid","Procurement","Ramesh Al-Kuwari"
"BLD-100682","2023-06-18","Late","1","Unpaid","Procurement","Ramesh Al-Kuwari"
"BLD-100682","2023-07-01","Sick","8","Paid","Procurement","Ramesh Al-Kuwari"
"BLD-100683","2024-08-15","Other","8","Unpaid","Finance","Nadia Al-Marri"
"BLD-100683","2023-09-02","Late","2","Paid","Finance","Nadia Al-Marri"
"BLD-100683","2025-09-26","Sick","8","Paid","Finance","Nadia Al-Marri"
"BLD-100683","2023-06-01","Late","1","Unpaid","Finance","Nadia Al-Marri"
"BLD-100683","2025-06-11","Late","3","Unpaid","Finance","Nadia Al-Marri"
"BLD-100683","2025-06-07","Sick","8","Paid","Finance","Nadia Al-Marri"
"BLD-100683","2023-06-05","Unplanned","8","Unpaid","Finance","Nadia Al-Marri"
"BLD-100683","2023-01-17","Late","1","Unpaid","Finance","Nadia Al-Marri"
"BLD-100683","2025-02-18","Late","1","Unpaid","Finance","Nadia Al-Marri"
"BLD-100683","2023-04-01","Sick","8","Paid","Finance","Nadia Al-Marri"
"BLD-100683","2025-03-14","Sick","8","Paid","Finance","Nadia Al-Marri"
"BLD-100683","2024-09-19","Unplanned","8","Unpaid","Finance","Nadia Al-Marri"
"BLD-100683","2023-01-14","Other","8","Unpaid","Finance","Nadia Al-Marri"
"BLD-100683","2024-03-18","Other","8","Paid","Finance","Nadia Al-Marri"
"BLD-100683","2023-04-06","Sick","8","Paid","Finance","Nadia Al-Marri"
"BLD-100683","2024-01-02","Late","3","Unpaid","Finance","Nadia Al-Marri"
"BLD-100683","2025-07-06","Sick","8","Paid","Finance","Nadia Al-Marri"
"BLD-100683","2025-06-23","Sick","8","Paid","Finance","Nadia Al-Marri"
"BLD-100683","2024-12-29","Unplanned","8","Unpaid","Finance","Nadia Al-Marri"
"BLD-100683","2023-03-06","Sick","8","Paid","Finance","Nadia Al-Marri"
"BLD-100683","2025-12-19","Unplanned","8","Unpaid","Finance","Nadia Al-Marri"
"BLD-100683","2024-05-24","Sick","8","Paid","Finance","Nadia Al-Marri"
"BLD-100684","2023-02-27","Sick","8","Paid","Quality Assurance & Food Safety","Amina Farouk"
"BLD-100684","2023-03-23","Other","8","Unpaid","Quality Assurance & Food Safety","Amina Farouk"
"BLD-100684","2023-08-26","Late","1","Unpaid","Quality Assurance & Food Safety","Amina Farouk"
"BLD-100684","2023-01-18","Sick","8","Paid","Quality Assurance & Food Safety","Amina Farouk"
"BLD-100684","2024-02-16","Sick","8","Paid","Quality Assurance & Food Safety","Amina Farouk"
"BLD-100684","2024-07-15","Other","8","Unpaid","Quality Assurance & Food Safety","Amina Farouk"
"BLD-100684","2023-04-17","Late","2","Unpaid","Quality Assurance & Food Safety","Amina Farouk"
"BLD-100684","2023-01-14","Unplanned","8","Unpaid","Quality Assurance & Food Safety","Amina Farouk"
"BLD-100684","2023-12-05","Unplanned","8","Paid","Quality Assurance & Food Safety","Amina Farouk"
"BLD-100685","2024-01-28","Late","1","Unpaid","Engineering & Maintenance","Ravi Chowdhury"
"BLD-100685","2023-10-19","Late","3","Paid","Engineering & Maintenance","Ravi Chowdhury"
"BLD-100685","2025-03-28","Unplanned","8","Unpaid","Engineering & Maintenance","Ravi Chowdhury"
"BLD-100685","2024-03-05","Late","2","Unpaid","Engineering & Maintenance","Ravi Chowdhury"
"BLD-100685","2023-03-10","Sick","8","Paid","Engineering & Maintenance","Ravi Chowdhury"
"BLD-100685","2023-06-11","Unplanned","8","Unpaid","Engineering & Maintenance","Ravi Chowdhury"
"BLD-100685","2025-12-31","Sick","8","Paid","Engineering & Maintenance","Ravi Chowdhury"
"BLD-100685","2025-05-21","Sick","8","Paid","Engineering & Maintenance","Ravi Chowdhury"
"BLD-100685","2023-10-03","Other","8","Paid","Engineering & Maintenance","Ravi Chowdhury"
"BLD-100685","2025-02-03","Late","1","Paid","Engineering & Maintenance","Ravi Chowdhury"
"BLD-100685","2024-02-27","Unplanned","8","Paid","Engineering & Maintenance","Ravi Chowdhury"
"BLD-100686","2023-01-27","Late","1","Unpaid","R&D","Layla Chowdhury"
"BLD-100686","2023-03-15","Sick","8","Paid","R&D","Layla Chowdhury"
"BLD-100687","2024-03-18","Late","2","Paid","R&D","Bishnu Mansour"
"BLD-100687","2023-11-17","Sick","8","Paid","R&D","Bishnu Mansour"
"BLD-100687","2025-01-08","Sick","8","Paid","R&D","Bishnu Mansour"
"BLD-100687","2023-01-19","Other","8","Paid","R&D","Bishnu Mansour"
"BLD-100687","2024-07-16","Sick","8","Paid","R&D","Bishnu Mansour"
"BLD-100687","2023-01-22","Sick","8","Paid","R&D","Bishnu Mansour"
"BLD-100687","2025-01-18","Sick","8","Paid","R&D","Bishnu Mansour"
"BLD-100687","2024-08-23","Late","3","Paid","R&D","Bishnu Mansour"
"BLD-100687","2025-06-23","Late","2","Unpaid","R&D","Bishnu Mansour"
"BLD-100687","2024-02-01","Late","1","Paid","R&D","Bishnu Mansour"
"BLD-100687","2025-09-04","Unplanned","8","Paid","R&D","Bishnu Mansour"
"BLD-100687","2025-07-15","Unplanned","8","Paid","R&D","Bishnu Mansour"
"BLD-100687","2024-07-18","Late","1","Paid","R&D","Bishnu Mansour"
"BLD-100687","2025-02-26","Late","1","Paid","R&D","Bishnu Mansour"
"BLD-100687","2025-03-26","Unplanned","8","Unpaid","R&D","Bishnu Mansour"
"BLD-100687","2024-10-11","Sick","8","Paid","R&D","Bishnu Mansour"
"BLD-100687","2025-11-27","Unplanned","8","Unpaid","R&D","Bishnu Mansour"
"BLD-100687","2025-04-25","Sick","8","Paid","R&D","Bishnu Mansour"
"BLD-100687","2025-12-19","Unplanned","8","Unpaid","R&D","Bishnu Mansour"
"BLD-100687","2024-10-01","Sick","8","Paid","R&D","Bishnu Mansour"
"BLD-100687","2023-01-04","Unplanned","8","Unpaid","R&D","Bishnu Mansour"
"BLD-100688","2024-01-05","Late","3","Paid","Quality Assurance & Food Safety","Kumar Mansour"
"BLD-100688","2023-10-07","Unplanned","8","Unpaid","Quality Assurance & Food Safety","Kumar Mansour"
"BLD-100688","2023-05-25","Sick","8","Paid","Quality Assurance & Food Safety","Kumar Mansour"
"BLD-100688","2023-03-30","Sick","8","Paid","Quality Assurance & Food Safety","Kumar Mansour"
"BLD-100688","2024-05-22","Unplanned","8","Paid","Quality Assurance & Food Safety","Kumar Mansour"
"BLD-100688","2023-11-01","Late","1","Paid","Quality Assurance & Food Safety","Kumar Mansour"
"BLD-100689","2025-07-08","Late","1","Unpaid","Supply Chain & Logistics","Rina Hassan"
"BLD-100689","2023-03-22","Unplanned","8","Paid","Supply Chain & Logistics","Rina Hassan"
"BLD-100689","2023-07-27","Late","3","Unpaid","Supply Chain & Logistics","Rina Hassan"
"BLD-100689","2023-02-24","Sick","8","Paid","Supply Chain & Logistics","Rina Hassan"
"BLD-100689","2025-06-08","Late","3","Unpaid","Supply Chain & Logistics","Rina Hassan"
"BLD-100689","2023-02-17","Sick","8","Paid","Supply Chain & Logistics","Rina Hassan"
"BLD-100689","2024-02-12","Sick","8","Paid","Supply Chain & Logistics","Rina Hassan"
"BLD-100689","2025-06-05","Sick","8","Paid","Supply Chain & Logistics","Rina Hassan"
"BLD-100689","2025-08-15","Unplanned","8","Paid","Supply Chain & Logistics","Rina Hassan"
"BLD-100689","2024-05-29","Unplanned","8","Unpaid","Supply Chain & Logistics","Rina Hassan"
"BLD-100689","2025-12-27","Late","2","Unpaid","Supply Chain & Logistics","Rina Hassan"
"BLD-100689","2025-11-28","Late","1","Unpaid","Supply Chain & Logistics","Rina Hassan"
"BLD-100689","2024-11-26","Sick","8","Paid","Supply Chain & Logistics","Rina Hassan"
"BLD-100689","2025-04-19","Unplanned","8","Paid","Supply Chain & Logistics","Rina Hassan"
"BLD-100689","2025-02-25","Sick","8","Paid","Supply Chain & Logistics","Rina Hassan"
"BLD-100689","2023-04-27","Sick","8","Paid","Supply Chain & Logistics","Rina Hassan"
"BLD-100689","2025-03-13","Unplanned","8","Unpaid","Supply Chain & Logistics","Rina Hassan"
"BLD-100689","2024-07-06","Sick","8","Paid","Supply Chain & Logistics","Rina Hassan"
"BLD-100689","2024-01-23","Sick","8","Paid","Supply Chain & Logistics","Rina Hassan"
"BLD-100689","2025-02-23","Unplanned","8","Unpaid","Supply Chain & Logistics","Rina Hassan"
"BLD-100689","2024-01-29","Late","3","Unpaid","Supply Chain & Logistics","Rina Hassan"
"BLD-100689","2023-02-02","Sick","8","Paid","Supply Chain & Logistics","Rina Hassan"
"BLD-100689","2023-02-28","Sick","8","Paid","Supply Chain & Logistics","Rina Hassan"
"BLD-100689","2025-07-08","Unplanned","8","Unpaid","Supply Chain & Logistics","Rina Hassan"
"BLD-100689","2025-06-08","Other","8","Paid","Supply Chain & Logistics","Rina Hassan"
"BLD-100690","2023-12-24","Unplanned","8","Paid","Supply Chain & Logistics","Sanjay Devi"
"BLD-100690","2025-10-15","Late","2","Unpaid","Supply Chain & Logistics","Sanjay Devi"
"BLD-100690","2023-10-19","Unplanned","8","Paid","Supply Chain & Logistics","Sanjay Devi"
"BLD-100690","2023-03-17","Sick","8","Paid","Supply Chain & Logistics","Sanjay Devi"
"BLD-100690","2024-12-16","Late","3","Paid","Supply Chain & Logistics","Sanjay Devi"
"BLD-100690","2023-12-20","Unplanned","8","Unpaid","Supply Chain & Logistics","Sanjay Devi"
"BLD-100691","2025-08-15","Late","2","Unpaid","R&D","Bishnu Khan"
"BLD-100691","2023-08-08","Sick","8","Paid","R&D","Bishnu Khan"
"BLD-100691","2023-02-19","Sick","8","Paid","R&D","Bishnu Khan"
"BLD-100691","2025-06-20","Sick","8","Paid","R&D","Bishnu Khan"
"BLD-100691","2025-04-13","Sick","8","Paid","R&D","Bishnu Khan"
"BLD-100691","2025-04-27","Sick","8","Paid","R&D","Bishnu Khan"
"BLD-100691","2024-04-23","Unplanned","8","Paid","R&D","Bishnu Khan"
"BLD-100691","2023-10-15","Sick","8","Paid","R&D","Bishnu Khan"
"BLD-100691","2023-01-25","Late","2","Unpaid","R&D","Bishnu Khan"
"BLD-100691","2024-03-04","Late","1","Unpaid","R&D","Bishnu Khan"
"BLD-100691","2024-12-30","Unplanned","8","Paid","R&D","Bishnu Khan"
"BLD-100691","2025-03-27","Unplanned","8","Unpaid","R&D","Bishnu Khan"
"BLD-100691","2024-07-11","Sick","8","Paid","R&D","Bishnu Khan"
"BLD-100691","2023-12-06","Sick","8","Paid","R&D","Bishnu Khan"
"BLD-100691","2023-08-21","Sick","8","Paid","R&D","Bishnu Khan"
"BLD-100691","2024-10-25","Unplanned","8","Unpaid","R&D","Bishnu Khan"
"BLD-100691","2025-04-10","Sick","8","Paid","R&D","Bishnu Khan"
"BLD-100691","2023-12-15","Sick","8","Paid","R&D","Bishnu Khan"
"BLD-100691","2023-07-21","Late","2","Unpaid","R&D","Bishnu Khan"
"BLD-100691","2023-07-12","Other","8","Paid","R&D","Bishnu Khan"
"BLD-100692","2025-08-09","Unplanned","8","Unpaid","Marketing","Sameer Ibrahim"
"BLD-100692","2025-05-31","Sick","8","Paid","Marketing","Sameer Ibrahim"
"BLD-100692","2024-09-04","Sick","8","Paid","Marketing","Sameer Ibrahim"
"BLD-100692","2023-03-22","Unplanned","8","Paid","Marketing","Sameer Ibrahim"
"BLD-100692","2025-05-03","Unplanned","8","Unpaid","Marketing","Sameer Ibrahim"
"BLD-100692","2025-11-17","Sick","8","Paid","Marketing","Sameer Ibrahim"
"BLD-100692","2024-12-15","Unplanned","8","Unpaid","Marketing","Sameer Ibrahim"
"BLD-100692","2024-06-05","Sick","8","Paid","Marketing","Sameer Ibrahim"
"BLD-100693","2023-11-28","Unplanned","8","Paid","IT & Digital","Rina Malik"
"BLD-100693","2023-04-25","Unplanned","8","Paid","IT & Digital","Rina Malik"
"BLD-100693","2024-04-17","Other","8","Paid","IT & Digital","Rina Malik"
"BLD-100693","2024-10-04","Late","1","Unpaid","IT & Digital","Rina Malik"
"BLD-100693","2023-10-22","Sick","8","Paid","IT & Digital","Rina Malik"
"BLD-100693","2023-12-22","Sick","8","Paid","IT & Digital","Rina Malik"
"BLD-100693","2023-04-26","Sick","8","Paid","IT & Digital","Rina Malik"
"BLD-100693","2023-08-25","Unplanned","8","Unpaid","IT & Digital","Rina Malik"
"BLD-100693","2023-03-21","Late","3","Paid","IT & Digital","Rina Malik"
"BLD-100694","2023-02-08","Sick","8","Paid","Engineering & Maintenance","Vikram Abdullah"
"BLD-100694","2023-03-11","Other","8","Paid","Engineering & Maintenance","Vikram Abdullah"
"BLD-100694","2023-03-18","Other","8","Paid","Engineering & Maintenance","Vikram Abdullah"
"BLD-100694","2023-08-23","Sick","8","Paid","Engineering & Maintenance","Vikram Abdullah"
"BLD-100694","2023-09-23","Late","2","Unpaid","Engineering & Maintenance","Vikram Abdullah"
"BLD-100694","2023-09-24","Sick","8","Paid","Engineering & Maintenance","Vikram Abdullah"
"BLD-100694","2023-01-20","Sick","8","Paid","Engineering & Maintenance","Vikram Abdullah"
"BLD-100694","2023-05-22","Sick","8","Paid","Engineering & Maintenance","Vikram Abdullah"
"BLD-100694","2023-04-16","Late","2","Unpaid","Engineering & Maintenance","Vikram Abdullah"
"BLD-100695","2023-01-30","Sick","8","Paid","Production","Waleed Gurung"
"BLD-100695","2023-05-13","Unplanned","8","Paid","Production","Waleed Gurung"
"BLD-100695","2024-12-20","Sick","8","Paid","Production","Waleed Gurung"
"BLD-100695","2024-06-13","Unplanned","8","Unpaid","Production","Waleed Gurung"
"BLD-100695","2023-10-24","Sick","8","Paid","Production","Waleed Gurung"
"BLD-100695","2025-09-19","Other","8","Unpaid","Production","Waleed Gurung"
"BLD-100695","2024-11-03","Unplanned","8","Unpaid","Production","Waleed Gurung"
"BLD-100695","2025-09-27","Late","3","Paid","Production","Waleed Gurung"
"BLD-100696","2024-04-20","Sick","8","Paid","People & Culture","Rina Abdullah"
"BLD-100696","2024-11-17","Late","1","Unpaid","People & Culture","Rina Abdullah"
"BLD-100696","2023-01-19","Sick","8","Paid","People & Culture","Rina Abdullah"
"BLD-100696","2023-10-05","Sick","8","Paid","People & Culture","Rina Abdullah"
"BLD-100696","2024-02-23","Unplanned","8","Unpaid","People & Culture","Rina Abdullah"
"BLD-100696","2024-12-01","Unplanned","8","Unpaid","People & Culture","Rina Abdullah"
"BLD-100696","2024-01-10","Late","3","Unpaid","People & Culture","Rina Abdullah"
"BLD-100696","2024-10-16","Late","1","Unpaid","People & Culture","Rina Abdullah"
"BLD-100696","2024-03-08","Late","3","Paid","People & Culture","Rina Abdullah"
"BLD-100696","2023-05-14","Unplanned","8","Unpaid","People & Culture","Rina Abdullah"
"BLD-100697","2024-06-20","Late","3","Paid","Sales & Distribution","Ramesh Islam"
"BLD-100697","2023-08-22","Late","3","Unpaid","Sales & Distribution","Ramesh Islam"
"BLD-100697","2025-11-07","Sick","8","Paid","Sales & Distribution","Ramesh Islam"
"BLD-100697","2023-09-26","Unplanned","8","Paid","Sales & Distribution","Ramesh Islam"
"BLD-100697","2024-10-06","Late","1","Unpaid","Sales & Distribution","Ramesh Islam"
"BLD-100697","2025-11-27","Other","8","Paid","Sales & Distribution","Ramesh Islam"
"BLD-100697","2025-03-17","Sick","8","Paid","Sales & Distribution","Ramesh Islam"
"BLD-100697","2024-08-08","Sick","8","Paid","Sales & Distribution","Ramesh Islam"
"BLD-100698","2024-08-04","Sick","8","Paid","People & Culture","Reem Pereira"
"BLD-100698","2024-10-22","Unplanned","8","Unpaid","People & Culture","Reem Pereira"
"BLD-100698","2024-04-25","Sick","8","Paid","People & Culture","Reem Pereira"
"BLD-100698","2024-10-20","Late","1","Unpaid","People & Culture","Reem Pereira"
"BLD-100698","2023-03-24","Sick","8","Paid","People & Culture","Reem Pereira"
"BLD-100698","2024-03-02","Unplanned","8","Paid","People & Culture","Reem Pereira"
"BLD-100698","2024-03-11","Sick","8","Paid","People & Culture","Reem Pereira"
"BLD-100698","2023-06-11","Sick","8","Paid","People & Culture","Reem Pereira"
"BLD-100699","2025-09-13","Unplanned","8","Unpaid","Supply Chain & Logistics","Santosh Devi"
"BLD-100699","2025-05-19","Sick","8","Paid","Supply Chain & Logistics","Santosh Devi"
"BLD-100699","2023-12-02","Sick","8","Paid","Supply Chain & Logistics","Santosh Devi"
"BLD-100699","2025-06-29","Sick","8","Paid","Supply Chain & Logistics","Santosh Devi"
"BLD-100699","2024-11-11","Unplanned","8","Unpaid","Supply Chain & Logistics","Santosh Devi"
"BLD-100699","2024-10-08","Sick","8","Paid","Supply Chain & Logistics","Santosh Devi"
"BLD-100699","2023-12-17","Sick","8","Paid","Supply Chain & Logistics","Santosh Devi"
"BLD-100699","2023-12-27","Unplanned","8","Paid","Supply Chain & Logistics","Santosh Devi"
"BLD-100699","2025-01-07","Sick","8","Paid","Supply Chain & Logistics","Santosh Devi"
"BLD-100699","2023-12-08","Late","3","Paid","Supply Chain & Logistics","Santosh Devi"
"BLD-100699","2023-03-05","Late","3","Unpaid","Supply Chain & Logistics","Santosh Devi"
"BLD-100699","2025-02-03","Unplanned","8","Paid","Supply Chain & Logistics","Santosh Devi"
"BLD-100699","2025-11-02","Sick","8","Paid","Supply Chain & Logistics","Santosh Devi"
"BLD-100699","2025-04-20","Other","8","Paid","Supply Chain & Logistics","Santosh Devi"
"BLD-100700","2024-10-02","Unplanned","8","Unpaid","People & Culture","Yousef Al-Attiyah"
"BLD-100700","2024-10-10","Unplanned","8","Unpaid","People & Culture","Yousef Al-Attiyah"
"BLD-100700","2025-10-19","Unplanned","8","Unpaid","People & Culture","Yousef Al-Attiyah"
"BLD-100700","2024-08-09","Sick","8","Paid","People & Culture","Yousef Al-Attiyah"
"BLD-100700","2025-05-03","Unplanned","8","Unpaid","People & Culture","Yousef Al-Attiyah"
"BLD-100700","2023-06-17","Sick","8","Paid","People & Culture","Yousef Al-Attiyah"
"BLD-100700","2023-09-25","Sick","8","Paid","People & Culture","Yousef Al-Attiyah"
"BLD-100700","2024-07-24","Unplanned","8","Unpaid","People & Culture","Yousef Al-Attiyah"
"BLD-100701","2023-03-11","Unplanned","8","Unpaid","R&D","Rina Ibrahim"
"BLD-100701","2023-09-24","Sick","8","Paid","R&D","Rina Ibrahim"
"BLD-100701","2025-10-05","Sick","8","Paid","R&D","Rina Ibrahim"
"BLD-100701","2024-09-14","Unplanned","8","Unpaid","R&D","Rina Ibrahim"
"BLD-100701","2023-01-05","Late","1","Paid","R&D","Rina Ibrahim"
"BLD-100701","2025-09-20","Sick","8","Paid","R&D","Rina Ibrahim"
"BLD-100701","2025-06-15","Unplanned","8","Paid","R&D","Rina Ibrahim"
"BLD-100701","2023-04-22","Sick","8","Paid","R&D","Rina Ibrahim"
"BLD-100702","2024-10-30","Sick","8","Paid","Sales & Distribution","Anil Al-Kuwari"
"BLD-100702","2025-07-02","Unplanned","8","Unpaid","Sales & Distribution","Anil Al-Kuwari"
"BLD-100702","2025-06-24","Unplanned","8","Unpaid","Sales & Distribution","Anil Al-Kuwari"
"BLD-100702","2025-02-02","Sick","8","Paid","Sales & Distribution","Anil Al-Kuwari"
"BLD-100702","2025-08-08","Late","3","Unpaid","Sales & Distribution","Anil Al-Kuwari"
"BLD-100702","2025-08-19","Sick","8","Paid","Sales & Distribution","Anil Al-Kuwari"
"BLD-100702","2025-03-14","Late","3","Paid","Sales & Distribution","Anil Al-Kuwari"
"BLD-100702","2024-08-18","Sick","8","Paid","Sales & Distribution","Anil Al-Kuwari"
"BLD-100702","2023-09-22","Late","1","Paid","Sales & Distribution","Anil Al-Kuwari"
"BLD-100702","2025-02-21","Unplanned","8","Unpaid","Sales & Distribution","Anil Al-Kuwari"
"BLD-100702","2025-07-28","Sick","8","Paid","Sales & Distribution","Anil Al-Kuwari"
"BLD-100702","2025-11-03","Sick","8","Paid","Sales & Distribution","Anil Al-Kuwari"
"BLD-100702","2024-11-16","Unplanned","8","Paid","Sales & Distribution","Anil Al-Kuwari"
"BLD-100702","2024-01-17","Sick","8","Paid","Sales & Distribution","Anil Al-Kuwari"
"BLD-100702","2023-07-30","Unplanned","8","Paid","Sales & Distribution","Anil Al-Kuwari"
"BLD-100702","2025-05-05","Sick","8","Paid","Sales & Distribution","Anil Al-Kuwari"
"BLD-100702","2024-05-09","Sick","8","Paid","Sales & Distribution","Anil Al-Kuwari"
"BLD-100703","2023-05-28","Unplanned","8","Paid","Quality Assurance & Food Safety","Sameer Al-Sayed"
"BLD-100703","2025-01-20","Late","3","Unpaid","Quality Assurance & Food Safety","Sameer Al-Sayed"
"BLD-100703","2023-02-25","Sick","8","Paid","Quality Assurance & Food Safety","Sameer Al-Sayed"
"BLD-100703","2024-11-03","Sick","8","Paid","Quality Assurance & Food Safety","Sameer Al-Sayed"
"BLD-100703","2023-03-07","Sick","8","Paid","Quality Assurance & Food Safety","Sameer Al-Sayed"
"BLD-100704","2024-07-01","Unplanned","8","Unpaid","Production","Vikram Pereira"
"BLD-100704","2023-04-17","Other","8","Unpaid","Production","Vikram Pereira"
"BLD-100704","2023-08-01","Sick","8","Paid","Production","Vikram Pereira"
"BLD-100704","2024-04-20","Other","8","Unpaid","Production","Vikram Pereira"
"BLD-100704","2023-07-05","Sick","8","Paid","Production","Vikram Pereira"
"BLD-100704","2024-08-27","Sick","8","Paid","Production","Vikram Pereira"
"BLD-100704","2024-09-12","Unplanned","8","Unpaid","Production","Vikram Pereira"
"BLD-100704","2023-03-24","Unplanned","8","Unpaid","Production","Vikram Pereira"
"BLD-100705","2023-05-01","Sick","8","Paid","Quality Assurance & Food Safety","Ahmed Baig"
"BLD-100705","2023-06-10","Sick","8","Paid","Quality Assurance & Food Safety","Ahmed Baig"
"BLD-100705","2023-05-05","Unplanned","8","Unpaid","Quality Assurance & Food Safety","Ahmed Baig"
"BLD-100705","2024-07-02","Unplanned","8","Unpaid","Quality Assurance & Food Safety","Ahmed Baig"
"BLD-100705","2023-05-19","Sick","8","Paid","Quality Assurance & Food Safety","Ahmed Baig"
"BLD-100705","2023-02-04","Sick","8","Paid","Quality Assurance & Food Safety","Ahmed Baig"
"BLD-100706","2024-08-10","Unplanned","8","Unpaid","Marketing","Juan Sharma"
"BLD-100706","2024-08-30","Late","1","Paid","Marketing","Juan Sharma"
"BLD-100706","2023-06-07","Sick","8","Paid","Marketing","Juan Sharma"
"BLD-100706","2023-03-19","Late","2","Unpaid","Marketing","Juan Sharma"
"BLD-100706","2025-01-12","Unplanned","8","Unpaid","Marketing","Juan Sharma"
"BLD-100706","2025-07-07","Other","8","Unpaid","Marketing","Juan Sharma"
"BLD-100706","2025-09-05","Unplanned","8","Unpaid","Marketing","Juan Sharma"
"BLD-100706","2024-07-26","Late","1","Unpaid","Marketing","Juan Sharma"
"BLD-100706","2023-07-19","Sick","8","Paid","Marketing","Juan Sharma"
"BLD-100706","2024-12-29","Sick","8","Paid","Marketing","Juan Sharma"
"BLD-100706","2024-02-04","Late","3","Unpaid","Marketing","Juan Sharma"
"BLD-100706","2023-11-06","Unplanned","8","Unpaid","Marketing","Juan Sharma"
"BLD-100706","2025-11-06","Sick","8","Paid","Marketing","Juan Sharma"
"BLD-100706","2024-12-26","Unplanned","8","Paid","Marketing","Juan Sharma"
"BLD-100706","2023-07-20","Sick","8","Paid","Marketing","Juan Sharma"
"BLD-100706","2025-10-12","Sick","8","Paid","Marketing","Juan Sharma"
"BLD-100706","2025-05-24","Unplanned","8","Paid","Marketing","Juan Sharma"
"BLD-100706","2023-11-03","Sick","8","Paid","Marketing","Juan Sharma"
"BLD-100707","2024-02-26","Sick","8","Paid","Procurement","Anil Thapa"
"BLD-100707","2023-12-03","Sick","8","Paid","Procurement","Anil Thapa"
"BLD-100707","2024-01-03","Sick","8","Paid","Procurement","Anil Thapa"
"BLD-100707","2023-03-30","Unplanned","8","Unpaid","Procurement","Anil Thapa"
"BLD-100707","2023-06-19","Unplanned","8","Unpaid","Procurement","Anil Thapa"
"BLD-100707","2023-08-05","Sick","8","Paid","Procurement","Anil Thapa"
"BLD-100708","2024-06-11","Sick","8","Paid","Supply Chain & Logistics","Priya Mendoza"
"BLD-100708","2024-06-14","Unplanned","8","Unpaid","Supply Chain & Logistics","Priya Mendoza"
"BLD-100708","2025-07-20","Unplanned","8","Unpaid","Supply Chain & Logistics","Priya Mendoza"
"BLD-100708","2024-01-21","Sick","8","Paid","Supply Chain & Logistics","Priya Mendoza"
"BLD-100708","2024-04-07","Late","2","Unpaid","Supply Chain & Logistics","Priya Mendoza"
"BLD-100708","2024-10-24","Sick","8","Paid","Supply Chain & Logistics","Priya Mendoza"
"BLD-100708","2024-09-10","Late","1","Paid","Supply Chain & Logistics","Priya Mendoza"
"BLD-100708","2023-08-16","Sick","8","Paid","Supply Chain & Logistics","Priya Mendoza"
"BLD-100708","2023-01-07","Other","8","Unpaid","Supply Chain & Logistics","Priya Mendoza"
"BLD-100708","2025-04-28","Late","2","Paid","Supply Chain & Logistics","Priya Mendoza"
"BLD-100708","2023-05-11","Unplanned","8","Unpaid","Supply Chain & Logistics","Priya Mendoza"
"BLD-100708","2025-05-21","Late","3","Paid","Supply Chain & Logistics","Priya Mendoza"
"BLD-100708","2025-11-24","Sick","8","Paid","Supply Chain & Logistics","Priya Mendoza"
"BLD-100709","2025-11-17","Unplanned","8","Paid","Production","Omar Malik"
"BLD-100709","2024-02-02","Unplanned","8","Paid","Production","Omar Malik"
"BLD-100709","2023-04-29","Unplanned","8","Paid","Production","Omar Malik"
"BLD-100709","2023-10-25","Other","8","Unpaid","Production","Omar Malik"
"BLD-100709","2023-01-07","Sick","8","Paid","Production","Omar Malik"
"BLD-100709","2024-05-17","Sick","8","Paid","Production","Omar Malik"
"BLD-100709","2023-02-05","Sick","8","Paid","Production","Omar Malik"
"BLD-100709","2025-05-02","Late","2","Paid","Production","Omar Malik"
"BLD-100709","2025-12-21","Unplanned","8","Unpaid","Production","Omar Malik"
"BLD-100709","2023-08-08","Sick","8","Paid","Production","Omar Malik"
"BLD-100709","2024-08-16","Unplanned","8","Paid","Production","Omar Malik"
"BLD-100709","2024-09-04","Unplanned","8","Unpaid","Production","Omar Malik"
"BLD-100709","2025-08-28","Late","2","Unpaid","Production","Omar Malik"
"BLD-100709","2025-03-19","Sick","8","Paid","Production","Omar Malik"
"BLD-100710","2024-05-03","Unplanned","8","Unpaid","IT & Digital","Ali Cruz"
"BLD-100710","2024-11-20","Sick","8","Paid","IT & Digital","Ali Cruz"
"BLD-100710","2024-10-04","Sick","8","Paid","IT & Digital","Ali Cruz"
"BLD-100710","2023-05-29","Sick","8","Paid","IT & Digital","Ali Cruz"
"BLD-100710","2024-12-01","Sick","8","Paid","IT & Digital","Ali Cruz"
"BLD-100710","2024-10-01","Unplanned","8","Unpaid","IT & Digital","Ali Cruz"
"BLD-100710","2025-02-14","Unplanned","8","Paid","IT & Digital","Ali Cruz"
"BLD-100710","2024-04-09","Late","1","Unpaid","IT & Digital","Ali Cruz"
"BLD-100710","2023-10-23","Sick","8","Paid","IT & Digital","Ali Cruz"
"BLD-100711","2023-03-31","Sick","8","Paid","Procurement","Bikram Youssef"
"BLD-100711","2023-10-07","Other","8","Unpaid","Procurement","Bikram Youssef"
"BLD-100712","2024-07-14","Late","1","Paid","Quality Assurance & Food Safety","Suresh Reyes"
"BLD-100712","2024-09-30","Sick","8","Paid","Quality Assurance & Food Safety","Suresh Reyes"
"BLD-100712","2024-11-10","Sick","8","Paid","Quality Assurance & Food Safety","Suresh Reyes"
"BLD-100712","2024-04-02","Unplanned","8","Unpaid","Quality Assurance & Food Safety","Suresh Reyes"
"BLD-100712","2023-04-19","Late","1","Paid","Quality Assurance & Food Safety","Suresh Reyes"
"BLD-100712","2023-10-12","Late","2","Unpaid","Quality Assurance & Food Safety","Suresh Reyes"
"BLD-100712","2024-03-26","Sick","8","Paid","Quality Assurance & Food Safety","Suresh Reyes"
"BLD-100712","2024-03-03","Sick","8","Paid","Quality Assurance & Food Safety","Suresh Reyes"
"BLD-100712","2024-07-28","Other","8","Paid","Quality Assurance & Food Safety","Suresh Reyes"
"BLD-100713","2025-01-27","Late","3","Unpaid","Quality Assurance & Food Safety","Nadia Santos"
"BLD-100713","2024-10-15","Sick","8","Paid","Quality Assurance & Food Safety","Nadia Santos"
"BLD-100713","2024-06-05","Late","3","Unpaid","Quality Assurance & Food Safety","Nadia Santos"
"BLD-100713","2024-09-27","Sick","8","Paid","Quality Assurance & Food Safety","Nadia Santos"
"BLD-100713","2025-08-23","Sick","8","Paid","Quality Assurance & Food Safety","Nadia Santos"
"BLD-100713","2024-05-03","Unplanned","8","Paid","Quality Assurance & Food Safety","Nadia Santos"
"BLD-100713","2024-09-07","Late","2","Unpaid","Quality Assurance & Food Safety","Nadia Santos"
"BLD-100713","2024-03-01","Sick","8","Paid","Quality Assurance & Food Safety","Nadia Santos"
"BLD-100713","2025-09-09","Sick","8","Paid","Quality Assurance & Food Safety","Nadia Santos"
"BLD-100713","2023-01-12","Sick","8","Paid","Quality Assurance & Food Safety","Nadia Santos"
"BLD-100713","2024-07-02","Unplanned","8","Paid","Quality Assurance & Food Safety","Nadia Santos"
"BLD-100713","2023-12-15","Sick","8","Paid","Quality Assurance & Food Safety","Nadia Santos"
"BLD-100713","2024-07-23","Unplanned","8","Unpaid","Quality Assurance & Food Safety","Nadia Santos"
"BLD-100713","2024-09-11","Unplanned","8","Unpaid","Quality Assurance & Food Safety","Nadia Santos"
"BLD-100713","2023-01-22","Unplanned","8","Paid","Quality Assurance & Food Safety","Nadia Santos"
"BLD-100713","2023-02-26","Late","2","Unpaid","Quality Assurance & Food Safety","Nadia Santos"
"BLD-100713","2025-12-06","Sick","8","Paid","Quality Assurance & Food Safety","Nadia Santos"
"BLD-100713","2025-04-01","Late","2","Paid","Quality Assurance & Food Safety","Nadia Santos"
"BLD-100713","2023-03-26","Unplanned","8","Unpaid","Quality Assurance & Food Safety","Nadia Santos"
"BLD-100713","2023-01-22","Sick","8","Paid","Quality Assurance & Food Safety","Nadia Santos"
"BLD-100713","2024-11-30","Sick","8","Paid","Quality Assurance & Food Safety","Nadia Santos"
"BLD-100714","2023-03-09","Late","2","Unpaid","Quality Assurance & Food Safety","Rakesh Cruz"
"BLD-100714","2024-11-22","Sick","8","Paid","Quality Assurance & Food Safety","Rakesh Cruz"
"BLD-100714","2023-11-15","Unplanned","8","Unpaid","Quality Assurance & Food Safety","Rakesh Cruz"
"BLD-100714","2023-06-12","Late","3","Paid","Quality Assurance & Food Safety","Rakesh Cruz"
"BLD-100714","2024-11-17","Sick","8","Paid","Quality Assurance & Food Safety","Rakesh Cruz"
"BLD-100714","2024-10-23","Sick","8","Paid","Quality Assurance & Food Safety","Rakesh Cruz"
"BLD-100714","2023-04-20","Late","1","Paid","Quality Assurance & Food Safety","Rakesh Cruz"
"BLD-100714","2024-07-15","Sick","8","Paid","Quality Assurance & Food Safety","Rakesh Cruz"
"BLD-100715","2024-06-12","Sick","8","Paid","Procurement","Manoj Iqbal"
"BLD-100715","2023-09-30","Late","2","Unpaid","Procurement","Manoj Iqbal"
"BLD-100716","2024-07-24","Sick","8","Paid","Sales & Distribution","Rina Fernandes"
"BLD-100716","2023-04-23","Other","8","Paid","Sales & Distribution","Rina Fernandes"
"BLD-100716","2024-09-09","Late","1","Unpaid","Sales & Distribution","Rina Fernandes"
"BLD-100716","2023-04-18","Late","1","Unpaid","Sales & Distribution","Rina Fernandes"
"BLD-100716","2024-10-15","Unplanned","8","Unpaid","Sales & Distribution","Rina Fernandes"
"BLD-100716","2024-01-28","Sick","8","Paid","Sales & Distribution","Rina Fernandes"
"BLD-100716","2024-05-21","Sick","8","Paid","Sales & Distribution","Rina Fernandes"
"BLD-100716","2024-09-08","Unplanned","8","Unpaid","Sales & Distribution","Rina Fernandes"
"BLD-100716","2023-11-02","Late","3","Unpaid","Sales & Distribution","Rina Fernandes"
"BLD-100716","2023-04-25","Sick","8","Paid","Sales & Distribution","Rina Fernandes"
"BLD-100716","2024-08-07","Other","8","Unpaid","Sales & Distribution","Rina Fernandes"
"BLD-100716","2023-01-01","Unplanned","8","Paid","Sales & Distribution","Rina Fernandes"
"BLD-100716","2023-11-30","Unplanned","8","Paid","Sales & Distribution","Rina Fernandes"
"BLD-100716","2023-02-18","Late","1","Unpaid","Sales & Distribution","Rina Fernandes"
"BLD-100716","2024-06-29","Other","8","Unpaid","Sales & Distribution","Rina Fernandes"
"BLD-100716","2024-02-01","Sick","8","Paid","Sales & Distribution","Rina Fernandes"
"BLD-100717","2025-04-22","Sick","8","Paid","Procurement","Santosh Baig"
"BLD-100717","2025-04-15","Sick","8","Paid","Procurement","Santosh Baig"
"BLD-100717","2023-04-06","Other","8","Paid","Procurement","Santosh Baig"
"BLD-100717","2023-04-02","Unplanned","8","Paid","Procurement","Santosh Baig"
"BLD-100717","2024-02-28","Sick","8","Paid","Procurement","Santosh Baig"
"BLD-100717","2024-12-10","Late","3","Paid","Procurement","Santosh Baig"
"BLD-100717","2024-08-02","Sick","8","Paid","Procurement","Santosh Baig"
"BLD-100717","2024-09-03","Unplanned","8","Unpaid","Procurement","Santosh Baig"
"BLD-100717","2023-08-21","Sick","8","Paid","Procurement","Santosh Baig"
"BLD-100717","2023-02-26","Sick","8","Paid","Procurement","Santosh Baig"
"BLD-100717","2024-08-10","Late","2","Unpaid","Procurement","Santosh Baig"
"BLD-100717","2025-11-23","Sick","8","Paid","Procurement","Santosh Baig"
"BLD-100717","2023-09-12","Other","8","Paid","Procurement","Santosh Baig"
"BLD-100717","2024-04-24","Unplanned","8","Unpaid","Procurement","Santosh Baig"
"BLD-100717","2025-03-30","Unplanned","8","Unpaid","Procurement","Santosh Baig"
"BLD-100717","2025-04-27","Late","2","Unpaid","Procurement","Santosh Baig"
"BLD-100717","2024-03-08","Sick","8","Paid","Procurement","Santosh Baig"
"BLD-100717","2025-12-27","Late","3","Unpaid","Procurement","Santosh Baig"
"BLD-100717","2023-11-09","Sick","8","Paid","Procurement","Santosh Baig"
"BLD-100717","2023-12-06","Late","1","Paid","Procurement","Santosh Baig"
"BLD-100717","2024-11-12","Late","3","Unpaid","Procurement","Santosh Baig"
"BLD-100717","2025-10-05","Unplanned","8","Unpaid","Procurement","Santosh Baig"
"BLD-100717","2024-02-08","Sick","8","Paid","Procurement","Santosh Baig"
"BLD-100718","2025-08-16","Unplanned","8","Paid","Sales & Distribution","Ali Hassan"
"BLD-100718","2023-12-01","Sick","8","Paid","Sales & Distribution","Ali Hassan"
"BLD-100718","2023-01-30","Unplanned","8","Unpaid","Sales & Distribution","Ali Hassan"
"BLD-100718","2025-08-09","Sick","8","Paid","Sales & Distribution","Ali Hassan"
"BLD-100718","2023-01-03","Unplanned","8","Paid","Sales & Distribution","Ali Hassan"
"BLD-100718","2025-09-24","Sick","8","Paid","Sales & Distribution","Ali Hassan"
"BLD-100718","2023-06-05","Unplanned","8","Unpaid","Sales & Distribution","Ali Hassan"
"BLD-100718","2023-11-08","Sick","8","Paid","Sales & Distribution","Ali Hassan"
"BLD-100718","2025-07-30","Sick","8","Paid","Sales & Distribution","Ali Hassan"
"BLD-100718","2024-01-26","Other","8","Paid","Sales & Distribution","Ali Hassan"
"BLD-100718","2025-05-25","Late","2","Unpaid","Sales & Distribution","Ali Hassan"
"BLD-100718","2025-04-15","Sick","8","Paid","Sales & Distribution","Ali Hassan"
"BLD-100718","2023-10-06","Sick","8","Paid","Sales & Distribution","Ali Hassan"
"BLD-100718","2023-04-22","Late","1","Unpaid","Sales & Distribution","Ali Hassan"
"BLD-100718","2025-08-04","Sick","8","Paid","Sales & Distribution","Ali Hassan"
"BLD-100718","2025-05-16","Unplanned","8","Unpaid","Sales & Distribution","Ali Hassan"
"BLD-100718","2023-03-15","Sick","8","Paid","Sales & Distribution","Ali Hassan"
"BLD-100718","2024-03-25","Unplanned","8","Unpaid","Sales & Distribution","Ali Hassan"
"BLD-100718","2024-12-14","Late","2","Unpaid","Sales & Distribution","Ali Hassan"
"BLD-100718","2023-08-07","Late","1","Unpaid","Sales & Distribution","Ali Hassan"
"BLD-100718","2025-10-16","Sick","8","Paid","Sales & Distribution","Ali Hassan"
"BLD-100718","2025-02-28","Unplanned","8","Paid","Sales & Distribution","Ali Hassan"
"BLD-100718","2024-09-03","Other","8","Paid","Sales & Distribution","Ali Hassan"
"BLD-100719","2023-12-09","Unplanned","8","Unpaid","Supply Chain & Logistics","Ali Gurung"
"BLD-100719","2024-08-18","Unplanned","8","Paid","Supply Chain & Logistics","Ali Gurung"
"BLD-100720","2023-03-15","Unplanned","8","Unpaid","IT & Digital","Dalia Al-Kuwari"
"BLD-100720","2023-01-15","Unplanned","8","Unpaid","IT & Digital","Dalia Al-Kuwari"
"BLD-100720","2023-05-11","Other","8","Paid","IT & Digital","Dalia Al-Kuwari"
"BLD-100720","2023-02-09","Sick","8","Paid","IT & Digital","Dalia Al-Kuwari"
"BLD-100722","2025-08-09","Sick","8","Paid","Production","Ravi Farouk"
"BLD-100722","2025-08-06","Unplanned","8","Unpaid","Production","Ravi Farouk"
"BLD-100722","2023-10-08","Unplanned","8","Unpaid","Production","Ravi Farouk"
"BLD-100722","2023-07-14","Sick","8","Paid","Production","Ravi Farouk"
"BLD-100722","2025-09-08","Other","8","Paid","Production","Ravi Farouk"
"BLD-100723","2023-08-04","Other","8","Unpaid","Marketing","Ahmed Mahmoud"
"BLD-100723","2023-08-12","Other","8","Unpaid","Marketing","Ahmed Mahmoud"
"BLD-100723","2023-07-01","Other","8","Paid","Marketing","Ahmed Mahmoud"
"BLD-100723","2023-03-29","Late","1","Unpaid","Marketing","Ahmed Mahmoud"
"BLD-100723","2023-08-24","Late","2","Unpaid","Marketing","Ahmed Mahmoud"
"BLD-100724","2024-01-05","Unplanned","8","Unpaid","Farm Operations","Kumar Islam"
"BLD-100724","2023-04-25","Sick","8","Paid","Farm Operations","Kumar Islam"
"BLD-100724","2023-01-26","Unplanned","8","Paid","Farm Operations","Kumar Islam"
"BLD-100725","2024-02-25","Sick","8","Paid","Corporate & Executive Office","Deepak Mahmoud"
"BLD-100725","2023-09-25","Sick","8","Paid","Corporate & Executive Office","Deepak Mahmoud"
"BLD-100725","2023-03-04","Sick","8","Paid","Corporate & Executive Office","Deepak Mahmoud"
"BLD-100725","2023-10-27","Unplanned","8","Unpaid","Corporate & Executive Office","Deepak Mahmoud"
"BLD-100725","2024-02-09","Sick","8","Paid","Corporate & Executive Office","Deepak Mahmoud"
"BLD-100725","2023-04-19","Sick","8","Paid","Corporate & Executive Office","Deepak Mahmoud"
"BLD-100725","2024-07-11","Unplanned","8","Unpaid","Corporate & Executive Office","Deepak Mahmoud"
"BLD-100725","2024-08-17","Sick","8","Paid","Corporate & Executive Office","Deepak Mahmoud"
"BLD-100725","2023-11-27","Other","8","Unpaid","Corporate & Executive Office","Deepak Mahmoud"
"BLD-100725","2024-05-30","Sick","8","Paid","Corporate & Executive Office","Deepak Mahmoud"
"BLD-100726","2024-09-08","Other","8","Paid","Farm Operations","Cherry Khan"
"BLD-100726","2024-02-01","Other","8","Unpaid","Farm Operations","Cherry Khan"
"BLD-100726","2023-11-29","Sick","8","Paid","Farm Operations","Cherry Khan"
"BLD-100726","2024-04-01","Unplanned","8","Unpaid","Farm Operations","Cherry Khan"
"BLD-100726","2024-11-26","Sick","8","Paid","Farm Operations","Cherry Khan"
"BLD-100726","2024-08-19","Sick","8","Paid","Farm Operations","Cherry Khan"
"BLD-100726","2025-05-16","Late","3","Unpaid","Farm Operations","Cherry Khan"
"BLD-100726","2025-07-18","Late","3","Paid","Farm Operations","Cherry Khan"
"BLD-100726","2025-02-26","Sick","8","Paid","Farm Operations","Cherry Khan"
"BLD-100726","2024-12-15","Unplanned","8","Paid","Farm Operations","Cherry Khan"
"BLD-100726","2024-01-09","Unplanned","8","Unpaid","Farm Operations","Cherry Khan"
"BLD-100726","2024-05-24","Sick","8","Paid","Farm Operations","Cherry Khan"
"BLD-100727","2025-12-01","Late","3","Paid","R&D","Anil Hassan"
"BLD-100727","2025-09-28","Sick","8","Paid","R&D","Anil Hassan"
"BLD-100727","2023-01-25","Sick","8","Paid","R&D","Anil Hassan"
"BLD-100727","2023-02-12","Late","1","Unpaid","R&D","Anil Hassan"
"BLD-100727","2025-07-17","Sick","8","Paid","R&D","Anil Hassan"
"BLD-100727","2025-10-27","Late","2","Unpaid","R&D","Anil Hassan"
"BLD-100727","2024-05-17","Sick","8","Paid","R&D","Anil Hassan"
"BLD-100727","2023-06-03","Unplanned","8","Unpaid","R&D","Anil Hassan"
"BLD-100727","2023-09-05","Late","3","Paid","R&D","Anil Hassan"
"BLD-100727","2024-07-12","Sick","8","Paid","R&D","Anil Hassan"
"BLD-100727","2023-09-03","Sick","8","Paid","R&D","Anil Hassan"
"BLD-100728","2023-04-06","Late","1","Paid","R&D","Mona Abdullah"
"BLD-100729","2025-09-29","Late","2","Unpaid","Supply Chain & Logistics","Prakash Kapoor"
"BLD-100729","2024-06-16","Sick","8","Paid","Supply Chain & Logistics","Prakash Kapoor"
"BLD-100729","2023-03-09","Sick","8","Paid","Supply Chain & Logistics","Prakash Kapoor"
"BLD-100729","2024-09-09","Sick","8","Paid","Supply Chain & Logistics","Prakash Kapoor"
"BLD-100730","2025-04-19","Late","1","Unpaid","Production","Ali Ibrahim"
"BLD-100730","2024-05-22","Sick","8","Paid","Production","Ali Ibrahim"
"BLD-100730","2025-05-28","Sick","8","Paid","Production","Ali Ibrahim"
"BLD-100730","2024-01-31","Unplanned","8","Paid","Production","Ali Ibrahim"
"BLD-100730","2023-06-25","Late","2","Unpaid","Production","Ali Ibrahim"
"BLD-100730","2024-05-29","Unplanned","8","Unpaid","Production","Ali Ibrahim"
"BLD-100730","2024-12-02","Unplanned","8","Paid","Production","Ali Ibrahim"
"BLD-100730","2025-08-21","Sick","8","Paid","Production","Ali Ibrahim"
"BLD-100730","2023-01-31","Sick","8","Paid","Production","Ali Ibrahim"
"BLD-100731","2023-06-29","Sick","8","Paid","Quality Assurance & Food Safety","Omar Sharma"
"BLD-100731","2024-08-19","Late","1","Unpaid","Quality Assurance & Food Safety","Omar Sharma"
"BLD-100731","2023-11-30","Unplanned","8","Paid","Quality Assurance & Food Safety","Omar Sharma"
"BLD-100731","2023-08-29","Unplanned","8","Unpaid","Quality Assurance & Food Safety","Omar Sharma"
"BLD-100731","2025-03-20","Unplanned","8","Unpaid","Quality Assurance & Food Safety","Omar Sharma"
"BLD-100731","2023-10-18","Unplanned","8","Paid","Quality Assurance & Food Safety","Omar Sharma"
"BLD-100731","2024-05-07","Sick","8","Paid","Quality Assurance & Food Safety","Omar Sharma"
"BLD-100731","2024-01-28","Unplanned","8","Paid","Quality Assurance & Food Safety","Omar Sharma"
"BLD-100731","2023-06-29","Other","8","Paid","Quality Assurance & Food Safety","Omar Sharma"
"BLD-100732","2024-04-02","Sick","8","Paid","Quality Assurance & Food Safety","Dalia Baig"
"BLD-100732","2023-11-15","Unplanned","8","Paid","Quality Assurance & Food Safety","Dalia Baig"
"BLD-100732","2024-06-27","Sick","8","Paid","Quality Assurance & Food Safety","Dalia Baig"
"BLD-100732","2023-10-17","Sick","8","Paid","Quality Assurance & Food Safety","Dalia Baig"
"BLD-100732","2024-02-03","Sick","8","Paid","Quality Assurance & Food Safety","Dalia Baig"
"BLD-100732","2025-10-28","Late","1","Unpaid","Quality Assurance & Food Safety","Dalia Baig"
"BLD-100732","2024-05-21","Late","3","Unpaid","Quality Assurance & Food Safety","Dalia Baig"
"BLD-100732","2023-01-30","Unplanned","8","Paid","Quality Assurance & Food Safety","Dalia Baig"
"BLD-100732","2023-09-19","Sick","8","Paid","Quality Assurance & Food Safety","Dalia Baig"
"BLD-100732","2025-09-20","Other","8","Unpaid","Quality Assurance & Food Safety","Dalia Baig"
"BLD-100732","2023-12-06","Sick","8","Paid","Quality Assurance & Food Safety","Dalia Baig"
"BLD-100732","2023-10-21","Late","1","Unpaid","Quality Assurance & Food Safety","Dalia Baig"
"BLD-100732","2023-08-03","Sick","8","Paid","Quality Assurance & Food Safety","Dalia Baig"
"BLD-100732","2023-10-02","Unplanned","8","Unpaid","Quality Assurance & Food Safety","Dalia Baig"
"BLD-100732","2023-08-14","Unplanned","8","Unpaid","Quality Assurance & Food Safety","Dalia Baig"
"BLD-100733","2025-05-13","Sick","8","Paid","Quality Assurance & Food Safety","Waleed Baig"
"BLD-100733","2023-09-27","Sick","8","Paid","Quality Assurance & Food Safety","Waleed Baig"
"BLD-100733","2023-07-10","Sick","8","Paid","Quality Assurance & Food Safety","Waleed Baig"
"BLD-100733","2024-10-18","Sick","8","Paid","Quality Assurance & Food Safety","Waleed Baig"
"BLD-100733","2024-04-27","Sick","8","Paid","Quality Assurance & Food Safety","Waleed Baig"
"BLD-100733","2025-01-28","Other","8","Paid","Quality Assurance & Food Safety","Waleed Baig"
"BLD-100733","2025-08-15","Late","1","Unpaid","Quality Assurance & Food Safety","Waleed Baig"
"BLD-100733","2024-01-13","Sick","8","Paid","Quality Assurance & Food Safety","Waleed Baig"
"BLD-100733","2025-06-14","Sick","8","Paid","Quality Assurance & Food Safety","Waleed Baig"
"BLD-100733","2024-09-22","Sick","8","Paid","Quality Assurance & Food Safety","Waleed Baig"
"BLD-100733","2024-12-19","Unplanned","8","Paid","Quality Assurance & Food Safety","Waleed Baig"
"BLD-100733","2023-03-22","Sick","8","Paid","Quality Assurance & Food Safety","Waleed Baig"
"BLD-100733","2023-12-31","Late","1","Unpaid","Quality Assurance & Food Safety","Waleed Baig"
"BLD-100733","2024-01-18","Sick","8","Paid","Quality Assurance & Food Safety","Waleed Baig"
"BLD-100734","2025-05-25","Unplanned","8","Paid","Production","Mohamed Al-Kuwari"
"BLD-100734","2024-12-19","Sick","8","Paid","Production","Mohamed Al-Kuwari"
"BLD-100734","2023-02-18","Late","2","Unpaid","Production","Mohamed Al-Kuwari"
"BLD-100734","2024-12-29","Sick","8","Paid","Production","Mohamed Al-Kuwari"
"BLD-100734","2024-05-07","Sick","8","Paid","Production","Mohamed Al-Kuwari"
"BLD-100734","2024-03-26","Sick","8","Paid","Production","Mohamed Al-Kuwari"
"BLD-100734","2023-01-23","Sick","8","Paid","Production","Mohamed Al-Kuwari"
"BLD-100734","2023-10-28","Unplanned","8","Unpaid","Production","Mohamed Al-Kuwari"
"BLD-100734","2023-05-12","Sick","8","Paid","Production","Mohamed Al-Kuwari"
"BLD-100734","2024-04-10","Sick","8","Paid","Production","Mohamed Al-Kuwari"
"BLD-100735","2024-10-12","Other","8","Unpaid","Quality Assurance & Food Safety","Tariq El-Sayed"
"BLD-100735","2025-06-18","Unplanned","8","Unpaid","Quality Assurance & Food Safety","Tariq El-Sayed"
"BLD-100735","2023-01-24","Unplanned","8","Unpaid","Quality Assurance & Food Safety","Tariq El-Sayed"
"BLD-100735","2024-06-04","Sick","8","Paid","Quality Assurance & Food Safety","Tariq El-Sayed"
"BLD-100735","2025-09-15","Sick","8","Paid","Quality Assurance & Food Safety","Tariq El-Sayed"
"BLD-100735","2023-08-21","Unplanned","8","Unpaid","Quality Assurance & Food Safety","Tariq El-Sayed"
"BLD-100737","2023-06-22","Sick","8","Paid","R&D","Manoj Fernandes"
"BLD-100737","2023-01-13","Late","1","Paid","R&D","Manoj Fernandes"
"BLD-100737","2024-06-11","Unplanned","8","Unpaid","R&D","Manoj Fernandes"
"BLD-100737","2024-04-05","Late","2","Unpaid","R&D","Manoj Fernandes"
"BLD-100738","2024-04-28","Unplanned","8","Paid","Marketing","Rakesh Kapoor"
"BLD-100738","2025-10-10","Sick","8","Paid","Marketing","Rakesh Kapoor"
"BLD-100738","2024-05-12","Unplanned","8","Unpaid","Marketing","Rakesh Kapoor"
"BLD-100739","2023-06-18","Sick","8","Paid","Marketing","Ramesh Sharma"
"BLD-100739","2024-03-05","Unplanned","8","Unpaid","Marketing","Ramesh Sharma"
"BLD-100739","2023-05-17","Late","1","Paid","Marketing","Ramesh Sharma"
"BLD-100740","2023-03-04","Sick","8","Paid","Farm Operations","Sanjay Ibrahim"
"BLD-100740","2024-04-28","Late","2","Unpaid","Farm Operations","Sanjay Ibrahim"
"BLD-100740","2024-11-10","Unplanned","8","Unpaid","Farm Operations","Sanjay Ibrahim"
"BLD-100740","2023-01-20","Unplanned","8","Unpaid","Farm Operations","Sanjay Ibrahim"
"BLD-100740","2024-02-25","Late","3","Paid","Farm Operations","Sanjay Ibrahim"
"BLD-100740","2024-03-19","Late","1","Paid","Farm Operations","Sanjay Ibrahim"
"BLD-100740","2023-06-06","Other","8","Paid","Farm Operations","Sanjay Ibrahim"
"BLD-100740","2024-12-17","Unplanned","8","Unpaid","Farm Operations","Sanjay Ibrahim"
"BLD-100740","2023-03-14","Sick","8","Paid","Farm Operations","Sanjay Ibrahim"
"BLD-100740","2023-05-22","Sick","8","Paid","Farm Operations","Sanjay Ibrahim"
"BLD-100740","2023-12-22","Sick","8","Paid","Farm Operations","Sanjay Ibrahim"
"BLD-100740","2023-05-23","Sick","8","Paid","Farm Operations","Sanjay Ibrahim"
"BLD-100740","2023-09-07","Late","2","Unpaid","Farm Operations","Sanjay Ibrahim"
"BLD-100741","2024-11-26","Late","3","Paid","Production","Ramesh Devi"
"BLD-100741","2024-07-24","Sick","8","Paid","Production","Ramesh Devi"
"BLD-100741","2024-05-14","Unplanned","8","Unpaid","Production","Ramesh Devi"
"BLD-100741","2023-11-27","Unplanned","8","Paid","Production","Ramesh Devi"
"BLD-100741","2023-12-13","Late","1","Unpaid","Production","Ramesh Devi"
"BLD-100741","2025-03-31","Late","2","Unpaid","Production","Ramesh Devi"
"BLD-100741","2023-10-21","Unplanned","8","Paid","Production","Ramesh Devi"
"BLD-100741","2024-07-14","Late","1","Unpaid","Production","Ramesh Devi"
"BLD-100741","2024-09-14","Sick","8","Paid","Production","Ramesh Devi"
"BLD-100741","2024-07-16","Sick","8","Paid","Production","Ramesh Devi"
"BLD-100741","2024-11-29","Unplanned","8","Unpaid","Production","Ramesh Devi"
"BLD-100741","2025-12-14","Sick","8","Paid","Production","Ramesh Devi"
"BLD-100741","2025-05-22","Late","2","Unpaid","Production","Ramesh Devi"
"BLD-100741","2023-08-29","Sick","8","Paid","Production","Ramesh Devi"
"BLD-100741","2025-06-06","Late","1","Paid","Production","Ramesh Devi"
"BLD-100741","2023-04-02","Sick","8","Paid","Production","Ramesh Devi"
"BLD-100741","2025-09-30","Unplanned","8","Paid","Production","Ramesh Devi"
"BLD-100741","2024-10-12","Late","2","Unpaid","Production","Ramesh Devi"
"BLD-100741","2023-12-02","Late","2","Unpaid","Production","Ramesh Devi"
"BLD-100741","2023-06-05","Unplanned","8","Unpaid","Production","Ramesh Devi"
"BLD-100742","2023-05-09","Sick","8","Paid","Engineering & Maintenance","Hassan Youssef"
"BLD-100742","2025-03-18","Unplanned","8","Unpaid","Engineering & Maintenance","Hassan Youssef"
"BLD-100742","2025-11-18","Other","8","Paid","Engineering & Maintenance","Hassan Youssef"
"BLD-100742","2024-09-21","Late","2","Unpaid","Engineering & Maintenance","Hassan Youssef"
"BLD-100742","2023-02-06","Unplanned","8","Paid","Engineering & Maintenance","Hassan Youssef"
"BLD-100742","2025-11-25","Sick","8","Paid","Engineering & Maintenance","Hassan Youssef"
"BLD-100742","2025-01-15","Late","1","Paid","Engineering & Maintenance","Hassan Youssef"
"BLD-100742","2023-08-23","Sick","8","Paid","Engineering & Maintenance","Hassan Youssef"
"BLD-100742","2024-08-21","Sick","8","Paid","Engineering & Maintenance","Hassan Youssef"
"BLD-100742","2023-11-25","Unplanned","8","Paid","Engineering & Maintenance","Hassan Youssef"
"BLD-100742","2023-11-18","Other","8","Unpaid","Engineering & Maintenance","Hassan Youssef"
"BLD-100742","2023-07-02","Late","1","Paid","Engineering & Maintenance","Hassan Youssef"
"BLD-100742","2025-04-04","Sick","8","Paid","Engineering & Maintenance","Hassan Youssef"
"BLD-100742","2023-03-15","Late","3","Paid","Engineering & Maintenance","Hassan Youssef"
"BLD-100742","2024-12-30","Unplanned","8","Unpaid","Engineering & Maintenance","Hassan Youssef"
"BLD-100742","2025-03-04","Unplanned","8","Unpaid","Engineering & Maintenance","Hassan Youssef"
"BLD-100742","2025-03-25","Unplanned","8","Paid","Engineering & Maintenance","Hassan Youssef"
"BLD-100742","2025-05-23","Sick","8","Paid","Engineering & Maintenance","Hassan Youssef"
"BLD-100742","2025-06-07","Unplanned","8","Unpaid","Engineering & Maintenance","Hassan Youssef"
"BLD-100742","2023-07-05","Sick","8","Paid","Engineering & Maintenance","Hassan Youssef"
"BLD-100743","2024-01-04","Unplanned","8","Unpaid","IT & Digital","Ramesh Islam"
"BLD-100743","2025-12-22","Sick","8","Paid","IT & Digital","Ramesh Islam"
"BLD-100743","2024-11-18","Late","2","Unpaid","IT & Digital","Ramesh Islam"
"BLD-100743","2024-06-18","Unplanned","8","Unpaid","IT & Digital","Ramesh Islam"
"BLD-100743","2025-06-01","Unplanned","8","Unpaid","IT & Digital","Ramesh Islam"
"BLD-100743","2025-01-14","Unplanned","8","Paid","IT & Digital","Ramesh Islam"
"BLD-100743","2024-10-22","Sick","8","Paid","IT & Digital","Ramesh Islam"
"BLD-100743","2025-09-24","Sick","8","Paid","IT & Digital","Ramesh Islam"
"BLD-100743","2024-03-04","Sick","8","Paid","IT & Digital","Ramesh Islam"
"BLD-100743","2025-04-25","Other","8","Unpaid","IT & Digital","Ramesh Islam"
"BLD-100744","2023-06-19","Sick","8","Paid","Quality Assurance & Food Safety","Reem Kapoor"
"BLD-100744","2023-01-06","Sick","8","Paid","Quality Assurance & Food Safety","Reem Kapoor"
"BLD-100744","2025-10-25","Sick","8","Paid","Quality Assurance & Food Safety","Reem Kapoor"
"BLD-100745","2024-04-16","Sick","8","Paid","Corporate & Executive Office","Hari Al-Marri"
"BLD-100745","2024-10-31","Late","2","Paid","Corporate & Executive Office","Hari Al-Marri"
"BLD-100745","2023-09-18","Unplanned","8","Unpaid","Corporate & Executive Office","Hari Al-Marri"
"BLD-100746","2023-05-04","Late","1","Paid","People & Culture","Reem Kapoor"
"BLD-100746","2024-02-09","Sick","8","Paid","People & Culture","Reem Kapoor"
"BLD-100746","2023-08-25","Unplanned","8","Unpaid","People & Culture","Reem Kapoor"
"BLD-100746","2024-03-04","Sick","8","Paid","People & Culture","Reem Kapoor"
"BLD-100746","2024-01-17","Sick","8","Paid","People & Culture","Reem Kapoor"
"BLD-100746","2024-08-19","Unplanned","8","Paid","People & Culture","Reem Kapoor"
"BLD-100746","2023-03-28","Sick","8","Paid","People & Culture","Reem Kapoor"
"BLD-100747","2023-12-30","Late","3","Unpaid","Finance","Maria Pereira"
"BLD-100747","2023-09-07","Unplanned","8","Paid","Finance","Maria Pereira"
"BLD-100747","2023-05-04","Late","3","Unpaid","Finance","Maria Pereira"
"BLD-100747","2024-06-28","Unplanned","8","Unpaid","Finance","Maria Pereira"
"BLD-100747","2025-06-05","Sick","8","Paid","Finance","Maria Pereira"
"BLD-100747","2025-02-28","Unplanned","8","Paid","Finance","Maria Pereira"
"BLD-100747","2023-03-21","Unplanned","8","Paid","Finance","Maria Pereira"
"BLD-100747","2023-07-25","Late","2","Paid","Finance","Maria Pereira"
"BLD-100747","2023-02-07","Unplanned","8","Unpaid","Finance","Maria Pereira"
"BLD-100747","2023-07-27","Late","1","Unpaid","Finance","Maria Pereira"
"BLD-100747","2023-09-11","Unplanned","8","Unpaid","Finance","Maria Pereira"
"BLD-100747","2023-09-11","Sick","8","Paid","Finance","Maria Pereira"
"BLD-100747","2023-03-17","Unplanned","8","Unpaid","Finance","Maria Pereira"
"BLD-100749","2023-03-29","Sick","8","Paid","Sales & Distribution","Sanjay Islam"
"BLD-100749","2024-11-17","Late","3","Unpaid","Sales & Distribution","Sanjay Islam"
"BLD-100749","2024-12-03","Unplanned","8","Paid","Sales & Distribution","Sanjay Islam"
"BLD-100749","2023-04-09","Late","2","Paid","Sales & Distribution","Sanjay Islam"
"BLD-100749","2025-09-22","Unplanned","8","Unpaid","Sales & Distribution","Sanjay Islam"
"BLD-100749","2023-04-01","Sick","8","Paid","Sales & Distribution","Sanjay Islam"
"BLD-100749","2025-12-09","Sick","8","Paid","Sales & Distribution","Sanjay Islam"
"BLD-100749","2023-11-03","Unplanned","8","Unpaid","Sales & Distribution","Sanjay Islam"
"BLD-100749","2024-07-10","Late","2","Paid","Sales & Distribution","Sanjay Islam"
"BLD-100749","2023-09-28","Sick","8","Paid","Sales & Distribution","Sanjay Islam"
"BLD-100749","2025-01-07","Sick","8","Paid","Sales & Distribution","Sanjay Islam"
"BLD-100749","2024-01-04","Unplanned","8","Unpaid","Sales & Distribution","Sanjay Islam"
"BLD-100749","2024-09-01","Sick","8","Paid","Sales & Distribution","Sanjay Islam"
"BLD-100750","2023-05-14","Sick","8","Paid","Quality Assurance & Food Safety","Krishna Youssef"
"BLD-100750","2024-08-22","Late","3","Unpaid","Quality Assurance & Food Safety","Krishna Youssef"
"BLD-100750","2025-05-25","Unplanned","8","Paid","Quality Assurance & Food Safety","Krishna Youssef"
"BLD-100750","2025-07-01","Unplanned","8","Unpaid","Quality Assurance & Food Safety","Krishna Youssef"
"BLD-100750","2024-08-11","Unplanned","8","Paid","Quality Assurance & Food Safety","Krishna Youssef"
"BLD-100750","2023-07-10","Sick","8","Paid","Quality Assurance & Food Safety","Krishna Youssef"
"BLD-100750","2023-07-17","Late","2","Unpaid","Quality Assurance & Food Safety","Krishna Youssef"
"BLD-100750","2025-05-19","Late","1","Unpaid","Quality Assurance & Food Safety","Krishna Youssef"
"BLD-100750","2023-04-15","Unplanned","8","Paid","Quality Assurance & Food Safety","Krishna Youssef"
"BLD-100750","2024-05-01","Unplanned","8","Unpaid","Quality Assurance & Food Safety","Krishna Youssef"
"BLD-100752","2024-06-21","Sick","8","Paid","Corporate & Executive Office","Rajesh Ahmed"
"BLD-100752","2023-09-26","Sick","8","Paid","Corporate & Executive Office","Rajesh Ahmed"
"BLD-100752","2025-01-27","Sick","8","Paid","Corporate & Executive Office","Rajesh Ahmed"
"BLD-100752","2025-02-07","Sick","8","Paid","Corporate & Executive Office","Rajesh Ahmed"
"BLD-100752","2025-04-16","Sick","8","Paid","Corporate & Executive Office","Rajesh Ahmed"
"BLD-100752","2023-10-19","Sick","8","Paid","Corporate & Executive Office","Rajesh Ahmed"
"BLD-100752","2025-11-04","Late","1","Paid","Corporate & Executive Office","Rajesh Ahmed"
"BLD-100752","2024-03-24","Sick","8","Paid","Corporate & Executive Office","Rajesh Ahmed"
"BLD-100752","2023-10-20","Sick","8","Paid","Corporate & Executive Office","Rajesh Ahmed"
"BLD-100752","2024-01-28","Late","2","Paid","Corporate & Executive Office","Rajesh Ahmed"
"BLD-100752","2025-10-05","Sick","8","Paid","Corporate & Executive Office","Rajesh Ahmed"
"BLD-100752","2023-01-10","Unplanned","8","Paid","Corporate & Executive Office","Rajesh Ahmed"
"BLD-100752","2024-12-05","Sick","8","Paid","Corporate & Executive Office","Rajesh Ahmed"
"BLD-100752","2023-09-04","Unplanned","8","Paid","Corporate & Executive Office","Rajesh Ahmed"
"BLD-100752","2023-09-04","Unplanned","8","Paid","Corporate & Executive Office","Rajesh Ahmed"
"BLD-100752","2025-11-19","Unplanned","8","Paid","Corporate & Executive Office","Rajesh Ahmed"
"BLD-100752","2024-04-12","Late","3","Unpaid","Corporate & Executive Office","Rajesh Ahmed"
"BLD-100752","2025-01-17","Unplanned","8","Unpaid","Corporate & Executive Office","Rajesh Ahmed"
"BLD-100752","2023-09-16","Unplanned","8","Unpaid","Corporate & Executive Office","Rajesh Ahmed"
"BLD-100752","2023-09-17","Sick","8","Paid","Corporate & Executive Office","Rajesh Ahmed"
"BLD-100752","2025-11-08","Sick","8","Paid","Corporate & Executive Office","Rajesh Ahmed"
"BLD-100752","2023-06-09","Sick","8","Paid","Corporate & Executive Office","Rajesh Ahmed"
"BLD-100752","2024-12-28","Unplanned","8","Unpaid","Corporate & Executive Office","Rajesh Ahmed"
"BLD-100752","2023-12-16","Sick","8","Paid","Corporate & Executive Office","Rajesh Ahmed"
"BLD-100753","2023-02-07","Late","3","Unpaid","Supply Chain & Logistics","Sanjay Devi"
"BLD-100753","2024-09-23","Unplanned","8","Unpaid","Supply Chain & Logistics","Sanjay Devi"
"BLD-100753","2025-10-06","Sick","8","Paid","Supply Chain & Logistics","Sanjay Devi"
"BLD-100753","2025-03-04","Sick","8","Paid","Supply Chain & Logistics","Sanjay Devi"
"BLD-100754","2025-12-28","Sick","8","Paid","Procurement","Lubna Al-Kuwari"
"BLD-100754","2024-02-21","Unplanned","8","Unpaid","Procurement","Lubna Al-Kuwari"
"BLD-100754","2024-04-06","Sick","8","Paid","Procurement","Lubna Al-Kuwari"
"BLD-100754","2025-04-27","Unplanned","8","Unpaid","Procurement","Lubna Al-Kuwari"
"BLD-100754","2025-07-10","Late","1","Paid","Procurement","Lubna Al-Kuwari"
"BLD-100755","2023-03-07","Unplanned","8","Unpaid","Procurement","Deepak Devi"
"BLD-100755","2023-01-08","Unplanned","8","Unpaid","Procurement","Deepak Devi"
"BLD-100755","2023-01-20","Unplanned","8","Paid","Procurement","Deepak Devi"
"BLD-100756","2023-11-11","Late","3","Unpaid","Quality Assurance & Food Safety","Anil Gurung"
"BLD-100756","2023-02-07","Unplanned","8","Paid","Quality Assurance & Food Safety","Anil Gurung"
"BLD-100756","2023-04-06","Unplanned","8","Paid","Quality Assurance & Food Safety","Anil Gurung"
"BLD-100756","2024-01-22","Unplanned","8","Unpaid","Quality Assurance & Food Safety","Anil Gurung"
"BLD-100756","2023-09-15","Sick","8","Paid","Quality Assurance & Food Safety","Anil Gurung"
"BLD-100757","2024-02-26","Late","2","Unpaid","People & Culture","Krishna Santos"
"BLD-100757","2023-09-19","Sick","8","Paid","People & Culture","Krishna Santos"
"BLD-100757","2025-11-11","Sick","8","Paid","People & Culture","Krishna Santos"
"BLD-100757","2025-10-28","Unplanned","8","Unpaid","People & Culture","Krishna Santos"
"BLD-100757","2024-05-22","Late","1","Unpaid","People & Culture","Krishna Santos"
"BLD-100757","2024-06-27","Other","8","Paid","People & Culture","Krishna Santos"
"BLD-100757","2024-08-02","Unplanned","8","Paid","People & Culture","Krishna Santos"
"BLD-100757","2025-05-30","Late","3","Unpaid","People & Culture","Krishna Santos"
"BLD-100757","2025-07-26","Sick","8","Paid","People & Culture","Krishna Santos"
"BLD-100757","2023-10-11","Unplanned","8","Paid","People & Culture","Krishna Santos"
"BLD-100757","2023-06-03","Sick","8","Paid","People & Culture","Krishna Santos"
"BLD-100758","2023-12-12","Sick","8","Paid","Supply Chain & Logistics","Sanjay Rai"
"BLD-100758","2024-08-18","Sick","8","Paid","Supply Chain & Logistics","Sanjay Rai"
"BLD-100758","2023-01-16","Unplanned","8","Paid","Supply Chain & Logistics","Sanjay Rai"
"BLD-100758","2024-06-16","Unplanned","8","Paid","Supply Chain & Logistics","Sanjay Rai"
"BLD-100759","2025-10-17","Unplanned","8","Paid","People & Culture","Krishna Santos"
"BLD-100759","2025-02-22","Unplanned","8","Unpaid","People & Culture","Krishna Santos"
"BLD-100759","2024-07-30","Unplanned","8","Unpaid","People & Culture","Krishna Santos"
"BLD-100759","2023-03-14","Sick","8","Paid","People & Culture","Krishna Santos"
"BLD-100759","2023-05-13","Sick","8","Paid","People & Culture","Krishna Santos"
"BLD-100759","2025-09-15","Unplanned","8","Unpaid","People & Culture","Krishna Santos"
"BLD-100759","2025-09-07","Unplanned","8","Unpaid","People & Culture","Krishna Santos"
"BLD-100759","2025-12-20","Sick","8","Paid","People & Culture","Krishna Santos"
"BLD-100759","2025-07-31","Late","1","Paid","People & Culture","Krishna Santos"
"BLD-100759","2024-03-01","Sick","8","Paid","People & Culture","Krishna Santos"
"BLD-100759","2025-06-20","Sick","8","Paid","People & Culture","Krishna Santos"
"BLD-100759","2024-02-10","Unplanned","8","Paid","People & Culture","Krishna Santos"
"BLD-100759","2023-07-06","Sick","8","Paid","People & Culture","Krishna Santos"
"BLD-100759","2024-12-11","Late","3","Unpaid","People & Culture","Krishna Santos"
"BLD-100759","2023-12-02","Sick","8","Paid","People & Culture","Krishna Santos"
"BLD-100759","2023-05-29","Unplanned","8","Paid","People & Culture","Krishna Santos"
"BLD-100759","2025-12-04","Late","2","Paid","People & Culture","Krishna Santos"
"BLD-100760","2025-02-06","Sick","8","Paid","People & Culture","Manoj Pereira"
"BLD-100760","2023-07-27","Late","1","Unpaid","People & Culture","Manoj Pereira"
"BLD-100760","2024-10-23","Sick","8","Paid","People & Culture","Manoj Pereira"
"BLD-100760","2023-08-14","Unplanned","8","Unpaid","People & Culture","Manoj Pereira"
"BLD-100760","2025-08-15","Late","1","Unpaid","People & Culture","Manoj Pereira"
"BLD-100760","2025-04-27","Sick","8","Paid","People & Culture","Manoj Pereira"
"BLD-100760","2024-02-02","Sick","8","Paid","People & Culture","Manoj Pereira"
"BLD-100760","2025-08-07","Other","8","Paid","People & Culture","Manoj Pereira"
"BLD-100760","2025-05-22","Sick","8","Paid","People & Culture","Manoj Pereira"
"BLD-100760","2023-05-12","Unplanned","8","Paid","People & Culture","Manoj Pereira"
"BLD-100760","2025-10-01","Unplanned","8","Paid","People & Culture","Manoj Pereira"
"BLD-100760","2025-06-27","Unplanned","8","Unpaid","People & Culture","Manoj Pereira"
"BLD-100760","2023-01-11","Sick","8","Paid","People & Culture","Manoj Pereira"
"BLD-100760","2025-09-03","Late","3","Unpaid","People & Culture","Manoj Pereira"
"BLD-100760","2023-02-09","Late","1","Paid","People & Culture","Manoj Pereira"
"BLD-100760","2024-04-10","Unplanned","8","Paid","People & Culture","Manoj Pereira"
"BLD-100760","2024-07-16","Sick","8","Paid","People & Culture","Manoj Pereira"
"BLD-100760","2023-06-16","Late","2","Unpaid","People & Culture","Manoj Pereira"
"BLD-100760","2023-07-25","Other","8","Unpaid","People & Culture","Manoj Pereira"
"BLD-100760","2025-06-05","Unplanned","8","Paid","People & Culture","Manoj Pereira"
"BLD-100760","2024-08-22","Sick","8","Paid","People & Culture","Manoj Pereira"
"BLD-100760","2025-03-10","Sick","8","Paid","People & Culture","Manoj Pereira"
"BLD-100760","2023-06-08","Sick","8","Paid","People & Culture","Manoj Pereira"
"BLD-100761","2023-09-01","Sick","8","Paid","People & Culture","Ravi Santos"
"BLD-100761","2024-01-15","Unplanned","8","Unpaid","People & Culture","Ravi Santos"
"BLD-100762","2023-01-12","Late","1","Unpaid","Finance","Nadia Reyes"
"BLD-100763","2023-12-25","Late","2","Unpaid","Procurement","Yousef Al-Attiyah"
"BLD-100763","2025-04-22","Unplanned","8","Unpaid","Procurement","Yousef Al-Attiyah"
"BLD-100763","2025-08-31","Unplanned","8","Unpaid","Procurement","Yousef Al-Attiyah"
"BLD-100763","2023-01-02","Other","8","Unpaid","Procurement","Yousef Al-Attiyah"
"BLD-100763","2023-01-13","Sick","8","Paid","Procurement","Yousef Al-Attiyah"
"BLD-100764","2023-03-16","Unplanned","8","Unpaid","Production","Omar Al-Kuwari"
"BLD-100764","2023-12-07","Sick","8","Paid","Production","Omar Al-Kuwari"
"BLD-100764","2024-01-22","Unplanned","8","Paid","Production","Omar Al-Kuwari"
"BLD-100764","2023-09-08","Sick","8","Paid","Production","Omar Al-Kuwari"
"BLD-100764","2024-05-05","Late","1","Unpaid","Production","Omar Al-Kuwari"
"BLD-100764","2023-07-08","Unplanned","8","Unpaid","Production","Omar Al-Kuwari"
"BLD-100765","2024-12-25","Sick","8","Paid","Corporate & Executive Office","Aisha Farouk"
"BLD-100765","2023-12-30","Late","1","Unpaid","Corporate & Executive Office","Aisha Farouk"
"BLD-100765","2024-03-06","Unplanned","8","Unpaid","Corporate & Executive Office","Aisha Farouk"
"BLD-100765","2025-04-12","Other","8","Unpaid","Corporate & Executive Office","Aisha Farouk"
"BLD-100765","2024-11-11","Sick","8","Paid","Corporate & Executive Office","Aisha Farouk"
"BLD-100765","2023-10-04","Unplanned","8","Unpaid","Corporate & Executive Office","Aisha Farouk"
"BLD-100765","2025-07-24","Sick","8","Paid","Corporate & Executive Office","Aisha Farouk"
"BLD-100765","2024-09-07","Unplanned","8","Unpaid","Corporate & Executive Office","Aisha Farouk"
"BLD-100765","2024-04-27","Late","1","Unpaid","Corporate & Executive Office","Aisha Farouk"
"BLD-100765","2023-02-11","Sick","8","Paid","Corporate & Executive Office","Aisha Farouk"
"BLD-100765","2023-11-07","Unplanned","8","Unpaid","Corporate & Executive Office","Aisha Farouk"
"BLD-100765","2025-04-23","Unplanned","8","Unpaid","Corporate & Executive Office","Aisha Farouk"
"BLD-100765","2023-06-25","Sick","8","Paid","Corporate & Executive Office","Aisha Farouk"
"BLD-100765","2025-07-17","Unplanned","8","Paid","Corporate & Executive Office","Aisha Farouk"
"BLD-100765","2024-08-11","Sick","8","Paid","Corporate & Executive Office","Aisha Farouk"
"BLD-100765","2025-08-31","Sick","8","Paid","Corporate & Executive Office","Aisha Farouk"
"BLD-100765","2023-12-15","Late","1","Unpaid","Corporate & Executive Office","Aisha Farouk"
"BLD-100766","2024-05-29","Sick","8","Paid","Supply Chain & Logistics","Yousef Al-Attiyah"
"BLD-100766","2024-06-04","Sick","8","Paid","Supply Chain & Logistics","Yousef Al-Attiyah"
"BLD-100766","2025-03-14","Sick","8","Paid","Supply Chain & Logistics","Yousef Al-Attiyah"
"BLD-100766","2025-04-04","Sick","8","Paid","Supply Chain & Logistics","Yousef Al-Attiyah"
"BLD-100766","2024-09-29","Unplanned","8","Paid","Supply Chain & Logistics","Yousef Al-Attiyah"
"BLD-100766","2023-01-07","Sick","8","Paid","Supply Chain & Logistics","Yousef Al-Attiyah"
"BLD-100766","2025-07-10","Unplanned","8","Unpaid","Supply Chain & Logistics","Yousef Al-Attiyah"
"BLD-100766","2023-11-01","Sick","8","Paid","Supply Chain & Logistics","Yousef Al-Attiyah"
"BLD-100766","2023-11-21","Late","3","Paid","Supply Chain & Logistics","Yousef Al-Attiyah"
"BLD-100766","2024-08-23","Unplanned","8","Paid","Supply Chain & Logistics","Yousef Al-Attiyah"
"BLD-100766","2023-03-13","Unplanned","8","Unpaid","Supply Chain & Logistics","Yousef Al-Attiyah"
"BLD-100767","2024-01-27","Sick","8","Paid","IT & Digital","Pooja Malik"
"BLD-100767","2024-06-27","Unplanned","8","Unpaid","IT & Digital","Pooja Malik"
"BLD-100767","2023-04-06","Late","1","Paid","IT & Digital","Pooja Malik"
"BLD-100767","2023-06-15","Sick","8","Paid","IT & Digital","Pooja Malik"
"BLD-100767","2023-05-03","Unplanned","8","Paid","IT & Digital","Pooja Malik"
"BLD-100767","2024-05-27","Sick","8","Paid","IT & Digital","Pooja Malik"
"BLD-100767","2023-10-13","Sick","8","Paid","IT & Digital","Pooja Malik"
"BLD-100767","2024-06-29","Unplanned","8","Paid","IT & Digital","Pooja Malik"
"BLD-100767","2024-11-05","Sick","8","Paid","IT & Digital","Pooja Malik"
"BLD-100767","2023-09-11","Other","8","Paid","IT & Digital","Pooja Malik"
"BLD-100767","2024-09-13","Late","1","Paid","IT & Digital","Pooja Malik"
"BLD-100767","2025-02-24","Sick","8","Paid","IT & Digital","Pooja Malik"
"BLD-100767","2023-08-14","Unplanned","8","Unpaid","IT & Digital","Pooja Malik"
"BLD-100769","2025-11-26","Late","1","Unpaid","Supply Chain & Logistics","Bishnu Iqbal"
"BLD-100769","2024-04-14","Sick","8","Paid","Supply Chain & Logistics","Bishnu Iqbal"
"BLD-100769","2025-07-05","Unplanned","8","Unpaid","Supply Chain & Logistics","Bishnu Iqbal"
"BLD-100769","2024-07-14","Sick","8","Paid","Supply Chain & Logistics","Bishnu Iqbal"
"BLD-100769","2025-10-30","Late","3","Unpaid","Supply Chain & Logistics","Bishnu Iqbal"
"BLD-100769","2025-01-25","Unplanned","8","Unpaid","Supply Chain & Logistics","Bishnu Iqbal"
"BLD-100769","2025-12-01","Sick","8","Paid","Supply Chain & Logistics","Bishnu Iqbal"
"BLD-100769","2024-01-30","Sick","8","Paid","Supply Chain & Logistics","Bishnu Iqbal"
"BLD-100769","2023-06-03","Sick","8","Paid","Supply Chain & Logistics","Bishnu Iqbal"
"BLD-100769","2025-06-12","Unplanned","8","Unpaid","Supply Chain & Logistics","Bishnu Iqbal"
"BLD-100769","2025-12-04","Unplanned","8","Unpaid","Supply Chain & Logistics","Bishnu Iqbal"
"BLD-100769","2025-09-07","Sick","8","Paid","Supply Chain & Logistics","Bishnu Iqbal"
"BLD-100769","2023-05-30","Unplanned","8","Unpaid","Supply Chain & Logistics","Bishnu Iqbal"
"BLD-100769","2024-06-30","Sick","8","Paid","Supply Chain & Logistics","Bishnu Iqbal"
"BLD-100769","2025-04-26","Unplanned","8","Unpaid","Supply Chain & Logistics","Bishnu Iqbal"
"BLD-100769","2023-04-27","Late","1","Unpaid","Supply Chain & Logistics","Bishnu Iqbal"
"BLD-100769","2024-06-11","Unplanned","8","Unpaid","Supply Chain & Logistics","Bishnu Iqbal"
"BLD-100769","2023-08-19","Sick","8","Paid","Supply Chain & Logistics","Bishnu Iqbal"
"BLD-100769","2025-02-28","Sick","8","Paid","Supply Chain & Logistics","Bishnu Iqbal"
"BLD-100769","2025-10-15","Sick","8","Paid","Supply Chain & Logistics","Bishnu Iqbal"
"BLD-100770","2023-02-14","Late","2","Unpaid","People & Culture","Mona Thapa"
"BLD-100771","2023-03-28","Late","2","Unpaid","Finance","Mohamed Al-Sayed"
"BLD-100771","2023-12-31","Sick","8","Paid","Finance","Mohamed Al-Sayed"
"BLD-100771","2024-01-22","Unplanned","8","Paid","Finance","Mohamed Al-Sayed"
"BLD-100771","2023-08-25","Unplanned","8","Unpaid","Finance","Mohamed Al-Sayed"
"BLD-100771","2023-08-05","Unplanned","8","Paid","Finance","Mohamed Al-Sayed"
"BLD-100771","2023-04-27","Late","1","Unpaid","Finance","Mohamed Al-Sayed"
"BLD-100771","2023-01-02","Sick","8","Paid","Finance","Mohamed Al-Sayed"
"BLD-100771","2023-07-21","Late","3","Paid","Finance","Mohamed Al-Sayed"
"BLD-100771","2023-02-10","Unplanned","8","Unpaid","Finance","Mohamed Al-Sayed"
"BLD-100771","2024-01-15","Late","2","Unpaid","Finance","Mohamed Al-Sayed"
"BLD-100771","2023-12-23","Other","8","Paid","Finance","Mohamed Al-Sayed"
"BLD-100772","2024-06-11","Sick","8","Paid","Farm Operations","Anil Fernandes"
"BLD-100772","2024-09-27","Sick","8","Paid","Farm Operations","Anil Fernandes"
"BLD-100772","2024-09-30","Sick","8","Paid","Farm Operations","Anil Fernandes"
"BLD-100772","2025-03-30","Unplanned","8","Unpaid","Farm Operations","Anil Fernandes"
"BLD-100773","2024-11-26","Unplanned","8","Unpaid","Supply Chain & Logistics","Sanjay Devi"
"BLD-100773","2025-07-09","Unplanned","8","Paid","Supply Chain & Logistics","Sanjay Devi"
"BLD-100773","2024-09-22","Unplanned","8","Unpaid","Supply Chain & Logistics","Sanjay Devi"
"BLD-100773","2023-01-24","Sick","8","Paid","Supply Chain & Logistics","Sanjay Devi"
"BLD-100773","2024-04-17","Sick","8","Paid","Supply Chain & Logistics","Sanjay Devi"
"BLD-100773","2024-04-15","Unplanned","8","Paid","Supply Chain & Logistics","Sanjay Devi"
"BLD-100773","2024-09-18","Sick","8","Paid","Supply Chain & Logistics","Sanjay Devi"
"BLD-100773","2023-08-09","Sick","8","Paid","Supply Chain & Logistics","Sanjay Devi"
"BLD-100774","2025-08-05","Unplanned","8","Paid","Marketing","Priya Devi"
"BLD-100774","2024-09-12","Sick","8","Paid","Marketing","Priya Devi"
"BLD-100774","2024-08-23","Other","8","Unpaid","Marketing","Priya Devi"
"BLD-100774","2025-10-06","Unplanned","8","Paid","Marketing","Priya Devi"
"BLD-100774","2024-05-07","Sick","8","Paid","Marketing","Priya Devi"
"BLD-100774","2023-02-21","Unplanned","8","Paid","Marketing","Priya Devi"
"BLD-100774","2024-07-16","Sick","8","Paid","Marketing","Priya Devi"
"BLD-100774","2023-07-22","Sick","8","Paid","Marketing","Priya Devi"
"BLD-100774","2024-10-28","Unplanned","8","Unpaid","Marketing","Priya Devi"
"BLD-100774","2024-03-20","Unplanned","8","Unpaid","Marketing","Priya Devi"
"BLD-100774","2025-11-14","Sick","8","Paid","Marketing","Priya Devi"
"BLD-100774","2025-04-05","Sick","8","Paid","Marketing","Priya Devi"
"BLD-100774","2025-05-03","Unplanned","8","Unpaid","Marketing","Priya Devi"
"BLD-100775","2023-04-21","Sick","8","Paid","Sales & Distribution","Hari Al-Kuwari"
"BLD-100776","2023-05-19","Sick","8","Paid","People & Culture","Prakash Mendoza"
"BLD-100776","2024-08-24","Late","2","Unpaid","People & Culture","Prakash Mendoza"
"BLD-100776","2025-02-27","Late","3","Unpaid","People & Culture","Prakash Mendoza"
"BLD-100776","2025-10-06","Sick","8","Paid","People & Culture","Prakash Mendoza"
"BLD-100776","2023-06-22","Sick","8","Paid","People & Culture","Prakash Mendoza"
"BLD-100777","2023-08-18","Sick","8","Paid","Quality Assurance & Food Safety","Kumar Mansour"
"BLD-100777","2024-12-03","Late","3","Unpaid","Quality Assurance & Food Safety","Kumar Mansour"
"BLD-100777","2023-02-26","Sick","8","Paid","Quality Assurance & Food Safety","Kumar Mansour"
"BLD-100777","2024-04-22","Unplanned","8","Paid","Quality Assurance & Food Safety","Kumar Mansour"
"BLD-100777","2025-03-11","Sick","8","Paid","Quality Assurance & Food Safety","Kumar Mansour"
"BLD-100777","2024-10-25","Sick","8","Paid","Quality Assurance & Food Safety","Kumar Mansour"
"BLD-100777","2025-04-15","Unplanned","8","Paid","Quality Assurance & Food Safety","Kumar Mansour"
"BLD-100777","2024-04-28","Other","8","Paid","Quality Assurance & Food Safety","Kumar Mansour"
"BLD-100777","2023-01-29","Sick","8","Paid","Quality Assurance & Food Safety","Kumar Mansour"
"BLD-100777","2025-09-27","Sick","8","Paid","Quality Assurance & Food Safety","Kumar Mansour"
"BLD-100777","2023-03-29","Unplanned","8","Unpaid","Quality Assurance & Food Safety","Kumar Mansour"
"BLD-100777","2025-12-28","Unplanned","8","Unpaid","Quality Assurance & Food Safety","Kumar Mansour"
"BLD-100777","2023-10-03","Sick","8","Paid","Quality Assurance & Food Safety","Kumar Mansour"
"BLD-100777","2025-05-09","Late","3","Unpaid","Quality Assurance & Food Safety","Kumar Mansour"
"BLD-100777","2025-10-26","Unplanned","8","Unpaid","Quality Assurance & Food Safety","Kumar Mansour"
"BLD-100777","2023-10-11","Sick","8","Paid","Quality Assurance & Food Safety","Kumar Mansour"
"BLD-100777","2024-07-25","Late","2","Unpaid","Quality Assurance & Food Safety","Kumar Mansour"
"BLD-100777","2024-12-10","Late","1","Unpaid","Quality Assurance & Food Safety","Kumar Mansour"
"BLD-100778","2023-02-26","Sick","8","Paid","People & Culture","Arjun Kapoor"
"BLD-100778","2025-07-19","Sick","8","Paid","People & Culture","Arjun Kapoor"
"BLD-100778","2025-01-11","Other","8","Paid","People & Culture","Arjun Kapoor"
"BLD-100778","2023-12-28","Sick","8","Paid","People & Culture","Arjun Kapoor"
"BLD-100778","2023-08-27","Late","1","Unpaid","People & Culture","Arjun Kapoor"
"BLD-100778","2024-08-24","Other","8","Unpaid","People & Culture","Arjun Kapoor"
"BLD-100778","2025-03-13","Sick","8","Paid","People & Culture","Arjun Kapoor"
"BLD-100778","2023-08-29","Late","1","Unpaid","People & Culture","Arjun Kapoor"
"BLD-100778","2023-09-12","Late","3","Unpaid","People & Culture","Arjun Kapoor"
"BLD-100778","2024-10-14","Other","8","Unpaid","People & Culture","Arjun Kapoor"
"BLD-100778","2023-06-30","Sick","8","Paid","People & Culture","Arjun Kapoor"
"BLD-100778","2024-12-10","Unplanned","8","Paid","People & Culture","Arjun Kapoor"
"BLD-100778","2025-09-27","Unplanned","8","Unpaid","People & Culture","Arjun Kapoor"
"BLD-100778","2025-09-10","Sick","8","Paid","People & Culture","Arjun Kapoor"
"BLD-100778","2025-09-13","Sick","8","Paid","People & Culture","Arjun Kapoor"
"BLD-100778","2025-06-04","Unplanned","8","Paid","People & Culture","Arjun Kapoor"
"BLD-100778","2025-10-20","Unplanned","8","Unpaid","People & Culture","Arjun Kapoor"
"BLD-100778","2025-07-17","Sick","8","Paid","People & Culture","Arjun Kapoor"
"BLD-100778","2023-03-28","Sick","8","Paid","People & Culture","Arjun Kapoor"
"BLD-100778","2023-11-20","Sick","8","Paid","People & Culture","Arjun Kapoor"
"BLD-100779","2023-03-12","Late","3","Unpaid","Procurement","Noor Islam"
"BLD-100779","2023-06-27","Late","2","Unpaid","Procurement","Noor Islam"
"BLD-100779","2025-06-26","Unplanned","8","Unpaid","Procurement","Noor Islam"
"BLD-100779","2023-07-15","Late","2","Unpaid","Procurement","Noor Islam"
"BLD-100779","2023-05-17","Unplanned","8","Paid","Procurement","Noor Islam"
"BLD-100779","2024-10-09","Unplanned","8","Paid","Procurement","Noor Islam"
"BLD-100779","2025-01-14","Sick","8","Paid","Procurement","Noor Islam"
"BLD-100779","2023-10-25","Late","3","Unpaid","Procurement","Noor Islam"
"BLD-100780","2023-12-29","Late","3","Unpaid","Corporate & Executive Office","Aisha Malik"
"BLD-100780","2023-03-19","Sick","8","Paid","Corporate & Executive Office","Aisha Malik"
"BLD-100780","2023-10-05","Sick","8","Paid","Corporate & Executive Office","Aisha Malik"
"BLD-100780","2024-02-15","Sick","8","Paid","Corporate & Executive Office","Aisha Malik"
"BLD-100780","2023-01-14","Sick","8","Paid","Corporate & Executive Office","Aisha Malik"
"BLD-100780","2024-02-20","Sick","8","Paid","Corporate & Executive Office","Aisha Malik"
"BLD-100780","2023-09-01","Unplanned","8","Paid","Corporate & Executive Office","Aisha Malik"
"BLD-100780","2023-02-07","Late","1","Unpaid","Corporate & Executive Office","Aisha Malik"
"BLD-100780","2023-02-21","Sick","8","Paid","Corporate & Executive Office","Aisha Malik"
"BLD-100780","2024-01-01","Unplanned","8","Paid","Corporate & Executive Office","Aisha Malik"
"BLD-100780","2023-10-06","Late","2","Paid","Corporate & Executive Office","Aisha Malik"
"BLD-100781","2024-02-23","Other","8","Paid","Sales & Distribution","Yasmin Sharma"
"BLD-100781","2023-04-24","Other","8","Unpaid","Sales & Distribution","Yasmin Sharma"
"BLD-100781","2023-04-13","Sick","8","Paid","Sales & Distribution","Yasmin Sharma"
"BLD-100781","2023-11-26","Late","3","Paid","Sales & Distribution","Yasmin Sharma"
"BLD-100781","2024-04-22","Sick","8","Paid","Sales & Distribution","Yasmin Sharma"
"BLD-100781","2023-11-26","Unplanned","8","Unpaid","Sales & Distribution","Yasmin Sharma"
"BLD-100782","2025-07-31","Late","3","Unpaid","Farm Operations","Anil Cruz"
"BLD-100782","2024-05-08","Sick","8","Paid","Farm Operations","Anil Cruz"
"BLD-100782","2025-06-07","Other","8","Unpaid","Farm Operations","Anil Cruz"
"BLD-100782","2023-12-04","Sick","8","Paid","Farm Operations","Anil Cruz"
"BLD-100782","2023-02-27","Sick","8","Paid","Farm Operations","Anil Cruz"
"BLD-100782","2025-07-04","Late","2","Paid","Farm Operations","Anil Cruz"
"BLD-100782","2025-10-01","Unplanned","8","Unpaid","Farm Operations","Anil Cruz"
"BLD-100782","2023-04-30","Unplanned","8","Unpaid","Farm Operations","Anil Cruz"
"BLD-100782","2025-10-17","Unplanned","8","Paid","Farm Operations","Anil Cruz"
"BLD-100782","2025-10-24","Sick","8","Paid","Farm Operations","Anil Cruz"
"BLD-100783","2024-12-16","Late","3","Paid","Finance","Sanjay Gurung"
"BLD-100783","2023-09-19","Sick","8","Paid","Finance","Sanjay Gurung"
"BLD-100783","2024-12-26","Other","8","Unpaid","Finance","Sanjay Gurung"
"BLD-100783","2023-06-19","Sick","8","Paid","Finance","Sanjay Gurung"
"BLD-100783","2024-08-18","Sick","8","Paid","Finance","Sanjay Gurung"
"BLD-100783","2025-11-24","Unplanned","8","Unpaid","Finance","Sanjay Gurung"
"BLD-100783","2024-01-08","Sick","8","Paid","Finance","Sanjay Gurung"
"BLD-100783","2025-04-27","Unplanned","8","Unpaid","Finance","Sanjay Gurung"
"BLD-100783","2023-05-20","Sick","8","Paid","Finance","Sanjay Gurung"
"BLD-100783","2025-01-10","Late","1","Unpaid","Finance","Sanjay Gurung"
"BLD-100783","2024-09-04","Late","3","Unpaid","Finance","Sanjay Gurung"
"BLD-100783","2025-07-26","Sick","8","Paid","Finance","Sanjay Gurung"
"BLD-100783","2023-05-26","Unplanned","8","Paid","Finance","Sanjay Gurung"
"BLD-100783","2023-03-01","Unplanned","8","Unpaid","Finance","Sanjay Gurung"
"BLD-100784","2024-08-18","Sick","8","Paid","Corporate & Executive Office","Sameer Islam"
"BLD-100784","2024-06-02","Unplanned","8","Paid","Corporate & Executive Office","Sameer Islam"
"BLD-100784","2023-05-04","Sick","8","Paid","Corporate & Executive Office","Sameer Islam"
"BLD-100784","2023-05-26","Sick","8","Paid","Corporate & Executive Office","Sameer Islam"
"BLD-100784","2024-10-17","Late","3","Paid","Corporate & Executive Office","Sameer Islam"
"BLD-100784","2023-07-19","Late","1","Paid","Corporate & Executive Office","Sameer Islam"
"BLD-100786","2023-08-08","Unplanned","8","Paid","Production","Hari Abdullah"
"BLD-100786","2025-03-23","Sick","8","Paid","Production","Hari Abdullah"
"BLD-100786","2023-02-17","Sick","8","Paid","Production","Hari Abdullah"
"BLD-100786","2023-08-25","Sick","8","Paid","Production","Hari Abdullah"
"BLD-100786","2024-10-24","Sick","8","Paid","Production","Hari Abdullah"
"BLD-100786","2023-10-29","Unplanned","8","Paid","Production","Hari Abdullah"
"BLD-100786","2023-06-21","Sick","8","Paid","Production","Hari Abdullah"
"BLD-100786","2023-09-22","Sick","8","Paid","Production","Hari Abdullah"
"BLD-100786","2024-01-24","Other","8","Paid","Production","Hari Abdullah"
"BLD-100786","2023-02-11","Sick","8","Paid","Production","Hari Abdullah"
"BLD-100786","2025-10-06","Late","2","Unpaid","Production","Hari Abdullah"
"BLD-100787","2023-06-15","Other","8","Unpaid","Sales & Distribution","Khalid Cruz"
"BLD-100787","2023-08-18","Sick","8","Paid","Sales & Distribution","Khalid Cruz"
"BLD-100787","2023-06-13","Other","8","Unpaid","Sales & Distribution","Khalid Cruz"
"BLD-100788","2024-09-13","Sick","8","Paid","Production","Rania Al-Kuwari"
"BLD-100788","2024-06-30","Unplanned","8","Paid","Production","Rania Al-Kuwari"
"BLD-100788","2025-06-17","Sick","8","Paid","Production","Rania Al-Kuwari"
"BLD-100788","2024-02-15","Late","1","Unpaid","Production","Rania Al-Kuwari"
"BLD-100788","2023-09-05","Unplanned","8","Unpaid","Production","Rania Al-Kuwari"
"BLD-100788","2023-09-25","Unplanned","8","Unpaid","Production","Rania Al-Kuwari"
"BLD-100788","2023-12-24","Sick","8","Paid","Production","Rania Al-Kuwari"
"BLD-100788","2023-04-21","Sick","8","Paid","Production","Rania Al-Kuwari"
"BLD-100788","2023-03-26","Late","3","Paid","Production","Rania Al-Kuwari"
"BLD-100788","2024-06-21","Unplanned","8","Unpaid","Production","Rania Al-Kuwari"
"BLD-100788","2025-05-06","Unplanned","8","Paid","Production","Rania Al-Kuwari"
"BLD-100788","2024-03-10","Late","3","Unpaid","Production","Rania Al-Kuwari"
"BLD-100788","2023-09-24","Sick","8","Paid","Production","Rania Al-Kuwari"
"BLD-100789","2025-08-04","Unplanned","8","Unpaid","People & Culture","Mariam Khan"
"BLD-100789","2024-10-12","Sick","8","Paid","People & Culture","Mariam Khan"
"BLD-100789","2023-12-11","Sick","8","Paid","People & Culture","Mariam Khan"
"BLD-100789","2023-01-23","Sick","8","Paid","People & Culture","Mariam Khan"
"BLD-100789","2024-03-28","Unplanned","8","Unpaid","People & Culture","Mariam Khan"
"BLD-100790","2023-03-21","Sick","8","Paid","Engineering & Maintenance","Ahmed Ibrahim"
"BLD-100790","2023-03-31","Sick","8","Paid","Engineering & Maintenance","Ahmed Ibrahim"
"BLD-100790","2023-07-06","Unplanned","8","Unpaid","Engineering & Maintenance","Ahmed Ibrahim"
"BLD-100792","2024-05-15","Late","3","Unpaid","Quality Assurance & Food Safety","Krishna Islam"
"BLD-100792","2023-05-04","Sick","8","Paid","Quality Assurance & Food Safety","Krishna Islam"
"BLD-100792","2024-01-25","Unplanned","8","Unpaid","Quality Assurance & Food Safety","Krishna Islam"
"BLD-100792","2023-12-12","Sick","8","Paid","Quality Assurance & Food Safety","Krishna Islam"
"BLD-100792","2023-10-07","Late","1","Unpaid","Quality Assurance & Food Safety","Krishna Islam"
"BLD-100792","2023-06-14","Sick","8","Paid","Quality Assurance & Food Safety","Krishna Islam"
"BLD-100793","2023-08-21","Sick","8","Paid","Sales & Distribution","Prakash Pereira"
"BLD-100793","2025-07-09","Sick","8","Paid","Sales & Distribution","Prakash Pereira"
"BLD-100793","2023-05-26","Unplanned","8","Unpaid","Sales & Distribution","Prakash Pereira"
"BLD-100793","2023-04-06","Unplanned","8","Unpaid","Sales & Distribution","Prakash Pereira"
"BLD-100793","2025-02-09","Sick","8","Paid","Sales & Distribution","Prakash Pereira"
"BLD-100793","2024-06-18","Sick","8","Paid","Sales & Distribution","Prakash Pereira"
"BLD-100793","2025-01-02","Sick","8","Paid","Sales & Distribution","Prakash Pereira"
"BLD-100793","2024-11-10","Sick","8","Paid","Sales & Distribution","Prakash Pereira"
"BLD-100793","2024-11-15","Unplanned","8","Unpaid","Sales & Distribution","Prakash Pereira"
"BLD-100794","2023-04-25","Unplanned","8","Unpaid","Supply Chain & Logistics","Prakash Kapoor"
"BLD-100794","2024-11-02","Sick","8","Paid","Supply Chain & Logistics","Prakash Kapoor"
"BLD-100794","2024-07-27","Sick","8","Paid","Supply Chain & Logistics","Prakash Kapoor"
"BLD-100794","2025-07-06","Sick","8","Paid","Supply Chain & Logistics","Prakash Kapoor"
"BLD-100794","2023-07-03","Sick","8","Paid","Supply Chain & Logistics","Prakash Kapoor"
"BLD-100794","2024-10-30","Sick","8","Paid","Supply Chain & Logistics","Prakash Kapoor"
"BLD-100794","2024-11-28","Late","1","Unpaid","Supply Chain & Logistics","Prakash Kapoor"
"BLD-100794","2023-08-04","Sick","8","Paid","Supply Chain & Logistics","Prakash Kapoor"
"BLD-100794","2025-11-20","Unplanned","8","Unpaid","Supply Chain & Logistics","Prakash Kapoor"
"BLD-100795","2023-11-20","Unplanned","8","Paid","Finance","Vikram Abdullah"
"BLD-100795","2025-03-17","Sick","8","Paid","Finance","Vikram Abdullah"
"BLD-100795","2024-05-30","Unplanned","8","Unpaid","Finance","Vikram Abdullah"
"BLD-100795","2025-11-14","Unplanned","8","Unpaid","Finance","Vikram Abdullah"
"BLD-100795","2025-09-14","Sick","8","Paid","Finance","Vikram Abdullah"
"BLD-100795","2024-01-08","Sick","8","Paid","Finance","Vikram Abdullah"
"BLD-100796","2023-01-17","Unplanned","8","Paid","Procurement","Hari Hassan"
"BLD-100796","2023-06-21","Sick","8","Paid","Procurement","Hari Hassan"
"BLD-100796","2023-08-26","Sick","8","Paid","Procurement","Hari Hassan"
"BLD-100797","2025-04-07","Late","3","Unpaid","Quality Assurance & Food Safety","Ahmed Baig"
"BLD-100797","2024-09-09","Late","3","Unpaid","Quality Assurance & Food Safety","Ahmed Baig"
"BLD-100797","2024-04-10","Sick","8","Paid","Quality Assurance & Food Safety","Ahmed Baig"
"BLD-100797","2025-03-13","Late","1","Paid","Quality Assurance & Food Safety","Ahmed Baig"
"BLD-100797","2024-01-04","Sick","8","Paid","Quality Assurance & Food Safety","Ahmed Baig"
"BLD-100797","2023-07-08","Unplanned","8","Unpaid","Quality Assurance & Food Safety","Ahmed Baig"
"BLD-100797","2023-06-08","Sick","8","Paid","Quality Assurance & Food Safety","Ahmed Baig"
"BLD-100797","2023-01-12","Sick","8","Paid","Quality Assurance & Food Safety","Ahmed Baig"
"BLD-100798","2023-11-15","Sick","8","Paid","Supply Chain & Logistics","Prakash Gurung"
"BLD-100798","2023-08-09","Late","3","Unpaid","Supply Chain & Logistics","Prakash Gurung"
"BLD-100798","2024-04-14","Sick","8","Paid","Supply Chain & Logistics","Prakash Gurung"
"BLD-100798","2023-08-29","Late","2","Paid","Supply Chain & Logistics","Prakash Gurung"
"BLD-100798","2023-03-02","Sick","8","Paid","Supply Chain & Logistics","Prakash Gurung"
"BLD-100798","2024-06-20","Unplanned","8","Paid","Supply Chain & Logistics","Prakash Gurung"
"BLD-100798","2023-09-09","Sick","8","Paid","Supply Chain & Logistics","Prakash Gurung"
"BLD-100799","2024-10-19","Unplanned","8","Paid","Finance","Krishna Kapoor"
"BLD-100799","2025-01-23","Unplanned","8","Paid","Finance","Krishna Kapoor"
"BLD-100799","2025-11-26","Unplanned","8","Paid","Finance","Krishna Kapoor"
"BLD-100799","2024-10-11","Sick","8","Paid","Finance","Krishna Kapoor"
"BLD-100799","2023-11-10","Late","3","Unpaid","Finance","Krishna Kapoor"
"BLD-100799","2025-10-31","Sick","8","Paid","Finance","Krishna Kapoor"
"BLD-100799","2024-12-10","Late","1","Paid","Finance","Krishna Kapoor"
"BLD-100799","2023-07-11","Other","8","Paid","Finance","Krishna Kapoor"
"BLD-100800","2024-09-30","Other","8","Unpaid","Marketing","Manoj Fernandes"
"BLD-100800","2023-02-05","Other","8","Paid","Marketing","Manoj Fernandes"
"BLD-100800","2024-08-03","Late","1","Unpaid","Marketing","Manoj Fernandes"
"BLD-100800","2024-11-26","Unplanned","8","Unpaid","Marketing","Manoj Fernandes"
"BLD-100800","2023-04-03","Sick","8","Paid","Marketing","Manoj Fernandes"
"BLD-100800","2025-07-23","Late","2","Paid","Marketing","Manoj Fernandes"
"BLD-100800","2023-07-21","Unplanned","8","Unpaid","Marketing","Manoj Fernandes"
"BLD-100800","2025-02-08","Sick","8","Paid","Marketing","Manoj Fernandes"
"BLD-100800","2025-09-15","Sick","8","Paid","Marketing","Manoj Fernandes"
"BLD-100800","2023-10-20","Late","2","Unpaid","Marketing","Manoj Fernandes"
"BLD-100800","2024-08-29","Unplanned","8","Unpaid","Marketing","Manoj Fernandes"
"BLD-100800","2025-07-29","Sick","8","Paid","Marketing","Manoj Fernandes"
"BLD-100801","2023-04-05","Other","8","Unpaid","Finance","Prakash Ibrahim"
"BLD-100801","2023-09-16","Sick","8","Paid","Finance","Prakash Ibrahim"
"BLD-100801","2023-07-11","Sick","8","Paid","Finance","Prakash Ibrahim"
"BLD-100801","2023-08-15","Sick","8","Paid","Finance","Prakash Ibrahim"
"BLD-100801","2023-04-08","Unplanned","8","Paid","Finance","Prakash Ibrahim"
"BLD-100801","2023-01-12","Sick","8","Paid","Finance","Prakash Ibrahim"
"BLD-100802","2025-11-05","Sick","8","Paid","IT & Digital","Juan Al-Sayed"
"BLD-100802","2024-07-31","Sick","8","Paid","IT & Digital","Juan Al-Sayed"
"BLD-100802","2025-12-25","Sick","8","Paid","IT & Digital","Juan Al-Sayed"
"BLD-100802","2023-12-17","Other","8","Paid","IT & Digital","Juan Al-Sayed"
"BLD-100802","2025-04-17","Other","8","Unpaid","IT & Digital","Juan Al-Sayed"
"BLD-100802","2024-08-16","Sick","8","Paid","IT & Digital","Juan Al-Sayed"
"BLD-100802","2025-09-16","Sick","8","Paid","IT & Digital","Juan Al-Sayed"
"BLD-100802","2025-11-18","Sick","8","Paid","IT & Digital","Juan Al-Sayed"
"BLD-100802","2025-12-14","Sick","8","Paid","IT & Digital","Juan Al-Sayed"
"BLD-100802","2024-04-17","Late","2","Unpaid","IT & Digital","Juan Al-Sayed"
"BLD-100803","2023-05-26","Sick","8","Paid","Sales & Distribution","Anil Al-Kuwari"
"BLD-100803","2023-05-27","Unplanned","8","Unpaid","Sales & Distribution","Anil Al-Kuwari"
"BLD-100803","2024-02-15","Unplanned","8","Unpaid","Sales & Distribution","Anil Al-Kuwari"
"BLD-100803","2024-02-13","Unplanned","8","Paid","Sales & Distribution","Anil Al-Kuwari"
"BLD-100803","2024-10-20","Sick","8","Paid","Sales & Distribution","Anil Al-Kuwari"
"BLD-100803","2023-09-29","Other","8","Unpaid","Sales & Distribution","Anil Al-Kuwari"
"BLD-100803","2024-04-21","Sick","8","Paid","Sales & Distribution","Anil Al-Kuwari"
"BLD-100804","2024-12-11","Unplanned","8","Paid","Sales & Distribution","Huda Abdullah"
"BLD-100804","2024-12-16","Sick","8","Paid","Sales & Distribution","Huda Abdullah"
"BLD-100804","2024-09-15","Late","3","Unpaid","Sales & Distribution","Huda Abdullah"
"BLD-100804","2023-05-08","Other","8","Unpaid","Sales & Distribution","Huda Abdullah"
"BLD-100804","2024-06-15","Other","8","Paid","Sales & Distribution","Huda Abdullah"
"BLD-100804","2024-02-08","Sick","8","Paid","Sales & Distribution","Huda Abdullah"
"BLD-100805","2023-02-23","Other","8","Unpaid","Quality Assurance & Food Safety","Sameer Al-Marri"
"BLD-100805","2023-08-18","Unplanned","8","Unpaid","Quality Assurance & Food Safety","Sameer Al-Marri"
"BLD-100806","2023-09-04","Late","2","Unpaid","Finance","Waleed Gurung"
"BLD-100806","2025-09-19","Sick","8","Paid","Finance","Waleed Gurung"
"BLD-100806","2025-02-25","Unplanned","8","Paid","Finance","Waleed Gurung"
"BLD-100807","2023-06-18","Sick","8","Paid","Production","Lubna Devi"
"BLD-100807","2023-03-25","Sick","8","Paid","Production","Lubna Devi"
"BLD-100807","2023-09-08","Unplanned","8","Paid","Production","Lubna Devi"
"BLD-100807","2023-09-24","Late","3","Unpaid","Production","Lubna Devi"
"BLD-100807","2024-01-22","Unplanned","8","Paid","Production","Lubna Devi"
"BLD-100807","2024-01-31","Unplanned","8","Unpaid","Production","Lubna Devi"
"BLD-100807","2024-04-08","Sick","8","Paid","Production","Lubna Devi"
"BLD-100807","2023-01-20","Unplanned","8","Unpaid","Production","Lubna Devi"
"BLD-100807","2023-08-12","Unplanned","8","Unpaid","Production","Lubna Devi"
"BLD-100807","2023-10-25","Sick","8","Paid","Production","Lubna Devi"
"BLD-100809","2025-03-07","Sick","8","Paid","Marketing","Aisha Thapa"
"BLD-100809","2024-07-06","Sick","8","Paid","Marketing","Aisha Thapa"
"BLD-100809","2025-06-16","Sick","8","Paid","Marketing","Aisha Thapa"
"BLD-100809","2024-05-23","Unplanned","8","Unpaid","Marketing","Aisha Thapa"
"BLD-100809","2025-10-23","Late","3","Paid","Marketing","Aisha Thapa"
"BLD-100809","2024-01-12","Late","1","Paid","Marketing","Aisha Thapa"
"BLD-100809","2023-12-09","Sick","8","Paid","Marketing","Aisha Thapa"
"BLD-100809","2024-01-16","Unplanned","8","Paid","Marketing","Aisha Thapa"
"BLD-100809","2025-07-27","Unplanned","8","Unpaid","Marketing","Aisha Thapa"
"BLD-100809","2023-07-13","Sick","8","Paid","Marketing","Aisha Thapa"
"BLD-100809","2025-01-19","Unplanned","8","Unpaid","Marketing","Aisha Thapa"
"BLD-100809","2025-03-02","Sick","8","Paid","Marketing","Aisha Thapa"
"BLD-100809","2025-11-26","Sick","8","Paid","Marketing","Aisha Thapa"
"BLD-100809","2023-06-09","Late","2","Unpaid","Marketing","Aisha Thapa"
"BLD-100809","2023-04-22","Sick","8","Paid","Marketing","Aisha Thapa"
"BLD-100809","2025-05-19","Unplanned","8","Unpaid","Marketing","Aisha Thapa"
"BLD-100809","2024-02-01","Sick","8","Paid","Marketing","Aisha Thapa"
"BLD-100809","2025-03-04","Unplanned","8","Paid","Marketing","Aisha Thapa"
"BLD-100809","2023-06-04","Unplanned","8","Unpaid","Marketing","Aisha Thapa"
"BLD-100809","2025-02-26","Late","1","Paid","Marketing","Aisha Thapa"
"BLD-100809","2024-10-23","Other","8","Unpaid","Marketing","Aisha Thapa"
"BLD-100809","2025-09-12","Other","8","Unpaid","Marketing","Aisha Thapa"
"BLD-100810","2025-08-16","Unplanned","8","Unpaid","Farm Operations","Anil Fernandes"
"BLD-100811","2023-01-23","Sick","8","Paid","Marketing","Layla Chowdhury"
"BLD-100811","2024-01-22","Sick","8","Paid","Marketing","Layla Chowdhury"
"BLD-100811","2023-02-16","Other","8","Paid","Marketing","Layla Chowdhury"
"BLD-100811","2024-06-04","Sick","8","Paid","Marketing","Layla Chowdhury"
"BLD-100811","2023-12-22","Other","8","Paid","Marketing","Layla Chowdhury"
"BLD-100811","2024-08-14","Sick","8","Paid","Marketing","Layla Chowdhury"
"BLD-100811","2024-12-09","Sick","8","Paid","Marketing","Layla Chowdhury"
"BLD-100811","2024-01-10","Unplanned","8","Unpaid","Marketing","Layla Chowdhury"
"BLD-100811","2025-02-24","Sick","8","Paid","Marketing","Layla Chowdhury"
"BLD-100811","2023-05-16","Unplanned","8","Unpaid","Marketing","Layla Chowdhury"
"BLD-100811","2025-12-15","Sick","8","Paid","Marketing","Layla Chowdhury"
"BLD-100811","2024-03-07","Sick","8","Paid","Marketing","Layla Chowdhury"
"BLD-100811","2024-03-19","Late","2","Unpaid","Marketing","Layla Chowdhury"
"BLD-100811","2025-03-30","Sick","8","Paid","Marketing","Layla Chowdhury"
"BLD-100811","2023-01-01","Sick","8","Paid","Marketing","Layla Chowdhury"
"BLD-100811","2023-07-12","Late","3","Paid","Marketing","Layla Chowdhury"
"BLD-100812","2023-07-28","Other","8","Paid","Quality Assurance & Food Safety","Kumar Mansour"
"BLD-100812","2024-06-01","Unplanned","8","Unpaid","Quality Assurance & Food Safety","Kumar Mansour"
"BLD-100812","2024-11-03","Unplanned","8","Unpaid","Quality Assurance & Food Safety","Kumar Mansour"
"BLD-100812","2024-03-31","Sick","8","Paid","Quality Assurance & Food Safety","Kumar Mansour"
"BLD-100812","2024-05-09","Late","3","Paid","Quality Assurance & Food Safety","Kumar Mansour"
"BLD-100812","2023-09-23","Sick","8","Paid","Quality Assurance & Food Safety","Kumar Mansour"
"BLD-100812","2023-08-14","Sick","8","Paid","Quality Assurance & Food Safety","Kumar Mansour"
"BLD-100812","2024-05-09","Sick","8","Paid","Quality Assurance & Food Safety","Kumar Mansour"
"BLD-100812","2023-11-20","Sick","8","Paid","Quality Assurance & Food Safety","Kumar Mansour"
"BLD-100813","2023-02-16","Unplanned","8","Paid","R&D","Suresh Reyes"
"BLD-100813","2024-02-09","Sick","8","Paid","R&D","Suresh Reyes"
"BLD-100813","2023-03-15","Unplanned","8","Unpaid","R&D","Suresh Reyes"
"BLD-100813","2023-05-11","Unplanned","8","Paid","R&D","Suresh Reyes"
"BLD-100813","2023-07-05","Sick","8","Paid","R&D","Suresh Reyes"
"BLD-100813","2024-04-24","Unplanned","8","Unpaid","R&D","Suresh Reyes"
"BLD-100813","2023-02-09","Sick","8","Paid","R&D","Suresh Reyes"
"BLD-100814","2025-07-15","Unplanned","8","Unpaid","Procurement","Arjun Khan"
"BLD-100814","2025-03-18","Sick","8","Paid","Procurement","Arjun Khan"
"BLD-100814","2025-10-11","Unplanned","8","Paid","Procurement","Arjun Khan"
"BLD-100815","2025-10-09","Sick","8","Paid","Farm Operations","Ahmed El-Sayed"
"BLD-100815","2023-01-19","Unplanned","8","Unpaid","Farm Operations","Ahmed El-Sayed"
"BLD-100815","2025-04-09","Sick","8","Paid","Farm Operations","Ahmed El-Sayed"
"BLD-100815","2024-06-19","Unplanned","8","Paid","Farm Operations","Ahmed El-Sayed"
"BLD-100815","2023-07-14","Unplanned","8","Unpaid","Farm Operations","Ahmed El-Sayed"
"BLD-100815","2023-04-02","Sick","8","Paid","Farm Operations","Ahmed El-Sayed"
"BLD-100815","2024-12-24","Unplanned","8","Unpaid","Farm Operations","Ahmed El-Sayed"
"BLD-100815","2025-12-03","Late","3","Paid","Farm Operations","Ahmed El-Sayed"
"BLD-100815","2024-01-10","Sick","8","Paid","Farm Operations","Ahmed El-Sayed"
"BLD-100816","2025-03-26","Late","3","Unpaid","IT & Digital","Jose Chowdhury"
"BLD-100816","2023-05-01","Unplanned","8","Unpaid","IT & Digital","Jose Chowdhury"
"BLD-100816","2023-04-08","Unplanned","8","Unpaid","IT & Digital","Jose Chowdhury"
"BLD-100816","2024-01-08","Unplanned","8","Unpaid","IT & Digital","Jose Chowdhury"
"BLD-100816","2023-08-22","Sick","8","Paid","IT & Digital","Jose Chowdhury"
"BLD-100816","2025-02-12","Sick","8","Paid","IT & Digital","Jose Chowdhury"
"BLD-100816","2024-01-29","Unplanned","8","Paid","IT & Digital","Jose Chowdhury"
"BLD-100816","2024-08-12","Sick","8","Paid","IT & Digital","Jose Chowdhury"
"BLD-100816","2023-03-20","Late","3","Unpaid","IT & Digital","Jose Chowdhury"
"BLD-100816","2025-11-16","Other","8","Unpaid","IT & Digital","Jose Chowdhury"
"BLD-100816","2025-05-12","Sick","8","Paid","IT & Digital","Jose Chowdhury"
"BLD-100816","2024-11-21","Late","2","Unpaid","IT & Digital","Jose Chowdhury"
"BLD-100816","2025-06-18","Late","1","Unpaid","IT & Digital","Jose Chowdhury"
"BLD-100816","2023-03-08","Other","8","Unpaid","IT & Digital","Jose Chowdhury"
"BLD-100816","2024-03-16","Late","2","Paid","IT & Digital","Jose Chowdhury"
"BLD-100816","2025-10-30","Late","3","Unpaid","IT & Digital","Jose Chowdhury"
"BLD-100816","2024-02-28","Late","3","Unpaid","IT & Digital","Jose Chowdhury"
"BLD-100816","2025-06-27","Late","1","Unpaid","IT & Digital","Jose Chowdhury"
"BLD-100816","2023-11-22","Sick","8","Paid","IT & Digital","Jose Chowdhury"
"BLD-100816","2025-03-11","Unplanned","8","Unpaid","IT & Digital","Jose Chowdhury"
"BLD-100816","2025-06-29","Sick","8","Paid","IT & Digital","Jose Chowdhury"
"BLD-100816","2025-08-02","Unplanned","8","Unpaid","IT & Digital","Jose Chowdhury"
"BLD-100816","2024-11-05","Late","1","Unpaid","IT & Digital","Jose Chowdhury"
"BLD-100817","2024-07-30","Unplanned","8","Unpaid","IT & Digital","Rania Iqbal"
"BLD-100817","2025-02-27","Sick","8","Paid","IT & Digital","Rania Iqbal"
"BLD-100817","2023-02-28","Unplanned","8","Paid","IT & Digital","Rania Iqbal"
"BLD-100817","2024-11-04","Unplanned","8","Unpaid","IT & Digital","Rania Iqbal"
"BLD-100817","2024-04-09","Sick","8","Paid","IT & Digital","Rania Iqbal"
"BLD-100817","2023-10-23","Sick","8","Paid","IT & Digital","Rania Iqbal"
"BLD-100817","2023-07-04","Sick","8","Paid","IT & Digital","Rania Iqbal"
"BLD-100817","2024-11-05","Sick","8","Paid","IT & Digital","Rania Iqbal"
"BLD-100817","2025-04-02","Sick","8","Paid","IT & Digital","Rania Iqbal"
"BLD-100817","2024-02-16","Late","3","Paid","IT & Digital","Rania Iqbal"
"BLD-100817","2023-11-10","Late","1","Unpaid","IT & Digital","Rania Iqbal"
"BLD-100817","2023-06-10","Sick","8","Paid","IT & Digital","Rania Iqbal"
"BLD-100818","2024-03-13","Late","2","Paid","IT & Digital","Anita Fernandes"
"BLD-100818","2023-11-26","Sick","8","Paid","IT & Digital","Anita Fernandes"
"BLD-100819","2023-01-10","Unplanned","8","Unpaid","Production","Deepak Mahmoud"
"BLD-100819","2023-01-31","Sick","8","Paid","Production","Deepak Mahmoud"
"BLD-100819","2023-06-20","Sick","8","Paid","Production","Deepak Mahmoud"
"BLD-100819","2023-11-11","Late","3","Unpaid","Production","Deepak Mahmoud"
"BLD-100819","2024-01-31","Sick","8","Paid","Production","Deepak Mahmoud"
"BLD-100820","2024-08-05","Late","1","Unpaid","Finance","Mariam Chowdhury"
"BLD-100820","2023-04-08","Late","1","Unpaid","Finance","Mariam Chowdhury"
"BLD-100820","2024-12-16","Other","8","Unpaid","Finance","Mariam Chowdhury"
"BLD-100820","2024-06-30","Unplanned","8","Paid","Finance","Mariam Chowdhury"
"BLD-100820","2025-12-21","Late","1","Paid","Finance","Mariam Chowdhury"
"BLD-100821","2024-08-02","Sick","8","Paid","Quality Assurance & Food Safety","Juan Al-Marri"
"BLD-100821","2025-10-22","Late","2","Unpaid","Quality Assurance & Food Safety","Juan Al-Marri"
"BLD-100821","2024-10-13","Sick","8","Paid","Quality Assurance & Food Safety","Juan Al-Marri"
"BLD-100821","2025-07-29","Late","1","Unpaid","Quality Assurance & Food Safety","Juan Al-Marri"
"BLD-100821","2025-04-29","Late","2","Unpaid","Quality Assurance & Food Safety","Juan Al-Marri"
"BLD-100821","2023-07-20","Unplanned","8","Unpaid","Quality Assurance & Food Safety","Juan Al-Marri"
"BLD-100821","2023-05-03","Late","3","Paid","Quality Assurance & Food Safety","Juan Al-Marri"
"BLD-100821","2023-04-11","Sick","8","Paid","Quality Assurance & Food Safety","Juan Al-Marri"
"BLD-100821","2023-11-05","Sick","8","Paid","Quality Assurance & Food Safety","Juan Al-Marri"
"BLD-100821","2023-10-03","Unplanned","8","Unpaid","Quality Assurance & Food Safety","Juan Al-Marri"
"BLD-100821","2025-10-13","Unplanned","8","Paid","Quality Assurance & Food Safety","Juan Al-Marri"
"BLD-100821","2023-06-19","Sick","8","Paid","Quality Assurance & Food Safety","Juan Al-Marri"
"BLD-100821","2025-09-11","Late","3","Paid","Quality Assurance & Food Safety","Juan Al-Marri"
"BLD-100821","2023-11-07","Late","3","Unpaid","Quality Assurance & Food Safety","Juan Al-Marri"
"BLD-100821","2023-06-17","Sick","8","Paid","Quality Assurance & Food Safety","Juan Al-Marri"
"BLD-100821","2025-12-12","Sick","8","Paid","Quality Assurance & Food Safety","Juan Al-Marri"
"BLD-100822","2024-05-14","Other","8","Paid","Procurement","Juan Malik"
"BLD-100822","2023-04-08","Late","3","Paid","Procurement","Juan Malik"
"BLD-100822","2023-01-11","Late","3","Paid","Procurement","Juan Malik"
"BLD-100822","2023-04-09","Late","1","Paid","Procurement","Juan Malik"
"BLD-100822","2023-03-06","Other","8","Unpaid","Procurement","Juan Malik"
"BLD-100823","2023-01-18","Unplanned","8","Unpaid","Quality Assurance & Food Safety","Reem Mahmoud"
"BLD-100824","2023-08-30","Sick","8","Paid","Farm Operations","Yousef Al-Attiyah"
"BLD-100824","2023-11-06","Unplanned","8","Unpaid","Farm Operations","Yousef Al-Attiyah"
"BLD-100824","2024-07-30","Sick","8","Paid","Farm Operations","Yousef Al-Attiyah"
"BLD-100824","2024-09-12","Late","2","Unpaid","Farm Operations","Yousef Al-Attiyah"
"BLD-100824","2025-01-04","Other","8","Paid","Farm Operations","Yousef Al-Attiyah"
"BLD-100824","2023-01-12","Unplanned","8","Paid","Farm Operations","Yousef Al-Attiyah"
"BLD-100824","2023-08-02","Sick","8","Paid","Farm Operations","Yousef Al-Attiyah"
"BLD-100824","2024-10-26","Sick","8","Paid","Farm Operations","Yousef Al-Attiyah"
"BLD-100824","2024-09-10","Late","1","Unpaid","Farm Operations","Yousef Al-Attiyah"
"BLD-100824","2023-09-25","Unplanned","8","Paid","Farm Operations","Yousef Al-Attiyah"
"BLD-100824","2025-02-15","Sick","8","Paid","Farm Operations","Yousef Al-Attiyah"
"BLD-100824","2023-08-31","Unplanned","8","Unpaid","Farm Operations","Yousef Al-Attiyah"
"BLD-100825","2023-04-28","Late","1","Paid","Engineering & Maintenance","Hassan Kapoor"
"BLD-100825","2025-09-20","Late","2","Unpaid","Engineering & Maintenance","Hassan Kapoor"
"BLD-100825","2024-10-28","Late","2","Unpaid","Engineering & Maintenance","Hassan Kapoor"
"BLD-100825","2023-09-19","Unplanned","8","Unpaid","Engineering & Maintenance","Hassan Kapoor"
"BLD-100825","2023-08-06","Unplanned","8","Paid","Engineering & Maintenance","Hassan Kapoor"
"BLD-100825","2025-07-26","Sick","8","Paid","Engineering & Maintenance","Hassan Kapoor"
"BLD-100825","2025-07-23","Unplanned","8","Unpaid","Engineering & Maintenance","Hassan Kapoor"
"BLD-100825","2025-08-20","Sick","8","Paid","Engineering & Maintenance","Hassan Kapoor"
"BLD-100825","2023-04-04","Late","2","Unpaid","Engineering & Maintenance","Hassan Kapoor"
"BLD-100825","2023-03-31","Sick","8","Paid","Engineering & Maintenance","Hassan Kapoor"
"BLD-100825","2024-02-18","Late","2","Unpaid","Engineering & Maintenance","Hassan Kapoor"
"BLD-100825","2025-05-11","Unplanned","8","Paid","Engineering & Maintenance","Hassan Kapoor"
"BLD-100825","2024-06-22","Sick","8","Paid","Engineering & Maintenance","Hassan Kapoor"
"BLD-100826","2024-03-27","Unplanned","8","Unpaid","Production","Ravi Farouk"
"BLD-100826","2023-09-24","Late","3","Unpaid","Production","Ravi Farouk"
"BLD-100826","2023-03-16","Unplanned","8","Unpaid","Production","Ravi Farouk"
"BLD-100826","2025-05-01","Sick","8","Paid","Production","Ravi Farouk"
"BLD-100826","2024-04-22","Unplanned","8","Unpaid","Production","Ravi Farouk"
"BLD-100826","2023-03-19","Sick","8","Paid","Production","Ravi Farouk"
"BLD-100826","2025-10-10","Sick","8","Paid","Production","Ravi Farouk"
"BLD-100827","2025-11-11","Late","3","Unpaid","Corporate & Executive Office","Arjun Cruz"
"BLD-100827","2025-03-26","Unplanned","8","Unpaid","Corporate & Executive Office","Arjun Cruz"
"BLD-100827","2023-07-03","Sick","8","Paid","Corporate & Executive Office","Arjun Cruz"
"BLD-100827","2025-01-10","Sick","8","Paid","Corporate & Executive Office","Arjun Cruz"
"BLD-100827","2025-04-01","Sick","8","Paid","Corporate & Executive Office","Arjun Cruz"
"BLD-100827","2023-04-01","Late","1","Unpaid","Corporate & Executive Office","Arjun Cruz"
"BLD-100827","2025-11-02","Sick","8","Paid","Corporate & Executive Office","Arjun Cruz"
"BLD-100827","2024-09-30","Unplanned","8","Paid","Corporate & Executive Office","Arjun Cruz"
"BLD-100827","2024-09-18","Unplanned","8","Paid","Corporate & Executive Office","Arjun Cruz"
"BLD-100827","2023-01-16","Sick","8","Paid","Corporate & Executive Office","Arjun Cruz"
"BLD-100827","2025-10-29","Late","3","Unpaid","Corporate & Executive Office","Arjun Cruz"
"BLD-100827","2025-09-09","Sick","8","Paid","Corporate & Executive Office","Arjun Cruz"
"BLD-100827","2024-07-28","Other","8","Paid","Corporate & Executive Office","Arjun Cruz"
"BLD-100827","2023-10-13","Sick","8","Paid","Corporate & Executive Office","Arjun Cruz"
"BLD-100828","2024-02-27","Sick","8","Paid","Farm Operations","Ali Mansour"
"BLD-100828","2023-11-07","Late","2","Paid","Farm Operations","Ali Mansour"
"BLD-100828","2023-05-22","Other","8","Unpaid","Farm Operations","Ali Mansour"
"BLD-100828","2024-01-13","Late","3","Paid","Farm Operations","Ali Mansour"
"BLD-100828","2023-10-19","Sick","8","Paid","Farm Operations","Ali Mansour"
"BLD-100828","2023-08-18","Unplanned","8","Unpaid","Farm Operations","Ali Mansour"
"BLD-100828","2023-06-22","Sick","8","Paid","Farm Operations","Ali Mansour"
"BLD-100828","2024-02-26","Sick","8","Paid","Farm Operations","Ali Mansour"
"BLD-100829","2024-03-29","Sick","8","Paid","Marketing","Manoj Fernandes"
"BLD-100829","2023-08-08","Sick","8","Paid","Marketing","Manoj Fernandes"
"BLD-100829","2023-09-06","Unplanned","8","Unpaid","Marketing","Manoj Fernandes"
"BLD-100829","2023-12-11","Sick","8","Paid","Marketing","Manoj Fernandes"
"BLD-100829","2023-09-24","Sick","8","Paid","Marketing","Manoj Fernandes"
"BLD-100829","2023-02-06","Late","3","Paid","Marketing","Manoj Fernandes"
"BLD-100829","2024-06-20","Unplanned","8","Unpaid","Marketing","Manoj Fernandes"
"BLD-100829","2023-04-22","Unplanned","8","Unpaid","Marketing","Manoj Fernandes"
"BLD-100831","2024-06-11","Unplanned","8","Paid","Sales & Distribution","Sunita Al-Marri"
"BLD-100831","2023-01-19","Late","3","Unpaid","Sales & Distribution","Sunita Al-Marri"
"BLD-100831","2023-01-23","Late","3","Paid","Sales & Distribution","Sunita Al-Marri"
"BLD-100831","2025-11-04","Unplanned","8","Unpaid","Sales & Distribution","Sunita Al-Marri"
"BLD-100831","2024-10-09","Late","1","Paid","Sales & Distribution","Sunita Al-Marri"
"BLD-100831","2024-06-23","Unplanned","8","Unpaid","Sales & Distribution","Sunita Al-Marri"
"BLD-100832","2024-12-01","Sick","8","Paid","Farm Operations","Santosh El-Sayed"
"BLD-100832","2023-03-19","Sick","8","Paid","Farm Operations","Santosh El-Sayed"
"BLD-100832","2024-10-08","Sick","8","Paid","Farm Operations","Santosh El-Sayed"
"BLD-100833","2024-06-05","Unplanned","8","Paid","Corporate & Executive Office","Aisha Farouk"
"BLD-100833","2025-02-12","Sick","8","Paid","Corporate & Executive Office","Aisha Farouk"
"BLD-100833","2023-02-06","Sick","8","Paid","Corporate & Executive Office","Aisha Farouk"
"BLD-100833","2023-03-16","Other","8","Unpaid","Corporate & Executive Office","Aisha Farouk"
"BLD-100833","2024-08-19","Unplanned","8","Unpaid","Corporate & Executive Office","Aisha Farouk"
"BLD-100833","2024-10-05","Late","2","Unpaid","Corporate & Executive Office","Aisha Farouk"
"BLD-100833","2023-07-13","Late","2","Paid","Corporate & Executive Office","Aisha Farouk"
"BLD-100833","2025-12-31","Unplanned","8","Unpaid","Corporate & Executive Office","Aisha Farouk"
"BLD-100833","2025-09-14","Unplanned","8","Paid","Corporate & Executive Office","Aisha Farouk"
"BLD-100833","2025-07-23","Late","1","Unpaid","Corporate & Executive Office","Aisha Farouk"
"BLD-100833","2024-03-26","Sick","8","Paid","Corporate & Executive Office","Aisha Farouk"
"BLD-100833","2025-08-15","Sick","8","Paid","Corporate & Executive Office","Aisha Farouk"
"BLD-100834","2024-01-22","Late","2","Unpaid","Supply Chain & Logistics","Kumar Thapa"
"BLD-100834","2023-01-02","Sick","8","Paid","Supply Chain & Logistics","Kumar Thapa"
"BLD-100834","2024-06-26","Unplanned","8","Unpaid","Supply Chain & Logistics","Kumar Thapa"
"BLD-100834","2024-05-09","Unplanned","8","Paid","Supply Chain & Logistics","Kumar Thapa"
"BLD-100834","2025-01-19","Sick","8","Paid","Supply Chain & Logistics","Kumar Thapa"
"BLD-100834","2025-12-06","Unplanned","8","Unpaid","Supply Chain & Logistics","Kumar Thapa"
"BLD-100834","2025-12-03","Sick","8","Paid","Supply Chain & Logistics","Kumar Thapa"
"BLD-100834","2025-01-04","Sick","8","Paid","Supply Chain & Logistics","Kumar Thapa"
"BLD-100834","2024-08-09","Late","2","Unpaid","Supply Chain & Logistics","Kumar Thapa"
"BLD-100834","2023-11-12","Sick","8","Paid","Supply Chain & Logistics","Kumar Thapa"
"BLD-100834","2023-09-11","Sick","8","Paid","Supply Chain & Logistics","Kumar Thapa"
"BLD-100834","2023-04-26","Unplanned","8","Unpaid","Supply Chain & Logistics","Kumar Thapa"
"BLD-100834","2023-07-10","Unplanned","8","Unpaid","Supply Chain & Logistics","Kumar Thapa"
"BLD-100834","2025-12-31","Late","1","Unpaid","Supply Chain & Logistics","Kumar Thapa"
"BLD-100835","2023-03-11","Unplanned","8","Unpaid","Production","Mohamed Baig"
"BLD-100835","2025-12-07","Sick","8","Paid","Production","Mohamed Baig"
"BLD-100835","2025-05-04","Sick","8","Paid","Production","Mohamed Baig"
"BLD-100835","2025-10-19","Sick","8","Paid","Production","Mohamed Baig"
"BLD-100835","2025-01-12","Sick","8","Paid","Production","Mohamed Baig"
"BLD-100835","2023-01-19","Sick","8","Paid","Production","Mohamed Baig"
"BLD-100836","2023-04-22","Unplanned","8","Paid","Finance","Arjun Cruz"
"BLD-100836","2023-05-29","Sick","8","Paid","Finance","Arjun Cruz"
"BLD-100836","2023-09-02","Unplanned","8","Unpaid","Finance","Arjun Cruz"
"BLD-100836","2023-04-15","Unplanned","8","Unpaid","Finance","Arjun Cruz"
"BLD-100836","2023-08-13","Sick","8","Paid","Finance","Arjun Cruz"
"BLD-100837","2023-06-24","Sick","8","Paid","Supply Chain & Logistics","Priya Farouk"
"BLD-100837","2023-05-24","Sick","8","Paid","Supply Chain & Logistics","Priya Farouk"
"BLD-100838","2023-06-05","Unplanned","8","Unpaid","Farm Operations","Tariq Pereira"
"BLD-100838","2024-11-12","Sick","8","Paid","Farm Operations","Tariq Pereira"
"BLD-100838","2023-08-14","Late","1","Unpaid","Farm Operations","Tariq Pereira"
"BLD-100838","2023-07-25","Sick","8","Paid","Farm Operations","Tariq Pereira"
"BLD-100838","2024-08-18","Sick","8","Paid","Farm Operations","Tariq Pereira"
"BLD-100838","2025-04-15","Unplanned","8","Unpaid","Farm Operations","Tariq Pereira"
"BLD-100838","2025-10-21","Other","8","Unpaid","Farm Operations","Tariq Pereira"
"BLD-100838","2025-11-18","Unplanned","8","Unpaid","Farm Operations","Tariq Pereira"
"BLD-100838","2024-10-30","Unplanned","8","Paid","Farm Operations","Tariq Pereira"
"BLD-100838","2023-11-26","Unplanned","8","Unpaid","Farm Operations","Tariq Pereira"
"BLD-100838","2025-10-29","Sick","8","Paid","Farm Operations","Tariq Pereira"
"BLD-100838","2023-01-19","Unplanned","8","Unpaid","Farm Operations","Tariq Pereira"
"BLD-100838","2024-06-04","Sick","8","Paid","Farm Operations","Tariq Pereira"
"BLD-100838","2023-10-06","Late","2","Unpaid","Farm Operations","Tariq Pereira"
"BLD-100838","2023-05-26","Sick","8","Paid","Farm Operations","Tariq Pereira"
"BLD-100838","2023-01-13","Unplanned","8","Paid","Farm Operations","Tariq Pereira"
"BLD-100838","2024-01-10","Unplanned","8","Unpaid","Farm Operations","Tariq Pereira"
"BLD-100838","2023-01-30","Sick","8","Paid","Farm Operations","Tariq Pereira"
"BLD-100838","2025-04-22","Other","8","Unpaid","Farm Operations","Tariq Pereira"
"BLD-100838","2024-02-10","Late","3","Unpaid","Farm Operations","Tariq Pereira"
"BLD-100838","2023-11-11","Late","3","Unpaid","Farm Operations","Tariq Pereira"
"BLD-100838","2023-10-21","Unplanned","8","Unpaid","Farm Operations","Tariq Pereira"
"BLD-100838","2024-01-25","Sick","8","Paid","Farm Operations","Tariq Pereira"
"BLD-100838","2025-04-28","Unplanned","8","Unpaid","Farm Operations","Tariq Pereira"
"BLD-100838","2024-01-09","Sick","8","Paid","Farm Operations","Tariq Pereira"
"BLD-100838","2023-07-15","Sick","8","Paid","Farm Operations","Tariq Pereira"
"BLD-100838","2024-02-03","Sick","8","Paid","Farm Operations","Tariq Pereira"
"BLD-100839","2025-12-29","Late","3","Unpaid","People & Culture","Noor Mahmoud"
"BLD-100839","2024-07-31","Sick","8","Paid","People & Culture","Noor Mahmoud"
"BLD-100839","2023-09-19","Unplanned","8","Paid","People & Culture","Noor Mahmoud"
"BLD-100839","2024-11-11","Late","1","Paid","People & Culture","Noor Mahmoud"
"BLD-100839","2024-08-28","Sick","8","Paid","People & Culture","Noor Mahmoud"
"BLD-100839","2024-08-04","Late","1","Paid","People & Culture","Noor Mahmoud"
"BLD-100839","2025-03-01","Sick","8","Paid","People & Culture","Noor Mahmoud"
"BLD-100839","2025-09-21","Other","8","Unpaid","People & Culture","Noor Mahmoud"
"BLD-100839","2023-01-16","Sick","8","Paid","People & Culture","Noor Mahmoud"
"BLD-100839","2023-05-08","Late","2","Paid","People & Culture","Noor Mahmoud"
"BLD-100839","2023-03-27","Late","2","Unpaid","People & Culture","Noor Mahmoud"
"BLD-100839","2025-09-21","Late","3","Unpaid","People & Culture","Noor Mahmoud"
"BLD-100840","2024-09-05","Unplanned","8","Unpaid","Quality Assurance & Food Safety","Pooja Mansour"
"BLD-100840","2023-04-29","Unplanned","8","Unpaid","Quality Assurance & Food Safety","Pooja Mansour"
"BLD-100840","2025-12-23","Unplanned","8","Paid","Quality Assurance & Food Safety","Pooja Mansour"
"BLD-100840","2024-06-09","Other","8","Paid","Quality Assurance & Food Safety","Pooja Mansour"
"BLD-100840","2023-12-29","Unplanned","8","Unpaid","Quality Assurance & Food Safety","Pooja Mansour"
"BLD-100840","2023-09-10","Late","3","Paid","Quality Assurance & Food Safety","Pooja Mansour"
"BLD-100840","2024-05-17","Unplanned","8","Paid","Quality Assurance & Food Safety","Pooja Mansour"
"BLD-100840","2024-01-25","Unplanned","8","Paid","Quality Assurance & Food Safety","Pooja Mansour"
"BLD-100840","2023-09-21","Other","8","Unpaid","Quality Assurance & Food Safety","Pooja Mansour"
"BLD-100840","2023-03-12","Unplanned","8","Paid","Quality Assurance & Food Safety","Pooja Mansour"
"BLD-100840","2025-02-12","Unplanned","8","Unpaid","Quality Assurance & Food Safety","Pooja Mansour"
"BLD-100840","2025-12-19","Sick","8","Paid","Quality Assurance & Food Safety","Pooja Mansour"
"BLD-100840","2025-04-21","Unplanned","8","Unpaid","Quality Assurance & Food Safety","Pooja Mansour"
"BLD-100840","2023-07-10","Sick","8","Paid","Quality Assurance & Food Safety","Pooja Mansour"
"BLD-100841","2023-01-27","Unplanned","8","Paid","Production","Ali Thapa"
"BLD-100841","2023-08-10","Late","3","Paid","Production","Ali Thapa"
"BLD-100841","2023-10-29","Late","1","Paid","Production","Ali Thapa"
"BLD-100841","2023-05-17","Sick","8","Paid","Production","Ali Thapa"
"BLD-100841","2023-10-12","Sick","8","Paid","Production","Ali Thapa"
"BLD-100841","2023-07-01","Unplanned","8","Unpaid","Production","Ali Thapa"
"BLD-100841","2023-02-11","Late","2","Unpaid","Production","Ali Thapa"
"BLD-100841","2023-01-10","Sick","8","Paid","Production","Ali Thapa"
"BLD-100841","2023-06-14","Sick","8","Paid","Production","Ali Thapa"
"BLD-100842","2025-11-11","Unplanned","8","Paid","IT & Digital","Deepak Gurung"
"BLD-100842","2025-01-06","Sick","8","Paid","IT & Digital","Deepak Gurung"
"BLD-100842","2025-03-01","Sick","8","Paid","IT & Digital","Deepak Gurung"
"BLD-100842","2023-06-03","Sick","8","Paid","IT & Digital","Deepak Gurung"
"BLD-100842","2024-03-22","Sick","8","Paid","IT & Digital","Deepak Gurung"
"BLD-100842","2025-05-13","Sick","8","Paid","IT & Digital","Deepak Gurung"
"BLD-100842","2024-06-28","Sick","8","Paid","IT & Digital","Deepak Gurung"
"BLD-100842","2023-05-17","Sick","8","Paid","IT & Digital","Deepak Gurung"
"BLD-100842","2025-01-04","Sick","8","Paid","IT & Digital","Deepak Gurung"
"BLD-100842","2023-01-16","Other","8","Paid","IT & Digital","Deepak Gurung"
"BLD-100843","2025-01-21","Unplanned","8","Unpaid","Marketing","Aisha Thapa"
"BLD-100843","2023-09-09","Late","2","Unpaid","Marketing","Aisha Thapa"
"BLD-100843","2025-10-13","Sick","8","Paid","Marketing","Aisha Thapa"
"BLD-100843","2025-03-20","Sick","8","Paid","Marketing","Aisha Thapa"
"BLD-100843","2024-06-03","Late","3","Unpaid","Marketing","Aisha Thapa"
"BLD-100843","2023-02-01","Sick","8","Paid","Marketing","Aisha Thapa"
"BLD-100843","2025-07-11","Sick","8","Paid","Marketing","Aisha Thapa"
"BLD-100843","2024-06-11","Sick","8","Paid","Marketing","Aisha Thapa"
"BLD-100843","2023-10-12","Unplanned","8","Paid","Marketing","Aisha Thapa"
"BLD-100843","2025-01-09","Sick","8","Paid","Marketing","Aisha Thapa"
"BLD-100843","2025-12-11","Unplanned","8","Unpaid","Marketing","Aisha Thapa"
"BLD-100843","2025-07-27","Unplanned","8","Unpaid","Marketing","Aisha Thapa"
"BLD-100843","2025-08-08","Sick","8","Paid","Marketing","Aisha Thapa"
"BLD-100845","2023-08-17","Late","2","Paid","R&D","Santosh Mahmoud"
"BLD-100845","2023-11-11","Unplanned","8","Paid","R&D","Santosh Mahmoud"
"BLD-100845","2023-10-06","Unplanned","8","Unpaid","R&D","Santosh Mahmoud"
"BLD-100845","2023-09-20","Sick","8","Paid","R&D","Santosh Mahmoud"
"BLD-100846","2024-06-12","Sick","8","Paid","Engineering & Maintenance","Juan Ibrahim"
"BLD-100846","2023-11-11","Unplanned","8","Unpaid","Engineering & Maintenance","Juan Ibrahim"
"BLD-100846","2023-12-26","Unplanned","8","Unpaid","Engineering & Maintenance","Juan Ibrahim"
"BLD-100846","2023-08-30","Sick","8","Paid","Engineering & Maintenance","Juan Ibrahim"
"BLD-100846","2023-08-11","Late","3","Unpaid","Engineering & Maintenance","Juan Ibrahim"
"BLD-100846","2023-12-19","Unplanned","8","Unpaid","Engineering & Maintenance","Juan Ibrahim"
"BLD-100847","2023-05-16","Sick","8","Paid","Production","Ravi El-Sayed"
"BLD-100847","2023-04-01","Unplanned","8","Unpaid","Production","Ravi El-Sayed"
"BLD-100848","2025-06-01","Late","2","Paid","IT & Digital","Sameer Devi"
"BLD-100848","2023-04-26","Other","8","Unpaid","IT & Digital","Sameer Devi"
"BLD-100848","2025-02-18","Sick","8","Paid","IT & Digital","Sameer Devi"
"BLD-100848","2025-11-13","Sick","8","Paid","IT & Digital","Sameer Devi"
"BLD-100848","2024-10-15","Sick","8","Paid","IT & Digital","Sameer Devi"
"BLD-100848","2025-09-15","Unplanned","8","Paid","IT & Digital","Sameer Devi"
"BLD-100848","2024-08-03","Unplanned","8","Paid","IT & Digital","Sameer Devi"
"BLD-100848","2025-08-22","Unplanned","8","Paid","IT & Digital","Sameer Devi"
"BLD-100848","2023-03-25","Unplanned","8","Unpaid","IT & Digital","Sameer Devi"
"BLD-100848","2025-03-12","Sick","8","Paid","IT & Digital","Sameer Devi"
"BLD-100848","2024-09-25","Sick","8","Paid","IT & Digital","Sameer Devi"
"BLD-100848","2023-11-19","Late","1","Unpaid","IT & Digital","Sameer Devi"
"BLD-100848","2024-04-01","Sick","8","Paid","IT & Digital","Sameer Devi"
"BLD-100848","2024-10-22","Late","3","Paid","IT & Digital","Sameer Devi"
"BLD-100848","2023-06-25","Unplanned","8","Unpaid","IT & Digital","Sameer Devi"
"BLD-100848","2024-10-28","Other","8","Unpaid","IT & Digital","Sameer Devi"
"BLD-100848","2025-03-05","Unplanned","8","Paid","IT & Digital","Sameer Devi"
"BLD-100850","2025-08-05","Late","3","Unpaid","Procurement","Mohamed Rai"
"BLD-100850","2024-02-13","Late","2","Unpaid","Procurement","Mohamed Rai"
"BLD-100850","2025-05-05","Sick","8","Paid","Procurement","Mohamed Rai"
"BLD-100850","2024-02-12","Unplanned","8","Unpaid","Procurement","Mohamed Rai"
"BLD-100850","2024-02-01","Late","2","Paid","Procurement","Mohamed Rai"
"BLD-100850","2025-03-22","Sick","8","Paid","Procurement","Mohamed Rai"
"BLD-100851","2024-03-07","Other","8","Paid","Engineering & Maintenance","Ramesh Kapoor"
"BLD-100851","2024-12-19","Unplanned","8","Unpaid","Engineering & Maintenance","Ramesh Kapoor"
"BLD-100851","2023-02-14","Unplanned","8","Unpaid","Engineering & Maintenance","Ramesh Kapoor"
"BLD-100851","2024-03-17","Late","3","Unpaid","Engineering & Maintenance","Ramesh Kapoor"
"BLD-100851","2025-03-09","Late","2","Unpaid","Engineering & Maintenance","Ramesh Kapoor"
"BLD-100851","2023-03-13","Unplanned","8","Paid","Engineering & Maintenance","Ramesh Kapoor"
"BLD-100851","2024-08-30","Late","2","Paid","Engineering & Maintenance","Ramesh Kapoor"
"BLD-100851","2025-01-17","Unplanned","8","Unpaid","Engineering & Maintenance","Ramesh Kapoor"
"BLD-100851","2024-04-12","Late","2","Unpaid","Engineering & Maintenance","Ramesh Kapoor"
"BLD-100851","2023-07-01","Late","2","Unpaid","Engineering & Maintenance","Ramesh Kapoor"
"BLD-100851","2024-04-26","Sick","8","Paid","Engineering & Maintenance","Ramesh Kapoor"
"BLD-100851","2025-06-05","Unplanned","8","Paid","Engineering & Maintenance","Ramesh Kapoor"
"BLD-100852","2023-06-20","Sick","8","Paid","Sales & Distribution","Rina Fernandes"
"BLD-100852","2024-03-26","Late","2","Paid","Sales & Distribution","Rina Fernandes"
"BLD-100852","2024-04-03","Sick","8","Paid","Sales & Distribution","Rina Fernandes"
"BLD-100852","2024-09-21","Late","3","Unpaid","Sales & Distribution","Rina Fernandes"
"BLD-100852","2024-01-29","Unplanned","8","Paid","Sales & Distribution","Rina Fernandes"
"BLD-100852","2025-03-25","Sick","8","Paid","Sales & Distribution","Rina Fernandes"
"BLD-100852","2024-09-26","Sick","8","Paid","Sales & Distribution","Rina Fernandes"
"BLD-100852","2025-03-30","Unplanned","8","Unpaid","Sales & Distribution","Rina Fernandes"
"BLD-100852","2023-06-15","Sick","8","Paid","Sales & Distribution","Rina Fernandes"
"BLD-100852","2023-03-08","Late","3","Paid","Sales & Distribution","Rina Fernandes"
"BLD-100852","2025-05-14","Sick","8","Paid","Sales & Distribution","Rina Fernandes"
"BLD-100852","2023-05-06","Sick","8","Paid","Sales & Distribution","Rina Fernandes"
"BLD-100852","2023-08-22","Unplanned","8","Unpaid","Sales & Distribution","Rina Fernandes"
"BLD-100852","2024-10-25","Unplanned","8","Paid","Sales & Distribution","Rina Fernandes"
"BLD-100852","2023-11-06","Unplanned","8","Paid","Sales & Distribution","Rina Fernandes"
"BLD-100852","2025-02-01","Unplanned","8","Paid","Sales & Distribution","Rina Fernandes"
"BLD-100852","2024-10-28","Sick","8","Paid","Sales & Distribution","Rina Fernandes"
"BLD-100853","2025-12-15","Sick","8","Paid","People & Culture","Tariq Khan"
"BLD-100853","2024-03-14","Sick","8","Paid","People & Culture","Tariq Khan"
"BLD-100853","2023-08-03","Unplanned","8","Paid","People & Culture","Tariq Khan"
"BLD-100853","2025-03-20","Sick","8","Paid","People & Culture","Tariq Khan"
"BLD-100853","2025-11-24","Unplanned","8","Paid","People & Culture","Tariq Khan"
"BLD-100853","2025-03-23","Unplanned","8","Paid","People & Culture","Tariq Khan"
"BLD-100853","2023-04-04","Unplanned","8","Unpaid","People & Culture","Tariq Khan"
"BLD-100853","2023-08-01","Unplanned","8","Paid","People & Culture","Tariq Khan"
"BLD-100853","2023-08-26","Sick","8","Paid","People & Culture","Tariq Khan"
"BLD-100853","2025-04-22","Sick","8","Paid","People & Culture","Tariq Khan"
"BLD-100854","2025-04-23","Unplanned","8","Unpaid","Procurement","Juan Malik"
"BLD-100854","2023-01-29","Late","3","Unpaid","Procurement","Juan Malik"
"BLD-100854","2024-11-14","Sick","8","Paid","Procurement","Juan Malik"
"BLD-100854","2024-04-15","Late","2","Paid","Procurement","Juan Malik"
"BLD-100854","2024-04-17","Unplanned","8","Unpaid","Procurement","Juan Malik"
"BLD-100854","2025-06-15","Sick","8","Paid","Procurement","Juan Malik"
"BLD-100854","2024-07-27","Late","2","Unpaid","Procurement","Juan Malik"
"BLD-100854","2023-05-04","Sick","8","Paid","Procurement","Juan Malik"
"BLD-100854","2025-07-06","Late","3","Unpaid","Procurement","Juan Malik"
"BLD-100854","2025-05-04","Sick","8","Paid","Procurement","Juan Malik"
"BLD-100854","2025-05-26","Sick","8","Paid","Procurement","Juan Malik"
"BLD-100854","2025-05-03","Unplanned","8","Paid","Procurement","Juan Malik"
"BLD-100854","2024-01-26","Unplanned","8","Unpaid","Procurement","Juan Malik"
"BLD-100855","2023-12-08","Sick","8","Paid","Finance","Jose Islam"
"BLD-100855","2024-02-25","Sick","8","Paid","Finance","Jose Islam"
"BLD-100855","2025-11-03","Sick","8","Paid","Finance","Jose Islam"
"BLD-100855","2023-06-11","Sick","8","Paid","Finance","Jose Islam"
"BLD-100855","2023-06-28","Late","3","Unpaid","Finance","Jose Islam"
"BLD-100855","2025-01-25","Late","2","Paid","Finance","Jose Islam"
"BLD-100855","2025-02-09","Sick","8","Paid","Finance","Jose Islam"
"BLD-100855","2025-08-30","Late","1","Unpaid","Finance","Jose Islam"
"BLD-100857","2023-01-14","Late","3","Unpaid","Quality Assurance & Food Safety","Bishnu Reyes"
"BLD-100857","2023-01-10","Sick","8","Paid","Quality Assurance & Food Safety","Bishnu Reyes"
"BLD-100858","2024-07-18","Unplanned","8","Paid","Production","Arjun Santos"
"BLD-100858","2025-10-01","Unplanned","8","Paid","Production","Arjun Santos"
"BLD-100858","2025-07-04","Sick","8","Paid","Production","Arjun Santos"
"BLD-100858","2024-05-17","Late","2","Unpaid","Production","Arjun Santos"
"BLD-100858","2024-10-30","Sick","8","Paid","Production","Arjun Santos"
"BLD-100858","2023-06-29","Late","1","Unpaid","Production","Arjun Santos"
"BLD-100858","2024-04-08","Unplanned","8","Paid","Production","Arjun Santos"
"BLD-100858","2025-10-17","Unplanned","8","Unpaid","Production","Arjun Santos"
"BLD-100858","2025-01-27","Unplanned","8","Paid","Production","Arjun Santos"
"BLD-100858","2023-03-13","Sick","8","Paid","Production","Arjun Santos"
"BLD-100858","2023-02-05","Unplanned","8","Unpaid","Production","Arjun Santos"
"BLD-100858","2023-02-04","Sick","8","Paid","Production","Arjun Santos"
"BLD-100858","2024-03-19","Late","3","Unpaid","Production","Arjun Santos"
"BLD-100858","2024-04-24","Sick","8","Paid","Production","Arjun Santos"
"BLD-100858","2023-03-16","Sick","8","Paid","Production","Arjun Santos"
"BLD-100858","2023-10-23","Late","3","Paid","Production","Arjun Santos"
"BLD-100859","2025-08-23","Sick","8","Paid","Quality Assurance & Food Safety","Sameer Al-Sayed"
"BLD-100859","2023-09-02","Sick","8","Paid","Quality Assurance & Food Safety","Sameer Al-Sayed"
"BLD-100859","2024-07-27","Unplanned","8","Paid","Quality Assurance & Food Safety","Sameer Al-Sayed"
"BLD-100859","2024-05-28","Unplanned","8","Unpaid","Quality Assurance & Food Safety","Sameer Al-Sayed"
"BLD-100860","2023-08-17","Sick","8","Paid","Sales & Distribution","Prakash Mendoza"
"BLD-100860","2025-05-17","Unplanned","8","Unpaid","Sales & Distribution","Prakash Mendoza"
"BLD-100860","2023-06-25","Unplanned","8","Paid","Sales & Distribution","Prakash Mendoza"
"BLD-100860","2024-03-18","Sick","8","Paid","Sales & Distribution","Prakash Mendoza"
"BLD-100860","2024-04-02","Sick","8","Paid","Sales & Distribution","Prakash Mendoza"
"BLD-100860","2025-12-16","Sick","8","Paid","Sales & Distribution","Prakash Mendoza"
"BLD-100860","2023-08-06","Sick","8","Paid","Sales & Distribution","Prakash Mendoza"
"BLD-100860","2024-07-07","Sick","8","Paid","Sales & Distribution","Prakash Mendoza"
"BLD-100860","2023-10-17","Unplanned","8","Unpaid","Sales & Distribution","Prakash Mendoza"
"BLD-100861","2023-08-04","Sick","8","Paid","Corporate & Executive Office","Yousef Al-Attiyah"
"BLD-100861","2023-12-05","Late","2","Unpaid","Corporate & Executive Office","Yousef Al-Attiyah"
"BLD-100861","2023-08-08","Other","8","Paid","Corporate & Executive Office","Yousef Al-Attiyah"
"BLD-100861","2024-06-20","Late","2","Unpaid","Corporate & Executive Office","Yousef Al-Attiyah"
"BLD-100861","2023-05-20","Unplanned","8","Paid","Corporate & Executive Office","Yousef Al-Attiyah"
"BLD-100861","2024-03-22","Late","2","Unpaid","Corporate & Executive Office","Yousef Al-Attiyah"
"BLD-100861","2023-09-15","Sick","8","Paid","Corporate & Executive Office","Yousef Al-Attiyah"
"BLD-100861","2023-01-08","Unplanned","8","Unpaid","Corporate & Executive Office","Yousef Al-Attiyah"
"BLD-100861","2023-11-20","Sick","8","Paid","Corporate & Executive Office","Yousef Al-Attiyah"
"BLD-100861","2024-03-16","Unplanned","8","Paid","Corporate & Executive Office","Yousef Al-Attiyah"
"BLD-100862","2023-08-30","Sick","8","Paid","Production","Ali Ibrahim"
"BLD-100862","2025-11-17","Late","1","Unpaid","Production","Ali Ibrahim"
"BLD-100862","2025-08-21","Sick","8","Paid","Production","Ali Ibrahim"
"BLD-100862","2024-01-04","Unplanned","8","Paid","Production","Ali Ibrahim"
"BLD-100862","2025-07-20","Unplanned","8","Unpaid","Production","Ali Ibrahim"
"BLD-100862","2023-07-12","Late","3","Unpaid","Production","Ali Ibrahim"
"BLD-100862","2023-11-23","Sick","8","Paid","Production","Ali Ibrahim"
"BLD-100863","2024-12-08","Unplanned","8","Unpaid","Finance","Anita Mahmoud"
"BLD-100863","2025-06-03","Sick","8","Paid","Finance","Anita Mahmoud"
"BLD-100863","2024-07-12","Unplanned","8","Paid","Finance","Anita Mahmoud"
"BLD-100863","2024-12-22","Late","3","Unpaid","Finance","Anita Mahmoud"
"BLD-100863","2023-05-21","Unplanned","8","Unpaid","Finance","Anita Mahmoud"
"BLD-100863","2025-08-27","Late","1","Unpaid","Finance","Anita Mahmoud"
"BLD-100863","2023-11-07","Sick","8","Paid","Finance","Anita Mahmoud"
"BLD-100863","2025-11-13","Unplanned","8","Unpaid","Finance","Anita Mahmoud"
"BLD-100863","2025-08-21","Unplanned","8","Unpaid","Finance","Anita Mahmoud"
"BLD-100863","2024-06-14","Sick","8","Paid","Finance","Anita Mahmoud"
"BLD-100863","2025-10-12","Sick","8","Paid","Finance","Anita Mahmoud"
"BLD-100863","2023-11-03","Unplanned","8","Unpaid","Finance","Anita Mahmoud"
"BLD-100863","2023-04-10","Unplanned","8","Paid","Finance","Anita Mahmoud"
"BLD-100863","2024-12-27","Late","1","Unpaid","Finance","Anita Mahmoud"
"BLD-100863","2024-02-17","Sick","8","Paid","Finance","Anita Mahmoud"
"BLD-100864","2023-05-05","Late","2","Unpaid","Procurement","Ali Devi"
"BLD-100864","2023-07-15","Unplanned","8","Unpaid","Procurement","Ali Devi"
"BLD-100864","2023-02-18","Unplanned","8","Unpaid","Procurement","Ali Devi"
"BLD-100864","2023-06-19","Unplanned","8","Unpaid","Procurement","Ali Devi"
"BLD-100864","2025-01-18","Sick","8","Paid","Procurement","Ali Devi"
"BLD-100864","2023-10-09","Sick","8","Paid","Procurement","Ali Devi"
"BLD-100864","2025-04-14","Late","1","Unpaid","Procurement","Ali Devi"
"BLD-100864","2025-08-21","Sick","8","Paid","Procurement","Ali Devi"
"BLD-100864","2025-07-04","Sick","8","Paid","Procurement","Ali Devi"
"BLD-100864","2025-04-23","Sick","8","Paid","Procurement","Ali Devi"
"BLD-100864","2025-04-22","Sick","8","Paid","Procurement","Ali Devi"
"BLD-100865","2023-12-10","Unplanned","8","Unpaid","Quality Assurance & Food Safety","Suresh Reyes"
"BLD-100865","2023-11-18","Unplanned","8","Paid","Quality Assurance & Food Safety","Suresh Reyes"
"BLD-100865","2023-08-15","Unplanned","8","Unpaid","Quality Assurance & Food Safety","Suresh Reyes"
"BLD-100865","2023-01-27","Sick","8","Paid","Quality Assurance & Food Safety","Suresh Reyes"
"BLD-100865","2024-06-15","Other","8","Unpaid","Quality Assurance & Food Safety","Suresh Reyes"
"BLD-100866","2023-07-14","Unplanned","8","Paid","Quality Assurance & Food Safety","Deepak Cruz"
"BLD-100866","2023-03-23","Other","8","Paid","Quality Assurance & Food Safety","Deepak Cruz"
"BLD-100866","2023-11-28","Unplanned","8","Unpaid","Quality Assurance & Food Safety","Deepak Cruz"
"BLD-100866","2023-02-10","Sick","8","Paid","Quality Assurance & Food Safety","Deepak Cruz"
"BLD-100866","2023-02-15","Sick","8","Paid","Quality Assurance & Food Safety","Deepak Cruz"
"BLD-100866","2023-04-22","Unplanned","8","Paid","Quality Assurance & Food Safety","Deepak Cruz"
"BLD-100866","2023-12-10","Sick","8","Paid","Quality Assurance & Food Safety","Deepak Cruz"
"BLD-100866","2023-06-19","Sick","8","Paid","Quality Assurance & Food Safety","Deepak Cruz"
"BLD-100866","2023-07-12","Unplanned","8","Paid","Quality Assurance & Food Safety","Deepak Cruz"
"BLD-100866","2023-01-15","Unplanned","8","Unpaid","Quality Assurance & Food Safety","Deepak Cruz"
"BLD-100866","2023-11-17","Sick","8","Paid","Quality Assurance & Food Safety","Deepak Cruz"
"BLD-100866","2023-02-17","Late","2","Unpaid","Quality Assurance & Food Safety","Deepak Cruz"
"BLD-100867","2025-04-29","Late","1","Paid","Quality Assurance & Food Safety","Omar Sharma"
"BLD-100867","2024-07-11","Sick","8","Paid","Quality Assurance & Food Safety","Omar Sharma"
"BLD-100867","2025-10-10","Sick","8","Paid","Quality Assurance & Food Safety","Omar Sharma"
"BLD-100867","2025-08-07","Late","3","Unpaid","Quality Assurance & Food Safety","Omar Sharma"
"BLD-100867","2023-01-05","Sick","8","Paid","Quality Assurance & Food Safety","Omar Sharma"
"BLD-100867","2023-04-19","Unplanned","8","Unpaid","Quality Assurance & Food Safety","Omar Sharma"
"BLD-100867","2024-09-24","Unplanned","8","Paid","Quality Assurance & Food Safety","Omar Sharma"
"BLD-100867","2023-09-19","Unplanned","8","Paid","Quality Assurance & Food Safety","Omar Sharma"
"BLD-100867","2024-04-18","Sick","8","Paid","Quality Assurance & Food Safety","Omar Sharma"
"BLD-100868","2025-12-31","Unplanned","8","Unpaid","Production","Sameer Reyes"
"BLD-100868","2024-07-30","Sick","8","Paid","Production","Sameer Reyes"
"BLD-100868","2025-09-27","Sick","8","Paid","Production","Sameer Reyes"
"BLD-100868","2024-08-25","Sick","8","Paid","Production","Sameer Reyes"
"BLD-100868","2024-10-21","Unplanned","8","Unpaid","Production","Sameer Reyes"
"BLD-100868","2023-03-19","Sick","8","Paid","Production","Sameer Reyes"
"BLD-100868","2023-10-19","Unplanned","8","Unpaid","Production","Sameer Reyes"
"BLD-100868","2024-08-23","Sick","8","Paid","Production","Sameer Reyes"
"BLD-100868","2024-02-10","Sick","8","Paid","Production","Sameer Reyes"
"BLD-100868","2025-02-26","Late","2","Unpaid","Production","Sameer Reyes"
"BLD-100869","2024-07-02","Late","3","Unpaid","Procurement","Ali Kapoor"
"BLD-100869","2023-02-08","Sick","8","Paid","Procurement","Ali Kapoor"
"BLD-100869","2025-12-28","Unplanned","8","Paid","Procurement","Ali Kapoor"
"BLD-100869","2025-11-19","Sick","8","Paid","Procurement","Ali Kapoor"
"BLD-100869","2024-05-16","Sick","8","Paid","Procurement","Ali Kapoor"
"BLD-100869","2023-07-09","Sick","8","Paid","Procurement","Ali Kapoor"
"BLD-100869","2024-02-18","Sick","8","Paid","Procurement","Ali Kapoor"
"BLD-100869","2023-07-18","Sick","8","Paid","Procurement","Ali Kapoor"
"BLD-100869","2025-03-05","Sick","8","Paid","Procurement","Ali Kapoor"
"BLD-100869","2025-03-19","Sick","8","Paid","Procurement","Ali Kapoor"
"BLD-100869","2023-03-31","Sick","8","Paid","Procurement","Ali Kapoor"
"BLD-100869","2023-04-19","Unplanned","8","Paid","Procurement","Ali Kapoor"
"BLD-100869","2025-11-02","Unplanned","8","Paid","Procurement","Ali Kapoor"
"BLD-100869","2025-12-19","Other","8","Paid","Procurement","Ali Kapoor"
"BLD-100869","2025-02-08","Sick","8","Paid","Procurement","Ali Kapoor"
"BLD-100869","2023-03-08","Sick","8","Paid","Procurement","Ali Kapoor"
"BLD-100870","2024-11-20","Unplanned","8","Unpaid","Sales & Distribution","Khalid Sharma"
"BLD-100870","2023-03-23","Unplanned","8","Unpaid","Sales & Distribution","Khalid Sharma"
"BLD-100870","2024-10-19","Late","3","Unpaid","Sales & Distribution","Khalid Sharma"
"BLD-100870","2024-09-15","Late","3","Unpaid","Sales & Distribution","Khalid Sharma"
"BLD-100870","2023-10-12","Sick","8","Paid","Sales & Distribution","Khalid Sharma"
"BLD-100870","2023-07-11","Unplanned","8","Unpaid","Sales & Distribution","Khalid Sharma"
"BLD-100871","2024-02-08","Late","1","Unpaid","Engineering & Maintenance","Sanjay Baig"
"BLD-100871","2025-04-17","Sick","8","Paid","Engineering & Maintenance","Sanjay Baig"
"BLD-100871","2023-12-10","Unplanned","8","Paid","Engineering & Maintenance","Sanjay Baig"
"BLD-100871","2023-11-04","Late","3","Unpaid","Engineering & Maintenance","Sanjay Baig"
"BLD-100871","2024-03-28","Sick","8","Paid","Engineering & Maintenance","Sanjay Baig"
"BLD-100871","2025-03-04","Unplanned","8","Unpaid","Engineering & Maintenance","Sanjay Baig"
"BLD-100871","2023-01-24","Sick","8","Paid","Engineering & Maintenance","Sanjay Baig"
"BLD-100872","2024-03-15","Sick","8","Paid","Engineering & Maintenance","Ramesh Al-Sayed"
"BLD-100872","2023-08-19","Sick","8","Paid","Engineering & Maintenance","Ramesh Al-Sayed"
"BLD-100872","2023-05-27","Sick","8","Paid","Engineering & Maintenance","Ramesh Al-Sayed"
"BLD-100872","2023-09-17","Unplanned","8","Paid","Engineering & Maintenance","Ramesh Al-Sayed"
"BLD-100872","2023-12-14","Unplanned","8","Unpaid","Engineering & Maintenance","Ramesh Al-Sayed"
"BLD-100872","2023-01-11","Sick","8","Paid","Engineering & Maintenance","Ramesh Al-Sayed"
"BLD-100872","2023-04-21","Sick","8","Paid","Engineering & Maintenance","Ramesh Al-Sayed"
"BLD-100872","2024-01-09","Sick","8","Paid","Engineering & Maintenance","Ramesh Al-Sayed"
"BLD-100872","2024-02-24","Late","3","Unpaid","Engineering & Maintenance","Ramesh Al-Sayed"
"BLD-100872","2023-12-10","Late","2","Unpaid","Engineering & Maintenance","Ramesh Al-Sayed"
"BLD-100872","2023-09-07","Sick","8","Paid","Engineering & Maintenance","Ramesh Al-Sayed"
"BLD-100872","2023-02-26","Sick","8","Paid","Engineering & Maintenance","Ramesh Al-Sayed"
"BLD-100873","2023-10-12","Sick","8","Paid","Finance","Rina Malik"
"BLD-100873","2023-11-25","Sick","8","Paid","Finance","Rina Malik"
"BLD-100873","2025-09-04","Late","3","Unpaid","Finance","Rina Malik"
"BLD-100873","2025-02-05","Sick","8","Paid","Finance","Rina Malik"
"BLD-100873","2025-04-26","Unplanned","8","Unpaid","Finance","Rina Malik"
"BLD-100873","2024-05-22","Unplanned","8","Unpaid","Finance","Rina Malik"
"BLD-100873","2023-04-07","Sick","8","Paid","Finance","Rina Malik"
"BLD-100873","2025-06-14","Late","2","Unpaid","Finance","Rina Malik"
"BLD-100873","2025-08-22","Sick","8","Paid","Finance","Rina Malik"
"BLD-100873","2024-06-24","Late","1","Paid","Finance","Rina Malik"
"BLD-100873","2023-06-17","Sick","8","Paid","Finance","Rina Malik"
"BLD-100873","2023-02-06","Unplanned","8","Unpaid","Finance","Rina Malik"
"BLD-100873","2024-05-18","Unplanned","8","Unpaid","Finance","Rina Malik"
"BLD-100873","2023-08-22","Unplanned","8","Paid","Finance","Rina Malik"
"BLD-100873","2024-10-15","Sick","8","Paid","Finance","Rina Malik"
"BLD-100873","2025-01-28","Unplanned","8","Paid","Finance","Rina Malik"
"BLD-100873","2024-09-23","Unplanned","8","Paid","Finance","Rina Malik"
"BLD-100873","2023-02-15","Sick","8","Paid","Finance","Rina Malik"
"BLD-100873","2024-04-25","Sick","8","Paid","Finance","Rina Malik"
"BLD-100873","2023-05-13","Late","1","Unpaid","Finance","Rina Malik"
"BLD-100874","2023-11-26","Sick","8","Paid","Production","Sameer Cruz"
"BLD-100874","2024-06-24","Late","1","Unpaid","Production","Sameer Cruz"
"BLD-100874","2024-06-16","Sick","8","Paid","Production","Sameer Cruz"
"BLD-100874","2023-06-12","Late","3","Unpaid","Production","Sameer Cruz"
"BLD-100874","2024-12-25","Unplanned","8","Paid","Production","Sameer Cruz"
"BLD-100874","2025-10-27","Unplanned","8","Unpaid","Production","Sameer Cruz"
"BLD-100874","2023-10-17","Unplanned","8","Unpaid","Production","Sameer Cruz"
"BLD-100874","2025-07-31","Sick","8","Paid","Production","Sameer Cruz"
"BLD-100874","2023-07-30","Unplanned","8","Unpaid","Production","Sameer Cruz"
"BLD-100874","2023-09-10","Sick","8","Paid","Production","Sameer Cruz"
"BLD-100875","2024-05-01","Sick","8","Paid","R&D","Rowena Kapoor"
"BLD-100875","2024-07-24","Sick","8","Paid","R&D","Rowena Kapoor"
"BLD-100875","2023-04-25","Late","3","Paid","R&D","Rowena Kapoor"
"BLD-100875","2024-09-21","Late","3","Unpaid","R&D","Rowena Kapoor"
"BLD-100875","2023-12-13","Sick","8","Paid","R&D","Rowena Kapoor"
"BLD-100875","2024-09-29","Late","2","Paid","R&D","Rowena Kapoor"
"BLD-100875","2024-06-10","Sick","8","Paid","R&D","Rowena Kapoor"
"BLD-100875","2023-05-20","Unplanned","8","Unpaid","R&D","Rowena Kapoor"
"BLD-100875","2024-05-16","Sick","8","Paid","R&D","Rowena Kapoor"
"BLD-100875","2025-03-20","Other","8","Paid","R&D","Rowena Kapoor"
"BLD-100875","2023-11-09","Sick","8","Paid","R&D","Rowena Kapoor"
"BLD-100875","2023-11-08","Other","8","Unpaid","R&D","Rowena Kapoor"
"BLD-100875","2025-07-20","Sick","8","Paid","R&D","Rowena Kapoor"
"BLD-100875","2025-11-14","Late","2","Unpaid","R&D","Rowena Kapoor"
"BLD-100875","2024-04-01","Late","1","Unpaid","R&D","Rowena Kapoor"
"BLD-100875","2025-05-11","Sick","8","Paid","R&D","Rowena Kapoor"
"BLD-100875","2023-02-05","Sick","8","Paid","R&D","Rowena Kapoor"
"BLD-100875","2024-10-14","Sick","8","Paid","R&D","Rowena Kapoor"
"BLD-100875","2025-11-05","Unplanned","8","Paid","R&D","Rowena Kapoor"
"BLD-100875","2024-08-21","Unplanned","8","Unpaid","R&D","Rowena Kapoor"
"BLD-100876","2024-02-23","Late","1","Unpaid","Supply Chain & Logistics","Priya Mendoza"
"BLD-100876","2023-06-26","Sick","8","Paid","Supply Chain & Logistics","Priya Mendoza"
"BLD-100876","2023-04-18","Late","1","Unpaid","Supply Chain & Logistics","Priya Mendoza"
"BLD-100876","2023-12-02","Sick","8","Paid","Supply Chain & Logistics","Priya Mendoza"
"BLD-100876","2023-07-07","Other","8","Unpaid","Supply Chain & Logistics","Priya Mendoza"
"BLD-100876","2023-07-26","Sick","8","Paid","Supply Chain & Logistics","Priya Mendoza"
"BLD-100876","2024-06-06","Sick","8","Paid","Supply Chain & Logistics","Priya Mendoza"
"BLD-100876","2024-04-13","Sick","8","Paid","Supply Chain & Logistics","Priya Mendoza"
"BLD-100876","2023-04-22","Sick","8","Paid","Supply Chain & Logistics","Priya Mendoza"
"BLD-100876","2024-03-01","Unplanned","8","Unpaid","Supply Chain & Logistics","Priya Mendoza"
"BLD-100876","2023-01-01","Sick","8","Paid","Supply Chain & Logistics","Priya Mendoza"
"BLD-100876","2023-10-22","Sick","8","Paid","Supply Chain & Logistics","Priya Mendoza"
"BLD-100877","2024-07-21","Late","3","Paid","Supply Chain & Logistics","Rajesh Ibrahim"
"BLD-100877","2025-07-07","Unplanned","8","Unpaid","Supply Chain & Logistics","Rajesh Ibrahim"
"BLD-100877","2023-06-27","Unplanned","8","Unpaid","Supply Chain & Logistics","Rajesh Ibrahim"
"BLD-100877","2025-10-29","Late","2","Unpaid","Supply Chain & Logistics","Rajesh Ibrahim"
"BLD-100877","2025-12-22","Sick","8","Paid","Supply Chain & Logistics","Rajesh Ibrahim"
"BLD-100877","2024-06-30","Unplanned","8","Paid","Supply Chain & Logistics","Rajesh Ibrahim"
"BLD-100877","2025-07-03","Sick","8","Paid","Supply Chain & Logistics","Rajesh Ibrahim"
"BLD-100877","2023-01-12","Unplanned","8","Unpaid","Supply Chain & Logistics","Rajesh Ibrahim"
"BLD-100877","2024-08-29","Sick","8","Paid","Supply Chain & Logistics","Rajesh Ibrahim"
"BLD-100877","2024-06-01","Unplanned","8","Paid","Supply Chain & Logistics","Rajesh Ibrahim"
"BLD-100877","2023-08-26","Unplanned","8","Unpaid","Supply Chain & Logistics","Rajesh Ibrahim"
"BLD-100877","2024-12-17","Late","2","Paid","Supply Chain & Logistics","Rajesh Ibrahim"
"BLD-100877","2024-08-13","Unplanned","8","Unpaid","Supply Chain & Logistics","Rajesh Ibrahim"
"BLD-100877","2025-05-02","Late","1","Unpaid","Supply Chain & Logistics","Rajesh Ibrahim"
"BLD-100877","2023-08-10","Sick","8","Paid","Supply Chain & Logistics","Rajesh Ibrahim"
"BLD-100877","2023-01-26","Sick","8","Paid","Supply Chain & Logistics","Rajesh Ibrahim"
"BLD-100877","2025-12-21","Unplanned","8","Paid","Supply Chain & Logistics","Rajesh Ibrahim"
"BLD-100878","2024-12-11","Unplanned","8","Paid","R&D","Rakesh Kapoor"
"BLD-100878","2025-02-27","Late","2","Paid","R&D","Rakesh Kapoor"
"BLD-100878","2024-12-30","Sick","8","Paid","R&D","Rakesh Kapoor"
"BLD-100878","2023-04-22","Unplanned","8","Unpaid","R&D","Rakesh Kapoor"
"BLD-100879","2024-02-15","Unplanned","8","Unpaid","Corporate & Executive Office","Manoj Pereira"
"BLD-100879","2024-09-28","Sick","8","Paid","Corporate & Executive Office","Manoj Pereira"
"BLD-100879","2023-01-21","Sick","8","Paid","Corporate & Executive Office","Manoj Pereira"
"BLD-100879","2023-10-29","Late","1","Unpaid","Corporate & Executive Office","Manoj Pereira"
"BLD-100879","2023-11-02","Sick","8","Paid","Corporate & Executive Office","Manoj Pereira"
"BLD-100879","2023-05-01","Sick","8","Paid","Corporate & Executive Office","Manoj Pereira"
"BLD-100879","2023-05-16","Late","3","Paid","Corporate & Executive Office","Manoj Pereira"
"BLD-100879","2023-02-22","Other","8","Unpaid","Corporate & Executive Office","Manoj Pereira"
"BLD-100879","2023-12-16","Late","2","Paid","Corporate & Executive Office","Manoj Pereira"
"BLD-100879","2023-10-28","Unplanned","8","Paid","Corporate & Executive Office","Manoj Pereira"
"BLD-100879","2023-08-30","Late","3","Paid","Corporate & Executive Office","Manoj Pereira"
"BLD-100879","2023-10-06","Late","2","Unpaid","Corporate & Executive Office","Manoj Pereira"
"BLD-100879","2024-10-16","Late","2","Paid","Corporate & Executive Office","Manoj Pereira"
"BLD-100880","2024-07-17","Unplanned","8","Unpaid","IT & Digital","Amina Fernandes"
"BLD-100880","2023-06-17","Unplanned","8","Paid","IT & Digital","Amina Fernandes"
"BLD-100880","2023-01-10","Late","3","Paid","IT & Digital","Amina Fernandes"
"BLD-100880","2025-10-03","Late","1","Unpaid","IT & Digital","Amina Fernandes"
"BLD-100880","2024-08-21","Late","2","Paid","IT & Digital","Amina Fernandes"
"BLD-100880","2025-06-11","Unplanned","8","Paid","IT & Digital","Amina Fernandes"
"BLD-100880","2025-06-07","Other","8","Unpaid","IT & Digital","Amina Fernandes"
"BLD-100880","2023-03-30","Late","1","Unpaid","IT & Digital","Amina Fernandes"
"BLD-100880","2025-12-18","Sick","8","Paid","IT & Digital","Amina Fernandes"
"BLD-100880","2025-05-27","Sick","8","Paid","IT & Digital","Amina Fernandes"
"BLD-100880","2024-07-24","Late","3","Paid","IT & Digital","Amina Fernandes"
"BLD-100880","2024-02-12","Sick","8","Paid","IT & Digital","Amina Fernandes"
"BLD-100880","2024-05-20","Unplanned","8","Unpaid","IT & Digital","Amina Fernandes"
"BLD-100880","2025-09-12","Unplanned","8","Unpaid","IT & Digital","Amina Fernandes"
"BLD-100880","2023-01-21","Unplanned","8","Unpaid","IT & Digital","Amina Fernandes"
"BLD-100880","2023-05-20","Sick","8","Paid","IT & Digital","Amina Fernandes"
"BLD-100880","2023-05-28","Unplanned","8","Unpaid","IT & Digital","Amina Fernandes"
"BLD-100880","2023-05-05","Other","8","Paid","IT & Digital","Amina Fernandes"
"BLD-100880","2023-10-20","Sick","8","Paid","IT & Digital","Amina Fernandes"
"BLD-100880","2025-11-13","Late","3","Unpaid","IT & Digital","Amina Fernandes"
"BLD-100880","2025-05-20","Sick","8","Paid","IT & Digital","Amina Fernandes"
"BLD-100880","2023-01-21","Sick","8","Paid","IT & Digital","Amina Fernandes"
"BLD-100880","2025-11-27","Unplanned","8","Paid","IT & Digital","Amina Fernandes"
"BLD-100881","2023-06-15","Sick","8","Paid","Finance","Rina Malik"
"BLD-100881","2023-07-28","Unplanned","8","Unpaid","Finance","Rina Malik"
"BLD-100881","2023-01-04","Unplanned","8","Unpaid","Finance","Rina Malik"
"BLD-100881","2023-08-19","Sick","8","Paid","Finance","Rina Malik"
"BLD-100881","2023-06-20","Late","3","Unpaid","Finance","Rina Malik"
"BLD-100882","2025-12-10","Sick","8","Paid","People & Culture","Omar Abdullah"
"BLD-100882","2025-05-29","Late","1","Paid","People & Culture","Omar Abdullah"
"BLD-100882","2023-07-17","Unplanned","8","Unpaid","People & Culture","Omar Abdullah"
"BLD-100882","2023-05-03","Unplanned","8","Paid","People & Culture","Omar Abdullah"
"BLD-100882","2024-02-29","Sick","8","Paid","People & Culture","Omar Abdullah"
"BLD-100882","2025-03-01","Late","2","Paid","People & Culture","Omar Abdullah"
"BLD-100882","2023-09-07","Unplanned","8","Paid","People & Culture","Omar Abdullah"
"BLD-100882","2025-12-19","Sick","8","Paid","People & Culture","Omar Abdullah"
"BLD-100882","2024-11-19","Sick","8","Paid","People & Culture","Omar Abdullah"
"BLD-100882","2024-08-20","Sick","8","Paid","People & Culture","Omar Abdullah"
"BLD-100882","2023-07-16","Sick","8","Paid","People & Culture","Omar Abdullah"
"BLD-100882","2025-08-02","Sick","8","Paid","People & Culture","Omar Abdullah"
"BLD-100882","2024-01-06","Late","1","Paid","People & Culture","Omar Abdullah"
"BLD-100882","2025-03-10","Sick","8","Paid","People & Culture","Omar Abdullah"
"BLD-100882","2025-08-16","Sick","8","Paid","People & Culture","Omar Abdullah"
"BLD-100883","2023-01-29","Other","8","Unpaid","Farm Operations","Tariq Pereira"
"BLD-100883","2024-02-26","Sick","8","Paid","Farm Operations","Tariq Pereira"
"BLD-100883","2023-03-27","Sick","8","Paid","Farm Operations","Tariq Pereira"
"BLD-100883","2025-06-20","Unplanned","8","Paid","Farm Operations","Tariq Pereira"
"BLD-100883","2023-06-01","Sick","8","Paid","Farm Operations","Tariq Pereira"
"BLD-100883","2024-10-16","Unplanned","8","Paid","Farm Operations","Tariq Pereira"
"BLD-100883","2023-05-10","Other","8","Paid","Farm Operations","Tariq Pereira"
"BLD-100883","2025-07-13","Unplanned","8","Unpaid","Farm Operations","Tariq Pereira"
"BLD-100883","2024-01-04","Sick","8","Paid","Farm Operations","Tariq Pereira"
"BLD-100883","2023-11-21","Sick","8","Paid","Farm Operations","Tariq Pereira"
"BLD-100883","2024-06-17","Sick","8","Paid","Farm Operations","Tariq Pereira"
"BLD-100883","2024-01-21","Unplanned","8","Unpaid","Farm Operations","Tariq Pereira"
"BLD-100883","2023-01-30","Unplanned","8","Unpaid","Farm Operations","Tariq Pereira"
"BLD-100883","2023-05-06","Late","2","Unpaid","Farm Operations","Tariq Pereira"
"BLD-100883","2023-03-05","Unplanned","8","Paid","Farm Operations","Tariq Pereira"
"BLD-100883","2024-06-07","Sick","8","Paid","Farm Operations","Tariq Pereira"
"BLD-100884","2024-02-20","Late","1","Unpaid","Procurement","Yousef Al-Attiyah"
"BLD-100884","2025-05-09","Sick","8","Paid","Procurement","Yousef Al-Attiyah"
"BLD-100884","2024-12-03","Sick","8","Paid","Procurement","Yousef Al-Attiyah"
"BLD-100884","2025-04-17","Late","1","Unpaid","Procurement","Yousef Al-Attiyah"
"BLD-100884","2024-03-27","Sick","8","Paid","Procurement","Yousef Al-Attiyah"
"BLD-100885","2025-05-04","Sick","8","Paid","Supply Chain & Logistics","Rina Hassan"
"BLD-100885","2025-06-30","Unplanned","8","Unpaid","Supply Chain & Logistics","Rina Hassan"
"BLD-100885","2024-06-20","Unplanned","8","Unpaid","Supply Chain & Logistics","Rina Hassan"
"BLD-100885","2025-08-13","Sick","8","Paid","Supply Chain & Logistics","Rina Hassan"
"BLD-100885","2024-03-07","Sick","8","Paid","Supply Chain & Logistics","Rina Hassan"
"BLD-100885","2024-04-17","Late","1","Paid","Supply Chain & Logistics","Rina Hassan"
"BLD-100885","2024-03-03","Sick","8","Paid","Supply Chain & Logistics","Rina Hassan"
"BLD-100885","2024-01-02","Unplanned","8","Unpaid","Supply Chain & Logistics","Rina Hassan"
"BLD-100885","2023-11-23","Sick","8","Paid","Supply Chain & Logistics","Rina Hassan"
"BLD-100885","2025-06-14","Unplanned","8","Paid","Supply Chain & Logistics","Rina Hassan"
"BLD-100885","2025-08-19","Sick","8","Paid","Supply Chain & Logistics","Rina Hassan"
"BLD-100885","2025-10-09","Other","8","Unpaid","Supply Chain & Logistics","Rina Hassan"
"BLD-100885","2025-08-03","Late","3","Paid","Supply Chain & Logistics","Rina Hassan"
"BLD-100885","2024-12-03","Sick","8","Paid","Supply Chain & Logistics","Rina Hassan"
"BLD-100885","2023-11-21","Sick","8","Paid","Supply Chain & Logistics","Rina Hassan"
"BLD-100885","2025-11-14","Unplanned","8","Unpaid","Supply Chain & Logistics","Rina Hassan"
"BLD-100885","2025-03-29","Late","2","Paid","Supply Chain & Logistics","Rina Hassan"
"BLD-100885","2023-06-20","Sick","8","Paid","Supply Chain & Logistics","Rina Hassan"
"BLD-100885","2024-01-19","Unplanned","8","Unpaid","Supply Chain & Logistics","Rina Hassan"
"BLD-100885","2023-05-11","Unplanned","8","Unpaid","Supply Chain & Logistics","Rina Hassan"
"BLD-100885","2024-02-18","Unplanned","8","Unpaid","Supply Chain & Logistics","Rina Hassan"
"BLD-100885","2025-07-13","Late","1","Paid","Supply Chain & Logistics","Rina Hassan"
"BLD-100886","2025-03-02","Sick","8","Paid","Quality Assurance & Food Safety","Rajesh Kapoor"
"BLD-100886","2023-12-30","Sick","8","Paid","Quality Assurance & Food Safety","Rajesh Kapoor"
"BLD-100886","2024-05-22","Sick","8","Paid","Quality Assurance & Food Safety","Rajesh Kapoor"
"BLD-100886","2025-01-20","Late","1","Unpaid","Quality Assurance & Food Safety","Rajesh Kapoor"
"BLD-100886","2023-01-13","Late","3","Unpaid","Quality Assurance & Food Safety","Rajesh Kapoor"
"BLD-100886","2025-12-26","Unplanned","8","Paid","Quality Assurance & Food Safety","Rajesh Kapoor"
"BLD-100886","2025-05-11","Other","8","Unpaid","Quality Assurance & Food Safety","Rajesh Kapoor"
"BLD-100886","2025-02-06","Late","1","Paid","Quality Assurance & Food Safety","Rajesh Kapoor"
"BLD-100886","2023-06-11","Unplanned","8","Paid","Quality Assurance & Food Safety","Rajesh Kapoor"
"BLD-100886","2025-10-14","Late","3","Paid","Quality Assurance & Food Safety","Rajesh Kapoor"
"BLD-100886","2024-07-19","Late","3","Unpaid","Quality Assurance & Food Safety","Rajesh Kapoor"
"BLD-100886","2025-05-14","Unplanned","8","Paid","Quality Assurance & Food Safety","Rajesh Kapoor"
"BLD-100886","2025-11-19","Unplanned","8","Paid","Quality Assurance & Food Safety","Rajesh Kapoor"
"BLD-100886","2023-12-15","Unplanned","8","Unpaid","Quality Assurance & Food Safety","Rajesh Kapoor"
"BLD-100886","2025-08-23","Unplanned","8","Unpaid","Quality Assurance & Food Safety","Rajesh Kapoor"
"BLD-100886","2025-06-25","Late","1","Paid","Quality Assurance & Food Safety","Rajesh Kapoor"
"BLD-100886","2025-08-03","Unplanned","8","Paid","Quality Assurance & Food Safety","Rajesh Kapoor"
"BLD-100886","2023-03-22","Sick","8","Paid","Quality Assurance & Food Safety","Rajesh Kapoor"
"BLD-100886","2023-04-02","Unplanned","8","Unpaid","Quality Assurance & Food Safety","Rajesh Kapoor"
"BLD-100886","2024-06-16","Sick","8","Paid","Quality Assurance & Food Safety","Rajesh Kapoor"
"BLD-100886","2025-09-27","Sick","8","Paid","Quality Assurance & Food Safety","Rajesh Kapoor"
"BLD-100887","2023-01-26","Sick","8","Paid","Production","Mohamed Al-Kuwari"
"BLD-100887","2025-04-09","Unplanned","8","Unpaid","Production","Mohamed Al-Kuwari"
"BLD-100887","2024-12-25","Sick","8","Paid","Production","Mohamed Al-Kuwari"
"BLD-100887","2025-10-23","Late","2","Unpaid","Production","Mohamed Al-Kuwari"
"BLD-100888","2023-09-29","Late","2","Paid","Procurement","Khalid Baig"
"BLD-100888","2023-12-16","Sick","8","Paid","Procurement","Khalid Baig"
"BLD-100888","2025-11-08","Sick","8","Paid","Procurement","Khalid Baig"
"BLD-100888","2023-09-12","Unplanned","8","Paid","Procurement","Khalid Baig"
"BLD-100888","2023-12-23","Sick","8","Paid","Procurement","Khalid Baig"
"BLD-100888","2024-09-23","Unplanned","8","Paid","Procurement","Khalid Baig"
"BLD-100888","2023-07-28","Unplanned","8","Unpaid","Procurement","Khalid Baig"
"BLD-100888","2023-11-30","Other","8","Paid","Procurement","Khalid Baig"
"BLD-100888","2023-11-23","Unplanned","8","Unpaid","Procurement","Khalid Baig"
"BLD-100888","2025-10-18","Sick","8","Paid","Procurement","Khalid Baig"
"BLD-100888","2025-05-15","Sick","8","Paid","Procurement","Khalid Baig"
"BLD-100888","2023-02-05","Late","1","Paid","Procurement","Khalid Baig"
"BLD-100888","2023-05-29","Unplanned","8","Unpaid","Procurement","Khalid Baig"
"BLD-100888","2023-06-26","Unplanned","8","Paid","Procurement","Khalid Baig"
"BLD-100888","2024-09-03","Late","1","Paid","Procurement","Khalid Baig"
"BLD-100888","2023-03-02","Unplanned","8","Paid","Procurement","Khalid Baig"
"BLD-100888","2025-11-25","Unplanned","8","Paid","Procurement","Khalid Baig"
"BLD-100888","2024-12-17","Sick","8","Paid","Procurement","Khalid Baig"
"BLD-100888","2024-11-30","Sick","8","Paid","Procurement","Khalid Baig"
"BLD-100888","2023-03-22","Late","1","Paid","Procurement","Khalid Baig"
"BLD-100888","2024-11-01","Sick","8","Paid","Procurement","Khalid Baig"
"BLD-100889","2023-03-01","Sick","8","Paid","Finance","Manoj Rai"
"BLD-100889","2025-05-02","Late","1","Unpaid","Finance","Manoj Rai"
"BLD-100889","2023-07-23","Sick","8","Paid","Finance","Manoj Rai"
"BLD-100889","2023-07-11","Late","2","Paid","Finance","Manoj Rai"
"BLD-100889","2023-03-14","Sick","8","Paid","Finance","Manoj Rai"
"BLD-100889","2023-09-25","Sick","8","Paid","Finance","Manoj Rai"
"BLD-100889","2024-09-09","Sick","8","Paid","Finance","Manoj Rai"
"BLD-100889","2024-11-24","Sick","8","Paid","Finance","Manoj Rai"
"BLD-100889","2023-06-24","Sick","8","Paid","Finance","Manoj Rai"
"BLD-100890","2023-02-05","Sick","8","Paid","Supply Chain & Logistics","Yasmin Devi"
"BLD-100891","2024-10-18","Unplanned","8","Paid","Finance","Krishna Kapoor"
"BLD-100891","2024-05-02","Sick","8","Paid","Finance","Krishna Kapoor"
"BLD-100891","2024-10-16","Sick","8","Paid","Finance","Krishna Kapoor"
"BLD-100891","2025-06-10","Sick","8","Paid","Finance","Krishna Kapoor"
"BLD-100891","2025-11-28","Late","1","Unpaid","Finance","Krishna Kapoor"
"BLD-100891","2024-06-01","Late","2","Unpaid","Finance","Krishna Kapoor"
"BLD-100891","2025-10-05","Unplanned","8","Unpaid","Finance","Krishna Kapoor"
"BLD-100891","2025-06-08","Unplanned","8","Paid","Finance","Krishna Kapoor"
"BLD-100891","2025-06-15","Sick","8","Paid","Finance","Krishna Kapoor"
"BLD-100891","2023-02-15","Unplanned","8","Unpaid","Finance","Krishna Kapoor"
"BLD-100892","2025-11-30","Sick","8","Paid","Supply Chain & Logistics","Rina Hassan"
"BLD-100892","2025-03-17","Unplanned","8","Unpaid","Supply Chain & Logistics","Rina Hassan"
"BLD-100892","2025-07-04","Sick","8","Paid","Supply Chain & Logistics","Rina Hassan"
"BLD-100892","2023-07-01","Sick","8","Paid","Supply Chain & Logistics","Rina Hassan"
"BLD-100892","2023-11-25","Sick","8","Paid","Supply Chain & Logistics","Rina Hassan"
"BLD-100892","2023-07-10","Late","3","Unpaid","Supply Chain & Logistics","Rina Hassan"
"BLD-100892","2024-01-12","Sick","8","Paid","Supply Chain & Logistics","Rina Hassan"
"BLD-100892","2023-08-15","Late","3","Unpaid","Supply Chain & Logistics","Rina Hassan"
"BLD-100892","2024-08-02","Unplanned","8","Paid","Supply Chain & Logistics","Rina Hassan"
"BLD-100892","2024-07-30","Sick","8","Paid","Supply Chain & Logistics","Rina Hassan"
"BLD-100892","2023-09-29","Sick","8","Paid","Supply Chain & Logistics","Rina Hassan"
"BLD-100892","2025-04-02","Sick","8","Paid","Supply Chain & Logistics","Rina Hassan"
"BLD-100892","2024-09-23","Sick","8","Paid","Supply Chain & Logistics","Rina Hassan"
"BLD-100892","2025-08-16","Unplanned","8","Paid","Supply Chain & Logistics","Rina Hassan"
"BLD-100892","2025-01-06","Sick","8","Paid","Supply Chain & Logistics","Rina Hassan"
"BLD-100892","2024-02-06","Unplanned","8","Unpaid","Supply Chain & Logistics","Rina Hassan"
"BLD-100892","2025-03-04","Sick","8","Paid","Supply Chain & Logistics","Rina Hassan"
"BLD-100892","2025-08-17","Sick","8","Paid","Supply Chain & Logistics","Rina Hassan"
"BLD-100893","2024-07-18","Unplanned","8","Unpaid","Marketing","Hassan Pereira"
"BLD-100893","2023-05-09","Sick","8","Paid","Marketing","Hassan Pereira"
"BLD-100893","2024-09-05","Other","8","Unpaid","Marketing","Hassan Pereira"
"BLD-100893","2023-03-18","Unplanned","8","Unpaid","Marketing","Hassan Pereira"
"BLD-100893","2024-06-15","Unplanned","8","Unpaid","Marketing","Hassan Pereira"
"BLD-100893","2025-10-20","Unplanned","8","Paid","Marketing","Hassan Pereira"
"BLD-100893","2025-05-31","Unplanned","8","Paid","Marketing","Hassan Pereira"
"BLD-100893","2025-07-01","Unplanned","8","Unpaid","Marketing","Hassan Pereira"
"BLD-100893","2025-04-02","Late","1","Paid","Marketing","Hassan Pereira"
"BLD-100893","2024-01-29","Other","8","Unpaid","Marketing","Hassan Pereira"
"BLD-100893","2024-11-15","Late","1","Unpaid","Marketing","Hassan Pereira"
"BLD-100893","2025-01-15","Unplanned","8","Paid","Marketing","Hassan Pereira"
"BLD-100893","2024-06-01","Unplanned","8","Unpaid","Marketing","Hassan Pereira"
"BLD-100893","2024-08-28","Sick","8","Paid","Marketing","Hassan Pereira"
"BLD-100893","2024-02-11","Sick","8","Paid","Marketing","Hassan Pereira"
"BLD-100893","2024-01-22","Sick","8","Paid","Marketing","Hassan Pereira"
"BLD-100893","2025-04-11","Sick","8","Paid","Marketing","Hassan Pereira"
"BLD-100893","2024-04-25","Late","3","Unpaid","Marketing","Hassan Pereira"
"BLD-100893","2023-03-18","Sick","8","Paid","Marketing","Hassan Pereira"
"BLD-100893","2023-07-14","Unplanned","8","Unpaid","Marketing","Hassan Pereira"
"BLD-100893","2025-07-24","Late","2","Paid","Marketing","Hassan Pereira"
"BLD-100894","2025-01-16","Late","2","Paid","Procurement","Jose Pereira"
"BLD-100894","2025-01-04","Sick","8","Paid","Procurement","Jose Pereira"
"BLD-100894","2024-01-16","Unplanned","8","Unpaid","Procurement","Jose Pereira"
"BLD-100894","2023-03-15","Sick","8","Paid","Procurement","Jose Pereira"
"BLD-100894","2025-06-22","Unplanned","8","Paid","Procurement","Jose Pereira"
"BLD-100894","2023-05-21","Sick","8","Paid","Procurement","Jose Pereira"
"BLD-100894","2025-10-23","Sick","8","Paid","Procurement","Jose Pereira"
"BLD-100894","2024-11-11","Late","2","Unpaid","Procurement","Jose Pereira"
"BLD-100894","2024-04-01","Sick","8","Paid","Procurement","Jose Pereira"
"BLD-100894","2024-01-10","Unplanned","8","Unpaid","Procurement","Jose Pereira"
"BLD-100894","2023-09-30","Other","8","Paid","Procurement","Jose Pereira"
"BLD-100895","2023-01-13","Sick","8","Paid","Finance","Noor Sharma"
"BLD-100895","2025-03-21","Unplanned","8","Unpaid","Finance","Noor Sharma"
"BLD-100895","2023-08-29","Sick","8","Paid","Finance","Noor Sharma"
"BLD-100895","2024-09-22","Sick","8","Paid","Finance","Noor Sharma"
"BLD-100895","2025-02-27","Unplanned","8","Unpaid","Finance","Noor Sharma"
"BLD-100895","2024-08-01","Sick","8","Paid","Finance","Noor Sharma"
"BLD-100895","2023-07-06","Late","3","Unpaid","Finance","Noor Sharma"
"BLD-100896","2023-03-15","Unplanned","8","Unpaid","People & Culture","Waleed Mendoza"
"BLD-100896","2023-04-26","Sick","8","Paid","People & Culture","Waleed Mendoza"
"BLD-100896","2023-03-02","Late","2","Unpaid","People & Culture","Waleed Mendoza"
"BLD-100896","2025-06-21","Late","3","Unpaid","People & Culture","Waleed Mendoza"
"BLD-100896","2023-12-02","Sick","8","Paid","People & Culture","Waleed Mendoza"
"BLD-100896","2025-07-06","Late","1","Unpaid","People & Culture","Waleed Mendoza"
"BLD-100896","2025-09-08","Sick","8","Paid","People & Culture","Waleed Mendoza"
"BLD-100896","2023-11-30","Sick","8","Paid","People & Culture","Waleed Mendoza"
"BLD-100896","2023-11-05","Sick","8","Paid","People & Culture","Waleed Mendoza"
"BLD-100896","2023-08-25","Sick","8","Paid","People & Culture","Waleed Mendoza"
"BLD-100897","2023-02-21","Sick","8","Paid","R&D","Rakesh Kapoor"
"BLD-100897","2025-04-03","Sick","8","Paid","R&D","Rakesh Kapoor"
"BLD-100897","2025-02-04","Sick","8","Paid","R&D","Rakesh Kapoor"
"BLD-100897","2024-02-09","Unplanned","8","Paid","R&D","Rakesh Kapoor"
"BLD-100897","2023-01-04","Late","1","Paid","R&D","Rakesh Kapoor"
"BLD-100897","2023-04-18","Sick","8","Paid","R&D","Rakesh Kapoor"
"BLD-100897","2024-03-21","Unplanned","8","Unpaid","R&D","Rakesh Kapoor"
"BLD-100898","2025-12-24","Sick","8","Paid","People & Culture","Yasmin Cruz"
"BLD-100898","2023-04-14","Late","3","Paid","People & Culture","Yasmin Cruz"
"BLD-100898","2025-05-25","Unplanned","8","Paid","People & Culture","Yasmin Cruz"
"BLD-100898","2023-05-26","Sick","8","Paid","People & Culture","Yasmin Cruz"
"BLD-100898","2025-01-17","Sick","8","Paid","People & Culture","Yasmin Cruz"
"BLD-100898","2024-03-18","Unplanned","8","Unpaid","People & Culture","Yasmin Cruz"
"BLD-100898","2025-06-16","Unplanned","8","Unpaid","People & Culture","Yasmin Cruz"
"BLD-100898","2024-12-02","Unplanned","8","Unpaid","People & Culture","Yasmin Cruz"
"BLD-100898","2024-05-23","Unplanned","8","Unpaid","People & Culture","Yasmin Cruz"
"BLD-100898","2024-03-10","Unplanned","8","Paid","People & Culture","Yasmin Cruz"
"BLD-100898","2025-05-26","Unplanned","8","Unpaid","People & Culture","Yasmin Cruz"
"BLD-100898","2023-05-14","Late","1","Paid","People & Culture","Yasmin Cruz"
"BLD-100898","2025-01-30","Late","2","Unpaid","People & Culture","Yasmin Cruz"
"BLD-100898","2024-10-24","Late","1","Unpaid","People & Culture","Yasmin Cruz"
"BLD-100898","2024-04-16","Unplanned","8","Paid","People & Culture","Yasmin Cruz"
"BLD-100898","2025-06-09","Sick","8","Paid","People & Culture","Yasmin Cruz"
"BLD-100898","2024-08-07","Sick","8","Paid","People & Culture","Yasmin Cruz"
"BLD-100899","2023-06-12","Sick","8","Paid","Supply Chain & Logistics","Bishnu Iqbal"
"BLD-100899","2023-08-27","Sick","8","Paid","Supply Chain & Logistics","Bishnu Iqbal"
"BLD-100899","2023-12-07","Other","8","Unpaid","Supply Chain & Logistics","Bishnu Iqbal"
"BLD-100899","2023-03-23","Sick","8","Paid","Supply Chain & Logistics","Bishnu Iqbal"
"BLD-100899","2024-01-26","Unplanned","8","Unpaid","Supply Chain & Logistics","Bishnu Iqbal"
"BLD-100899","2024-01-24","Unplanned","8","Paid","Supply Chain & Logistics","Bishnu Iqbal"
"BLD-100899","2023-11-10","Late","1","Unpaid","Supply Chain & Logistics","Bishnu Iqbal"
"BLD-100899","2023-05-12","Sick","8","Paid","Supply Chain & Logistics","Bishnu Iqbal"
"BLD-100899","2024-01-18","Late","2","Unpaid","Supply Chain & Logistics","Bishnu Iqbal"
"BLD-100899","2023-08-12","Sick","8","Paid","Supply Chain & Logistics","Bishnu Iqbal"
"BLD-100899","2023-08-31","Other","8","Paid","Supply Chain & Logistics","Bishnu Iqbal"
"BLD-100899","2024-01-26","Late","2","Paid","Supply Chain & Logistics","Bishnu Iqbal"
"BLD-100899","2023-11-04","Sick","8","Paid","Supply Chain & Logistics","Bishnu Iqbal"
"BLD-100900","2023-03-07","Sick","8","Paid","Finance","Santosh Reyes"
"BLD-100900","2023-01-15","Unplanned","8","Unpaid","Finance","Santosh Reyes"
"BLD-100900","2024-01-16","Other","8","Unpaid","Finance","Santosh Reyes"
"BLD-100900","2023-06-27","Unplanned","8","Unpaid","Finance","Santosh Reyes"
"BLD-100900","2023-09-03","Unplanned","8","Paid","Finance","Santosh Reyes"
"BLD-100900","2023-02-28","Sick","8","Paid","Finance","Santosh Reyes"
"BLD-100900","2024-02-02","Other","8","Paid","Finance","Santosh Reyes"
"BLD-100900","2023-04-18","Unplanned","8","Paid","Finance","Santosh Reyes"
"BLD-100901","2023-05-16","Unplanned","8","Unpaid","Finance","Reem Farouk"
"BLD-100902","2025-05-03","Late","3","Unpaid","Procurement","Mohamed Rai"
"BLD-100902","2025-11-04","Sick","8","Paid","Procurement","Mohamed Rai"
"BLD-100902","2024-04-03","Late","2","Unpaid","Procurement","Mohamed Rai"
"BLD-100903","2023-07-05","Unplanned","8","Paid","Corporate & Executive Office","Rowena Pereira"
"BLD-100903","2023-03-06","Unplanned","8","Paid","Corporate & Executive Office","Rowena Pereira"
"BLD-100903","2024-06-10","Sick","8","Paid","Corporate & Executive Office","Rowena Pereira"
"BLD-100903","2023-06-01","Late","2","Unpaid","Corporate & Executive Office","Rowena Pereira"
"BLD-100903","2024-03-17","Late","1","Unpaid","Corporate & Executive Office","Rowena Pereira"
"BLD-100903","2024-05-12","Unplanned","8","Paid","Corporate & Executive Office","Rowena Pereira"
"BLD-100903","2025-01-30","Sick","8","Paid","Corporate & Executive Office","Rowena Pereira"
"BLD-100903","2024-03-21","Late","3","Paid","Corporate & Executive Office","Rowena Pereira"
"BLD-100903","2024-02-09","Unplanned","8","Paid","Corporate & Executive Office","Rowena Pereira"
"BLD-100903","2024-09-07","Late","2","Unpaid","Corporate & Executive Office","Rowena Pereira"
"BLD-100904","2024-11-19","Sick","8","Paid","Corporate & Executive Office","Rajesh Sharma"
"BLD-100904","2024-05-04","Unplanned","8","Unpaid","Corporate & Executive Office","Rajesh Sharma"
"BLD-100904","2024-01-30","Sick","8","Paid","Corporate & Executive Office","Rajesh Sharma"
"BLD-100904","2023-01-06","Sick","8","Paid","Corporate & Executive Office","Rajesh Sharma"
"BLD-100904","2025-10-15","Sick","8","Paid","Corporate & Executive Office","Rajesh Sharma"
"BLD-100904","2023-10-05","Sick","8","Paid","Corporate & Executive Office","Rajesh Sharma"
"BLD-100904","2023-06-30","Sick","8","Paid","Corporate & Executive Office","Rajesh Sharma"
"BLD-100904","2024-06-06","Sick","8","Paid","Corporate & Executive Office","Rajesh Sharma"
"BLD-100904","2025-05-14","Late","2","Paid","Corporate & Executive Office","Rajesh Sharma"
"BLD-100904","2025-11-08","Unplanned","8","Paid","Corporate & Executive Office","Rajesh Sharma"
"BLD-100904","2023-12-09","Sick","8","Paid","Corporate & Executive Office","Rajesh Sharma"
"BLD-100904","2024-02-26","Sick","8","Paid","Corporate & Executive Office","Rajesh Sharma"
"BLD-100904","2024-05-10","Late","1","Unpaid","Corporate & Executive Office","Rajesh Sharma"
"BLD-100904","2025-07-19","Sick","8","Paid","Corporate & Executive Office","Rajesh Sharma"
"BLD-100904","2025-04-25","Unplanned","8","Unpaid","Corporate & Executive Office","Rajesh Sharma"
"BLD-100904","2025-11-14","Late","1","Paid","Corporate & Executive Office","Rajesh Sharma"
"BLD-100904","2023-10-17","Sick","8","Paid","Corporate & Executive Office","Rajesh Sharma"
"BLD-100904","2025-07-23","Sick","8","Paid","Corporate & Executive Office","Rajesh Sharma"
"BLD-100904","2025-06-02","Unplanned","8","Unpaid","Corporate & Executive Office","Rajesh Sharma"
"BLD-100905","2024-03-16","Unplanned","8","Unpaid","Supply Chain & Logistics","Amina Al-Kuwari"
"BLD-100905","2025-08-12","Sick","8","Paid","Supply Chain & Logistics","Amina Al-Kuwari"
"BLD-100905","2025-06-06","Sick","8","Paid","Supply Chain & Logistics","Amina Al-Kuwari"
"BLD-100905","2024-10-07","Sick","8","Paid","Supply Chain & Logistics","Amina Al-Kuwari"
"BLD-100905","2024-11-07","Unplanned","8","Paid","Supply Chain & Logistics","Amina Al-Kuwari"
"BLD-100905","2023-06-11","Sick","8","Paid","Supply Chain & Logistics","Amina Al-Kuwari"
"BLD-100905","2025-05-15","Sick","8","Paid","Supply Chain & Logistics","Amina Al-Kuwari"
"BLD-100905","2024-01-24","Unplanned","8","Unpaid","Supply Chain & Logistics","Amina Al-Kuwari"
"BLD-100905","2025-05-17","Sick","8","Paid","Supply Chain & Logistics","Amina Al-Kuwari"
"BLD-100905","2025-01-10","Unplanned","8","Paid","Supply Chain & Logistics","Amina Al-Kuwari"
"BLD-100906","2024-05-24","Late","2","Paid","People & Culture","Noor Mahmoud"
"BLD-100906","2023-04-29","Unplanned","8","Unpaid","People & Culture","Noor Mahmoud"
"BLD-100906","2025-03-18","Unplanned","8","Paid","People & Culture","Noor Mahmoud"
"BLD-100906","2023-08-05","Unplanned","8","Unpaid","People & Culture","Noor Mahmoud"
"BLD-100906","2025-03-24","Sick","8","Paid","People & Culture","Noor Mahmoud"
"BLD-100906","2023-11-10","Late","1","Paid","People & Culture","Noor Mahmoud"
"BLD-100906","2023-04-03","Sick","8","Paid","People & Culture","Noor Mahmoud"
"BLD-100906","2024-03-07","Unplanned","8","Unpaid","People & Culture","Noor Mahmoud"
"BLD-100906","2023-02-28","Unplanned","8","Paid","People & Culture","Noor Mahmoud"
"BLD-100906","2025-10-06","Sick","8","Paid","People & Culture","Noor Mahmoud"
"BLD-100906","2024-06-23","Unplanned","8","Unpaid","People & Culture","Noor Mahmoud"
"BLD-100906","2023-10-19","Sick","8","Paid","People & Culture","Noor Mahmoud"
"BLD-100906","2024-05-04","Unplanned","8","Unpaid","People & Culture","Noor Mahmoud"
"BLD-100906","2024-03-01","Unplanned","8","Unpaid","People & Culture","Noor Mahmoud"
"BLD-100906","2025-01-23","Unplanned","8","Paid","People & Culture","Noor Mahmoud"
"BLD-100906","2023-10-20","Unplanned","8","Paid","People & Culture","Noor Mahmoud"
"BLD-100906","2023-04-11","Other","8","Unpaid","People & Culture","Noor Mahmoud"
"BLD-100908","2024-06-27","Sick","8","Paid","Corporate & Executive Office","Pooja Chowdhury"
"BLD-100908","2024-02-24","Sick","8","Paid","Corporate & Executive Office","Pooja Chowdhury"
"BLD-100908","2023-01-08","Unplanned","8","Unpaid","Corporate & Executive Office","Pooja Chowdhury"
"BLD-100908","2023-06-21","Late","3","Unpaid","Corporate & Executive Office","Pooja Chowdhury"
"BLD-100908","2024-12-02","Sick","8","Paid","Corporate & Executive Office","Pooja Chowdhury"
"BLD-100908","2024-07-14","Unplanned","8","Paid","Corporate & Executive Office","Pooja Chowdhury"
"BLD-100908","2025-09-28","Late","1","Unpaid","Corporate & Executive Office","Pooja Chowdhury"
"BLD-100908","2025-05-10","Sick","8","Paid","Corporate & Executive Office","Pooja Chowdhury"
"BLD-100908","2023-12-23","Sick","8","Paid","Corporate & Executive Office","Pooja Chowdhury"
"BLD-100909","2023-04-14","Unplanned","8","Paid","Production","Kavita Chowdhury"
"BLD-100909","2023-07-16","Unplanned","8","Unpaid","Production","Kavita Chowdhury"
"BLD-100909","2023-02-25","Unplanned","8","Unpaid","Production","Kavita Chowdhury"
"BLD-100909","2023-08-24","Sick","8","Paid","Production","Kavita Chowdhury"
"BLD-100909","2023-07-29","Sick","8","Paid","Production","Kavita Chowdhury"
"BLD-100909","2023-01-22","Sick","8","Paid","Production","Kavita Chowdhury"
"BLD-100910","2023-03-07","Unplanned","8","Paid","R&D","Layla Chowdhury"
"BLD-100910","2025-01-13","Unplanned","8","Paid","R&D","Layla Chowdhury"
"BLD-100910","2025-07-29","Other","8","Paid","R&D","Layla Chowdhury"
"BLD-100910","2023-01-07","Sick","8","Paid","R&D","Layla Chowdhury"
"BLD-100910","2025-02-22","Sick","8","Paid","R&D","Layla Chowdhury"
"BLD-100910","2024-11-29","Sick","8","Paid","R&D","Layla Chowdhury"
"BLD-100910","2023-07-10","Unplanned","8","Unpaid","R&D","Layla Chowdhury"
"BLD-100910","2025-03-03","Late","3","Unpaid","R&D","Layla Chowdhury"
"BLD-100910","2023-04-29","Sick","8","Paid","R&D","Layla Chowdhury"
"BLD-100910","2023-05-07","Other","8","Unpaid","R&D","Layla Chowdhury"
"BLD-100910","2023-02-10","Sick","8","Paid","R&D","Layla Chowdhury"
"BLD-100910","2025-01-15","Sick","8","Paid","R&D","Layla Chowdhury"
"BLD-100910","2024-03-17","Unplanned","8","Paid","R&D","Layla Chowdhury"
"BLD-100910","2025-10-15","Sick","8","Paid","R&D","Layla Chowdhury"
"BLD-100910","2025-10-05","Sick","8","Paid","R&D","Layla Chowdhury"
"BLD-100910","2024-06-27","Late","3","Paid","R&D","Layla Chowdhury"
"BLD-100910","2024-03-01","Late","2","Unpaid","R&D","Layla Chowdhury"
"BLD-100911","2025-02-28","Unplanned","8","Paid","Farm Operations","Manoj Ibrahim"
"BLD-100911","2025-10-06","Unplanned","8","Unpaid","Farm Operations","Manoj Ibrahim"
"BLD-100911","2023-02-04","Sick","8","Paid","Farm Operations","Manoj Ibrahim"
"BLD-100911","2024-06-23","Unplanned","8","Unpaid","Farm Operations","Manoj Ibrahim"
"BLD-100911","2023-12-02","Sick","8","Paid","Farm Operations","Manoj Ibrahim"
"BLD-100911","2025-11-21","Unplanned","8","Unpaid","Farm Operations","Manoj Ibrahim"
"BLD-100911","2023-03-21","Unplanned","8","Paid","Farm Operations","Manoj Ibrahim"
"BLD-100911","2023-03-27","Late","3","Paid","Farm Operations","Manoj Ibrahim"
"BLD-100911","2025-03-16","Unplanned","8","Unpaid","Farm Operations","Manoj Ibrahim"
"BLD-100911","2023-09-29","Late","1","Paid","Farm Operations","Manoj Ibrahim"
"BLD-100911","2023-03-03","Unplanned","8","Paid","Farm Operations","Manoj Ibrahim"
"BLD-100911","2023-01-08","Late","1","Unpaid","Farm Operations","Manoj Ibrahim"
"BLD-100911","2025-01-08","Unplanned","8","Unpaid","Farm Operations","Manoj Ibrahim"
"BLD-100911","2025-07-10","Unplanned","8","Unpaid","Farm Operations","Manoj Ibrahim"
"BLD-100911","2025-03-29","Unplanned","8","Paid","Farm Operations","Manoj Ibrahim"
"BLD-100911","2024-11-03","Sick","8","Paid","Farm Operations","Manoj Ibrahim"
"BLD-100911","2024-05-26","Sick","8","Paid","Farm Operations","Manoj Ibrahim"
"BLD-100911","2025-01-12","Sick","8","Paid","Farm Operations","Manoj Ibrahim"
"BLD-100912","2024-03-31","Sick","8","Paid","Quality Assurance & Food Safety","Vikram Hassan"
"BLD-100912","2024-08-26","Unplanned","8","Unpaid","Quality Assurance & Food Safety","Vikram Hassan"
"BLD-100912","2024-05-16","Unplanned","8","Unpaid","Quality Assurance & Food Safety","Vikram Hassan"
"BLD-100912","2023-08-29","Unplanned","8","Unpaid","Quality Assurance & Food Safety","Vikram Hassan"
"BLD-100912","2025-11-05","Late","1","Unpaid","Quality Assurance & Food Safety","Vikram Hassan"
"BLD-100912","2024-01-06","Sick","8","Paid","Quality Assurance & Food Safety","Vikram Hassan"
"BLD-100912","2024-11-05","Other","8","Unpaid","Quality Assurance & Food Safety","Vikram Hassan"
"BLD-100913","2023-03-31","Late","1","Unpaid","R&D","Bishnu Cruz"
"BLD-100913","2023-07-04","Sick","8","Paid","R&D","Bishnu Cruz"
"BLD-100913","2023-08-01","Unplanned","8","Unpaid","R&D","Bishnu Cruz"
"BLD-100913","2023-10-11","Sick","8","Paid","R&D","Bishnu Cruz"
"BLD-100913","2023-06-02","Sick","8","Paid","R&D","Bishnu Cruz"
"BLD-100913","2023-06-24","Sick","8","Paid","R&D","Bishnu Cruz"
"BLD-100913","2023-08-18","Sick","8","Paid","R&D","Bishnu Cruz"
"BLD-100914","2024-06-27","Sick","8","Paid","Engineering & Maintenance","Suresh Devi"
"BLD-100914","2023-03-08","Sick","8","Paid","Engineering & Maintenance","Suresh Devi"
"BLD-100914","2024-08-09","Sick","8","Paid","Engineering & Maintenance","Suresh Devi"
"BLD-100914","2023-11-13","Unplanned","8","Paid","Engineering & Maintenance","Suresh Devi"
"BLD-100914","2025-09-28","Late","1","Paid","Engineering & Maintenance","Suresh Devi"
"BLD-100914","2023-07-06","Sick","8","Paid","Engineering & Maintenance","Suresh Devi"
"BLD-100914","2025-08-07","Sick","8","Paid","Engineering & Maintenance","Suresh Devi"
"BLD-100915","2025-10-19","Late","3","Unpaid","Sales & Distribution","Suresh Khan"
"BLD-100915","2025-01-28","Unplanned","8","Paid","Sales & Distribution","Suresh Khan"
"BLD-100915","2025-04-23","Sick","8","Paid","Sales & Distribution","Suresh Khan"
"BLD-100915","2024-01-11","Unplanned","8","Paid","Sales & Distribution","Suresh Khan"
"BLD-100915","2025-07-22","Sick","8","Paid","Sales & Distribution","Suresh Khan"
"BLD-100915","2023-01-02","Sick","8","Paid","Sales & Distribution","Suresh Khan"
"BLD-100915","2024-04-13","Unplanned","8","Unpaid","Sales & Distribution","Suresh Khan"
"BLD-100915","2024-09-16","Sick","8","Paid","Sales & Distribution","Suresh Khan"
"BLD-100916","2024-02-15","Sick","8","Paid","Procurement","Manoj Iqbal"
"BLD-100916","2024-03-20","Sick","8","Paid","Procurement","Manoj Iqbal"
"BLD-100916","2024-09-20","Unplanned","8","Unpaid","Procurement","Manoj Iqbal"
"BLD-100916","2024-08-20","Sick","8","Paid","Procurement","Manoj Iqbal"
"BLD-100916","2025-03-04","Sick","8","Paid","Procurement","Manoj Iqbal"
"BLD-100916","2024-05-02","Sick","8","Paid","Procurement","Manoj Iqbal"
"BLD-100916","2025-07-05","Sick","8","Paid","Procurement","Manoj Iqbal"
"BLD-100916","2024-12-10","Late","1","Paid","Procurement","Manoj Iqbal"
"BLD-100916","2024-11-22","Sick","8","Paid","Procurement","Manoj Iqbal"
"BLD-100916","2024-12-25","Sick","8","Paid","Procurement","Manoj Iqbal"
"BLD-100916","2023-04-17","Late","2","Unpaid","Procurement","Manoj Iqbal"
"BLD-100916","2025-01-10","Unplanned","8","Unpaid","Procurement","Manoj Iqbal"
"BLD-100916","2023-01-05","Sick","8","Paid","Procurement","Manoj Iqbal"
"BLD-100916","2025-09-08","Sick","8","Paid","Procurement","Manoj Iqbal"
"BLD-100917","2024-10-27","Sick","8","Paid","Sales & Distribution","Yasmin Sharma"
"BLD-100917","2025-05-17","Sick","8","Paid","Sales & Distribution","Yasmin Sharma"
"BLD-100917","2025-02-17","Sick","8","Paid","Sales & Distribution","Yasmin Sharma"
"BLD-100917","2025-07-17","Unplanned","8","Unpaid","Sales & Distribution","Yasmin Sharma"
"BLD-100917","2024-08-25","Sick","8","Paid","Sales & Distribution","Yasmin Sharma"
"BLD-100918","2023-01-25","Unplanned","8","Unpaid","Production","Hari Abdullah"
"BLD-100918","2024-05-15","Sick","8","Paid","Production","Hari Abdullah"
"BLD-100918","2023-06-07","Late","2","Paid","Production","Hari Abdullah"
"BLD-100918","2024-05-29","Unplanned","8","Paid","Production","Hari Abdullah"
"BLD-100919","2023-05-15","Unplanned","8","Unpaid","Supply Chain & Logistics","Ali Gurung"
"BLD-100919","2023-11-29","Sick","8","Paid","Supply Chain & Logistics","Ali Gurung"
"BLD-100919","2024-04-10","Unplanned","8","Unpaid","Supply Chain & Logistics","Ali Gurung"
"BLD-100919","2023-04-07","Sick","8","Paid","Supply Chain & Logistics","Ali Gurung"
"BLD-100920","2023-06-26","Sick","8","Paid","Farm Operations","Krishna Sharma"
"BLD-100920","2024-08-19","Other","8","Unpaid","Farm Operations","Krishna Sharma"
"BLD-100920","2024-10-21","Sick","8","Paid","Farm Operations","Krishna Sharma"
"BLD-100920","2023-03-14","Sick","8","Paid","Farm Operations","Krishna Sharma"
"BLD-100920","2024-04-20","Sick","8","Paid","Farm Operations","Krishna Sharma"
"BLD-100920","2024-06-21","Late","2","Unpaid","Farm Operations","Krishna Sharma"
"BLD-100920","2025-03-01","Sick","8","Paid","Farm Operations","Krishna Sharma"
"BLD-100920","2024-08-24","Late","2","Paid","Farm Operations","Krishna Sharma"
"BLD-100920","2025-05-27","Other","8","Unpaid","Farm Operations","Krishna Sharma"
"BLD-100920","2024-02-20","Late","2","Unpaid","Farm Operations","Krishna Sharma"
"BLD-100920","2024-03-22","Unplanned","8","Unpaid","Farm Operations","Krishna Sharma"
"BLD-100921","2023-06-25","Unplanned","8","Paid","Production","Rakesh Youssef"
"BLD-100921","2023-08-12","Sick","8","Paid","Production","Rakesh Youssef"
"BLD-100921","2023-04-05","Late","2","Unpaid","Production","Rakesh Youssef"
"BLD-100921","2023-06-09","Sick","8","Paid","Production","Rakesh Youssef"
"BLD-100921","2023-05-09","Sick","8","Paid","Production","Rakesh Youssef"
"BLD-100921","2023-05-01","Late","3","Unpaid","Production","Rakesh Youssef"
"BLD-100922","2023-10-24","Sick","8","Paid","Marketing","Dalia Mendoza"
"BLD-100922","2023-01-25","Late","3","Unpaid","Marketing","Dalia Mendoza"
"BLD-100922","2023-09-03","Sick","8","Paid","Marketing","Dalia Mendoza"
"BLD-100922","2023-07-04","Sick","8","Paid","Marketing","Dalia Mendoza"
"BLD-100922","2023-09-07","Sick","8","Paid","Marketing","Dalia Mendoza"
"BLD-100923","2023-02-25","Sick","8","Paid","Finance","Krishna Kapoor"
"BLD-100923","2023-10-27","Sick","8","Paid","Finance","Krishna Kapoor"
"BLD-100923","2023-05-19","Late","2","Unpaid","Finance","Krishna Kapoor"
"BLD-100923","2023-05-28","Unplanned","8","Paid","Finance","Krishna Kapoor"
"BLD-100924","2023-06-13","Sick","8","Paid","Procurement","Omar Iqbal"
"BLD-100924","2024-10-31","Sick","8","Paid","Procurement","Omar Iqbal"
"BLD-100924","2024-01-01","Unplanned","8","Paid","Procurement","Omar Iqbal"
"BLD-100924","2024-04-26","Late","1","Unpaid","Procurement","Omar Iqbal"
"BLD-100924","2025-05-05","Sick","8","Paid","Procurement","Omar Iqbal"
"BLD-100924","2023-05-17","Sick","8","Paid","Procurement","Omar Iqbal"
"BLD-100924","2023-02-18","Sick","8","Paid","Procurement","Omar Iqbal"
"BLD-100924","2025-11-17","Sick","8","Paid","Procurement","Omar Iqbal"
"BLD-100924","2023-07-07","Unplanned","8","Paid","Procurement","Omar Iqbal"
"BLD-100924","2025-03-07","Sick","8","Paid","Procurement","Omar Iqbal"
"BLD-100925","2023-11-18","Sick","8","Paid","Procurement","Arjun Khan"
"BLD-100925","2023-06-04","Unplanned","8","Unpaid","Procurement","Arjun Khan"
"BLD-100925","2024-01-13","Unplanned","8","Unpaid","Procurement","Arjun Khan"
"BLD-100925","2024-05-08","Sick","8","Paid","Procurement","Arjun Khan"
"BLD-100925","2024-05-22","Late","2","Unpaid","Procurement","Arjun Khan"
"BLD-100925","2025-02-16","Sick","8","Paid","Procurement","Arjun Khan"
"BLD-100925","2024-04-21","Late","3","Unpaid","Procurement","Arjun Khan"
"BLD-100925","2024-03-23","Late","1","Paid","Procurement","Arjun Khan"
"BLD-100925","2025-08-02","Unplanned","8","Paid","Procurement","Arjun Khan"
"BLD-100925","2023-04-18","Sick","8","Paid","Procurement","Arjun Khan"
"BLD-100926","2023-10-28","Unplanned","8","Paid","R&D","Rania Santos"
"BLD-100926","2025-04-20","Late","2","Unpaid","R&D","Rania Santos"
"BLD-100926","2023-01-07","Late","2","Paid","R&D","Rania Santos"
"BLD-100926","2024-02-17","Late","2","Unpaid","R&D","Rania Santos"
"BLD-100926","2023-06-28","Sick","8","Paid","R&D","Rania Santos"
"BLD-100926","2024-11-07","Sick","8","Paid","R&D","Rania Santos"
"BLD-100926","2024-05-18","Unplanned","8","Paid","R&D","Rania Santos"
"BLD-100927","2025-07-29","Unplanned","8","Unpaid","People & Culture","Rowena Islam"
"BLD-100927","2025-08-30","Sick","8","Paid","People & Culture","Rowena Islam"
"BLD-100927","2024-03-21","Sick","8","Paid","People & Culture","Rowena Islam"
"BLD-100927","2025-07-03","Sick","8","Paid","People & Culture","Rowena Islam"
"BLD-100927","2024-06-12","Sick","8","Paid","People & Culture","Rowena Islam"
"BLD-100927","2025-05-05","Sick","8","Paid","People & Culture","Rowena Islam"
"BLD-100927","2023-12-09","Late","3","Unpaid","People & Culture","Rowena Islam"
"BLD-100927","2023-09-16","Unplanned","8","Paid","People & Culture","Rowena Islam"
"BLD-100927","2024-10-08","Late","2","Unpaid","People & Culture","Rowena Islam"
"BLD-100927","2024-03-21","Late","2","Unpaid","People & Culture","Rowena Islam"
"BLD-100927","2025-10-17","Sick","8","Paid","People & Culture","Rowena Islam"
"BLD-100928","2025-06-18","Other","8","Paid","Finance","Nadia Youssef"
"BLD-100928","2024-04-14","Sick","8","Paid","Finance","Nadia Youssef"
"BLD-100928","2025-04-25","Sick","8","Paid","Finance","Nadia Youssef"
"BLD-100928","2025-04-06","Sick","8","Paid","Finance","Nadia Youssef"
"BLD-100928","2023-10-13","Late","3","Paid","Finance","Nadia Youssef"
"BLD-100928","2023-07-12","Unplanned","8","Unpaid","Finance","Nadia Youssef"
"BLD-100928","2023-12-04","Late","2","Paid","Finance","Nadia Youssef"
"BLD-100928","2023-04-16","Unplanned","8","Unpaid","Finance","Nadia Youssef"
"BLD-100928","2025-06-22","Unplanned","8","Unpaid","Finance","Nadia Youssef"
"BLD-100929","2023-01-21","Late","1","Unpaid","Engineering & Maintenance","Ravi Youssef"
"BLD-100929","2023-01-16","Sick","8","Paid","Engineering & Maintenance","Ravi Youssef"
"BLD-100930","2025-08-07","Unplanned","8","Paid","Supply Chain & Logistics","Priya Farouk"
"BLD-100930","2024-01-12","Late","3","Paid","Supply Chain & Logistics","Priya Farouk"
"BLD-100930","2024-03-20","Unplanned","8","Unpaid","Supply Chain & Logistics","Priya Farouk"
"BLD-100930","2025-06-06","Sick","8","Paid","Supply Chain & Logistics","Priya Farouk"
"BLD-100930","2025-07-18","Sick","8","Paid","Supply Chain & Logistics","Priya Farouk"
"BLD-100931","2023-08-19","Sick","8","Paid","Farm Operations","Anil Khan"
"BLD-100931","2023-10-29","Unplanned","8","Unpaid","Farm Operations","Anil Khan"
"BLD-100931","2025-08-03","Sick","8","Paid","Farm Operations","Anil Khan"
"BLD-100931","2023-04-22","Sick","8","Paid","Farm Operations","Anil Khan"
"BLD-100931","2024-08-30","Unplanned","8","Unpaid","Farm Operations","Anil Khan"
"BLD-100931","2023-11-08","Sick","8","Paid","Farm Operations","Anil Khan"
"BLD-100931","2023-07-10","Sick","8","Paid","Farm Operations","Anil Khan"
"BLD-100931","2023-02-27","Sick","8","Paid","Farm Operations","Anil Khan"
"BLD-100933","2023-04-23","Late","2","Paid","Supply Chain & Logistics","Aisha Mendoza"
"BLD-100933","2023-09-05","Late","1","Paid","Supply Chain & Logistics","Aisha Mendoza"
"BLD-100933","2023-10-08","Unplanned","8","Unpaid","Supply Chain & Logistics","Aisha Mendoza"
"BLD-100933","2024-02-27","Other","8","Paid","Supply Chain & Logistics","Aisha Mendoza"
"BLD-100933","2023-09-25","Sick","8","Paid","Supply Chain & Logistics","Aisha Mendoza"
"BLD-100933","2024-01-08","Late","1","Unpaid","Supply Chain & Logistics","Aisha Mendoza"
"BLD-100933","2023-05-31","Other","8","Unpaid","Supply Chain & Logistics","Aisha Mendoza"
"BLD-100933","2024-02-22","Sick","8","Paid","Supply Chain & Logistics","Aisha Mendoza"
"BLD-100933","2023-07-02","Sick","8","Paid","Supply Chain & Logistics","Aisha Mendoza"
"BLD-100934","2025-02-05","Unplanned","8","Paid","Engineering & Maintenance","Mohamed Rai"
"BLD-100934","2024-02-09","Sick","8","Paid","Engineering & Maintenance","Mohamed Rai"
"BLD-100934","2024-09-06","Sick","8","Paid","Engineering & Maintenance","Mohamed Rai"
"BLD-100934","2023-03-26","Sick","8","Paid","Engineering & Maintenance","Mohamed Rai"
"BLD-100934","2024-06-21","Sick","8","Paid","Engineering & Maintenance","Mohamed Rai"
"BLD-100934","2023-06-27","Sick","8","Paid","Engineering & Maintenance","Mohamed Rai"
"BLD-100934","2024-09-16","Sick","8","Paid","Engineering & Maintenance","Mohamed Rai"
"BLD-100934","2024-10-19","Sick","8","Paid","Engineering & Maintenance","Mohamed Rai"
"BLD-100934","2025-11-29","Sick","8","Paid","Engineering & Maintenance","Mohamed Rai"
"BLD-100934","2025-06-03","Sick","8","Paid","Engineering & Maintenance","Mohamed Rai"
"BLD-100934","2025-07-23","Late","2","Unpaid","Engineering & Maintenance","Mohamed Rai"
"BLD-100934","2024-12-17","Sick","8","Paid","Engineering & Maintenance","Mohamed Rai"
"BLD-100934","2023-10-22","Late","2","Paid","Engineering & Maintenance","Mohamed Rai"
"BLD-100934","2024-05-25","Late","3","Unpaid","Engineering & Maintenance","Mohamed Rai"
"BLD-100934","2024-07-28","Unplanned","8","Unpaid","Engineering & Maintenance","Mohamed Rai"
"BLD-100934","2023-02-28","Sick","8","Paid","Engineering & Maintenance","Mohamed Rai"
"BLD-100934","2024-12-22","Sick","8","Paid","Engineering & Maintenance","Mohamed Rai"
"BLD-100935","2023-12-06","Sick","8","Paid","Sales & Distribution","Suresh Khan"
"BLD-100936","2023-03-01","Sick","8","Paid","Finance","Reem Islam"
"BLD-100936","2023-07-22","Late","2","Unpaid","Finance","Reem Islam"
"BLD-100936","2023-02-11","Unplanned","8","Unpaid","Finance","Reem Islam"
"BLD-100936","2023-01-08","Sick","8","Paid","Finance","Reem Islam"
"BLD-100936","2024-02-16","Other","8","Unpaid","Finance","Reem Islam"
"BLD-100936","2023-09-02","Unplanned","8","Unpaid","Finance","Reem Islam"
"BLD-100936","2025-10-08","Other","8","Unpaid","Finance","Reem Islam"
"BLD-100936","2023-08-17","Sick","8","Paid","Finance","Reem Islam"
"BLD-100936","2025-09-20","Sick","8","Paid","Finance","Reem Islam"
"BLD-100936","2023-09-28","Unplanned","8","Unpaid","Finance","Reem Islam"
"BLD-100936","2024-06-21","Unplanned","8","Unpaid","Finance","Reem Islam"
"BLD-100936","2023-03-08","Sick","8","Paid","Finance","Reem Islam"
"BLD-100936","2025-08-12","Sick","8","Paid","Finance","Reem Islam"
"BLD-100936","2025-12-22","Unplanned","8","Unpaid","Finance","Reem Islam"
"BLD-100936","2025-02-08","Sick","8","Paid","Finance","Reem Islam"
"BLD-100936","2025-01-29","Late","1","Paid","Finance","Reem Islam"
"BLD-100936","2024-10-08","Sick","8","Paid","Finance","Reem Islam"
"BLD-100936","2025-01-15","Sick","8","Paid","Finance","Reem Islam"
"BLD-100936","2025-11-05","Sick","8","Paid","Finance","Reem Islam"
"BLD-100937","2025-07-07","Sick","8","Paid","Marketing","Ramesh Sharma"
"BLD-100937","2023-05-05","Sick","8","Paid","Marketing","Ramesh Sharma"
"BLD-100937","2024-11-10","Sick","8","Paid","Marketing","Ramesh Sharma"
"BLD-100937","2024-12-24","Late","2","Paid","Marketing","Ramesh Sharma"
"BLD-100938","2024-06-23","Unplanned","8","Paid","Sales & Distribution","Bishnu Al-Marri"
"BLD-100938","2023-12-15","Unplanned","8","Unpaid","Sales & Distribution","Bishnu Al-Marri"
"BLD-100938","2023-03-02","Unplanned","8","Unpaid","Sales & Distribution","Bishnu Al-Marri"
"BLD-100938","2025-03-19","Sick","8","Paid","Sales & Distribution","Bishnu Al-Marri"
"BLD-100938","2025-03-14","Sick","8","Paid","Sales & Distribution","Bishnu Al-Marri"
"BLD-100938","2025-01-11","Sick","8","Paid","Sales & Distribution","Bishnu Al-Marri"
"BLD-100938","2025-06-26","Sick","8","Paid","Sales & Distribution","Bishnu Al-Marri"
"BLD-100938","2024-05-31","Unplanned","8","Paid","Sales & Distribution","Bishnu Al-Marri"
"BLD-100938","2024-08-05","Unplanned","8","Unpaid","Sales & Distribution","Bishnu Al-Marri"
"BLD-100938","2023-01-09","Other","8","Paid","Sales & Distribution","Bishnu Al-Marri"
"BLD-100938","2024-10-28","Sick","8","Paid","Sales & Distribution","Bishnu Al-Marri"
"BLD-100938","2023-04-28","Sick","8","Paid","Sales & Distribution","Bishnu Al-Marri"
"BLD-100938","2024-09-22","Late","1","Paid","Sales & Distribution","Bishnu Al-Marri"
"BLD-100938","2024-05-11","Unplanned","8","Unpaid","Sales & Distribution","Bishnu Al-Marri"
"BLD-100938","2025-05-30","Sick","8","Paid","Sales & Distribution","Bishnu Al-Marri"
"BLD-100938","2023-03-02","Sick","8","Paid","Sales & Distribution","Bishnu Al-Marri"
"BLD-100938","2023-03-27","Unplanned","8","Unpaid","Sales & Distribution","Bishnu Al-Marri"
"BLD-100938","2025-06-29","Sick","8","Paid","Sales & Distribution","Bishnu Al-Marri"
"BLD-100938","2023-11-12","Other","8","Paid","Sales & Distribution","Bishnu Al-Marri"
"BLD-100938","2024-01-05","Sick","8","Paid","Sales & Distribution","Bishnu Al-Marri"
"BLD-100938","2023-05-12","Sick","8","Paid","Sales & Distribution","Bishnu Al-Marri"
"BLD-100938","2025-05-02","Unplanned","8","Unpaid","Sales & Distribution","Bishnu Al-Marri"
"BLD-100939","2023-04-20","Late","2","Paid","Sales & Distribution","Ramesh El-Sayed"
"BLD-100939","2023-02-26","Unplanned","8","Unpaid","Sales & Distribution","Ramesh El-Sayed"
"BLD-100940","2023-09-08","Sick","8","Paid","Finance","Rajesh Reyes"
"BLD-100940","2023-11-28","Unplanned","8","Paid","Finance","Rajesh Reyes"
"BLD-100941","2023-11-23","Sick","8","Paid","Finance","Suresh El-Sayed"
"BLD-100941","2023-03-21","Sick","8","Paid","Finance","Suresh El-Sayed"
"BLD-100941","2023-07-24","Late","1","Paid","Finance","Suresh El-Sayed"
"BLD-100941","2023-02-13","Other","8","Paid","Finance","Suresh El-Sayed"
"BLD-100941","2023-12-12","Unplanned","8","Unpaid","Finance","Suresh El-Sayed"
"BLD-100941","2023-10-25","Unplanned","8","Unpaid","Finance","Suresh El-Sayed"
"BLD-100941","2023-03-22","Sick","8","Paid","Finance","Suresh El-Sayed"
"BLD-100941","2023-08-02","Sick","8","Paid","Finance","Suresh El-Sayed"
"BLD-100941","2023-12-18","Sick","8","Paid","Finance","Suresh El-Sayed"
"BLD-100942","2025-05-16","Sick","8","Paid","Procurement","Noor Islam"
"BLD-100942","2023-10-10","Unplanned","8","Paid","Procurement","Noor Islam"
"BLD-100942","2024-04-07","Sick","8","Paid","Procurement","Noor Islam"
"BLD-100943","2024-06-27","Sick","8","Paid","Supply Chain & Logistics","Jose Reyes"
"BLD-100943","2024-04-01","Late","2","Unpaid","Supply Chain & Logistics","Jose Reyes"
"BLD-100943","2023-07-20","Unplanned","8","Paid","Supply Chain & Logistics","Jose Reyes"
"BLD-100943","2024-11-20","Sick","8","Paid","Supply Chain & Logistics","Jose Reyes"
"BLD-100943","2024-10-01","Sick","8","Paid","Supply Chain & Logistics","Jose Reyes"
"BLD-100943","2023-01-01","Sick","8","Paid","Supply Chain & Logistics","Jose Reyes"
"BLD-100943","2023-08-01","Unplanned","8","Unpaid","Supply Chain & Logistics","Jose Reyes"
"BLD-100943","2024-02-27","Unplanned","8","Paid","Supply Chain & Logistics","Jose Reyes"
"BLD-100943","2023-07-14","Other","8","Unpaid","Supply Chain & Logistics","Jose Reyes"
"BLD-100943","2024-05-19","Late","1","Unpaid","Supply Chain & Logistics","Jose Reyes"
"BLD-100943","2024-01-06","Unplanned","8","Unpaid","Supply Chain & Logistics","Jose Reyes"
"BLD-100943","2023-09-25","Sick","8","Paid","Supply Chain & Logistics","Jose Reyes"
"BLD-100943","2025-05-21","Late","2","Unpaid","Supply Chain & Logistics","Jose Reyes"
"BLD-100943","2025-05-06","Sick","8","Paid","Supply Chain & Logistics","Jose Reyes"
"BLD-100943","2024-10-01","Late","1","Unpaid","Supply Chain & Logistics","Jose Reyes"
"BLD-100943","2024-02-14","Sick","8","Paid","Supply Chain & Logistics","Jose Reyes"
"BLD-100943","2025-07-19","Late","1","Unpaid","Supply Chain & Logistics","Jose Reyes"
"BLD-100943","2025-02-17","Unplanned","8","Paid","Supply Chain & Logistics","Jose Reyes"
"BLD-100944","2023-03-19","Sick","8","Paid","Farm Operations","Bikram Hassan"
"BLD-100944","2023-03-08","Sick","8","Paid","Farm Operations","Bikram Hassan"
"BLD-100944","2023-08-24","Sick","8","Paid","Farm Operations","Bikram Hassan"
"BLD-100944","2025-06-16","Sick","8","Paid","Farm Operations","Bikram Hassan"
"BLD-100944","2024-07-24","Sick","8","Paid","Farm Operations","Bikram Hassan"
"BLD-100944","2025-08-11","Sick","8","Paid","Farm Operations","Bikram Hassan"
"BLD-100944","2024-04-09","Sick","8","Paid","Farm Operations","Bikram Hassan"
"BLD-100944","2024-06-04","Sick","8","Paid","Farm Operations","Bikram Hassan"
"BLD-100944","2024-05-26","Late","3","Unpaid","Farm Operations","Bikram Hassan"
"BLD-100944","2025-08-07","Sick","8","Paid","Farm Operations","Bikram Hassan"
"BLD-100945","2023-05-13","Sick","8","Paid","Production","Ravi Iqbal"
"BLD-100945","2023-01-22","Sick","8","Paid","Production","Ravi Iqbal"
"BLD-100946","2024-01-19","Unplanned","8","Paid","Procurement","Santosh Mansour"
"BLD-100946","2023-03-06","Sick","8","Paid","Procurement","Santosh Mansour"
"BLD-100946","2024-04-01","Sick","8","Paid","Procurement","Santosh Mansour"
"BLD-100947","2023-10-08","Late","2","Unpaid","People & Culture","Ahmed Santos"
"BLD-100947","2023-03-15","Unplanned","8","Unpaid","People & Culture","Ahmed Santos"
"BLD-100947","2025-10-06","Sick","8","Paid","People & Culture","Ahmed Santos"
"BLD-100947","2024-04-07","Sick","8","Paid","People & Culture","Ahmed Santos"
"BLD-100947","2024-09-30","Sick","8","Paid","People & Culture","Ahmed Santos"
"BLD-100947","2023-08-17","Unplanned","8","Unpaid","People & Culture","Ahmed Santos"
"BLD-100948","2023-11-08","Late","3","Unpaid","Production","Ahmed Khan"
"BLD-100948","2025-07-16","Unplanned","8","Paid","Production","Ahmed Khan"
"BLD-100948","2025-03-29","Unplanned","8","Unpaid","Production","Ahmed Khan"
"BLD-100948","2025-08-20","Sick","8","Paid","Production","Ahmed Khan"
"BLD-100948","2023-03-28","Sick","8","Paid","Production","Ahmed Khan"
"BLD-100948","2023-06-22","Unplanned","8","Unpaid","Production","Ahmed Khan"
"BLD-100948","2024-05-11","Sick","8","Paid","Production","Ahmed Khan"
"BLD-100948","2025-08-30","Sick","8","Paid","Production","Ahmed Khan"
"BLD-100948","2025-04-28","Sick","8","Paid","Production","Ahmed Khan"
"BLD-100948","2023-12-23","Sick","8","Paid","Production","Ahmed Khan"
"BLD-100948","2024-04-04","Other","8","Paid","Production","Ahmed Khan"
"BLD-100948","2025-02-25","Sick","8","Paid","Production","Ahmed Khan"
"BLD-100948","2025-12-13","Sick","8","Paid","Production","Ahmed Khan"
"BLD-100948","2025-04-22","Unplanned","8","Unpaid","Production","Ahmed Khan"
"BLD-100948","2023-01-24","Sick","8","Paid","Production","Ahmed Khan"
"BLD-100948","2025-07-25","Other","8","Unpaid","Production","Ahmed Khan"
"BLD-100948","2025-12-05","Unplanned","8","Unpaid","Production","Ahmed Khan"
"BLD-100948","2023-01-25","Sick","8","Paid","Production","Ahmed Khan"
"BLD-100948","2024-10-23","Sick","8","Paid","Production","Ahmed Khan"
"BLD-100948","2025-12-07","Sick","8","Paid","Production","Ahmed Khan"
"BLD-100948","2025-03-14","Unplanned","8","Unpaid","Production","Ahmed Khan"
"BLD-100948","2023-01-10","Unplanned","8","Unpaid","Production","Ahmed Khan"
"BLD-100948","2024-02-21","Unplanned","8","Unpaid","Production","Ahmed Khan"
"BLD-100948","2023-03-14","Unplanned","8","Unpaid","Production","Ahmed Khan"
"BLD-100949","2024-11-13","Sick","8","Paid","Finance","Shobha Thapa"
"BLD-100949","2023-08-31","Unplanned","8","Unpaid","Finance","Shobha Thapa"
"BLD-100949","2023-02-03","Unplanned","8","Unpaid","Finance","Shobha Thapa"
"BLD-100949","2024-07-29","Sick","8","Paid","Finance","Shobha Thapa"
"BLD-100949","2023-12-05","Sick","8","Paid","Finance","Shobha Thapa"
"BLD-100949","2023-07-30","Late","2","Unpaid","Finance","Shobha Thapa"
"BLD-100949","2023-01-18","Sick","8","Paid","Finance","Shobha Thapa"
"BLD-100949","2024-04-14","Sick","8","Paid","Finance","Shobha Thapa"
"BLD-100949","2024-12-23","Other","8","Paid","Finance","Shobha Thapa"
"BLD-100950","2024-04-26","Unplanned","8","Unpaid","Quality Assurance & Food Safety","Ali Santos"
"BLD-100950","2023-12-31","Sick","8","Paid","Quality Assurance & Food Safety","Ali Santos"
"BLD-100950","2025-04-22","Unplanned","8","Unpaid","Quality Assurance & Food Safety","Ali Santos"
"BLD-100950","2024-09-11","Unplanned","8","Unpaid","Quality Assurance & Food Safety","Ali Santos"
"BLD-100950","2024-04-08","Sick","8","Paid","Quality Assurance & Food Safety","Ali Santos"
"BLD-100950","2023-11-19","Sick","8","Paid","Quality Assurance & Food Safety","Ali Santos"
"BLD-100950","2023-06-26","Sick","8","Paid","Quality Assurance & Food Safety","Ali Santos"
"BLD-100950","2024-05-21","Sick","8","Paid","Quality Assurance & Food Safety","Ali Santos"
"BLD-100950","2024-03-08","Sick","8","Paid","Quality Assurance & Food Safety","Ali Santos"
"BLD-100950","2024-11-19","Sick","8","Paid","Quality Assurance & Food Safety","Ali Santos"
"BLD-100950","2024-05-07","Unplanned","8","Unpaid","Quality Assurance & Food Safety","Ali Santos"
"BLD-100950","2025-01-17","Sick","8","Paid","Quality Assurance & Food Safety","Ali Santos"
"BLD-100950","2024-04-13","Late","2","Paid","Quality Assurance & Food Safety","Ali Santos"
"BLD-100950","2023-08-01","Sick","8","Paid","Quality Assurance & Food Safety","Ali Santos"
"BLD-100950","2023-03-02","Late","3","Unpaid","Quality Assurance & Food Safety","Ali Santos"
"BLD-100950","2023-09-05","Unplanned","8","Unpaid","Quality Assurance & Food Safety","Ali Santos"
"BLD-100950","2023-05-25","Unplanned","8","Unpaid","Quality Assurance & Food Safety","Ali Santos"
"BLD-100950","2023-09-23","Sick","8","Paid","Quality Assurance & Food Safety","Ali Santos"
"BLD-100950","2023-01-20","Sick","8","Paid","Quality Assurance & Food Safety","Ali Santos"
"BLD-100950","2024-06-10","Sick","8","Paid","Quality Assurance & Food Safety","Ali Santos"
"BLD-100951","2025-05-21","Sick","8","Paid","Sales & Distribution","Noor Al-Sayed"
"BLD-100951","2025-11-04","Sick","8","Paid","Sales & Distribution","Noor Al-Sayed"
"BLD-100951","2023-04-27","Late","1","Unpaid","Sales & Distribution","Noor Al-Sayed"
"BLD-100951","2024-01-12","Sick","8","Paid","Sales & Distribution","Noor Al-Sayed"
"BLD-100951","2024-06-05","Unplanned","8","Unpaid","Sales & Distribution","Noor Al-Sayed"
"BLD-100951","2024-11-27","Sick","8","Paid","Sales & Distribution","Noor Al-Sayed"
"BLD-100952","2023-11-15","Other","8","Paid","Supply Chain & Logistics","Mohamed Mansour"
"BLD-100952","2024-02-19","Unplanned","8","Unpaid","Supply Chain & Logistics","Mohamed Mansour"
"BLD-100952","2025-05-27","Late","3","Paid","Supply Chain & Logistics","Mohamed Mansour"
"BLD-100952","2024-06-19","Sick","8","Paid","Supply Chain & Logistics","Mohamed Mansour"
"BLD-100952","2023-01-11","Unplanned","8","Paid","Supply Chain & Logistics","Mohamed Mansour"
"BLD-100952","2025-02-09","Unplanned","8","Paid","Supply Chain & Logistics","Mohamed Mansour"
"BLD-100952","2025-01-27","Late","1","Unpaid","Supply Chain & Logistics","Mohamed Mansour"
"BLD-100952","2024-10-12","Sick","8","Paid","Supply Chain & Logistics","Mohamed Mansour"
"BLD-100952","2023-09-21","Late","3","Paid","Supply Chain & Logistics","Mohamed Mansour"
"BLD-100952","2023-06-23","Sick","8","Paid","Supply Chain & Logistics","Mohamed Mansour"
"BLD-100952","2025-05-05","Sick","8","Paid","Supply Chain & Logistics","Mohamed Mansour"
"BLD-100952","2023-02-28","Sick","8","Paid","Supply Chain & Logistics","Mohamed Mansour"
"BLD-100953","2024-09-03","Sick","8","Paid","Supply Chain & Logistics","Krishna Youssef"
"BLD-100953","2023-08-04","Unplanned","8","Paid","Supply Chain & Logistics","Krishna Youssef"
"BLD-100953","2024-01-17","Other","8","Unpaid","Supply Chain & Logistics","Krishna Youssef"
"BLD-100953","2023-08-18","Unplanned","8","Unpaid","Supply Chain & Logistics","Krishna Youssef"
"BLD-100953","2023-10-30","Sick","8","Paid","Supply Chain & Logistics","Krishna Youssef"
"BLD-100953","2025-11-24","Sick","8","Paid","Supply Chain & Logistics","Krishna Youssef"
"BLD-100953","2024-01-22","Sick","8","Paid","Supply Chain & Logistics","Krishna Youssef"
"BLD-100953","2025-06-13","Unplanned","8","Paid","Supply Chain & Logistics","Krishna Youssef"
"BLD-100953","2023-08-11","Unplanned","8","Unpaid","Supply Chain & Logistics","Krishna Youssef"
"BLD-100953","2024-01-17","Unplanned","8","Paid","Supply Chain & Logistics","Krishna Youssef"
"BLD-100953","2024-09-23","Unplanned","8","Paid","Supply Chain & Logistics","Krishna Youssef"
"BLD-100954","2023-02-19","Late","3","Paid","Procurement","Ali Al-Kuwari"
"BLD-100954","2023-03-06","Other","8","Paid","Procurement","Ali Al-Kuwari"
"BLD-100954","2023-02-06","Sick","8","Paid","Procurement","Ali Al-Kuwari"
"BLD-100955","2025-04-01","Sick","8","Paid","R&D","Layla Chowdhury"
"BLD-100955","2023-04-21","Sick","8","Paid","R&D","Layla Chowdhury"
"BLD-100955","2025-01-26","Unplanned","8","Unpaid","R&D","Layla Chowdhury"
"BLD-100955","2023-11-06","Unplanned","8","Paid","R&D","Layla Chowdhury"
"BLD-100955","2024-08-31","Sick","8","Paid","R&D","Layla Chowdhury"
"BLD-100955","2024-04-05","Unplanned","8","Unpaid","R&D","Layla Chowdhury"
"BLD-100955","2025-07-29","Sick","8","Paid","R&D","Layla Chowdhury"
"BLD-100955","2025-04-12","Sick","8","Paid","R&D","Layla Chowdhury"
"BLD-100955","2024-01-19","Sick","8","Paid","R&D","Layla Chowdhury"
"BLD-100955","2023-09-09","Sick","8","Paid","R&D","Layla Chowdhury"
"BLD-100955","2024-03-14","Sick","8","Paid","R&D","Layla Chowdhury"
"BLD-100955","2025-01-05","Unplanned","8","Unpaid","R&D","Layla Chowdhury"
"BLD-100955","2024-07-16","Late","1","Paid","R&D","Layla Chowdhury"
"BLD-100955","2024-09-09","Late","1","Unpaid","R&D","Layla Chowdhury"
"BLD-100956","2024-03-01","Unplanned","8","Paid","Production","Sameer Rai"
"BLD-100956","2025-03-29","Sick","8","Paid","Production","Sameer Rai"
"BLD-100956","2023-02-02","Sick","8","Paid","Production","Sameer Rai"
"BLD-100956","2025-04-01","Unplanned","8","Paid","Production","Sameer Rai"
"BLD-100956","2023-01-02","Sick","8","Paid","Production","Sameer Rai"
"BLD-100956","2023-10-02","Sick","8","Paid","Production","Sameer Rai"
"BLD-100956","2023-01-11","Unplanned","8","Unpaid","Production","Sameer Rai"
"BLD-100956","2024-01-09","Other","8","Paid","Production","Sameer Rai"
"BLD-100956","2024-09-24","Sick","8","Paid","Production","Sameer Rai"
"BLD-100956","2023-03-26","Unplanned","8","Unpaid","Production","Sameer Rai"
"BLD-100956","2025-01-25","Unplanned","8","Unpaid","Production","Sameer Rai"
"BLD-100956","2024-09-12","Sick","8","Paid","Production","Sameer Rai"
"BLD-100956","2023-03-09","Unplanned","8","Unpaid","Production","Sameer Rai"
"BLD-100956","2024-08-24","Other","8","Paid","Production","Sameer Rai"
"BLD-100956","2024-11-03","Sick","8","Paid","Production","Sameer Rai"
"BLD-100956","2023-11-29","Late","3","Unpaid","Production","Sameer Rai"
"BLD-100956","2024-10-19","Other","8","Paid","Production","Sameer Rai"
"BLD-100956","2024-07-01","Sick","8","Paid","Production","Sameer Rai"
"BLD-100956","2023-10-06","Sick","8","Paid","Production","Sameer Rai"
"BLD-100957","2023-02-13","Unplanned","8","Paid","Supply Chain & Logistics","Prakash Kapoor"
"BLD-100957","2023-01-02","Sick","8","Paid","Supply Chain & Logistics","Prakash Kapoor"
"BLD-100957","2023-06-19","Unplanned","8","Unpaid","Supply Chain & Logistics","Prakash Kapoor"
"BLD-100958","2023-11-07","Sick","8","Paid","Marketing","Rajesh Malik"
"BLD-100958","2023-02-02","Sick","8","Paid","Marketing","Rajesh Malik"
"BLD-100958","2023-02-15","Late","3","Paid","Marketing","Rajesh Malik"
"BLD-100958","2024-01-19","Late","3","Paid","Marketing","Rajesh Malik"
"BLD-100958","2023-10-25","Other","8","Unpaid","Marketing","Rajesh Malik"
"BLD-100959","2025-08-13","Sick","8","Paid","People & Culture","Juan Gurung"
"BLD-100959","2025-01-06","Sick","8","Paid","People & Culture","Juan Gurung"
"BLD-100959","2025-12-24","Sick","8","Paid","People & Culture","Juan Gurung"
"BLD-100959","2025-10-06","Unplanned","8","Paid","People & Culture","Juan Gurung"
"BLD-100959","2023-10-17","Late","2","Unpaid","People & Culture","Juan Gurung"
"BLD-100959","2024-07-07","Sick","8","Paid","People & Culture","Juan Gurung"
"BLD-100959","2023-08-10","Late","2","Unpaid","People & Culture","Juan Gurung"
"BLD-100959","2025-02-08","Sick","8","Paid","People & Culture","Juan Gurung"
"BLD-100959","2025-07-11","Late","1","Unpaid","People & Culture","Juan Gurung"
"BLD-100959","2024-08-02","Unplanned","8","Paid","People & Culture","Juan Gurung"
"BLD-100959","2023-02-04","Unplanned","8","Paid","People & Culture","Juan Gurung"
"BLD-100959","2024-06-16","Unplanned","8","Paid","People & Culture","Juan Gurung"
"BLD-100959","2023-10-26","Late","2","Paid","People & Culture","Juan Gurung"
"BLD-100959","2025-12-15","Unplanned","8","Paid","People & Culture","Juan Gurung"
"BLD-100959","2023-09-21","Sick","8","Paid","People & Culture","Juan Gurung"
"BLD-100959","2024-04-27","Sick","8","Paid","People & Culture","Juan Gurung"
"BLD-100959","2025-04-01","Unplanned","8","Paid","People & Culture","Juan Gurung"
"BLD-100959","2024-01-03","Sick","8","Paid","People & Culture","Juan Gurung"
"BLD-100959","2023-05-08","Other","8","Unpaid","People & Culture","Juan Gurung"
"BLD-100959","2025-04-18","Sick","8","Paid","People & Culture","Juan Gurung"
"BLD-100960","2023-12-09","Sick","8","Paid","Corporate & Executive Office","Santosh Islam"
"BLD-100960","2025-02-13","Unplanned","8","Unpaid","Corporate & Executive Office","Santosh Islam"
"BLD-100960","2023-08-05","Late","2","Unpaid","Corporate & Executive Office","Santosh Islam"
"BLD-100960","2024-10-11","Unplanned","8","Unpaid","Corporate & Executive Office","Santosh Islam"
"BLD-100960","2023-08-11","Sick","8","Paid","Corporate & Executive Office","Santosh Islam"
"BLD-100960","2024-11-27","Late","2","Unpaid","Corporate & Executive Office","Santosh Islam"
"BLD-100960","2024-01-14","Unplanned","8","Unpaid","Corporate & Executive Office","Santosh Islam"
"BLD-100960","2024-10-30","Late","1","Paid","Corporate & Executive Office","Santosh Islam"
"BLD-100960","2023-10-24","Late","1","Paid","Corporate & Executive Office","Santosh Islam"
"BLD-100960","2023-12-23","Unplanned","8","Unpaid","Corporate & Executive Office","Santosh Islam"
"BLD-100960","2024-11-01","Late","3","Unpaid","Corporate & Executive Office","Santosh Islam"
"BLD-100960","2024-01-03","Sick","8","Paid","Corporate & Executive Office","Santosh Islam"
"BLD-100960","2023-06-27","Late","2","Unpaid","Corporate & Executive Office","Santosh Islam"
"BLD-100960","2023-02-02","Late","2","Unpaid","Corporate & Executive Office","Santosh Islam"
"BLD-100960","2024-11-12","Sick","8","Paid","Corporate & Executive Office","Santosh Islam"
"BLD-100960","2025-10-14","Sick","8","Paid","Corporate & Executive Office","Santosh Islam"
"BLD-100960","2024-11-26","Sick","8","Paid","Corporate & Executive Office","Santosh Islam"
"BLD-100961","2025-05-08","Sick","8","Paid","Farm Operations","Mohamed El-Sayed"
"BLD-100961","2024-05-14","Sick","8","Paid","Farm Operations","Mohamed El-Sayed"
"BLD-100961","2025-07-03","Late","2","Paid","Farm Operations","Mohamed El-Sayed"
"BLD-100961","2025-12-02","Other","8","Paid","Farm Operations","Mohamed El-Sayed"
"BLD-100961","2023-08-28","Other","8","Unpaid","Farm Operations","Mohamed El-Sayed"
"BLD-100961","2024-12-10","Sick","8","Paid","Farm Operations","Mohamed El-Sayed"
"BLD-100962","2025-04-29","Sick","8","Paid","IT & Digital","Arjun Mendoza"
"BLD-100962","2025-10-30","Unplanned","8","Paid","IT & Digital","Arjun Mendoza"
"BLD-100962","2023-06-01","Sick","8","Paid","IT & Digital","Arjun Mendoza"
"BLD-100962","2024-01-31","Sick","8","Paid","IT & Digital","Arjun Mendoza"
"BLD-100962","2024-05-20","Sick","8","Paid","IT & Digital","Arjun Mendoza"
"BLD-100962","2024-10-19","Sick","8","Paid","IT & Digital","Arjun Mendoza"
"BLD-100962","2023-01-04","Sick","8","Paid","IT & Digital","Arjun Mendoza"
"BLD-100962","2024-07-08","Late","1","Unpaid","IT & Digital","Arjun Mendoza"
"BLD-100962","2024-07-05","Sick","8","Paid","IT & Digital","Arjun Mendoza"
"BLD-100962","2023-07-07","Late","1","Unpaid","IT & Digital","Arjun Mendoza"
"BLD-100962","2025-09-09","Sick","8","Paid","IT & Digital","Arjun Mendoza"
"BLD-100962","2023-09-22","Sick","8","Paid","IT & Digital","Arjun Mendoza"
"BLD-100962","2024-01-11","Sick","8","Paid","IT & Digital","Arjun Mendoza"
"BLD-100963","2024-01-09","Sick","8","Paid","Finance","Ali Ahmed"
"BLD-100963","2024-05-25","Sick","8","Paid","Finance","Ali Ahmed"
"BLD-100963","2023-05-17","Other","8","Unpaid","Finance","Ali Ahmed"
"BLD-100964","2023-03-01","Unplanned","8","Unpaid","Quality Assurance & Food Safety","Krishna Youssef"
"BLD-100964","2023-01-10","Sick","8","Paid","Quality Assurance & Food Safety","Krishna Youssef"
"BLD-100964","2023-02-10","Sick","8","Paid","Quality Assurance & Food Safety","Krishna Youssef"
"BLD-100965","2023-09-08","Unplanned","8","Unpaid","Quality Assurance & Food Safety","Bishnu Reyes"
"BLD-100965","2023-08-20","Sick","8","Paid","Quality Assurance & Food Safety","Bishnu Reyes"
"BLD-100965","2023-05-26","Late","3","Unpaid","Quality Assurance & Food Safety","Bishnu Reyes"
"BLD-100965","2023-01-25","Unplanned","8","Paid","Quality Assurance & Food Safety","Bishnu Reyes"
"BLD-100965","2023-10-13","Unplanned","8","Unpaid","Quality Assurance & Food Safety","Bishnu Reyes"
"BLD-100966","2024-06-13","Sick","8","Paid","Production","Santosh Cruz"
"BLD-100966","2025-03-18","Unplanned","8","Paid","Production","Santosh Cruz"
"BLD-100966","2024-01-14","Late","2","Paid","Production","Santosh Cruz"
"BLD-100966","2023-07-28","Sick","8","Paid","Production","Santosh Cruz"
"BLD-100966","2023-10-24","Unplanned","8","Unpaid","Production","Santosh Cruz"
"BLD-100966","2025-08-18","Sick","8","Paid","Production","Santosh Cruz"
"BLD-100966","2025-11-21","Late","3","Paid","Production","Santosh Cruz"
"BLD-100966","2025-02-23","Late","3","Paid","Production","Santosh Cruz"
"BLD-100966","2024-06-03","Unplanned","8","Unpaid","Production","Santosh Cruz"
"BLD-100966","2023-12-27","Late","1","Paid","Production","Santosh Cruz"
"BLD-100966","2024-08-11","Sick","8","Paid","Production","Santosh Cruz"
"BLD-100966","2025-11-13","Sick","8","Paid","Production","Santosh Cruz"
"BLD-100966","2025-01-05","Sick","8","Paid","Production","Santosh Cruz"
"BLD-100966","2025-08-30","Late","1","Paid","Production","Santosh Cruz"
"BLD-100966","2023-06-18","Late","1","Paid","Production","Santosh Cruz"
"BLD-100966","2025-11-07","Sick","8","Paid","Production","Santosh Cruz"
"BLD-100966","2025-01-19","Late","1","Paid","Production","Santosh Cruz"
"BLD-100966","2023-07-20","Sick","8","Paid","Production","Santosh Cruz"
"BLD-100966","2025-11-24","Late","3","Paid","Production","Santosh Cruz"
"BLD-100966","2024-12-24","Sick","8","Paid","Production","Santosh Cruz"
"BLD-100966","2023-08-14","Sick","8","Paid","Production","Santosh Cruz"
"BLD-100966","2023-09-27","Late","1","Paid","Production","Santosh Cruz"
"BLD-100966","2023-10-02","Sick","8","Paid","Production","Santosh Cruz"
"BLD-100967","2024-09-12","Sick","8","Paid","Supply Chain & Logistics","Jose Reyes"
"BLD-100967","2023-06-08","Sick","8","Paid","Supply Chain & Logistics","Jose Reyes"
"BLD-100967","2024-07-17","Late","3","Unpaid","Supply Chain & Logistics","Jose Reyes"
"BLD-100967","2024-06-14","Late","2","Unpaid","Supply Chain & Logistics","Jose Reyes"
"BLD-100967","2023-06-19","Unplanned","8","Paid","Supply Chain & Logistics","Jose Reyes"
"BLD-100967","2023-06-20","Sick","8","Paid","Supply Chain & Logistics","Jose Reyes"
"BLD-100967","2024-01-21","Unplanned","8","Paid","Supply Chain & Logistics","Jose Reyes"
"BLD-100967","2023-03-23","Other","8","Unpaid","Supply Chain & Logistics","Jose Reyes"
"BLD-100967","2023-02-08","Sick","8","Paid","Supply Chain & Logistics","Jose Reyes"
"BLD-100967","2024-02-04","Unplanned","8","Paid","Supply Chain & Logistics","Jose Reyes"
"BLD-100967","2023-04-02","Unplanned","8","Unpaid","Supply Chain & Logistics","Jose Reyes"
"BLD-100967","2024-09-13","Sick","8","Paid","Supply Chain & Logistics","Jose Reyes"
"BLD-100967","2023-07-12","Sick","8","Paid","Supply Chain & Logistics","Jose Reyes"
"BLD-100967","2023-07-23","Unplanned","8","Paid","Supply Chain & Logistics","Jose Reyes"
"BLD-100968","2023-03-21","Unplanned","8","Paid","Production","Faisal Chowdhury"
"BLD-100968","2023-02-24","Unplanned","8","Paid","Production","Faisal Chowdhury"
"BLD-100969","2023-04-11","Unplanned","8","Unpaid","Farm Operations","Ravi Ahmed"
"BLD-100969","2023-04-16","Other","8","Unpaid","Farm Operations","Ravi Ahmed"
"BLD-100970","2024-12-14","Sick","8","Paid","Production","Waleed Gurung"
"BLD-100970","2025-01-20","Late","1","Unpaid","Production","Waleed Gurung"
"BLD-100970","2025-08-23","Sick","8","Paid","Production","Waleed Gurung"
"BLD-100970","2025-10-15","Late","1","Paid","Production","Waleed Gurung"
"BLD-100970","2023-09-15","Late","2","Unpaid","Production","Waleed Gurung"
"BLD-100970","2024-03-26","Late","1","Paid","Production","Waleed Gurung"
"BLD-100970","2025-08-12","Sick","8","Paid","Production","Waleed Gurung"
"BLD-100970","2024-06-16","Unplanned","8","Unpaid","Production","Waleed Gurung"
"BLD-100970","2025-10-03","Sick","8","Paid","Production","Waleed Gurung"
"BLD-100970","2024-07-21","Other","8","Unpaid","Production","Waleed Gurung"
"BLD-100970","2023-01-28","Late","2","Paid","Production","Waleed Gurung"
"BLD-100970","2023-08-30","Unplanned","8","Unpaid","Production","Waleed Gurung"
"BLD-100970","2025-02-10","Sick","8","Paid","Production","Waleed Gurung"
"BLD-100970","2023-11-13","Unplanned","8","Paid","Production","Waleed Gurung"
"BLD-100971","2025-07-04","Unplanned","8","Paid","Finance","Ravi Islam"
"BLD-100971","2023-01-06","Unplanned","8","Unpaid","Finance","Ravi Islam"
"BLD-100971","2025-07-08","Unplanned","8","Unpaid","Finance","Ravi Islam"
"BLD-100971","2025-07-08","Sick","8","Paid","Finance","Ravi Islam"
"BLD-100971","2025-01-11","Sick","8","Paid","Finance","Ravi Islam"
"BLD-100971","2024-04-10","Unplanned","8","Paid","Finance","Ravi Islam"
"BLD-100971","2023-02-15","Unplanned","8","Unpaid","Finance","Ravi Islam"
"BLD-100971","2024-03-29","Sick","8","Paid","Finance","Ravi Islam"
"BLD-100971","2023-12-23","Unplanned","8","Unpaid","Finance","Ravi Islam"
"BLD-100971","2024-04-30","Unplanned","8","Paid","Finance","Ravi Islam"
"BLD-100971","2024-09-10","Sick","8","Paid","Finance","Ravi Islam"
"BLD-100971","2025-07-17","Sick","8","Paid","Finance","Ravi Islam"
"BLD-100971","2024-02-04","Sick","8","Paid","Finance","Ravi Islam"
"BLD-100971","2023-04-29","Unplanned","8","Unpaid","Finance","Ravi Islam"
"BLD-100971","2024-12-28","Unplanned","8","Paid","Finance","Ravi Islam"
"BLD-100972","2025-06-08","Unplanned","8","Unpaid","Finance","Mohamed Al-Sayed"
"BLD-100972","2023-10-05","Unplanned","8","Paid","Finance","Mohamed Al-Sayed"
"BLD-100972","2024-08-02","Late","2","Paid","Finance","Mohamed Al-Sayed"
"BLD-100972","2023-08-16","Unplanned","8","Unpaid","Finance","Mohamed Al-Sayed"
"BLD-100972","2024-01-29","Unplanned","8","Unpaid","Finance","Mohamed Al-Sayed"
"BLD-100972","2024-12-05","Sick","8","Paid","Finance","Mohamed Al-Sayed"
"BLD-100972","2024-04-01","Unplanned","8","Unpaid","Finance","Mohamed Al-Sayed"
"BLD-100972","2024-03-20","Unplanned","8","Unpaid","Finance","Mohamed Al-Sayed"
"BLD-100972","2023-03-08","Sick","8","Paid","Finance","Mohamed Al-Sayed"
"BLD-100972","2023-09-18","Sick","8","Paid","Finance","Mohamed Al-Sayed"
"BLD-100972","2023-07-29","Unplanned","8","Unpaid","Finance","Mohamed Al-Sayed"
"BLD-100972","2024-07-06","Unplanned","8","Unpaid","Finance","Mohamed Al-Sayed"
"BLD-100972","2024-12-13","Sick","8","Paid","Finance","Mohamed Al-Sayed"
"BLD-100972","2023-09-27","Sick","8","Paid","Finance","Mohamed Al-Sayed"
"BLD-100972","2024-06-30","Sick","8","Paid","Finance","Mohamed Al-Sayed"
"BLD-100972","2025-05-12","Sick","8","Paid","Finance","Mohamed Al-Sayed"
"BLD-100972","2024-04-19","Sick","8","Paid","Finance","Mohamed Al-Sayed"
"BLD-100973","2024-03-27","Sick","8","Paid","Farm Operations","Hari Cruz"
"BLD-100973","2023-07-11","Sick","8","Paid","Farm Operations","Hari Cruz"
"BLD-100973","2024-08-22","Sick","8","Paid","Farm Operations","Hari Cruz"
"BLD-100973","2025-09-25","Unplanned","8","Unpaid","Farm Operations","Hari Cruz"
"BLD-100973","2023-12-05","Unplanned","8","Unpaid","Farm Operations","Hari Cruz"
"BLD-100973","2024-03-04","Unplanned","8","Unpaid","Farm Operations","Hari Cruz"
"BLD-100973","2023-07-25","Sick","8","Paid","Farm Operations","Hari Cruz"
"BLD-100973","2025-02-17","Sick","8","Paid","Farm Operations","Hari Cruz"
"BLD-100973","2024-01-13","Sick","8","Paid","Farm Operations","Hari Cruz"
"BLD-100973","2023-11-03","Sick","8","Paid","Farm Operations","Hari Cruz"
"BLD-100973","2023-11-08","Late","1","Unpaid","Farm Operations","Hari Cruz"
"BLD-100973","2025-09-06","Unplanned","8","Unpaid","Farm Operations","Hari Cruz"
"BLD-100973","2023-04-18","Unplanned","8","Unpaid","Farm Operations","Hari Cruz"
"BLD-100973","2024-03-25","Late","3","Paid","Farm Operations","Hari Cruz"
"BLD-100973","2025-05-23","Unplanned","8","Paid","Farm Operations","Hari Cruz"
"BLD-100973","2024-01-09","Unplanned","8","Unpaid","Farm Operations","Hari Cruz"
"BLD-100973","2023-10-07","Sick","8","Paid","Farm Operations","Hari Cruz"
"BLD-100973","2025-11-14","Unplanned","8","Paid","Farm Operations","Hari Cruz"
"BLD-100974","2023-02-28","Other","8","Unpaid","Finance","Santosh Fernandes"
"BLD-100974","2023-03-16","Unplanned","8","Unpaid","Finance","Santosh Fernandes"
"BLD-100974","2023-02-05","Sick","8","Paid","Finance","Santosh Fernandes"
"BLD-100975","2025-10-16","Late","2","Paid","People & Culture","Rania Baig"
"BLD-100975","2024-07-08","Other","8","Paid","People & Culture","Rania Baig"
"BLD-100975","2025-10-04","Sick","8","Paid","People & Culture","Rania Baig"
"BLD-100975","2024-01-02","Late","2","Paid","People & Culture","Rania Baig"
"BLD-100975","2025-08-04","Late","2","Unpaid","People & Culture","Rania Baig"
"BLD-100975","2023-04-03","Unplanned","8","Unpaid","People & Culture","Rania Baig"
"BLD-100975","2024-10-25","Sick","8","Paid","People & Culture","Rania Baig"
"BLD-100975","2024-02-06","Unplanned","8","Unpaid","People & Culture","Rania Baig"
"BLD-100975","2025-11-05","Sick","8","Paid","People & Culture","Rania Baig"
"BLD-100975","2025-09-12","Late","2","Unpaid","People & Culture","Rania Baig"
"BLD-100975","2023-10-14","Unplanned","8","Paid","People & Culture","Rania Baig"
"BLD-100975","2023-01-11","Sick","8","Paid","People & Culture","Rania Baig"
"BLD-100975","2025-10-21","Other","8","Unpaid","People & Culture","Rania Baig"
"BLD-100975","2025-02-13","Sick","8","Paid","People & Culture","Rania Baig"
"BLD-100975","2024-01-23","Sick","8","Paid","People & Culture","Rania Baig"
"BLD-100975","2023-09-25","Sick","8","Paid","People & Culture","Rania Baig"
"BLD-100975","2025-04-04","Sick","8","Paid","People & Culture","Rania Baig"
"BLD-100976","2025-07-18","Unplanned","8","Unpaid","Finance","Rakesh Cruz"
"BLD-100976","2023-09-27","Sick","8","Paid","Finance","Rakesh Cruz"
"BLD-100976","2025-01-02","Sick","8","Paid","Finance","Rakesh Cruz"
"BLD-100976","2025-09-07","Sick","8","Paid","Finance","Rakesh Cruz"
"BLD-100976","2024-12-23","Sick","8","Paid","Finance","Rakesh Cruz"
"BLD-100977","2023-06-27","Other","8","Unpaid","Quality Assurance & Food Safety","Krishna Islam"
"BLD-100977","2023-02-13","Unplanned","8","Paid","Quality Assurance & Food Safety","Krishna Islam"
"BLD-100977","2024-12-07","Late","1","Unpaid","Quality Assurance & Food Safety","Krishna Islam"
"BLD-100977","2025-03-19","Sick","8","Paid","Quality Assurance & Food Safety","Krishna Islam"
"BLD-100977","2025-12-01","Sick","8","Paid","Quality Assurance & Food Safety","Krishna Islam"
"BLD-100977","2024-09-29","Sick","8","Paid","Quality Assurance & Food Safety","Krishna Islam"
"BLD-100977","2025-02-19","Sick","8","Paid","Quality Assurance & Food Safety","Krishna Islam"
"BLD-100977","2024-02-14","Sick","8","Paid","Quality Assurance & Food Safety","Krishna Islam"
"BLD-100977","2023-11-26","Late","1","Unpaid","Quality Assurance & Food Safety","Krishna Islam"
"BLD-100977","2025-08-19","Sick","8","Paid","Quality Assurance & Food Safety","Krishna Islam"
"BLD-100977","2025-11-11","Unplanned","8","Unpaid","Quality Assurance & Food Safety","Krishna Islam"
"BLD-100977","2025-04-22","Unplanned","8","Unpaid","Quality Assurance & Food Safety","Krishna Islam"
"BLD-100977","2024-09-12","Unplanned","8","Unpaid","Quality Assurance & Food Safety","Krishna Islam"
"BLD-100977","2023-11-14","Late","2","Paid","Quality Assurance & Food Safety","Krishna Islam"
"BLD-100978","2024-01-23","Sick","8","Paid","Production","Rakesh Youssef"
"BLD-100978","2023-10-06","Sick","8","Paid","Production","Rakesh Youssef"
"BLD-100978","2023-02-26","Late","2","Paid","Production","Rakesh Youssef"
"BLD-100978","2023-07-20","Unplanned","8","Paid","Production","Rakesh Youssef"
"BLD-100978","2023-06-29","Sick","8","Paid","Production","Rakesh Youssef"
"BLD-100978","2023-06-12","Sick","8","Paid","Production","Rakesh Youssef"
"BLD-100978","2023-03-18","Unplanned","8","Unpaid","Production","Rakesh Youssef"
"BLD-100978","2023-08-07","Late","3","Unpaid","Production","Rakesh Youssef"
"BLD-100979","2025-04-27","Unplanned","8","Paid","Farm Operations","Ahmed Cruz"
"BLD-100979","2023-03-10","Unplanned","8","Paid","Farm Operations","Ahmed Cruz"
"BLD-100979","2023-03-27","Late","1","Unpaid","Farm Operations","Ahmed Cruz"
"BLD-100979","2024-02-21","Sick","8","Paid","Farm Operations","Ahmed Cruz"
"BLD-100979","2024-02-16","Unplanned","8","Unpaid","Farm Operations","Ahmed Cruz"
"BLD-100979","2025-02-22","Unplanned","8","Unpaid","Farm Operations","Ahmed Cruz"
"BLD-100979","2024-07-20","Unplanned","8","Unpaid","Farm Operations","Ahmed Cruz"
"BLD-100979","2024-06-04","Sick","8","Paid","Farm Operations","Ahmed Cruz"
"BLD-100979","2024-05-10","Sick","8","Paid","Farm Operations","Ahmed Cruz"
"BLD-100979","2025-05-01","Sick","8","Paid","Farm Operations","Ahmed Cruz"
"BLD-100979","2023-01-12","Sick","8","Paid","Farm Operations","Ahmed Cruz"
"BLD-100979","2023-10-15","Sick","8","Paid","Farm Operations","Ahmed Cruz"
"BLD-100980","2024-01-12","Unplanned","8","Paid","Corporate & Executive Office","Hari Al-Marri"
"BLD-100980","2025-01-16","Sick","8","Paid","Corporate & Executive Office","Hari Al-Marri"
"BLD-100980","2023-02-08","Sick","8","Paid","Corporate & Executive Office","Hari Al-Marri"
"BLD-100980","2024-04-04","Unplanned","8","Unpaid","Corporate & Executive Office","Hari Al-Marri"
"BLD-100980","2024-09-04","Other","8","Paid","Corporate & Executive Office","Hari Al-Marri"
"BLD-100980","2025-06-25","Late","3","Paid","Corporate & Executive Office","Hari Al-Marri"
"BLD-100980","2025-05-01","Late","1","Unpaid","Corporate & Executive Office","Hari Al-Marri"
"BLD-100981","2024-06-11","Unplanned","8","Paid","Sales & Distribution","Suresh Reyes"
"BLD-100981","2024-03-20","Unplanned","8","Paid","Sales & Distribution","Suresh Reyes"
"BLD-100981","2025-08-28","Unplanned","8","Unpaid","Sales & Distribution","Suresh Reyes"
"BLD-100981","2023-11-11","Sick","8","Paid","Sales & Distribution","Suresh Reyes"
"BLD-100981","2024-11-03","Unplanned","8","Unpaid","Sales & Distribution","Suresh Reyes"
"BLD-100981","2023-05-13","Unplanned","8","Paid","Sales & Distribution","Suresh Reyes"
"BLD-100981","2023-12-07","Unplanned","8","Unpaid","Sales & Distribution","Suresh Reyes"
"BLD-100981","2024-08-19","Unplanned","8","Unpaid","Sales & Distribution","Suresh Reyes"
"BLD-100981","2024-05-26","Sick","8","Paid","Sales & Distribution","Suresh Reyes"
"BLD-100981","2024-04-20","Late","1","Unpaid","Sales & Distribution","Suresh Reyes"
"BLD-100981","2024-09-15","Sick","8","Paid","Sales & Distribution","Suresh Reyes"
"BLD-100981","2023-02-18","Late","3","Unpaid","Sales & Distribution","Suresh Reyes"
"BLD-100981","2023-06-12","Late","1","Paid","Sales & Distribution","Suresh Reyes"
"BLD-100981","2023-05-13","Other","8","Paid","Sales & Distribution","Suresh Reyes"
"BLD-100981","2024-08-13","Sick","8","Paid","Sales & Distribution","Suresh Reyes"
"BLD-100982","2024-08-13","Other","8","Unpaid","Supply Chain & Logistics","Prakash Kapoor"
"BLD-100982","2025-11-15","Sick","8","Paid","Supply Chain & Logistics","Prakash Kapoor"
"BLD-100982","2023-09-12","Sick","8","Paid","Supply Chain & Logistics","Prakash Kapoor"
"BLD-100982","2025-01-21","Sick","8","Paid","Supply Chain & Logistics","Prakash Kapoor"
"BLD-100982","2023-12-04","Late","3","Paid","Supply Chain & Logistics","Prakash Kapoor"
"BLD-100982","2024-12-08","Unplanned","8","Unpaid","Supply Chain & Logistics","Prakash Kapoor"
"BLD-100982","2023-12-27","Other","8","Paid","Supply Chain & Logistics","Prakash Kapoor"
"BLD-100982","2024-07-17","Sick","8","Paid","Supply Chain & Logistics","Prakash Kapoor"
"BLD-100982","2024-07-15","Sick","8","Paid","Supply Chain & Logistics","Prakash Kapoor"
"BLD-100983","2023-02-01","Sick","8","Paid","Supply Chain & Logistics","Prakash Kapoor"
"BLD-100983","2025-08-31","Unplanned","8","Paid","Supply Chain & Logistics","Prakash Kapoor"
"BLD-100983","2024-09-08","Sick","8","Paid","Supply Chain & Logistics","Prakash Kapoor"
"BLD-100983","2024-08-16","Sick","8","Paid","Supply Chain & Logistics","Prakash Kapoor"
"BLD-100983","2025-05-12","Sick","8","Paid","Supply Chain & Logistics","Prakash Kapoor"
"BLD-100983","2024-07-04","Sick","8","Paid","Supply Chain & Logistics","Prakash Kapoor"
"BLD-100983","2023-06-26","Late","2","Paid","Supply Chain & Logistics","Prakash Kapoor"
"BLD-100983","2023-03-15","Other","8","Unpaid","Supply Chain & Logistics","Prakash Kapoor"
"BLD-100983","2024-05-02","Unplanned","8","Paid","Supply Chain & Logistics","Prakash Kapoor"
"BLD-100983","2024-10-26","Sick","8","Paid","Supply Chain & Logistics","Prakash Kapoor"
"BLD-100984","2023-06-19","Sick","8","Paid","Marketing","Hassan Pereira"
"BLD-100984","2023-06-04","Sick","8","Paid","Marketing","Hassan Pereira"
"BLD-100985","2023-01-27","Late","3","Unpaid","People & Culture","Manoj Pereira"
"BLD-100985","2023-08-29","Sick","8","Paid","People & Culture","Manoj Pereira"
"BLD-100985","2023-09-07","Sick","8","Paid","People & Culture","Manoj Pereira"
"BLD-100987","2023-03-02","Sick","8","Paid","Engineering & Maintenance","Prakash Farouk"
"BLD-100987","2023-05-20","Unplanned","8","Paid","Engineering & Maintenance","Prakash Farouk"
"BLD-100987","2023-05-03","Sick","8","Paid","Engineering & Maintenance","Prakash Farouk"
"BLD-100988","2024-10-05","Other","8","Unpaid","IT & Digital","Rania Iqbal"
"BLD-100988","2023-05-28","Sick","8","Paid","IT & Digital","Rania Iqbal"
"BLD-100988","2024-06-20","Unplanned","8","Unpaid","IT & Digital","Rania Iqbal"
"BLD-100988","2023-07-08","Late","2","Unpaid","IT & Digital","Rania Iqbal"
"BLD-100988","2023-07-01","Sick","8","Paid","IT & Digital","Rania Iqbal"
"BLD-100988","2023-07-31","Sick","8","Paid","IT & Digital","Rania Iqbal"
"BLD-100988","2023-09-21","Unplanned","8","Paid","IT & Digital","Rania Iqbal"
"BLD-100988","2024-04-15","Unplanned","8","Paid","IT & Digital","Rania Iqbal"
"BLD-100988","2024-08-25","Unplanned","8","Unpaid","IT & Digital","Rania Iqbal"
"BLD-100988","2023-10-04","Sick","8","Paid","IT & Digital","Rania Iqbal"
"BLD-100988","2024-10-31","Late","3","Unpaid","IT & Digital","Rania Iqbal"
"BLD-100988","2024-05-02","Sick","8","Paid","IT & Digital","Rania Iqbal"
"BLD-100989","2025-11-08","Unplanned","8","Unpaid","Corporate & Executive Office","Tariq Pereira"
"BLD-100989","2025-06-28","Late","2","Paid","Corporate & Executive Office","Tariq Pereira"
"BLD-100989","2025-06-12","Unplanned","8","Unpaid","Corporate & Executive Office","Tariq Pereira"
"BLD-100989","2025-08-27","Sick","8","Paid","Corporate & Executive Office","Tariq Pereira"
"BLD-100989","2025-10-30","Sick","8","Paid","Corporate & Executive Office","Tariq Pereira"
"BLD-100989","2023-04-09","Unplanned","8","Paid","Corporate & Executive Office","Tariq Pereira"
"BLD-100989","2025-08-30","Other","8","Paid","Corporate & Executive Office","Tariq Pereira"
"BLD-100990","2025-10-23","Sick","8","Paid","Engineering & Maintenance","Manoj Farouk"
"BLD-100990","2025-09-28","Late","1","Unpaid","Engineering & Maintenance","Manoj Farouk"
"BLD-100990","2025-09-24","Sick","8","Paid","Engineering & Maintenance","Manoj Farouk"
"BLD-100990","2023-02-11","Sick","8","Paid","Engineering & Maintenance","Manoj Farouk"
"BLD-100990","2025-10-09","Sick","8","Paid","Engineering & Maintenance","Manoj Farouk"
"BLD-100990","2024-06-19","Late","3","Unpaid","Engineering & Maintenance","Manoj Farouk"
"BLD-100990","2025-08-17","Late","1","Unpaid","Engineering & Maintenance","Manoj Farouk"
"BLD-100990","2024-11-25","Late","2","Unpaid","Engineering & Maintenance","Manoj Farouk"
"BLD-100990","2024-04-30","Sick","8","Paid","Engineering & Maintenance","Manoj Farouk"
"BLD-100990","2024-12-31","Sick","8","Paid","Engineering & Maintenance","Manoj Farouk"
"BLD-100990","2025-01-01","Sick","8","Paid","Engineering & Maintenance","Manoj Farouk"
"BLD-100990","2023-01-13","Sick","8","Paid","Engineering & Maintenance","Manoj Farouk"
"BLD-100990","2024-05-07","Sick","8","Paid","Engineering & Maintenance","Manoj Farouk"
"BLD-100990","2025-04-10","Late","1","Unpaid","Engineering & Maintenance","Manoj Farouk"
"BLD-100990","2023-08-01","Late","2","Unpaid","Engineering & Maintenance","Manoj Farouk"
"BLD-100990","2025-09-04","Unplanned","8","Paid","Engineering & Maintenance","Manoj Farouk"
"BLD-100990","2023-04-24","Unplanned","8","Unpaid","Engineering & Maintenance","Manoj Farouk"
"BLD-100990","2024-11-15","Unplanned","8","Paid","Engineering & Maintenance","Manoj Farouk"
"BLD-100991","2023-01-02","Late","1","Paid","People & Culture","Hassan El-Sayed"
"BLD-100992","2024-08-18","Sick","8","Paid","Corporate & Executive Office","Bishnu Mendoza"
"BLD-100992","2025-05-07","Unplanned","8","Unpaid","Corporate & Executive Office","Bishnu Mendoza"
"BLD-100992","2023-03-26","Sick","8","Paid","Corporate & Executive Office","Bishnu Mendoza"
"BLD-100992","2024-10-16","Late","1","Paid","Corporate & Executive Office","Bishnu Mendoza"
"BLD-100993","2024-08-03","Sick","8","Paid","Production","Krishna Cruz"
"BLD-100993","2025-07-19","Sick","8","Paid","Production","Krishna Cruz"
"BLD-100993","2023-06-02","Other","8","Unpaid","Production","Krishna Cruz"
"BLD-100993","2024-02-18","Sick","8","Paid","Production","Krishna Cruz"
"BLD-100994","2023-11-05","Sick","8","Paid","Quality Assurance & Food Safety","Manoj Fernandes"
"BLD-100994","2025-06-24","Sick","8","Paid","Quality Assurance & Food Safety","Manoj Fernandes"
"BLD-100994","2023-07-30","Unplanned","8","Paid","Quality Assurance & Food Safety","Manoj Fernandes"
"BLD-100995","2025-10-31","Unplanned","8","Paid","Supply Chain & Logistics","Khalid Santos"
"BLD-100995","2024-04-09","Late","2","Paid","Supply Chain & Logistics","Khalid Santos"
"BLD-100995","2023-07-11","Sick","8","Paid","Supply Chain & Logistics","Khalid Santos"
"BLD-100995","2023-06-07","Late","2","Unpaid","Supply Chain & Logistics","Khalid Santos"
"BLD-100995","2025-05-12","Other","8","Unpaid","Supply Chain & Logistics","Khalid Santos"
"BLD-100995","2023-07-09","Unplanned","8","Paid","Supply Chain & Logistics","Khalid Santos"
"BLD-100995","2025-11-27","Unplanned","8","Paid","Supply Chain & Logistics","Khalid Santos"
"BLD-100995","2025-10-05","Sick","8","Paid","Supply Chain & Logistics","Khalid Santos"
"BLD-100995","2023-04-04","Sick","8","Paid","Supply Chain & Logistics","Khalid Santos"
"BLD-100995","2024-02-24","Sick","8","Paid","Supply Chain & Logistics","Khalid Santos"
"BLD-100995","2025-02-15","Sick","8","Paid","Supply Chain & Logistics","Khalid Santos"
"BLD-100995","2025-03-05","Unplanned","8","Paid","Supply Chain & Logistics","Khalid Santos"
"BLD-100995","2025-10-01","Sick","8","Paid","Supply Chain & Logistics","Khalid Santos"
"BLD-100995","2023-11-29","Late","1","Paid","Supply Chain & Logistics","Khalid Santos"
"BLD-100995","2023-07-25","Sick","8","Paid","Supply Chain & Logistics","Khalid Santos"
"BLD-100995","2025-10-27","Late","3","Unpaid","Supply Chain & Logistics","Khalid Santos"
"BLD-100995","2023-01-12","Sick","8","Paid","Supply Chain & Logistics","Khalid Santos"
"BLD-100996","2023-06-04","Sick","8","Paid","Marketing","Nadia Iqbal"
"BLD-100996","2023-03-11","Sick","8","Paid","Marketing","Nadia Iqbal"
"BLD-100996","2023-01-14","Sick","8","Paid","Marketing","Nadia Iqbal"
"BLD-100996","2023-12-08","Sick","8","Paid","Marketing","Nadia Iqbal"
"BLD-100996","2023-12-07","Sick","8","Paid","Marketing","Nadia Iqbal"
"BLD-100996","2023-10-26","Sick","8","Paid","Marketing","Nadia Iqbal"
"BLD-100996","2023-05-08","Sick","8","Paid","Marketing","Nadia Iqbal"
"BLD-100997","2024-12-10","Sick","8","Paid","Engineering & Maintenance","Ramesh Gurung"
"BLD-100997","2025-07-10","Sick","8","Paid","Engineering & Maintenance","Ramesh Gurung"
"BLD-100997","2024-05-17","Unplanned","8","Unpaid","Engineering & Maintenance","Ramesh Gurung"
"BLD-100997","2025-05-07","Unplanned","8","Unpaid","Engineering & Maintenance","Ramesh Gurung"
"BLD-100997","2025-03-29","Sick","8","Paid","Engineering & Maintenance","Ramesh Gurung"
"BLD-100997","2024-07-06","Sick","8","Paid","Engineering & Maintenance","Ramesh Gurung"
"BLD-100997","2025-09-04","Late","2","Paid","Engineering & Maintenance","Ramesh Gurung"
"BLD-100997","2024-06-08","Sick","8","Paid","Engineering & Maintenance","Ramesh Gurung"
"BLD-100997","2023-09-05","Late","3","Unpaid","Engineering & Maintenance","Ramesh Gurung"
"BLD-100997","2024-01-16","Unplanned","8","Paid","Engineering & Maintenance","Ramesh Gurung"
"BLD-100997","2024-02-08","Unplanned","8","Paid","Engineering & Maintenance","Ramesh Gurung"
"BLD-100997","2023-01-31","Unplanned","8","Paid","Engineering & Maintenance","Ramesh Gurung"
"BLD-100997","2025-05-29","Unplanned","8","Paid","Engineering & Maintenance","Ramesh Gurung"
"BLD-100997","2023-01-26","Sick","8","Paid","Engineering & Maintenance","Ramesh Gurung"
"BLD-100997","2023-06-15","Sick","8","Paid","Engineering & Maintenance","Ramesh Gurung"
"BLD-100997","2024-06-07","Unplanned","8","Unpaid","Engineering & Maintenance","Ramesh Gurung"
"BLD-100997","2023-08-29","Unplanned","8","Unpaid","Engineering & Maintenance","Ramesh Gurung"
"BLD-100997","2025-02-17","Sick","8","Paid","Engineering & Maintenance","Ramesh Gurung"
"BLD-100997","2025-08-03","Unplanned","8","Unpaid","Engineering & Maintenance","Ramesh Gurung"
"BLD-100997","2024-06-05","Sick","8","Paid","Engineering & Maintenance","Ramesh Gurung"
"BLD-100998","2023-03-06","Sick","8","Paid","IT & Digital","Hari Al-Marri"
"BLD-100998","2023-04-24","Unplanned","8","Unpaid","IT & Digital","Hari Al-Marri"
"BLD-100998","2023-02-22","Late","3","Unpaid","IT & Digital","Hari Al-Marri"
"BLD-100998","2023-04-04","Sick","8","Paid","IT & Digital","Hari Al-Marri"
"BLD-100998","2023-10-16","Unplanned","8","Unpaid","IT & Digital","Hari Al-Marri"
"BLD-100998","2023-10-03","Sick","8","Paid","IT & Digital","Hari Al-Marri"
"BLD-100998","2023-04-01","Sick","8","Paid","IT & Digital","Hari Al-Marri"
"BLD-100999","2023-03-31","Late","1","Unpaid","Quality Assurance & Food Safety","Pooja Mansour"
"BLD-100999","2023-10-18","Sick","8","Paid","Quality Assurance & Food Safety","Pooja Mansour"
"BLD-100999","2024-08-13","Unplanned","8","Paid","Quality Assurance & Food Safety","Pooja Mansour"
"BLD-100999","2023-02-24","Sick","8","Paid","Quality Assurance & Food Safety","Pooja Mansour"
"BLD-100999","2023-07-31","Sick","8","Paid","Quality Assurance & Food Safety","Pooja Mansour"
"BLD-100999","2024-10-21","Unplanned","8","Unpaid","Quality Assurance & Food Safety","Pooja Mansour"
"BLD-100999","2025-05-08","Sick","8","Paid","Quality Assurance & Food Safety","Pooja Mansour"
"BLD-100999","2023-04-09","Sick","8","Paid","Quality Assurance & Food Safety","Pooja Mansour"
"BLD-100999","2023-07-28","Sick","8","Paid","Quality Assurance & Food Safety","Pooja Mansour"
"BLD-100999","2023-01-08","Unplanned","8","Paid","Quality Assurance & Food Safety","Pooja Mansour"
"BLD-100999","2023-03-29","Late","3","Paid","Quality Assurance & Food Safety","Pooja Mansour"
"BLD-100999","2024-06-29","Sick","8","Paid","Quality Assurance & Food Safety","Pooja Mansour"
"BLD-100999","2024-09-20","Sick","8","Paid","Quality Assurance & Food Safety","Pooja Mansour"
"BLD-100999","2025-12-27","Unplanned","8","Paid","Quality Assurance & Food Safety","Pooja Mansour"
"BLD-100999","2025-12-19","Late","2","Unpaid","Quality Assurance & Food Safety","Pooja Mansour"
"BLD-100999","2025-10-02","Unplanned","8","Unpaid","Quality Assurance & Food Safety","Pooja Mansour"
"BLD-100999","2023-02-04","Unplanned","8","Unpaid","Quality Assurance & Food Safety","Pooja Mansour"
"BLD-100999","2025-03-16","Unplanned","8","Paid","Quality Assurance & Food Safety","Pooja Mansour"
"BLD-100999","2023-10-17","Sick","8","Paid","Quality Assurance & Food Safety","Pooja Mansour"
"BLD-100999","2023-01-05","Sick","8","Paid","Quality Assurance & Food Safety","Pooja Mansour"
"BLD-100999","2024-12-09","Unplanned","8","Unpaid","Quality Assurance & Food Safety","Pooja Mansour"
"BLD-101000","2023-03-11","Sick","8","Paid","IT & Digital","Juan Al-Sayed"
"BLD-101000","2025-10-06","Sick","8","Paid","IT & Digital","Juan Al-Sayed"
"BLD-101000","2024-11-12","Sick","8","Paid","IT & Digital","Juan Al-Sayed"
"BLD-101000","2024-09-12","Unplanned","8","Unpaid","IT & Digital","Juan Al-Sayed"
"BLD-101000","2024-02-28","Unplanned","8","Unpaid","IT & Digital","Juan Al-Sayed"
"BLD-101000","2025-05-14","Late","1","Unpaid","IT & Digital","Juan Al-Sayed"
"BLD-101000","2024-08-24","Unplanned","8","Paid","IT & Digital","Juan Al-Sayed"
"BLD-101001","2023-10-25","Other","8","Unpaid","Production","Waleed Gurung"
"BLD-101001","2025-05-08","Late","2","Paid","Production","Waleed Gurung"
"BLD-101001","2023-10-26","Other","8","Unpaid","Production","Waleed Gurung"
"BLD-101001","2023-02-18","Sick","8","Paid","Production","Waleed Gurung"
"BLD-101001","2025-08-24","Sick","8","Paid","Production","Waleed Gurung"
"BLD-101001","2023-01-20","Sick","8","Paid","Production","Waleed Gurung"
"BLD-101001","2025-07-01","Unplanned","8","Paid","Production","Waleed Gurung"
"BLD-101001","2024-03-10","Unplanned","8","Unpaid","Production","Waleed Gurung"
"BLD-101001","2024-07-27","Late","3","Unpaid","Production","Waleed Gurung"
"BLD-101001","2024-01-16","Unplanned","8","Paid","Production","Waleed Gurung"
"BLD-101001","2024-08-22","Late","1","Unpaid","Production","Waleed Gurung"
"BLD-101002","2023-09-17","Late","3","Paid","Corporate & Executive Office","Sameer Islam"
"BLD-101003","2023-02-18","Late","3","Unpaid","Quality Assurance & Food Safety","Rajesh Kapoor"
"BLD-101003","2023-09-08","Late","2","Unpaid","Quality Assurance & Food Safety","Rajesh Kapoor"
"BLD-101003","2023-03-27","Unplanned","8","Unpaid","Quality Assurance & Food Safety","Rajesh Kapoor"
"BLD-101004","2023-06-25","Late","1","Paid","People & Culture","Mona Thapa"
"BLD-101004","2023-01-02","Unplanned","8","Paid","People & Culture","Mona Thapa"
"BLD-101004","2024-09-10","Unplanned","8","Unpaid","People & Culture","Mona Thapa"
"BLD-101004","2024-08-11","Sick","8","Paid","People & Culture","Mona Thapa"
"BLD-101004","2025-02-22","Sick","8","Paid","People & Culture","Mona Thapa"
"BLD-101004","2023-09-09","Sick","8","Paid","People & Culture","Mona Thapa"
"BLD-101004","2023-04-29","Unplanned","8","Paid","People & Culture","Mona Thapa"
"BLD-101004","2024-03-30","Other","8","Paid","People & Culture","Mona Thapa"
"BLD-101004","2023-04-18","Sick","8","Paid","People & Culture","Mona Thapa"
"BLD-101004","2023-06-01","Unplanned","8","Paid","People & Culture","Mona Thapa"
"BLD-101004","2025-03-09","Other","8","Unpaid","People & Culture","Mona Thapa"
"BLD-101004","2024-05-01","Sick","8","Paid","People & Culture","Mona Thapa"
"BLD-101004","2023-01-08","Late","1","Unpaid","People & Culture","Mona Thapa"
"BLD-101004","2023-09-14","Sick","8","Paid","People & Culture","Mona Thapa"
"BLD-101004","2024-06-17","Late","1","Unpaid","People & Culture","Mona Thapa"
"BLD-101004","2024-08-27","Sick","8","Paid","People & Culture","Mona Thapa"
"BLD-101004","2023-02-17","Unplanned","8","Unpaid","People & Culture","Mona Thapa"
"BLD-101005","2023-05-01","Sick","8","Paid","R&D","Deepak Gurung"
"BLD-101006","2025-11-02","Sick","8","Paid","Supply Chain & Logistics","Anil Islam"
"BLD-101006","2024-09-05","Sick","8","Paid","Supply Chain & Logistics","Anil Islam"
"BLD-101006","2024-08-10","Unplanned","8","Paid","Supply Chain & Logistics","Anil Islam"
"BLD-101006","2024-12-25","Late","1","Unpaid","Supply Chain & Logistics","Anil Islam"
"BLD-101006","2025-01-16","Sick","8","Paid","Supply Chain & Logistics","Anil Islam"
"BLD-101006","2023-12-19","Unplanned","8","Unpaid","Supply Chain & Logistics","Anil Islam"
"BLD-101006","2023-03-29","Late","2","Paid","Supply Chain & Logistics","Anil Islam"
"BLD-101006","2024-09-28","Sick","8","Paid","Supply Chain & Logistics","Anil Islam"
"BLD-101006","2025-11-30","Sick","8","Paid","Supply Chain & Logistics","Anil Islam"
"BLD-101006","2025-05-04","Sick","8","Paid","Supply Chain & Logistics","Anil Islam"
"BLD-101006","2024-07-15","Sick","8","Paid","Supply Chain & Logistics","Anil Islam"
"BLD-101006","2023-02-13","Unplanned","8","Unpaid","Supply Chain & Logistics","Anil Islam"
"BLD-101006","2023-08-03","Unplanned","8","Unpaid","Supply Chain & Logistics","Anil Islam"
"BLD-101007","2023-05-16","Sick","8","Paid","Corporate & Executive Office","Rina Rai"
"BLD-101007","2023-02-24","Unplanned","8","Unpaid","Corporate & Executive Office","Rina Rai"
"BLD-101007","2023-05-01","Sick","8","Paid","Corporate & Executive Office","Rina Rai"
"BLD-101007","2023-09-06","Unplanned","8","Unpaid","Corporate & Executive Office","Rina Rai"
"BLD-101008","2024-09-03","Sick","8","Paid","R&D","Kumar Iqbal"
"BLD-101008","2024-02-22","Sick","8","Paid","R&D","Kumar Iqbal"
"BLD-101008","2023-06-14","Late","1","Unpaid","R&D","Kumar Iqbal"
"BLD-101008","2024-09-30","Late","3","Paid","R&D","Kumar Iqbal"
"BLD-101008","2023-01-18","Unplanned","8","Unpaid","R&D","Kumar Iqbal"
"BLD-101009","2023-04-18","Unplanned","8","Unpaid","R&D","Rakesh Kapoor"
"BLD-101009","2025-06-16","Sick","8","Paid","R&D","Rakesh Kapoor"
"BLD-101009","2024-03-27","Unplanned","8","Unpaid","R&D","Rakesh Kapoor"
"BLD-101009","2025-07-31","Sick","8","Paid","R&D","Rakesh Kapoor"
"BLD-101009","2023-11-15","Sick","8","Paid","R&D","Rakesh Kapoor"
"BLD-101009","2024-11-01","Sick","8","Paid","R&D","Rakesh Kapoor"
"BLD-101009","2024-06-11","Unplanned","8","Paid","R&D","Rakesh Kapoor"
"BLD-101009","2023-03-18","Sick","8","Paid","R&D","Rakesh Kapoor"
"BLD-101009","2023-09-29","Sick","8","Paid","R&D","Rakesh Kapoor"
"BLD-101009","2024-12-12","Late","3","Unpaid","R&D","Rakesh Kapoor"
"BLD-101009","2023-12-10","Sick","8","Paid","R&D","Rakesh Kapoor"
"BLD-101009","2025-08-06","Late","1","Unpaid","R&D","Rakesh Kapoor"
"BLD-101009","2024-05-25","Unplanned","8","Paid","R&D","Rakesh Kapoor"
"BLD-101010","2024-07-23","Unplanned","8","Unpaid","Finance","Dina Chowdhury"
"BLD-101010","2024-03-28","Sick","8","Paid","Finance","Dina Chowdhury"
"BLD-101010","2024-06-24","Unplanned","8","Paid","Finance","Dina Chowdhury"
"BLD-101010","2024-10-08","Sick","8","Paid","Finance","Dina Chowdhury"
"BLD-101010","2024-02-26","Unplanned","8","Paid","Finance","Dina Chowdhury"
"BLD-101010","2024-04-08","Sick","8","Paid","Finance","Dina Chowdhury"
"BLD-101010","2025-08-30","Late","1","Unpaid","Finance","Dina Chowdhury"
"BLD-101010","2023-08-20","Unplanned","8","Unpaid","Finance","Dina Chowdhury"
"BLD-101010","2023-07-18","Sick","8","Paid","Finance","Dina Chowdhury"
"BLD-101010","2025-11-19","Sick","8","Paid","Finance","Dina Chowdhury"
"BLD-101010","2023-05-22","Sick","8","Paid","Finance","Dina Chowdhury"
"BLD-101010","2023-10-08","Late","3","Unpaid","Finance","Dina Chowdhury"
"BLD-101010","2024-08-13","Late","2","Paid","Finance","Dina Chowdhury"
"BLD-101011","2023-01-19","Other","8","Paid","IT & Digital","Waleed Chowdhury"
"BLD-101011","2023-03-18","Sick","8","Paid","IT & Digital","Waleed Chowdhury"
"BLD-101011","2024-05-23","Sick","8","Paid","IT & Digital","Waleed Chowdhury"
"BLD-101011","2023-03-17","Unplanned","8","Unpaid","IT & Digital","Waleed Chowdhury"
"BLD-101011","2024-01-11","Sick","8","Paid","IT & Digital","Waleed Chowdhury"
"BLD-101011","2023-05-27","Unplanned","8","Unpaid","IT & Digital","Waleed Chowdhury"
"BLD-101011","2024-02-01","Sick","8","Paid","IT & Digital","Waleed Chowdhury"
"BLD-101011","2023-07-10","Late","1","Paid","IT & Digital","Waleed Chowdhury"
"BLD-101011","2024-09-07","Unplanned","8","Unpaid","IT & Digital","Waleed Chowdhury"
"BLD-101011","2024-02-19","Late","1","Unpaid","IT & Digital","Waleed Chowdhury"
"BLD-101012","2025-08-21","Sick","8","Paid","Corporate & Executive Office","Pooja Chowdhury"
"BLD-101012","2024-01-16","Late","2","Unpaid","Corporate & Executive Office","Pooja Chowdhury"
"BLD-101012","2025-05-03","Sick","8","Paid","Corporate & Executive Office","Pooja Chowdhury"
"BLD-101012","2025-01-31","Other","8","Unpaid","Corporate & Executive Office","Pooja Chowdhury"
"BLD-101012","2025-11-23","Late","2","Paid","Corporate & Executive Office","Pooja Chowdhury"
"BLD-101012","2024-04-25","Sick","8","Paid","Corporate & Executive Office","Pooja Chowdhury"
"BLD-101012","2024-07-11","Sick","8","Paid","Corporate & Executive Office","Pooja Chowdhury"
"BLD-101012","2023-02-04","Unplanned","8","Paid","Corporate & Executive Office","Pooja Chowdhury"
"BLD-101012","2023-07-28","Sick","8","Paid","Corporate & Executive Office","Pooja Chowdhury"
"BLD-101012","2023-03-01","Unplanned","8","Unpaid","Corporate & Executive Office","Pooja Chowdhury"
"BLD-101013","2023-04-11","Late","2","Paid","People & Culture","Mariam Khan"
"BLD-101013","2024-09-16","Sick","8","Paid","People & Culture","Mariam Khan"
"BLD-101013","2023-03-26","Unplanned","8","Unpaid","People & Culture","Mariam Khan"
"BLD-101013","2023-03-05","Sick","8","Paid","People & Culture","Mariam Khan"
"BLD-101013","2025-06-12","Late","3","Unpaid","People & Culture","Mariam Khan"
"BLD-101013","2024-10-19","Sick","8","Paid","People & Culture","Mariam Khan"
"BLD-101013","2025-04-06","Late","2","Unpaid","People & Culture","Mariam Khan"
"BLD-101013","2025-06-18","Sick","8","Paid","People & Culture","Mariam Khan"
"BLD-101013","2023-06-20","Sick","8","Paid","People & Culture","Mariam Khan"
"BLD-101013","2025-06-22","Unplanned","8","Unpaid","People & Culture","Mariam Khan"
"BLD-101013","2024-06-26","Unplanned","8","Paid","People & Culture","Mariam Khan"
"BLD-101013","2023-03-30","Late","1","Unpaid","People & Culture","Mariam Khan"
"BLD-101013","2024-09-24","Unplanned","8","Unpaid","People & Culture","Mariam Khan"
"BLD-101013","2025-02-08","Late","2","Paid","People & Culture","Mariam Khan"
"BLD-101013","2024-12-07","Sick","8","Paid","People & Culture","Mariam Khan"
"BLD-101014","2025-06-10","Late","3","Unpaid","IT & Digital","Ramesh Islam"
"BLD-101014","2024-01-01","Late","1","Unpaid","IT & Digital","Ramesh Islam"
"BLD-101014","2025-02-26","Unplanned","8","Paid","IT & Digital","Ramesh Islam"
"BLD-101014","2023-10-31","Unplanned","8","Unpaid","IT & Digital","Ramesh Islam"
"BLD-101014","2024-06-01","Other","8","Unpaid","IT & Digital","Ramesh Islam"
"BLD-101015","2023-11-14","Sick","8","Paid","Quality Assurance & Food Safety","Juan Al-Marri"
"BLD-101015","2024-04-21","Sick","8","Paid","Quality Assurance & Food Safety","Juan Al-Marri"
"BLD-101015","2023-10-22","Sick","8","Paid","Quality Assurance & Food Safety","Juan Al-Marri"
"BLD-101015","2023-10-01","Unplanned","8","Unpaid","Quality Assurance & Food Safety","Juan Al-Marri"
"BLD-101015","2024-07-31","Sick","8","Paid","Quality Assurance & Food Safety","Juan Al-Marri"
"BLD-101015","2024-05-08","Late","1","Paid","Quality Assurance & Food Safety","Juan Al-Marri"
"BLD-101015","2023-09-11","Other","8","Paid","Quality Assurance & Food Safety","Juan Al-Marri"
"BLD-101015","2023-10-07","Unplanned","8","Unpaid","Quality Assurance & Food Safety","Juan Al-Marri"
"BLD-101016","2025-01-04","Sick","8","Paid","People & Culture","Prakash Islam"
"BLD-101016","2024-05-10","Sick","8","Paid","People & Culture","Prakash Islam"
"BLD-101016","2025-04-20","Unplanned","8","Unpaid","People & Culture","Prakash Islam"
"BLD-101016","2024-05-19","Late","3","Unpaid","People & Culture","Prakash Islam"
"BLD-101016","2024-02-24","Late","3","Paid","People & Culture","Prakash Islam"
"BLD-101016","2023-01-31","Sick","8","Paid","People & Culture","Prakash Islam"
"BLD-101016","2023-05-05","Unplanned","8","Paid","People & Culture","Prakash Islam"
"BLD-101016","2023-04-02","Other","8","Unpaid","People & Culture","Prakash Islam"
"BLD-101016","2023-06-05","Other","8","Unpaid","People & Culture","Prakash Islam"
"BLD-101016","2023-08-21","Sick","8","Paid","People & Culture","Prakash Islam"
"BLD-101017","2025-09-18","Unplanned","8","Unpaid","Supply Chain & Logistics","Layla Ahmed"
"BLD-101017","2025-07-20","Unplanned","8","Unpaid","Supply Chain & Logistics","Layla Ahmed"
"BLD-101017","2025-10-21","Unplanned","8","Unpaid","Supply Chain & Logistics","Layla Ahmed"
"BLD-101017","2023-05-28","Unplanned","8","Paid","Supply Chain & Logistics","Layla Ahmed"
"BLD-101017","2024-05-01","Sick","8","Paid","Supply Chain & Logistics","Layla Ahmed"
"BLD-101017","2024-11-10","Unplanned","8","Paid","Supply Chain & Logistics","Layla Ahmed"
"BLD-101017","2023-05-15","Sick","8","Paid","Supply Chain & Logistics","Layla Ahmed"
"BLD-101017","2025-09-15","Unplanned","8","Unpaid","Supply Chain & Logistics","Layla Ahmed"
"BLD-101017","2024-01-18","Late","2","Unpaid","Supply Chain & Logistics","Layla Ahmed"
"BLD-101017","2025-06-26","Late","3","Unpaid","Supply Chain & Logistics","Layla Ahmed"
"BLD-101017","2024-01-16","Late","3","Unpaid","Supply Chain & Logistics","Layla Ahmed"
"BLD-101017","2023-11-06","Unplanned","8","Unpaid","Supply Chain & Logistics","Layla Ahmed"
"BLD-101017","2025-07-04","Unplanned","8","Unpaid","Supply Chain & Logistics","Layla Ahmed"
"BLD-101017","2023-02-05","Sick","8","Paid","Supply Chain & Logistics","Layla Ahmed"
"BLD-101017","2024-12-29","Unplanned","8","Unpaid","Supply Chain & Logistics","Layla Ahmed"
"BLD-101017","2024-09-28","Sick","8","Paid","Supply Chain & Logistics","Layla Ahmed"
"BLD-101018","2024-01-23","Sick","8","Paid","Corporate & Executive Office","Pooja Chowdhury"
"BLD-101018","2025-05-06","Unplanned","8","Unpaid","Corporate & Executive Office","Pooja Chowdhury"
"BLD-101018","2023-11-10","Other","8","Paid","Corporate & Executive Office","Pooja Chowdhury"
"BLD-101018","2023-04-30","Sick","8","Paid","Corporate & Executive Office","Pooja Chowdhury"
"BLD-101018","2023-12-08","Unplanned","8","Paid","Corporate & Executive Office","Pooja Chowdhury"
"BLD-101019","2023-07-23","Unplanned","8","Unpaid","Sales & Distribution","Kumar Thapa"
"BLD-101019","2023-12-28","Late","3","Paid","Sales & Distribution","Kumar Thapa"
"BLD-101019","2024-02-01","Unplanned","8","Paid","Sales & Distribution","Kumar Thapa"
"BLD-101019","2025-10-03","Unplanned","8","Paid","Sales & Distribution","Kumar Thapa"
"BLD-101019","2023-02-12","Sick","8","Paid","Sales & Distribution","Kumar Thapa"
"BLD-101019","2025-01-19","Late","3","Paid","Sales & Distribution","Kumar Thapa"
"BLD-101019","2025-04-21","Other","8","Paid","Sales & Distribution","Kumar Thapa"
"BLD-101019","2024-07-22","Unplanned","8","Paid","Sales & Distribution","Kumar Thapa"
"BLD-101019","2025-01-06","Sick","8","Paid","Sales & Distribution","Kumar Thapa"
"BLD-101019","2025-07-28","Sick","8","Paid","Sales & Distribution","Kumar Thapa"
"BLD-101019","2024-01-18","Unplanned","8","Paid","Sales & Distribution","Kumar Thapa"
"BLD-101020","2025-05-26","Sick","8","Paid","Production","Arjun Kapoor"
"BLD-101020","2023-06-12","Sick","8","Paid","Production","Arjun Kapoor"
"BLD-101020","2025-04-26","Sick","8","Paid","Production","Arjun Kapoor"
"BLD-101020","2025-01-18","Sick","8","Paid","Production","Arjun Kapoor"
"BLD-101020","2023-05-11","Unplanned","8","Paid","Production","Arjun Kapoor"
"BLD-101020","2023-08-29","Sick","8","Paid","Production","Arjun Kapoor"
"BLD-101020","2023-02-11","Sick","8","Paid","Production","Arjun Kapoor"
"BLD-101020","2024-03-30","Sick","8","Paid","Production","Arjun Kapoor"
"BLD-101020","2023-01-23","Unplanned","8","Paid","Production","Arjun Kapoor"
"BLD-101020","2023-05-10","Unplanned","8","Unpaid","Production","Arjun Kapoor"
"BLD-101020","2023-10-01","Unplanned","8","Unpaid","Production","Arjun Kapoor"
"BLD-101020","2025-06-05","Sick","8","Paid","Production","Arjun Kapoor"
"BLD-101020","2023-09-05","Sick","8","Paid","Production","Arjun Kapoor"
"BLD-101021","2023-04-01","Late","3","Unpaid","Marketing","Huda Abdullah"
"BLD-101021","2025-11-24","Unplanned","8","Unpaid","Marketing","Huda Abdullah"
"BLD-101021","2025-07-25","Sick","8","Paid","Marketing","Huda Abdullah"
"BLD-101021","2023-05-04","Sick","8","Paid","Marketing","Huda Abdullah"
"BLD-101021","2023-08-02","Late","1","Paid","Marketing","Huda Abdullah"
"BLD-101021","2025-12-20","Sick","8","Paid","Marketing","Huda Abdullah"
"BLD-101021","2024-05-31","Late","1","Unpaid","Marketing","Huda Abdullah"
"BLD-101021","2023-12-22","Sick","8","Paid","Marketing","Huda Abdullah"
"BLD-101021","2024-09-01","Sick","8","Paid","Marketing","Huda Abdullah"
"BLD-101021","2025-01-24","Unplanned","8","Paid","Marketing","Huda Abdullah"
"BLD-101022","2023-09-25","Sick","8","Paid","Quality Assurance & Food Safety","Pooja Mansour"
"BLD-101022","2023-03-13","Sick","8","Paid","Quality Assurance & Food Safety","Pooja Mansour"
"BLD-101023","2025-02-28","Sick","8","Paid","Supply Chain & Logistics","Sanjay El-Sayed"
"BLD-101023","2025-01-04","Late","2","Paid","Supply Chain & Logistics","Sanjay El-Sayed"
"BLD-101023","2025-02-10","Sick","8","Paid","Supply Chain & Logistics","Sanjay El-Sayed"
"BLD-101023","2025-05-17","Sick","8","Paid","Supply Chain & Logistics","Sanjay El-Sayed"
"BLD-101023","2024-05-02","Unplanned","8","Unpaid","Supply Chain & Logistics","Sanjay El-Sayed"
"BLD-101023","2023-03-21","Late","3","Unpaid","Supply Chain & Logistics","Sanjay El-Sayed"
"BLD-101023","2023-05-26","Sick","8","Paid","Supply Chain & Logistics","Sanjay El-Sayed"
"BLD-101023","2023-01-23","Unplanned","8","Paid","Supply Chain & Logistics","Sanjay El-Sayed"
"BLD-101023","2023-09-14","Sick","8","Paid","Supply Chain & Logistics","Sanjay El-Sayed"
"BLD-101023","2024-03-07","Unplanned","8","Unpaid","Supply Chain & Logistics","Sanjay El-Sayed"
"BLD-101023","2024-09-07","Sick","8","Paid","Supply Chain & Logistics","Sanjay El-Sayed"
"BLD-101023","2024-11-14","Sick","8","Paid","Supply Chain & Logistics","Sanjay El-Sayed"
"BLD-101023","2023-03-24","Sick","8","Paid","Supply Chain & Logistics","Sanjay El-Sayed"
"BLD-101023","2024-03-22","Sick","8","Paid","Supply Chain & Logistics","Sanjay El-Sayed"
"BLD-101023","2023-12-02","Sick","8","Paid","Supply Chain & Logistics","Sanjay El-Sayed"
"BLD-101024","2024-03-13","Late","1","Paid","IT & Digital","Salma Ibrahim"
"BLD-101024","2023-07-24","Late","1","Paid","IT & Digital","Salma Ibrahim"
"BLD-101024","2023-07-29","Late","1","Unpaid","IT & Digital","Salma Ibrahim"
"BLD-101025","2024-06-27","Late","2","Paid","Finance","Vikram Abdullah"
"BLD-101025","2024-07-09","Unplanned","8","Paid","Finance","Vikram Abdullah"
"BLD-101025","2024-09-25","Late","2","Unpaid","Finance","Vikram Abdullah"
"BLD-101025","2024-01-24","Unplanned","8","Paid","Finance","Vikram Abdullah"
"BLD-101025","2024-10-04","Unplanned","8","Unpaid","Finance","Vikram Abdullah"
"BLD-101026","2023-01-08","Late","3","Paid","R&D","Bishnu Khan"
"BLD-101026","2023-02-19","Sick","8","Paid","R&D","Bishnu Khan"
"BLD-101026","2023-01-03","Other","8","Unpaid","R&D","Bishnu Khan"
"BLD-101027","2025-03-28","Unplanned","8","Unpaid","Finance","Manoj Abdullah"
"BLD-101027","2024-02-23","Late","2","Unpaid","Finance","Manoj Abdullah"
"BLD-101027","2025-02-23","Other","8","Unpaid","Finance","Manoj Abdullah"
"BLD-101027","2023-12-28","Sick","8","Paid","Finance","Manoj Abdullah"
"BLD-101027","2023-05-26","Unplanned","8","Paid","Finance","Manoj Abdullah"
"BLD-101027","2023-01-04","Sick","8","Paid","Finance","Manoj Abdullah"
"BLD-101027","2024-04-21","Sick","8","Paid","Finance","Manoj Abdullah"
"BLD-101027","2024-08-28","Sick","8","Paid","Finance","Manoj Abdullah"
"BLD-101027","2023-07-14","Sick","8","Paid","Finance","Manoj Abdullah"
"BLD-101027","2025-05-26","Unplanned","8","Paid","Finance","Manoj Abdullah"
"BLD-101027","2025-01-15","Sick","8","Paid","Finance","Manoj Abdullah"
"BLD-101027","2025-08-03","Late","1","Unpaid","Finance","Manoj Abdullah"
"BLD-101027","2025-03-04","Unplanned","8","Unpaid","Finance","Manoj Abdullah"
"BLD-101027","2024-02-23","Unplanned","8","Unpaid","Finance","Manoj Abdullah"
"BLD-101027","2023-02-11","Unplanned","8","Paid","Finance","Manoj Abdullah"
"BLD-101027","2023-02-02","Unplanned","8","Unpaid","Finance","Manoj Abdullah"
"BLD-101028","2024-08-14","Sick","8","Paid","People & Culture","Yasmin Youssef"
"BLD-101028","2025-04-07","Late","1","Paid","People & Culture","Yasmin Youssef"
"BLD-101028","2024-11-04","Unplanned","8","Unpaid","People & Culture","Yasmin Youssef"
"BLD-101028","2025-05-02","Other","8","Unpaid","People & Culture","Yasmin Youssef"
"BLD-101028","2023-11-16","Unplanned","8","Unpaid","People & Culture","Yasmin Youssef"
"BLD-101028","2025-02-05","Unplanned","8","Paid","People & Culture","Yasmin Youssef"
"BLD-101028","2023-01-26","Sick","8","Paid","People & Culture","Yasmin Youssef"
"BLD-101028","2025-12-09","Other","8","Paid","People & Culture","Yasmin Youssef"
"BLD-101028","2024-09-01","Other","8","Unpaid","People & Culture","Yasmin Youssef"
"BLD-101028","2024-06-23","Unplanned","8","Paid","People & Culture","Yasmin Youssef"
"BLD-101029","2023-02-24","Sick","8","Paid","Marketing","Hassan Pereira"
"BLD-101030","2024-10-04","Sick","8","Paid","R&D","Huda Abdullah"
"BLD-101030","2024-06-29","Unplanned","8","Unpaid","R&D","Huda Abdullah"
"BLD-101030","2025-11-18","Unplanned","8","Unpaid","R&D","Huda Abdullah"
"BLD-101030","2024-09-04","Late","1","Paid","R&D","Huda Abdullah"
"BLD-101030","2024-10-13","Other","8","Paid","R&D","Huda Abdullah"
"BLD-101030","2023-05-26","Sick","8","Paid","R&D","Huda Abdullah"
"BLD-101030","2024-05-18","Late","1","Unpaid","R&D","Huda Abdullah"
"BLD-101030","2024-05-07","Sick","8","Paid","R&D","Huda Abdullah"
"BLD-101030","2023-05-10","Unplanned","8","Unpaid","R&D","Huda Abdullah"
"BLD-101030","2024-10-11","Sick","8","Paid","R&D","Huda Abdullah"
"BLD-101031","2023-09-13","Late","2","Unpaid","Sales & Distribution","Tariq Iqbal"
"BLD-101031","2023-10-29","Unplanned","8","Unpaid","Sales & Distribution","Tariq Iqbal"
"BLD-101031","2025-01-11","Sick","8","Paid","Sales & Distribution","Tariq Iqbal"
"BLD-101031","2025-04-21","Sick","8","Paid","Sales & Distribution","Tariq Iqbal"
"BLD-101031","2024-11-04","Late","2","Unpaid","Sales & Distribution","Tariq Iqbal"
"BLD-101031","2025-04-24","Late","2","Paid","Sales & Distribution","Tariq Iqbal"
"BLD-101031","2024-05-30","Sick","8","Paid","Sales & Distribution","Tariq Iqbal"
"BLD-101031","2023-04-01","Late","1","Unpaid","Sales & Distribution","Tariq Iqbal"
"BLD-101031","2024-08-19","Unplanned","8","Paid","Sales & Distribution","Tariq Iqbal"
"BLD-101031","2025-06-16","Sick","8","Paid","Sales & Distribution","Tariq Iqbal"
"BLD-101031","2023-05-10","Sick","8","Paid","Sales & Distribution","Tariq Iqbal"
"BLD-101031","2025-03-22","Sick","8","Paid","Sales & Distribution","Tariq Iqbal"
"BLD-101031","2024-05-11","Late","3","Unpaid","Sales & Distribution","Tariq Iqbal"
"BLD-101031","2025-07-08","Sick","8","Paid","Sales & Distribution","Tariq Iqbal"
"BLD-101031","2023-08-06","Sick","8","Paid","Sales & Distribution","Tariq Iqbal"
"BLD-101031","2024-07-05","Sick","8","Paid","Sales & Distribution","Tariq Iqbal"
"BLD-101031","2025-10-02","Sick","8","Paid","Sales & Distribution","Tariq Iqbal"
"BLD-101031","2024-11-05","Unplanned","8","Unpaid","Sales & Distribution","Tariq Iqbal"
"BLD-101032","2025-06-26","Sick","8","Paid","Supply Chain & Logistics","Bishnu Al-Marri"
"BLD-101032","2024-03-07","Late","3","Unpaid","Supply Chain & Logistics","Bishnu Al-Marri"
"BLD-101032","2023-09-05","Sick","8","Paid","Supply Chain & Logistics","Bishnu Al-Marri"
"BLD-101032","2023-01-17","Sick","8","Paid","Supply Chain & Logistics","Bishnu Al-Marri"
"BLD-101032","2025-12-20","Unplanned","8","Unpaid","Supply Chain & Logistics","Bishnu Al-Marri"
"BLD-101032","2025-11-13","Sick","8","Paid","Supply Chain & Logistics","Bishnu Al-Marri"
"BLD-101032","2023-08-26","Unplanned","8","Unpaid","Supply Chain & Logistics","Bishnu Al-Marri"
"BLD-101032","2025-03-14","Sick","8","Paid","Supply Chain & Logistics","Bishnu Al-Marri"
"BLD-101032","2025-06-14","Late","3","Unpaid","Supply Chain & Logistics","Bishnu Al-Marri"
"BLD-101032","2025-09-30","Sick","8","Paid","Supply Chain & Logistics","Bishnu Al-Marri"
"BLD-101032","2025-03-26","Other","8","Unpaid","Supply Chain & Logistics","Bishnu Al-Marri"
"BLD-101032","2023-04-06","Unplanned","8","Unpaid","Supply Chain & Logistics","Bishnu Al-Marri"
"BLD-101032","2025-05-01","Late","1","Unpaid","Supply Chain & Logistics","Bishnu Al-Marri"
"BLD-101032","2025-07-11","Late","3","Unpaid","Supply Chain & Logistics","Bishnu Al-Marri"
"BLD-101032","2023-09-13","Late","1","Unpaid","Supply Chain & Logistics","Bishnu Al-Marri"
"BLD-101032","2024-07-05","Other","8","Paid","Supply Chain & Logistics","Bishnu Al-Marri"
"BLD-101032","2024-01-26","Sick","8","Paid","Supply Chain & Logistics","Bishnu Al-Marri"
"BLD-101032","2025-09-17","Unplanned","8","Unpaid","Supply Chain & Logistics","Bishnu Al-Marri"
"BLD-101033","2025-12-04","Sick","8","Paid","People & Culture","Dina Reyes"
"BLD-101033","2024-11-01","Late","2","Unpaid","People & Culture","Dina Reyes"
"BLD-101033","2024-04-21","Sick","8","Paid","People & Culture","Dina Reyes"
"BLD-101033","2023-07-28","Late","3","Unpaid","People & Culture","Dina Reyes"
"BLD-101033","2023-04-30","Unplanned","8","Unpaid","People & Culture","Dina Reyes"
"BLD-101033","2024-05-01","Late","2","Paid","People & Culture","Dina Reyes"
"BLD-101033","2024-12-02","Sick","8","Paid","People & Culture","Dina Reyes"
"BLD-101034","2023-02-01","Sick","8","Paid","Sales & Distribution","Suresh Hassan"
"BLD-101034","2023-01-05","Unplanned","8","Unpaid","Sales & Distribution","Suresh Hassan"
"BLD-101034","2023-06-07","Unplanned","8","Unpaid","Sales & Distribution","Suresh Hassan"
"BLD-101034","2023-01-08","Unplanned","8","Unpaid","Sales & Distribution","Suresh Hassan"
"BLD-101034","2023-03-24","Late","3","Unpaid","Sales & Distribution","Suresh Hassan"
"BLD-101035","2023-05-20","Sick","8","Paid","Production","Faisal Ibrahim"
"BLD-101035","2024-03-18","Sick","8","Paid","Production","Faisal Ibrahim"
"BLD-101035","2023-08-16","Sick","8","Paid","Production","Faisal Ibrahim"
"BLD-101035","2023-06-15","Sick","8","Paid","Production","Faisal Ibrahim"
"BLD-101035","2023-10-26","Unplanned","8","Unpaid","Production","Faisal Ibrahim"
"BLD-101035","2023-03-10","Sick","8","Paid","Production","Faisal Ibrahim"
"BLD-101035","2023-07-15","Late","1","Unpaid","Production","Faisal Ibrahim"
"BLD-101035","2023-09-09","Sick","8","Paid","Production","Faisal Ibrahim"
"BLD-101035","2023-09-15","Other","8","Paid","Production","Faisal Ibrahim"
"BLD-101036","2023-03-08","Sick","8","Paid","Finance","Nadia Al-Marri"
"BLD-101036","2023-01-22","Sick","8","Paid","Finance","Nadia Al-Marri"
"BLD-101037","2023-10-22","Late","1","Paid","People & Culture","Noor Baig"
"BLD-101037","2023-08-25","Sick","8","Paid","People & Culture","Noor Baig"
"BLD-101037","2023-04-05","Sick","8","Paid","People & Culture","Noor Baig"
"BLD-101037","2023-06-01","Late","2","Paid","People & Culture","Noor Baig"
"BLD-101038","2025-10-07","Unplanned","8","Paid","Farm Operations","Sanjay Kapoor"
"BLD-101038","2024-11-14","Unplanned","8","Unpaid","Farm Operations","Sanjay Kapoor"
"BLD-101038","2025-03-19","Unplanned","8","Paid","Farm Operations","Sanjay Kapoor"
"BLD-101038","2025-08-15","Sick","8","Paid","Farm Operations","Sanjay Kapoor"
"BLD-101038","2023-08-08","Other","8","Unpaid","Farm Operations","Sanjay Kapoor"
"BLD-101038","2023-07-19","Unplanned","8","Unpaid","Farm Operations","Sanjay Kapoor"
"BLD-101038","2024-08-02","Sick","8","Paid","Farm Operations","Sanjay Kapoor"
"BLD-101038","2023-05-14","Unplanned","8","Paid","Farm Operations","Sanjay Kapoor"
"BLD-101038","2023-04-05","Late","3","Unpaid","Farm Operations","Sanjay Kapoor"
"BLD-101038","2023-09-16","Sick","8","Paid","Farm Operations","Sanjay Kapoor"
"BLD-101039","2025-10-12","Sick","8","Paid","Corporate & Executive Office","Priya Farouk"
"BLD-101039","2024-12-26","Sick","8","Paid","Corporate & Executive Office","Priya Farouk"
"BLD-101039","2023-02-02","Unplanned","8","Unpaid","Corporate & Executive Office","Priya Farouk"
"BLD-101039","2024-04-26","Sick","8","Paid","Corporate & Executive Office","Priya Farouk"
"BLD-101039","2024-07-03","Unplanned","8","Unpaid","Corporate & Executive Office","Priya Farouk"
"BLD-101039","2024-03-15","Sick","8","Paid","Corporate & Executive Office","Priya Farouk"
"BLD-101040","2023-05-11","Sick","8","Paid","Sales & Distribution","Kumar El-Sayed"
"BLD-101040","2023-06-26","Sick","8","Paid","Sales & Distribution","Kumar El-Sayed"
"BLD-101040","2025-03-30","Late","3","Paid","Sales & Distribution","Kumar El-Sayed"
"BLD-101040","2024-11-01","Other","8","Unpaid","Sales & Distribution","Kumar El-Sayed"
"BLD-101040","2023-11-28","Unplanned","8","Paid","Sales & Distribution","Kumar El-Sayed"
"BLD-101040","2024-01-28","Sick","8","Paid","Sales & Distribution","Kumar El-Sayed"
"BLD-101040","2023-04-26","Late","1","Paid","Sales & Distribution","Kumar El-Sayed"
"BLD-101041","2025-09-25","Sick","8","Paid","People & Culture","Juan Malik"
"BLD-101041","2024-01-18","Late","2","Unpaid","People & Culture","Juan Malik"
"BLD-101041","2023-04-18","Late","3","Unpaid","People & Culture","Juan Malik"
"BLD-101041","2024-04-05","Late","2","Unpaid","People & Culture","Juan Malik"
"BLD-101041","2024-10-15","Late","1","Unpaid","People & Culture","Juan Malik"
"BLD-101041","2024-10-29","Sick","8","Paid","People & Culture","Juan Malik"
"BLD-101041","2025-09-21","Sick","8","Paid","People & Culture","Juan Malik"
"BLD-101041","2025-12-29","Unplanned","8","Unpaid","People & Culture","Juan Malik"
"BLD-101041","2025-04-19","Late","3","Paid","People & Culture","Juan Malik"
"BLD-101042","2024-07-20","Late","1","Paid","Farm Operations","Anil Fernandes"
"BLD-101042","2024-11-29","Late","2","Unpaid","Farm Operations","Anil Fernandes"
"BLD-101042","2023-08-09","Late","3","Paid","Farm Operations","Anil Fernandes"
"BLD-101042","2025-04-16","Late","2","Unpaid","Farm Operations","Anil Fernandes"
"BLD-101042","2025-11-20","Unplanned","8","Paid","Farm Operations","Anil Fernandes"
"BLD-101042","2024-02-21","Unplanned","8","Paid","Farm Operations","Anil Fernandes"
"BLD-101043","2024-01-24","Sick","8","Paid","Procurement","Omar Iqbal"
"BLD-101043","2023-06-15","Sick","8","Paid","Procurement","Omar Iqbal"
"BLD-101043","2024-04-26","Unplanned","8","Unpaid","Procurement","Omar Iqbal"
"BLD-101043","2024-11-26","Sick","8","Paid","Procurement","Omar Iqbal"
"BLD-101043","2023-05-31","Sick","8","Paid","Procurement","Omar Iqbal"
"BLD-101043","2024-10-12","Sick","8","Paid","Procurement","Omar Iqbal"
"BLD-101043","2024-10-12","Unplanned","8","Unpaid","Procurement","Omar Iqbal"
"BLD-101043","2025-03-29","Sick","8","Paid","Procurement","Omar Iqbal"
"BLD-101043","2024-02-14","Sick","8","Paid","Procurement","Omar Iqbal"
"BLD-101043","2025-06-02","Sick","8","Paid","Procurement","Omar Iqbal"
"BLD-101043","2023-12-23","Other","8","Paid","Procurement","Omar Iqbal"
"BLD-101043","2024-07-27","Late","1","Unpaid","Procurement","Omar Iqbal"
"BLD-101043","2025-07-08","Unplanned","8","Paid","Procurement","Omar Iqbal"
"BLD-101043","2024-05-28","Late","3","Unpaid","Procurement","Omar Iqbal"
"BLD-101043","2024-10-13","Sick","8","Paid","Procurement","Omar Iqbal"
"BLD-101043","2025-05-01","Unplanned","8","Paid","Procurement","Omar Iqbal"
"BLD-101043","2024-05-01","Unplanned","8","Paid","Procurement","Omar Iqbal"
"BLD-101043","2024-06-05","Sick","8","Paid","Procurement","Omar Iqbal"
"BLD-101043","2025-04-26","Late","2","Unpaid","Procurement","Omar Iqbal"
"BLD-101044","2023-10-01","Sick","8","Paid","Procurement","Ali Al-Kuwari"
"BLD-101044","2024-04-19","Late","2","Paid","Procurement","Ali Al-Kuwari"
"BLD-101044","2024-01-03","Sick","8","Paid","Procurement","Ali Al-Kuwari"
"BLD-101044","2023-06-12","Sick","8","Paid","Procurement","Ali Al-Kuwari"
"BLD-101044","2024-02-14","Sick","8","Paid","Procurement","Ali Al-Kuwari"
"BLD-101044","2023-02-10","Unplanned","8","Unpaid","Procurement","Ali Al-Kuwari"
"BLD-101044","2024-07-23","Late","1","Paid","Procurement","Ali Al-Kuwari"
"BLD-101044","2024-02-18","Sick","8","Paid","Procurement","Ali Al-Kuwari"
"BLD-101044","2023-03-16","Sick","8","Paid","Procurement","Ali Al-Kuwari"
"BLD-101044","2023-11-22","Sick","8","Paid","Procurement","Ali Al-Kuwari"
"BLD-101045","2024-07-26","Late","3","Unpaid","Procurement","Mohamed Rai"
"BLD-101045","2023-11-19","Sick","8","Paid","Procurement","Mohamed Rai"
"BLD-101045","2024-06-04","Sick","8","Paid","Procurement","Mohamed Rai"
"BLD-101045","2025-08-18","Sick","8","Paid","Procurement","Mohamed Rai"
"BLD-101045","2024-03-11","Sick","8","Paid","Procurement","Mohamed Rai"
"BLD-101045","2024-10-28","Sick","8","Paid","Procurement","Mohamed Rai"
"BLD-101045","2024-01-03","Other","8","Unpaid","Procurement","Mohamed Rai"
"BLD-101045","2025-01-07","Sick","8","Paid","Procurement","Mohamed Rai"
"BLD-101045","2025-08-18","Late","1","Paid","Procurement","Mohamed Rai"
"BLD-101046","2023-01-19","Sick","8","Paid","Procurement","Sanjay Fernandes"
"BLD-101047","2023-12-25","Sick","8","Paid","Finance","Sara Sharma"
"BLD-101047","2023-12-19","Other","8","Unpaid","Finance","Sara Sharma"
"BLD-101047","2023-03-11","Unplanned","8","Unpaid","Finance","Sara Sharma"
"BLD-101047","2023-01-21","Sick","8","Paid","Finance","Sara Sharma"
"BLD-101047","2023-04-15","Sick","8","Paid","Finance","Sara Sharma"
"BLD-101047","2023-07-13","Late","2","Paid","Finance","Sara Sharma"
"BLD-101048","2024-07-29","Sick","8","Paid","People & Culture","Rajesh Baig"
"BLD-101048","2023-01-21","Sick","8","Paid","People & Culture","Rajesh Baig"
"BLD-101049","2025-06-04","Unplanned","8","Unpaid","IT & Digital","Omar Thapa"
"BLD-101049","2025-05-10","Unplanned","8","Unpaid","IT & Digital","Omar Thapa"
"BLD-101049","2023-07-21","Sick","8","Paid","IT & Digital","Omar Thapa"
"BLD-101049","2023-02-08","Sick","8","Paid","IT & Digital","Omar Thapa"
"BLD-101049","2023-10-23","Sick","8","Paid","IT & Digital","Omar Thapa"
"BLD-101049","2024-06-18","Late","1","Unpaid","IT & Digital","Omar Thapa"
"BLD-101049","2025-01-12","Late","3","Unpaid","IT & Digital","Omar Thapa"
"BLD-101049","2024-07-15","Unplanned","8","Paid","IT & Digital","Omar Thapa"
"BLD-101049","2025-04-29","Other","8","Unpaid","IT & Digital","Omar Thapa"
"BLD-101049","2024-12-21","Unplanned","8","Paid","IT & Digital","Omar Thapa"
"BLD-101049","2023-08-03","Sick","8","Paid","IT & Digital","Omar Thapa"
"BLD-101049","2025-06-29","Unplanned","8","Unpaid","IT & Digital","Omar Thapa"
"BLD-101049","2023-04-21","Sick","8","Paid","IT & Digital","Omar Thapa"
"BLD-101050","2023-05-12","Sick","8","Paid","R&D","Kumar Iqbal"
"BLD-101051","2024-03-22","Sick","8","Paid","Procurement","Rakesh Fernandes"
"BLD-101051","2023-05-09","Late","2","Unpaid","Procurement","Rakesh Fernandes"
"BLD-101051","2024-05-11","Unplanned","8","Paid","Procurement","Rakesh Fernandes"
"BLD-101051","2023-05-16","Sick","8","Paid","Procurement","Rakesh Fernandes"
"BLD-101051","2025-04-11","Other","8","Paid","Procurement","Rakesh Fernandes"
"BLD-101051","2024-07-09","Unplanned","8","Unpaid","Procurement","Rakesh Fernandes"
"BLD-101051","2025-06-20","Sick","8","Paid","Procurement","Rakesh Fernandes"
"BLD-101051","2024-07-17","Sick","8","Paid","Procurement","Rakesh Fernandes"
"BLD-101051","2024-11-25","Late","3","Unpaid","Procurement","Rakesh Fernandes"
"BLD-101051","2023-09-16","Unplanned","8","Unpaid","Procurement","Rakesh Fernandes"
"BLD-101051","2025-01-28","Unplanned","8","Paid","Procurement","Rakesh Fernandes"
"BLD-101053","2025-08-02","Sick","8","Paid","Marketing","Huda Abdullah"
"BLD-101053","2024-10-03","Unplanned","8","Paid","Marketing","Huda Abdullah"
"BLD-101053","2024-06-25","Other","8","Paid","Marketing","Huda Abdullah"
"BLD-101053","2024-12-03","Late","1","Paid","Marketing","Huda Abdullah"
"BLD-101053","2024-12-28","Unplanned","8","Unpaid","Marketing","Huda Abdullah"
"BLD-101053","2024-03-01","Sick","8","Paid","Marketing","Huda Abdullah"
"BLD-101053","2025-07-11","Sick","8","Paid","Marketing","Huda Abdullah"
"BLD-101053","2024-11-20","Unplanned","8","Paid","Marketing","Huda Abdullah"
"BLD-101054","2024-06-19","Sick","8","Paid","Supply Chain & Logistics","Bishnu Iqbal"
"BLD-101054","2024-03-11","Sick","8","Paid","Supply Chain & Logistics","Bishnu Iqbal"
"BLD-101054","2025-01-14","Late","2","Paid","Supply Chain & Logistics","Bishnu Iqbal"
"BLD-101054","2024-05-19","Sick","8","Paid","Supply Chain & Logistics","Bishnu Iqbal"
"BLD-101054","2024-11-02","Other","8","Unpaid","Supply Chain & Logistics","Bishnu Iqbal"
"BLD-101054","2024-03-13","Unplanned","8","Unpaid","Supply Chain & Logistics","Bishnu Iqbal"
"BLD-101054","2024-05-08","Sick","8","Paid","Supply Chain & Logistics","Bishnu Iqbal"
"BLD-101054","2023-10-23","Other","8","Unpaid","Supply Chain & Logistics","Bishnu Iqbal"
"BLD-101054","2024-03-10","Unplanned","8","Unpaid","Supply Chain & Logistics","Bishnu Iqbal"
"BLD-101054","2023-12-18","Unplanned","8","Unpaid","Supply Chain & Logistics","Bishnu Iqbal"
"BLD-101055","2024-04-14","Late","2","Paid","R&D","Arjun Santos"
"BLD-101055","2025-02-02","Sick","8","Paid","R&D","Arjun Santos"
"BLD-101055","2025-04-16","Sick","8","Paid","R&D","Arjun Santos"
"BLD-101055","2024-09-21","Late","2","Unpaid","R&D","Arjun Santos"
"BLD-101055","2024-05-07","Sick","8","Paid","R&D","Arjun Santos"
"BLD-101055","2025-02-26","Sick","8","Paid","R&D","Arjun Santos"
"BLD-101055","2024-04-02","Late","3","Unpaid","R&D","Arjun Santos"
"BLD-101055","2025-02-08","Sick","8","Paid","R&D","Arjun Santos"
"BLD-101055","2025-04-08","Sick","8","Paid","R&D","Arjun Santos"
"BLD-101056","2024-09-30","Unplanned","8","Paid","Quality Assurance & Food Safety","Juan Al-Marri"
"BLD-101056","2025-04-01","Unplanned","8","Unpaid","Quality Assurance & Food Safety","Juan Al-Marri"
"BLD-101058","2024-11-06","Sick","8","Paid","Supply Chain & Logistics","Prakash Reyes"
"BLD-101058","2024-12-09","Sick","8","Paid","Supply Chain & Logistics","Prakash Reyes"
"BLD-101058","2024-04-03","Unplanned","8","Unpaid","Supply Chain & Logistics","Prakash Reyes"
"BLD-101058","2024-10-09","Sick","8","Paid","Supply Chain & Logistics","Prakash Reyes"
"BLD-101058","2025-05-20","Sick","8","Paid","Supply Chain & Logistics","Prakash Reyes"
"BLD-101058","2025-05-03","Other","8","Paid","Supply Chain & Logistics","Prakash Reyes"
"BLD-101058","2023-12-17","Sick","8","Paid","Supply Chain & Logistics","Prakash Reyes"
"BLD-101058","2024-08-28","Late","1","Unpaid","Supply Chain & Logistics","Prakash Reyes"
"BLD-101058","2025-08-07","Unplanned","8","Unpaid","Supply Chain & Logistics","Prakash Reyes"
"BLD-101058","2023-09-22","Unplanned","8","Unpaid","Supply Chain & Logistics","Prakash Reyes"
"BLD-101058","2023-07-16","Unplanned","8","Unpaid","Supply Chain & Logistics","Prakash Reyes"
"BLD-101058","2025-08-04","Late","2","Unpaid","Supply Chain & Logistics","Prakash Reyes"
"BLD-101058","2024-05-24","Unplanned","8","Unpaid","Supply Chain & Logistics","Prakash Reyes"
"BLD-101058","2024-08-01","Late","2","Unpaid","Supply Chain & Logistics","Prakash Reyes"
"BLD-101058","2023-09-09","Unplanned","8","Unpaid","Supply Chain & Logistics","Prakash Reyes"
"BLD-101059","2025-11-23","Sick","8","Paid","Supply Chain & Logistics","Manoj Fernandes"
"BLD-101060","2025-06-07","Sick","8","Paid","Farm Operations","Sanjay Ibrahim"
"BLD-101060","2025-10-10","Sick","8","Paid","Farm Operations","Sanjay Ibrahim"
"BLD-101060","2025-04-21","Sick","8","Paid","Farm Operations","Sanjay Ibrahim"
"BLD-101060","2025-07-29","Unplanned","8","Unpaid","Farm Operations","Sanjay Ibrahim"
"BLD-101061","2025-02-26","Sick","8","Paid","R&D","Arjun Santos"
"BLD-101061","2024-05-25","Unplanned","8","Paid","R&D","Arjun Santos"
"BLD-101061","2025-07-29","Unplanned","8","Paid","R&D","Arjun Santos"
"BLD-101061","2024-09-15","Sick","8","Paid","R&D","Arjun Santos"
"BLD-101061","2025-06-06","Sick","8","Paid","R&D","Arjun Santos"
"BLD-101061","2024-11-16","Unplanned","8","Unpaid","R&D","Arjun Santos"
"BLD-101061","2024-02-15","Sick","8","Paid","R&D","Arjun Santos"
"BLD-101061","2025-05-05","Sick","8","Paid","R&D","Arjun Santos"
"BLD-101061","2023-11-15","Unplanned","8","Unpaid","R&D","Arjun Santos"
"BLD-101061","2025-02-11","Unplanned","8","Paid","R&D","Arjun Santos"
"BLD-101063","2025-10-14","Late","2","Unpaid","Finance","Shobha Thapa"
"BLD-101063","2025-03-25","Unplanned","8","Unpaid","Finance","Shobha Thapa"
"BLD-101063","2025-05-17","Late","3","Unpaid","Finance","Shobha Thapa"
"BLD-101063","2025-02-02","Unplanned","8","Unpaid","Finance","Shobha Thapa"
"BLD-101063","2025-10-31","Sick","8","Paid","Finance","Shobha Thapa"
"BLD-101063","2024-10-26","Late","2","Unpaid","Finance","Shobha Thapa"
"BLD-101063","2025-11-22","Late","3","Paid","Finance","Shobha Thapa"
"BLD-101063","2025-02-03","Unplanned","8","Paid","Finance","Shobha Thapa"
"BLD-101063","2025-12-10","Late","1","Unpaid","Finance","Shobha Thapa"
"BLD-101063","2025-09-22","Unplanned","8","Unpaid","Finance","Shobha Thapa"
"BLD-101063","2024-09-28","Unplanned","8","Paid","Finance","Shobha Thapa"
"BLD-101063","2025-10-16","Unplanned","8","Unpaid","Finance","Shobha Thapa"
"BLD-101063","2024-12-12","Late","1","Unpaid","Finance","Shobha Thapa"
"BLD-101063","2024-12-15","Other","8","Paid","Finance","Shobha Thapa"
"BLD-101063","2024-07-03","Unplanned","8","Unpaid","Finance","Shobha Thapa"
"BLD-101065","2024-12-29","Sick","8","Paid","Finance","Arjun Cruz"
"BLD-101065","2025-05-10","Other","8","Unpaid","Finance","Arjun Cruz"
"BLD-101065","2025-03-19","Unplanned","8","Unpaid","Finance","Arjun Cruz"
"BLD-101066","2025-04-30","Sick","8","Paid","Quality Assurance & Food Safety","Omar Sharma"
"BLD-101066","2024-09-29","Late","2","Paid","Quality Assurance & Food Safety","Omar Sharma"
"BLD-101066","2024-12-22","Late","3","Unpaid","Quality Assurance & Food Safety","Omar Sharma"
"BLD-101067","2025-06-15","Sick","8","Paid","People & Culture","Ravi Santos"
"BLD-101067","2025-12-26","Sick","8","Paid","People & Culture","Ravi Santos"
"BLD-101067","2025-08-13","Other","8","Paid","People & Culture","Ravi Santos"
"BLD-101067","2025-01-21","Unplanned","8","Unpaid","People & Culture","Ravi Santos"
"BLD-101067","2025-04-09","Unplanned","8","Unpaid","People & Culture","Ravi Santos"
"BLD-101068","2025-12-25","Sick","8","Paid","People & Culture","Omar Abdullah"
"BLD-101068","2025-12-18","Sick","8","Paid","People & Culture","Omar Abdullah"
"BLD-101068","2025-10-05","Unplanned","8","Unpaid","People & Culture","Omar Abdullah"
"BLD-101069","2025-01-19","Sick","8","Paid","Production","Hassan Pereira"
"BLD-101070","2025-10-23","Other","8","Unpaid","Production","Kumar Islam"
"BLD-101071","2025-04-10","Unplanned","8","Unpaid","Sales & Distribution","Prakash Pereira"
"BLD-101071","2025-03-12","Sick","8","Paid","Sales & Distribution","Prakash Pereira"
"BLD-101071","2025-03-13","Unplanned","8","Unpaid","Sales & Distribution","Prakash Pereira"
"BLD-101071","2025-04-08","Unplanned","8","Paid","Sales & Distribution","Prakash Pereira"
"BLD-101071","2025-04-02","Sick","8","Paid","Sales & Distribution","Prakash Pereira"
"BLD-101071","2025-04-22","Sick","8","Paid","Sales & Distribution","Prakash Pereira"
"BLD-101071","2025-05-12","Late","2","Unpaid","Sales & Distribution","Prakash Pereira"
"BLD-101072","2024-10-06","Unplanned","8","Unpaid","IT & Digital","Mona Khan"
"BLD-101072","2024-12-11","Late","1","Paid","IT & Digital","Mona Khan"
"BLD-101072","2025-05-04","Sick","8","Paid","IT & Digital","Mona Khan"
"BLD-101072","2024-12-11","Unplanned","8","Paid","IT & Digital","Mona Khan"
"BLD-101072","2024-08-22","Unplanned","8","Unpaid","IT & Digital","Mona Khan"
"BLD-101072","2025-08-22","Sick","8","Paid","IT & Digital","Mona Khan"
"BLD-101072","2024-12-28","Late","3","Unpaid","IT & Digital","Mona Khan"
"BLD-101073","2025-06-20","Sick","8","Paid","Marketing","Tariq Kapoor"
"BLD-101074","2024-04-07","Other","8","Paid","Procurement","Juan Santos"
"BLD-101074","2025-10-29","Sick","8","Paid","Procurement","Juan Santos"
"BLD-101074","2023-09-27","Unplanned","8","Paid","Procurement","Juan Santos"
"BLD-101074","2025-12-13","Other","8","Paid","Procurement","Juan Santos"
"BLD-101074","2023-04-17","Sick","8","Paid","Procurement","Juan Santos"
"BLD-101074","2023-04-01","Sick","8","Paid","Procurement","Juan Santos"
"BLD-101074","2024-02-04","Sick","8","Paid","Procurement","Juan Santos"
"BLD-101074","2024-06-09","Sick","8","Paid","Procurement","Juan Santos"
"BLD-101074","2023-12-08","Late","1","Unpaid","Procurement","Juan Santos"
"BLD-101074","2024-04-28","Unplanned","8","Unpaid","Procurement","Juan Santos"
"BLD-101074","2024-11-09","Unplanned","8","Paid","Procurement","Juan Santos"
"BLD-101074","2025-10-04","Sick","8","Paid","Procurement","Juan Santos"
"BLD-101075","2025-07-23","Late","1","Unpaid","Supply Chain & Logistics","Manoj Fernandes"
"BLD-101075","2025-07-01","Late","1","Unpaid","Supply Chain & Logistics","Manoj Fernandes"
"BLD-101075","2025-12-06","Unplanned","8","Unpaid","Supply Chain & Logistics","Manoj Fernandes"
"BLD-101076","2024-07-16","Sick","8","Paid","People & Culture","Manoj Fernandes"
"BLD-101076","2024-07-15","Sick","8","Paid","People & Culture","Manoj Fernandes"
"BLD-101076","2024-10-03","Unplanned","8","Unpaid","People & Culture","Manoj Fernandes"
"BLD-101076","2024-07-26","Sick","8","Paid","People & Culture","Manoj Fernandes"
"BLD-101076","2024-06-05","Late","1","Paid","People & Culture","Manoj Fernandes"
"BLD-101076","2024-04-28","Sick","8","Paid","People & Culture","Manoj Fernandes"
"BLD-101077","2025-06-10","Unplanned","8","Unpaid","People & Culture","Noor Baig"
"BLD-101077","2025-12-23","Sick","8","Paid","People & Culture","Noor Baig"
"BLD-101077","2025-12-31","Late","3","Unpaid","People & Culture","Noor Baig"
"BLD-101077","2023-05-19","Sick","8","Paid","People & Culture","Noor Baig"
"BLD-101077","2023-10-30","Sick","8","Paid","People & Culture","Noor Baig"
"BLD-101077","2024-03-01","Sick","8","Paid","People & Culture","Noor Baig"
"BLD-101077","2023-11-28","Late","3","Paid","People & Culture","Noor Baig"
"BLD-101077","2023-09-13","Late","3","Paid","People & Culture","Noor Baig"
"BLD-101077","2025-11-18","Sick","8","Paid","People & Culture","Noor Baig"
"BLD-101077","2023-05-11","Other","8","Unpaid","People & Culture","Noor Baig"
"BLD-101078","2025-08-01","Late","1","Unpaid","R&D","Waleed Cruz"
"BLD-101078","2024-03-31","Late","1","Paid","R&D","Waleed Cruz"
"BLD-101078","2025-05-26","Late","1","Paid","R&D","Waleed Cruz"
"BLD-101078","2025-04-29","Sick","8","Paid","R&D","Waleed Cruz"
"BLD-101078","2024-09-15","Other","8","Paid","R&D","Waleed Cruz"
"BLD-101078","2024-08-21","Late","2","Unpaid","R&D","Waleed Cruz"
"BLD-101078","2025-01-22","Other","8","Unpaid","R&D","Waleed Cruz"
"BLD-101078","2024-12-30","Sick","8","Paid","R&D","Waleed Cruz"
"BLD-101078","2025-09-08","Sick","8","Paid","R&D","Waleed Cruz"
"BLD-101078","2025-07-06","Unplanned","8","Paid","R&D","Waleed Cruz"
"BLD-101079","2024-12-23","Sick","8","Paid","Quality Assurance & Food Safety","Anil Gurung"
"BLD-101079","2024-09-28","Unplanned","8","Unpaid","Quality Assurance & Food Safety","Anil Gurung"
"BLD-101079","2025-05-21","Unplanned","8","Unpaid","Quality Assurance & Food Safety","Anil Gurung"
"BLD-101080","2024-01-20","Sick","8","Paid","Supply Chain & Logistics","Sanjay El-Sayed"
"BLD-101081","2025-05-30","Unplanned","8","Paid","Production","Sameer Abdullah"
"BLD-101081","2025-11-03","Unplanned","8","Unpaid","Production","Sameer Abdullah"
"BLD-101081","2024-04-12","Unplanned","8","Unpaid","Production","Sameer Abdullah"
"BLD-101081","2023-11-28","Unplanned","8","Paid","Production","Sameer Abdullah"
"BLD-101081","2023-12-14","Late","1","Paid","Production","Sameer Abdullah"
"BLD-101081","2023-11-06","Late","1","Unpaid","Production","Sameer Abdullah"
"BLD-101081","2024-07-08","Other","8","Unpaid","Production","Sameer Abdullah"
"BLD-101081","2025-03-25","Other","8","Unpaid","Production","Sameer Abdullah"
"BLD-101081","2024-12-05","Sick","8","Paid","Production","Sameer Abdullah"
"BLD-101082","2025-08-28","Sick","8","Paid","Sales & Distribution","Manoj Baig"
"BLD-101082","2025-12-04","Late","3","Unpaid","Sales & Distribution","Manoj Baig"
"BLD-101082","2025-12-04","Sick","8","Paid","Sales & Distribution","Manoj Baig"
"BLD-101082","2025-10-14","Sick","8","Paid","Sales & Distribution","Manoj Baig"
"BLD-101083","2025-04-07","Unplanned","8","Unpaid","Quality Assurance & Food Safety","Sameer Gurung"
"BLD-101083","2025-09-04","Late","3","Unpaid","Quality Assurance & Food Safety","Sameer Gurung"
"BLD-101083","2025-07-15","Unplanned","8","Unpaid","Quality Assurance & Food Safety","Sameer Gurung"
"BLD-101083","2024-10-06","Sick","8","Paid","Quality Assurance & Food Safety","Sameer Gurung"
"BLD-101083","2025-04-15","Unplanned","8","Paid","Quality Assurance & Food Safety","Sameer Gurung"
"BLD-101083","2025-05-28","Sick","8","Paid","Quality Assurance & Food Safety","Sameer Gurung"
"BLD-101083","2024-10-31","Sick","8","Paid","Quality Assurance & Food Safety","Sameer Gurung"
"BLD-101083","2025-09-22","Sick","8","Paid","Quality Assurance & Food Safety","Sameer Gurung"
"BLD-101083","2025-06-06","Late","3","Unpaid","Quality Assurance & Food Safety","Sameer Gurung"
"BLD-101084","2025-02-05","Late","2","Unpaid","Production","Krishna Cruz"
"BLD-101084","2023-09-01","Sick","8","Paid","Production","Krishna Cruz"
"BLD-101084","2024-12-14","Unplanned","8","Unpaid","Production","Krishna Cruz"
"BLD-101084","2025-04-23","Sick","8","Paid","Production","Krishna Cruz"
"BLD-101084","2024-11-19","Late","2","Paid","Production","Krishna Cruz"
"BLD-101084","2024-08-26","Sick","8","Paid","Production","Krishna Cruz"
"BLD-101087","2025-10-06","Sick","8","Paid","IT & Digital","Anita Fernandes"
"BLD-101087","2025-02-04","Sick","8","Paid","IT & Digital","Anita Fernandes"
"BLD-101088","2024-12-01","Sick","8","Paid","Supply Chain & Logistics","Prakash Reyes"
"BLD-101088","2025-02-09","Unplanned","8","Unpaid","Supply Chain & Logistics","Prakash Reyes"
"BLD-101088","2024-09-11","Unplanned","8","Paid","Supply Chain & Logistics","Prakash Reyes"
"BLD-101088","2025-07-08","Sick","8","Paid","Supply Chain & Logistics","Prakash Reyes"
"BLD-101088","2025-05-09","Sick","8","Paid","Supply Chain & Logistics","Prakash Reyes"
"BLD-101090","2025-12-21","Late","2","Paid","Sales & Distribution","Reem Youssef"
"BLD-101090","2025-07-19","Unplanned","8","Unpaid","Sales & Distribution","Reem Youssef"
"BLD-101090","2025-10-22","Unplanned","8","Unpaid","Sales & Distribution","Reem Youssef"
"BLD-101090","2025-08-02","Unplanned","8","Paid","Sales & Distribution","Reem Youssef"
"BLD-101091","2025-12-25","Sick","8","Paid","Production","Waleed Hassan"
"BLD-101091","2023-07-03","Unplanned","8","Paid","Production","Waleed Hassan"
"BLD-101091","2024-03-04","Sick","8","Paid","Production","Waleed Hassan"
"BLD-101091","2025-01-18","Late","3","Paid","Production","Waleed Hassan"
"BLD-101091","2024-11-21","Late","3","Paid","Production","Waleed Hassan"
"BLD-101091","2025-10-23","Unplanned","8","Unpaid","Production","Waleed Hassan"
"BLD-101091","2023-04-30","Sick","8","Paid","Production","Waleed Hassan"
"BLD-101091","2025-01-29","Sick","8","Paid","Production","Waleed Hassan"
"BLD-101091","2023-11-12","Sick","8","Paid","Production","Waleed Hassan"
"BLD-101091","2024-01-14","Sick","8","Paid","Production","Waleed Hassan"
"BLD-101091","2024-05-15","Sick","8","Paid","Production","Waleed Hassan"
"BLD-101092","2025-04-22","Other","8","Paid","Supply Chain & Logistics","Sanjay Rai"
"BLD-101092","2024-10-16","Sick","8","Paid","Supply Chain & Logistics","Sanjay Rai"
"BLD-101092","2023-12-20","Sick","8","Paid","Supply Chain & Logistics","Sanjay Rai"
"BLD-101092","2024-12-09","Late","1","Paid","Supply Chain & Logistics","Sanjay Rai"
"BLD-101092","2024-04-05","Sick","8","Paid","Supply Chain & Logistics","Sanjay Rai"
"BLD-101092","2023-09-17","Sick","8","Paid","Supply Chain & Logistics","Sanjay Rai"
"BLD-101092","2024-04-12","Unplanned","8","Unpaid","Supply Chain & Logistics","Sanjay Rai"
"BLD-101093","2023-05-29","Unplanned","8","Unpaid","People & Culture","Yousef Al-Attiyah"
"BLD-101093","2023-05-15","Unplanned","8","Unpaid","People & Culture","Yousef Al-Attiyah"
"BLD-101094","2025-05-09","Sick","8","Paid","Farm Operations","Faisal Santos"
"BLD-101094","2024-10-24","Sick","8","Paid","Farm Operations","Faisal Santos"
"BLD-101094","2023-11-14","Sick","8","Paid","Farm Operations","Faisal Santos"
"BLD-101094","2024-07-21","Late","3","Paid","Farm Operations","Faisal Santos"
"BLD-101094","2025-03-02","Sick","8","Paid","Farm Operations","Faisal Santos"
"BLD-101094","2025-09-19","Late","1","Unpaid","Farm Operations","Faisal Santos"
"BLD-101094","2024-11-04","Sick","8","Paid","Farm Operations","Faisal Santos"
"BLD-101094","2024-08-01","Sick","8","Paid","Farm Operations","Faisal Santos"
"BLD-101095","2025-03-08","Late","1","Unpaid","Production","Rakesh Youssef"
"BLD-101095","2025-07-03","Unplanned","8","Paid","Production","Rakesh Youssef"
"BLD-101095","2025-05-27","Sick","8","Paid","Production","Rakesh Youssef"
"BLD-101095","2025-03-24","Unplanned","8","Unpaid","Production","Rakesh Youssef"
"BLD-101097","2024-06-13","Other","8","Unpaid","IT & Digital","Rowena Ibrahim"
"BLD-101097","2024-06-06","Unplanned","8","Paid","IT & Digital","Rowena Ibrahim"
"BLD-101097","2024-06-08","Sick","8","Paid","IT & Digital","Rowena Ibrahim"
"BLD-101097","2024-08-02","Unplanned","8","Unpaid","IT & Digital","Rowena Ibrahim"
"BLD-101097","2024-07-25","Late","1","Unpaid","IT & Digital","Rowena Ibrahim"
"BLD-101097","2024-01-18","Unplanned","8","Unpaid","IT & Digital","Rowena Ibrahim"
"BLD-101097","2024-03-23","Sick","8","Paid","IT & Digital","Rowena Ibrahim"
"BLD-101097","2024-03-23","Unplanned","8","Unpaid","IT & Digital","Rowena Ibrahim"
"BLD-101097","2023-11-10","Unplanned","8","Unpaid","IT & Digital","Rowena Ibrahim"
"BLD-101098","2025-08-16","Sick","8","Paid","Marketing","Maria Khan"
"BLD-101098","2024-04-04","Sick","8","Paid","Marketing","Maria Khan"
"BLD-101098","2025-01-01","Late","3","Unpaid","Marketing","Maria Khan"
"BLD-101098","2024-07-15","Sick","8","Paid","Marketing","Maria Khan"
"BLD-101098","2025-02-12","Unplanned","8","Unpaid","Marketing","Maria Khan"
"BLD-101098","2025-08-01","Late","1","Paid","Marketing","Maria Khan"
"BLD-101098","2025-06-15","Unplanned","8","Unpaid","Marketing","Maria Khan"
"BLD-101098","2024-07-18","Unplanned","8","Unpaid","Marketing","Maria Khan"
"BLD-101098","2024-03-14","Unplanned","8","Paid","Marketing","Maria Khan"
"BLD-101098","2025-08-08","Sick","8","Paid","Marketing","Maria Khan"
"BLD-101098","2025-02-16","Unplanned","8","Paid","Marketing","Maria Khan"
"BLD-101098","2025-02-22","Sick","8","Paid","Marketing","Maria Khan"
"BLD-101098","2024-08-18","Sick","8","Paid","Marketing","Maria Khan"
"BLD-101098","2024-03-04","Unplanned","8","Unpaid","Marketing","Maria Khan"
"BLD-101098","2025-03-22","Other","8","Unpaid","Marketing","Maria Khan"
"BLD-101099","2025-10-07","Sick","8","Paid","Supply Chain & Logistics","Prakash Reyes"
"BLD-101099","2025-07-30","Sick","8","Paid","Supply Chain & Logistics","Prakash Reyes"
"BLD-101099","2025-02-27","Late","1","Paid","Supply Chain & Logistics","Prakash Reyes"
"BLD-101099","2025-03-10","Late","2","Unpaid","Supply Chain & Logistics","Prakash Reyes"
"BLD-101099","2025-11-13","Sick","8","Paid","Supply Chain & Logistics","Prakash Reyes"
"BLD-101099","2025-12-12","Unplanned","8","Unpaid","Supply Chain & Logistics","Prakash Reyes"
"BLD-101100","2025-02-20","Late","2","Paid","Sales & Distribution","Rajesh Abdullah"
"BLD-101100","2025-03-22","Sick","8","Paid","Sales & Distribution","Rajesh Abdullah"
"BLD-101100","2024-11-01","Sick","8","Paid","Sales & Distribution","Rajesh Abdullah"
"BLD-101100","2025-01-08","Sick","8","Paid","Sales & Distribution","Rajesh Abdullah"
"BLD-101101","2025-08-03","Unplanned","8","Unpaid","People & Culture","Noor Baig"
"BLD-101101","2025-05-22","Sick","8","Paid","People & Culture","Noor Baig"
"BLD-101101","2025-03-03","Unplanned","8","Unpaid","People & Culture","Noor Baig"
"BLD-101101","2024-12-15","Sick","8","Paid","People & Culture","Noor Baig"
"BLD-101101","2025-11-14","Late","3","Unpaid","People & Culture","Noor Baig"
"BLD-101101","2024-11-16","Sick","8","Paid","People & Culture","Noor Baig"
"BLD-101101","2025-05-22","Late","1","Unpaid","People & Culture","Noor Baig"
"BLD-101101","2025-10-26","Late","2","Unpaid","People & Culture","Noor Baig"
"BLD-101102","2024-07-02","Unplanned","8","Paid","Supply Chain & Logistics","Bishnu Iqbal"
"BLD-101102","2024-08-01","Unplanned","8","Unpaid","Supply Chain & Logistics","Bishnu Iqbal"
"BLD-101102","2023-10-20","Sick","8","Paid","Supply Chain & Logistics","Bishnu Iqbal"
"BLD-101102","2024-01-06","Unplanned","8","Unpaid","Supply Chain & Logistics","Bishnu Iqbal"
"BLD-101102","2023-12-06","Sick","8","Paid","Supply Chain & Logistics","Bishnu Iqbal"
"BLD-101102","2024-07-04","Unplanned","8","Unpaid","Supply Chain & Logistics","Bishnu Iqbal"
"BLD-101102","2023-12-27","Sick","8","Paid","Supply Chain & Logistics","Bishnu Iqbal"
"BLD-101102","2023-08-17","Late","2","Paid","Supply Chain & Logistics","Bishnu Iqbal"
"BLD-101103","2025-03-15","Unplanned","8","Unpaid","IT & Digital","Ali Islam"
"BLD-101103","2025-09-20","Late","3","Unpaid","IT & Digital","Ali Islam"
"BLD-101103","2025-02-21","Late","2","Unpaid","IT & Digital","Ali Islam"
"BLD-101103","2025-02-05","Late","1","Paid","IT & Digital","Ali Islam"
"BLD-101104","2024-09-20","Sick","8","Paid","People & Culture","Juan Malik"
"BLD-101104","2025-02-08","Sick","8","Paid","People & Culture","Juan Malik"
"BLD-101104","2024-05-15","Sick","8","Paid","People & Culture","Juan Malik"
"BLD-101104","2024-12-29","Late","2","Paid","People & Culture","Juan Malik"
"BLD-101104","2025-03-12","Unplanned","8","Unpaid","People & Culture","Juan Malik"
"BLD-101104","2023-07-18","Unplanned","8","Unpaid","People & Culture","Juan Malik"
"BLD-101104","2025-02-17","Unplanned","8","Unpaid","People & Culture","Juan Malik"
"BLD-101104","2024-01-27","Unplanned","8","Unpaid","People & Culture","Juan Malik"
"BLD-101104","2024-05-11","Sick","8","Paid","People & Culture","Juan Malik"
"BLD-101104","2025-10-31","Sick","8","Paid","People & Culture","Juan Malik"
"BLD-101105","2024-12-21","Sick","8","Paid","People & Culture","Noor Al-Sayed"
"BLD-101105","2025-09-03","Late","2","Paid","People & Culture","Noor Al-Sayed"
"BLD-101105","2025-06-25","Unplanned","8","Unpaid","People & Culture","Noor Al-Sayed"
"BLD-101105","2024-09-12","Sick","8","Paid","People & Culture","Noor Al-Sayed"
"BLD-101105","2024-07-06","Late","3","Unpaid","People & Culture","Noor Al-Sayed"
"BLD-101105","2025-04-21","Sick","8","Paid","People & Culture","Noor Al-Sayed"
"BLD-101106","2024-12-12","Sick","8","Paid","Finance","Mohamed Al-Sayed"
"BLD-101106","2025-04-01","Late","1","Unpaid","Finance","Mohamed Al-Sayed"
"BLD-101106","2024-12-16","Sick","8","Paid","Finance","Mohamed Al-Sayed"
"BLD-101106","2025-03-25","Unplanned","8","Unpaid","Finance","Mohamed Al-Sayed"
"BLD-101107","2024-06-20","Sick","8","Paid","IT & Digital","Ahmed Santos"
"BLD-101109","2025-10-11","Late","1","Unpaid","Procurement","Arjun Khan"
"BLD-101110","2025-09-20","Late","2","Unpaid","Corporate & Executive Office","Rakesh Sharma"
"BLD-101110","2025-11-24","Unplanned","8","Unpaid","Corporate & Executive Office","Rakesh Sharma"
"BLD-101110","2025-10-13","Unplanned","8","Paid","Corporate & Executive Office","Rakesh Sharma"
"BLD-101110","2025-09-29","Sick","8","Paid","Corporate & Executive Office","Rakesh Sharma"
"BLD-101110","2025-12-13","Sick","8","Paid","Corporate & Executive Office","Rakesh Sharma"
"BLD-101111","2025-07-13","Sick","8","Paid","Farm Operations","Mohamed Kapoor"
"BLD-101112","2025-07-01","Unplanned","8","Unpaid","Sales & Distribution","Suresh Hassan"
"BLD-101112","2024-07-17","Late","1","Paid","Sales & Distribution","Suresh Hassan"
"BLD-101112","2025-03-18","Sick","8","Paid","Sales & Distribution","Suresh Hassan"
"BLD-101113","2023-10-22","Unplanned","8","Unpaid","Quality Assurance & Food Safety","Sameer Hassan"
"BLD-101113","2025-02-04","Unplanned","8","Unpaid","Quality Assurance & Food Safety","Sameer Hassan"
"BLD-101113","2023-10-12","Late","1","Unpaid","Quality Assurance & Food Safety","Sameer Hassan"
"BLD-101113","2024-01-22","Unplanned","8","Unpaid","Quality Assurance & Food Safety","Sameer Hassan"
"BLD-101114","2025-01-12","Unplanned","8","Unpaid","Procurement","Mohamed Chowdhury"
"BLD-101114","2025-05-12","Other","8","Paid","Procurement","Mohamed Chowdhury"
"BLD-101114","2024-05-14","Late","2","Paid","Procurement","Mohamed Chowdhury"
"BLD-101114","2024-05-05","Late","1","Paid","Procurement","Mohamed Chowdhury"
"BLD-101114","2025-06-26","Sick","8","Paid","Procurement","Mohamed Chowdhury"
"BLD-101114","2024-05-23","Late","2","Paid","Procurement","Mohamed Chowdhury"
"BLD-101115","2025-01-04","Sick","8","Paid","Supply Chain & Logistics","Sanjay Devi"
"BLD-101115","2025-02-19","Unplanned","8","Unpaid","Supply Chain & Logistics","Sanjay Devi"
"BLD-101115","2025-05-17","Sick","8","Paid","Supply Chain & Logistics","Sanjay Devi"
"BLD-101115","2024-04-24","Sick","8","Paid","Supply Chain & Logistics","Sanjay Devi"
"BLD-101115","2024-05-11","Sick","8","Paid","Supply Chain & Logistics","Sanjay Devi"
"BLD-101115","2024-10-29","Sick","8","Paid","Supply Chain & Logistics","Sanjay Devi"
"BLD-101115","2024-07-01","Sick","8","Paid","Supply Chain & Logistics","Sanjay Devi"
"BLD-101115","2025-02-06","Other","8","Unpaid","Supply Chain & Logistics","Sanjay Devi"
"BLD-101116","2025-05-12","Unplanned","8","Paid","R&D","Waleed Cruz"
"BLD-101116","2025-04-05","Sick","8","Paid","R&D","Waleed Cruz"
"BLD-101116","2025-08-17","Unplanned","8","Paid","R&D","Waleed Cruz"
"BLD-101117","2025-07-28","Unplanned","8","Unpaid","Sales & Distribution","Anil Al-Kuwari"
"BLD-101117","2025-09-30","Unplanned","8","Unpaid","Sales & Distribution","Anil Al-Kuwari"
"BLD-101117","2025-10-20","Unplanned","8","Unpaid","Sales & Distribution","Anil Al-Kuwari"
"BLD-101117","2025-05-20","Sick","8","Paid","Sales & Distribution","Anil Al-Kuwari"
"BLD-101118","2024-12-25","Late","1","Paid","Procurement","Bikram Al-Kuwari"
"BLD-101118","2024-05-17","Sick","8","Paid","Procurement","Bikram Al-Kuwari"
"BLD-101118","2024-07-27","Unplanned","8","Paid","Procurement","Bikram Al-Kuwari"
"BLD-101118","2024-07-19","Sick","8","Paid","Procurement","Bikram Al-Kuwari"
"BLD-101118","2024-12-29","Sick","8","Paid","Procurement","Bikram Al-Kuwari"
"BLD-101118","2024-08-26","Sick","8","Paid","Procurement","Bikram Al-Kuwari"
"BLD-101118","2024-06-14","Unplanned","8","Paid","Procurement","Bikram Al-Kuwari"
"BLD-101118","2025-04-04","Sick","8","Paid","Procurement","Bikram Al-Kuwari"
"BLD-101119","2025-03-08","Unplanned","8","Paid","Procurement","Ahmed Rai"
"BLD-101119","2024-03-11","Late","2","Paid","Procurement","Ahmed Rai"
"BLD-101119","2024-08-17","Sick","8","Paid","Procurement","Ahmed Rai"
"BLD-101119","2024-05-14","Sick","8","Paid","Procurement","Ahmed Rai"
"BLD-101119","2023-11-01","Unplanned","8","Unpaid","Procurement","Ahmed Rai"
"BLD-101119","2024-06-30","Unplanned","8","Paid","Procurement","Ahmed Rai"
"BLD-101119","2023-06-14","Late","2","Unpaid","Procurement","Ahmed Rai"
"BLD-101119","2024-12-14","Unplanned","8","Unpaid","Procurement","Ahmed Rai"
"BLD-101119","2025-01-27","Sick","8","Paid","Procurement","Ahmed Rai"
"BLD-101119","2025-11-30","Unplanned","8","Paid","Procurement","Ahmed Rai"
"BLD-101119","2025-01-04","Sick","8","Paid","Procurement","Ahmed Rai"
"BLD-101121","2023-09-07","Late","3","Unpaid","Quality Assurance & Food Safety","Kumar Mansour"
"BLD-101123","2023-08-19","Other","8","Unpaid","Quality Assurance & Food Safety","Aisha Malik"
"BLD-101123","2024-05-02","Unplanned","8","Paid","Quality Assurance & Food Safety","Aisha Malik"
"BLD-101123","2024-04-11","Unplanned","8","Unpaid","Quality Assurance & Food Safety","Aisha Malik"
"BLD-101123","2024-03-20","Sick","8","Paid","Quality Assurance & Food Safety","Aisha Malik"
"BLD-101123","2024-02-29","Unplanned","8","Unpaid","Quality Assurance & Food Safety","Aisha Malik"
"BLD-101124","2025-04-18","Unplanned","8","Unpaid","Marketing","Rajesh Malik"
"BLD-101124","2025-04-24","Late","2","Unpaid","Marketing","Rajesh Malik"
"BLD-101124","2024-06-22","Late","3","Unpaid","Marketing","Rajesh Malik"
"BLD-101124","2025-04-19","Late","3","Unpaid","Marketing","Rajesh Malik"
"BLD-101124","2024-10-01","Sick","8","Paid","Marketing","Rajesh Malik"
"BLD-101125","2024-01-28","Unplanned","8","Paid","Procurement","Jose Fernandes"
"BLD-101125","2025-12-15","Late","3","Unpaid","Procurement","Jose Fernandes"
"BLD-101125","2024-02-22","Late","2","Unpaid","Procurement","Jose Fernandes"
"BLD-101125","2024-09-18","Other","8","Unpaid","Procurement","Jose Fernandes"
"BLD-101125","2024-12-30","Sick","8","Paid","Procurement","Jose Fernandes"
"BLD-101125","2025-09-17","Late","2","Unpaid","Procurement","Jose Fernandes"
"BLD-101126","2025-05-11","Late","1","Unpaid","Marketing","Huda Abdullah"
"BLD-101126","2025-03-20","Late","3","Paid","Marketing","Huda Abdullah"
"BLD-101126","2025-09-25","Unplanned","8","Unpaid","Marketing","Huda Abdullah"
"BLD-101126","2025-12-08","Sick","8","Paid","Marketing","Huda Abdullah"
"BLD-101127","2025-02-14","Other","8","Paid","Finance","Grace Reyes"
"BLD-101127","2024-02-13","Sick","8","Paid","Finance","Grace Reyes"
"BLD-101127","2024-07-20","Sick","8","Paid","Finance","Grace Reyes"
"BLD-101127","2025-09-22","Unplanned","8","Unpaid","Finance","Grace Reyes"
"BLD-101127","2025-01-09","Sick","8","Paid","Finance","Grace Reyes"
"BLD-101127","2024-12-23","Unplanned","8","Unpaid","Finance","Grace Reyes"
"BLD-101127","2024-10-28","Unplanned","8","Paid","Finance","Grace Reyes"
"BLD-101127","2024-05-30","Sick","8","Paid","Finance","Grace Reyes"
"BLD-101127","2024-11-09","Late","1","Paid","Finance","Grace Reyes"
"BLD-101127","2025-10-07","Late","1","Paid","Finance","Grace Reyes"
"BLD-101127","2025-08-13","Late","3","Unpaid","Finance","Grace Reyes"
"BLD-101127","2024-08-31","Sick","8","Paid","Finance","Grace Reyes"
"BLD-101127","2024-10-15","Sick","8","Paid","Finance","Grace Reyes"
"BLD-101127","2025-03-30","Unplanned","8","Paid","Finance","Grace Reyes"
"BLD-101128","2024-08-18","Late","2","Unpaid","Quality Assurance & Food Safety","Yousef Al-Attiyah"
"BLD-101128","2025-06-24","Unplanned","8","Unpaid","Quality Assurance & Food Safety","Yousef Al-Attiyah"
"BLD-101128","2025-02-02","Sick","8","Paid","Quality Assurance & Food Safety","Yousef Al-Attiyah"
"BLD-101128","2025-10-24","Unplanned","8","Paid","Quality Assurance & Food Safety","Yousef Al-Attiyah"
"BLD-101129","2025-05-11","Unplanned","8","Paid","Sales & Distribution","Kumar El-Sayed"
"BLD-101129","2025-06-23","Other","8","Paid","Sales & Distribution","Kumar El-Sayed"
"BLD-101130","2025-10-20","Late","3","Unpaid","Quality Assurance & Food Safety","Khalid Al-Marri"
"BLD-101130","2025-11-03","Sick","8","Paid","Quality Assurance & Food Safety","Khalid Al-Marri"
"BLD-101130","2025-09-30","Late","2","Paid","Quality Assurance & Food Safety","Khalid Al-Marri"
"BLD-101131","2025-10-26","Sick","8","Paid","Finance","Grace Reyes"
"BLD-101131","2025-09-14","Unplanned","8","Paid","Finance","Grace Reyes"
"BLD-101131","2025-04-01","Sick","8","Paid","Finance","Grace Reyes"
"BLD-101131","2025-01-04","Sick","8","Paid","Finance","Grace Reyes"
"BLD-101131","2025-08-14","Sick","8","Paid","Finance","Grace Reyes"
"BLD-101131","2024-11-19","Sick","8","Paid","Finance","Grace Reyes"
"BLD-101131","2025-08-16","Sick","8","Paid","Finance","Grace Reyes"
"BLD-101131","2024-08-22","Sick","8","Paid","Finance","Grace Reyes"
"BLD-101131","2024-09-29","Late","1","Paid","Finance","Grace Reyes"
"BLD-101132","2024-11-03","Sick","8","Paid","Farm Operations","Hari Cruz"
"BLD-101132","2025-03-07","Unplanned","8","Paid","Farm Operations","Hari Cruz"
"BLD-101132","2024-07-19","Sick","8","Paid","Farm Operations","Hari Cruz"
"BLD-101132","2024-07-13","Unplanned","8","Unpaid","Farm Operations","Hari Cruz"
"BLD-101132","2024-10-26","Unplanned","8","Paid","Farm Operations","Hari Cruz"
"BLD-101132","2024-10-06","Late","2","Unpaid","Farm Operations","Hari Cruz"
"BLD-101132","2025-01-11","Unplanned","8","Unpaid","Farm Operations","Hari Cruz"
"BLD-101132","2025-02-09","Unplanned","8","Paid","Farm Operations","Hari Cruz"
"BLD-101133","2025-06-28","Unplanned","8","Unpaid","Finance","Waleed Gurung"
"BLD-101133","2025-07-04","Late","3","Unpaid","Finance","Waleed Gurung"
"BLD-101133","2025-08-08","Sick","8","Paid","Finance","Waleed Gurung"
"BLD-101133","2025-12-15","Other","8","Unpaid","Finance","Waleed Gurung"
"BLD-101133","2025-06-21","Unplanned","8","Unpaid","Finance","Waleed Gurung"
"BLD-101135","2025-07-04","Unplanned","8","Paid","R&D","Manoj Santos"
"BLD-101135","2025-03-18","Sick","8","Paid","R&D","Manoj Santos"
"BLD-101135","2025-03-23","Sick","8","Paid","R&D","Manoj Santos"
"BLD-101137","2025-01-26","Unplanned","8","Unpaid","Production","Kavita Chowdhury"
"BLD-101137","2024-04-15","Other","8","Unpaid","Production","Kavita Chowdhury"
"BLD-101137","2023-08-24","Sick","8","Paid","Production","Kavita Chowdhury"
"BLD-101137","2024-06-16","Unplanned","8","Paid","Production","Kavita Chowdhury"
"BLD-101137","2024-08-05","Sick","8","Paid","Production","Kavita Chowdhury"
"BLD-101137","2025-04-18","Unplanned","8","Paid","Production","Kavita Chowdhury"
"BLD-101137","2024-11-04","Sick","8","Paid","Production","Kavita Chowdhury"
"BLD-101137","2024-06-19","Sick","8","Paid","Production","Kavita Chowdhury"
"BLD-101137","2024-01-21","Unplanned","8","Paid","Production","Kavita Chowdhury"
"BLD-101137","2025-11-16","Sick","8","Paid","Production","Kavita Chowdhury"
"BLD-101137","2024-03-15","Unplanned","8","Unpaid","Production","Kavita Chowdhury"
"BLD-101137","2025-11-18","Unplanned","8","Unpaid","Production","Kavita Chowdhury"
"BLD-101137","2024-07-09","Sick","8","Paid","Production","Kavita Chowdhury"
"BLD-101137","2025-07-06","Sick","8","Paid","Production","Kavita Chowdhury"
"BLD-101137","2024-05-08","Late","1","Paid","Production","Kavita Chowdhury"
"BLD-101137","2024-03-11","Unplanned","8","Unpaid","Production","Kavita Chowdhury"
"BLD-101137","2023-08-14","Sick","8","Paid","Production","Kavita Chowdhury"
"BLD-101137","2025-07-12","Sick","8","Paid","Production","Kavita Chowdhury"
"BLD-101138","2025-09-25","Unplanned","8","Unpaid","Farm Operations","Faisal Santos"
"BLD-101138","2023-10-16","Sick","8","Paid","Farm Operations","Faisal Santos"
"BLD-101138","2023-06-19","Late","3","Paid","Farm Operations","Faisal Santos"
"BLD-101138","2023-04-01","Late","2","Unpaid","Farm Operations","Faisal Santos"
"BLD-101138","2025-01-25","Sick","8","Paid","Farm Operations","Faisal Santos"
"BLD-101138","2025-11-15","Unplanned","8","Unpaid","Farm Operations","Faisal Santos"
"BLD-101138","2025-05-08","Unplanned","8","Paid","Farm Operations","Faisal Santos"
"BLD-101138","2024-02-26","Sick","8","Paid","Farm Operations","Faisal Santos"
"BLD-101138","2025-04-07","Sick","8","Paid","Farm Operations","Faisal Santos"
"BLD-101138","2023-12-01","Sick","8","Paid","Farm Operations","Faisal Santos"
"BLD-101139","2023-03-28","Sick","8","Paid","People & Culture","Sanjay Kapoor"
"BLD-101139","2023-07-05","Late","2","Unpaid","People & Culture","Sanjay Kapoor"
"BLD-101139","2023-05-26","Sick","8","Paid","People & Culture","Sanjay Kapoor"
"BLD-101139","2024-11-27","Sick","8","Paid","People & Culture","Sanjay Kapoor"
"BLD-101139","2023-03-30","Sick","8","Paid","People & Culture","Sanjay Kapoor"
"BLD-101139","2024-05-31","Unplanned","8","Paid","People & Culture","Sanjay Kapoor"
"BLD-101139","2024-09-11","Sick","8","Paid","People & Culture","Sanjay Kapoor"
"BLD-101139","2024-04-02","Sick","8","Paid","People & Culture","Sanjay Kapoor"
"BLD-101139","2025-06-28","Late","3","Paid","People & Culture","Sanjay Kapoor"
"BLD-101139","2024-10-24","Sick","8","Paid","People & Culture","Sanjay Kapoor"
"BLD-101139","2023-06-10","Unplanned","8","Unpaid","People & Culture","Sanjay Kapoor"
"BLD-101139","2024-03-11","Sick","8","Paid","People & Culture","Sanjay Kapoor"
"BLD-101139","2025-10-28","Sick","8","Paid","People & Culture","Sanjay Kapoor"
"BLD-101139","2025-10-31","Sick","8","Paid","People & Culture","Sanjay Kapoor"
"BLD-101141","2024-02-11","Sick","8","Paid","Quality Assurance & Food Safety","Nadia Youssef"
"BLD-101141","2024-04-17","Late","1","Unpaid","Quality Assurance & Food Safety","Nadia Youssef"
"BLD-101141","2025-01-06","Sick","8","Paid","Quality Assurance & Food Safety","Nadia Youssef"
"BLD-101141","2023-05-09","Sick","8","Paid","Quality Assurance & Food Safety","Nadia Youssef"
"BLD-101141","2025-12-27","Sick","8","Paid","Quality Assurance & Food Safety","Nadia Youssef"
"BLD-101141","2025-04-06","Unplanned","8","Unpaid","Quality Assurance & Food Safety","Nadia Youssef"
"BLD-101141","2025-11-19","Unplanned","8","Paid","Quality Assurance & Food Safety","Nadia Youssef"
"BLD-101141","2024-10-30","Late","2","Unpaid","Quality Assurance & Food Safety","Nadia Youssef"
"BLD-101141","2023-02-10","Sick","8","Paid","Quality Assurance & Food Safety","Nadia Youssef"
"BLD-101141","2025-02-21","Sick","8","Paid","Quality Assurance & Food Safety","Nadia Youssef"
"BLD-101141","2025-03-19","Late","3","Paid","Quality Assurance & Food Safety","Nadia Youssef"
"BLD-101141","2023-03-25","Sick","8","Paid","Quality Assurance & Food Safety","Nadia Youssef"
"BLD-101141","2023-07-25","Sick","8","Paid","Quality Assurance & Food Safety","Nadia Youssef"
"BLD-101141","2023-05-22","Unplanned","8","Paid","Quality Assurance & Food Safety","Nadia Youssef"
"BLD-101141","2025-07-08","Late","2","Paid","Quality Assurance & Food Safety","Nadia Youssef"
"BLD-101141","2025-05-23","Late","1","Paid","Quality Assurance & Food Safety","Nadia Youssef"
"BLD-101142","2023-10-11","Sick","8","Paid","Procurement","Yasmin Iqbal"
"BLD-101142","2024-01-08","Late","3","Unpaid","Procurement","Yasmin Iqbal"
"BLD-101142","2024-01-19","Unplanned","8","Paid","Procurement","Yasmin Iqbal"
"BLD-101142","2023-08-31","Sick","8","Paid","Procurement","Yasmin Iqbal"
"BLD-101142","2023-12-24","Unplanned","8","Unpaid","Procurement","Yasmin Iqbal"
"BLD-101143","2025-08-22","Late","1","Paid","Corporate & Executive Office","Pooja Chowdhury"
"BLD-101143","2025-11-24","Unplanned","8","Unpaid","Corporate & Executive Office","Pooja Chowdhury"
"BLD-101143","2025-11-02","Sick","8","Paid","Corporate & Executive Office","Pooja Chowdhury"
"BLD-101144","2025-11-24","Sick","8","Paid","Quality Assurance & Food Safety","Rajesh Farouk"
"BLD-101144","2025-12-24","Unplanned","8","Unpaid","Quality Assurance & Food Safety","Rajesh Farouk"
"BLD-101144","2025-12-03","Sick","8","Paid","Quality Assurance & Food Safety","Rajesh Farouk"
"BLD-101145","2025-08-17","Late","3","Paid","Marketing","Ahmed Kapoor"
"BLD-101145","2025-06-22","Late","1","Unpaid","Marketing","Ahmed Kapoor"
"BLD-101145","2025-07-18","Sick","8","Paid","Marketing","Ahmed Kapoor"
"BLD-101145","2025-02-04","Late","1","Unpaid","Marketing","Ahmed Kapoor"
"BLD-101145","2025-06-07","Unplanned","8","Paid","Marketing","Ahmed Kapoor"
"BLD-101145","2024-06-02","Late","3","Paid","Marketing","Ahmed Kapoor"
"BLD-101145","2024-05-07","Sick","8","Paid","Marketing","Ahmed Kapoor"
"BLD-101145","2024-06-13","Sick","8","Paid","Marketing","Ahmed Kapoor"
"BLD-101145","2024-08-14","Late","3","Unpaid","Marketing","Ahmed Kapoor"
"BLD-101145","2025-03-26","Sick","8","Paid","Marketing","Ahmed Kapoor"
"BLD-101145","2024-01-01","Unplanned","8","Paid","Marketing","Ahmed Kapoor"
"BLD-101145","2025-01-15","Other","8","Unpaid","Marketing","Ahmed Kapoor"
"BLD-101145","2024-07-14","Late","3","Paid","Marketing","Ahmed Kapoor"
"BLD-101145","2023-12-27","Late","2","Unpaid","Marketing","Ahmed Kapoor"
"BLD-101145","2025-07-29","Unplanned","8","Paid","Marketing","Ahmed Kapoor"
"BLD-101145","2024-05-03","Sick","8","Paid","Marketing","Ahmed Kapoor"
"BLD-101146","2025-09-03","Sick","8","Paid","Engineering & Maintenance","Vikram Abdullah"
"BLD-101146","2025-03-30","Sick","8","Paid","Engineering & Maintenance","Vikram Abdullah"
"BLD-101147","2024-11-24","Late","1","Unpaid","IT & Digital","Yousef Al-Attiyah"
"BLD-101147","2024-12-04","Sick","8","Paid","IT & Digital","Yousef Al-Attiyah"
"BLD-101147","2025-07-08","Sick","8","Paid","IT & Digital","Yousef Al-Attiyah"
"BLD-101148","2025-01-15","Unplanned","8","Paid","Corporate & Executive Office","Noor Abdullah"
"BLD-101148","2024-06-19","Late","3","Paid","Corporate & Executive Office","Noor Abdullah"
"BLD-101148","2025-10-07","Unplanned","8","Paid","Corporate & Executive Office","Noor Abdullah"
"BLD-101148","2024-11-16","Unplanned","8","Unpaid","Corporate & Executive Office","Noor Abdullah"
"BLD-101148","2024-12-17","Unplanned","8","Unpaid","Corporate & Executive Office","Noor Abdullah"
"BLD-101148","2024-08-02","Unplanned","8","Unpaid","Corporate & Executive Office","Noor Abdullah"
"BLD-101148","2025-01-22","Unplanned","8","Unpaid","Corporate & Executive Office","Noor Abdullah"
"BLD-101149","2025-10-10","Sick","8","Paid","People & Culture","Tariq Khan"
"BLD-101149","2025-12-13","Unplanned","8","Paid","People & Culture","Tariq Khan"
"BLD-101150","2023-03-20","Sick","8","Paid","IT & Digital","Deepak Gurung"
"BLD-101150","2023-06-07","Late","3","Unpaid","IT & Digital","Deepak Gurung"
"BLD-101150","2023-10-18","Unplanned","8","Unpaid","IT & Digital","Deepak Gurung"
"BLD-101150","2025-09-04","Sick","8","Paid","IT & Digital","Deepak Gurung"
"BLD-101150","2025-08-22","Unplanned","8","Paid","IT & Digital","Deepak Gurung"
"BLD-101150","2025-11-16","Sick","8","Paid","IT & Digital","Deepak Gurung"
"BLD-101150","2025-09-11","Late","3","Unpaid","IT & Digital","Deepak Gurung"
"BLD-101150","2024-05-15","Sick","8","Paid","IT & Digital","Deepak Gurung"
"BLD-101150","2025-12-31","Late","3","Unpaid","IT & Digital","Deepak Gurung"
"BLD-101151","2025-09-22","Sick","8","Paid","Finance","Omar Santos"
"BLD-101151","2025-08-28","Unplanned","8","Unpaid","Finance","Omar Santos"
"BLD-101151","2025-10-03","Sick","8","Paid","Finance","Omar Santos"
"BLD-101151","2025-06-03","Sick","8","Paid","Finance","Omar Santos"
"BLD-101152","2024-10-18","Sick","8","Paid","Production","Omar Gurung"
"BLD-101152","2025-06-04","Sick","8","Paid","Production","Omar Gurung"
"BLD-101152","2025-06-27","Unplanned","8","Unpaid","Production","Omar Gurung"
"BLD-101152","2024-12-24","Sick","8","Paid","Production","Omar Gurung"
"BLD-101152","2025-07-22","Late","1","Paid","Production","Omar Gurung"
"BLD-101152","2025-04-03","Late","1","Paid","Production","Omar Gurung"
"BLD-101152","2025-03-05","Sick","8","Paid","Production","Omar Gurung"
"BLD-101152","2025-06-07","Unplanned","8","Unpaid","Production","Omar Gurung"
"BLD-101152","2025-08-19","Sick","8","Paid","Production","Omar Gurung"
"BLD-101153","2025-07-27","Unplanned","8","Unpaid","People & Culture","Tariq Khan"
"BLD-101153","2025-06-28","Unplanned","8","Paid","People & Culture","Tariq Khan"
"BLD-101153","2024-10-15","Sick","8","Paid","People & Culture","Tariq Khan"
"BLD-101153","2025-03-30","Unplanned","8","Unpaid","People & Culture","Tariq Khan"
"BLD-101154","2025-03-05","Sick","8","Paid","Production","Prakash Mendoza"
"BLD-101154","2025-11-26","Sick","8","Paid","Production","Prakash Mendoza"
"BLD-101154","2025-09-25","Sick","8","Paid","Production","Prakash Mendoza"
"BLD-101155","2025-06-26","Unplanned","8","Unpaid","Supply Chain & Logistics","Prakash Reyes"
"BLD-101156","2025-04-19","Late","1","Unpaid","Farm Operations","Manoj Ibrahim"
"BLD-101156","2025-11-16","Unplanned","8","Paid","Farm Operations","Manoj Ibrahim"
"BLD-101156","2025-11-21","Sick","8","Paid","Farm Operations","Manoj Ibrahim"
"BLD-101156","2025-04-10","Sick","8","Paid","Farm Operations","Manoj Ibrahim"
"BLD-101157","2024-11-13","Sick","8","Paid","Farm Operations","Anil Fernandes"
"BLD-101157","2025-10-12","Sick","8","Paid","Farm Operations","Anil Fernandes"
"BLD-101157","2025-07-01","Sick","8","Paid","Farm Operations","Anil Fernandes"
"BLD-101158","2024-03-01","Sick","8","Paid","Sales & Distribution","Bishnu Al-Marri"
"BLD-101158","2024-06-27","Late","1","Unpaid","Sales & Distribution","Bishnu Al-Marri"
"BLD-101158","2025-05-27","Unplanned","8","Paid","Sales & Distribution","Bishnu Al-Marri"
"BLD-101158","2025-06-29","Sick","8","Paid","Sales & Distribution","Bishnu Al-Marri"
"BLD-101158","2024-10-28","Late","2","Paid","Sales & Distribution","Bishnu Al-Marri"
"BLD-101159","2025-09-07","Sick","8","Paid","R&D","Santosh Mahmoud"
"BLD-101159","2025-01-29","Sick","8","Paid","R&D","Santosh Mahmoud"
"BLD-101159","2025-11-17","Sick","8","Paid","R&D","Santosh Mahmoud"
"BLD-101159","2024-12-24","Sick","8","Paid","R&D","Santosh Mahmoud"
"BLD-101160","2023-11-03","Sick","8","Paid","Supply Chain & Logistics","Suresh Reyes"
"BLD-101160","2024-12-25","Late","2","Paid","Supply Chain & Logistics","Suresh Reyes"
"BLD-101160","2025-04-16","Unplanned","8","Unpaid","Supply Chain & Logistics","Suresh Reyes"
"BLD-101161","2025-08-29","Unplanned","8","Unpaid","Engineering & Maintenance","Ravi Youssef"
"BLD-101161","2024-12-22","Unplanned","8","Unpaid","Engineering & Maintenance","Ravi Youssef"
"BLD-101161","2025-11-23","Unplanned","8","Unpaid","Engineering & Maintenance","Ravi Youssef"
"BLD-101162","2023-12-26","Unplanned","8","Unpaid","IT & Digital","Arjun Mendoza"
"BLD-101162","2023-11-02","Unplanned","8","Paid","IT & Digital","Arjun Mendoza"
"BLD-101162","2024-02-09","Late","3","Unpaid","IT & Digital","Arjun Mendoza"
"BLD-101162","2023-11-13","Unplanned","8","Unpaid","IT & Digital","Arjun Mendoza"
"BLD-101162","2024-01-30","Sick","8","Paid","IT & Digital","Arjun Mendoza"
"BLD-101162","2024-11-12","Unplanned","8","Paid","IT & Digital","Arjun Mendoza"
"BLD-101162","2024-06-19","Late","2","Unpaid","IT & Digital","Arjun Mendoza"
"BLD-101162","2024-11-16","Sick","8","Paid","IT & Digital","Arjun Mendoza"
"BLD-101162","2023-11-17","Unplanned","8","Unpaid","IT & Digital","Arjun Mendoza"
"BLD-101162","2023-06-02","Unplanned","8","Paid","IT & Digital","Arjun Mendoza"
"BLD-101164","2024-03-08","Sick","8","Paid","People & Culture","Khalid Thapa"
"BLD-101165","2024-11-12","Sick","8","Paid","Corporate & Executive Office","Rania Islam"
"BLD-101165","2025-05-26","Sick","8","Paid","Corporate & Executive Office","Rania Islam"
"BLD-101165","2025-01-16","Late","3","Paid","Corporate & Executive Office","Rania Islam"
"BLD-101165","2025-05-14","Late","3","Unpaid","Corporate & Executive Office","Rania Islam"
"BLD-101165","2025-03-18","Sick","8","Paid","Corporate & Executive Office","Rania Islam"
"BLD-101165","2025-09-03","Late","2","Paid","Corporate & Executive Office","Rania Islam"
"BLD-101167","2024-01-23","Unplanned","8","Unpaid","Marketing","Huda Abdullah"
"BLD-101167","2023-09-03","Sick","8","Paid","Marketing","Huda Abdullah"
"BLD-101168","2024-05-16","Sick","8","Paid","Farm Operations","Khalid Santos"
"BLD-101168","2025-04-19","Unplanned","8","Unpaid","Farm Operations","Khalid Santos"
"BLD-101168","2023-12-27","Sick","8","Paid","Farm Operations","Khalid Santos"
"BLD-101168","2023-11-15","Late","3","Paid","Farm Operations","Khalid Santos"
"BLD-101168","2025-09-24","Late","2","Unpaid","Farm Operations","Khalid Santos"
"BLD-101168","2025-03-06","Other","8","Unpaid","Farm Operations","Khalid Santos"
"BLD-101168","2024-05-17","Sick","8","Paid","Farm Operations","Khalid Santos"
"BLD-101168","2024-10-22","Unplanned","8","Paid","Farm Operations","Khalid Santos"
"BLD-101168","2023-12-21","Sick","8","Paid","Farm Operations","Khalid Santos"
"BLD-101169","2025-08-21","Unplanned","8","Paid","IT & Digital","Suresh Mansour"
"BLD-101169","2024-12-27","Unplanned","8","Paid","IT & Digital","Suresh Mansour"
"BLD-101169","2025-10-13","Sick","8","Paid","IT & Digital","Suresh Mansour"
"BLD-101169","2025-03-15","Sick","8","Paid","IT & Digital","Suresh Mansour"
"BLD-101169","2025-05-10","Unplanned","8","Paid","IT & Digital","Suresh Mansour"
"BLD-101169","2025-01-12","Late","3","Unpaid","IT & Digital","Suresh Mansour"
"BLD-101169","2025-05-24","Late","3","Paid","IT & Digital","Suresh Mansour"
"BLD-101169","2025-04-05","Sick","8","Paid","IT & Digital","Suresh Mansour"
"BLD-101169","2025-03-03","Sick","8","Paid","IT & Digital","Suresh Mansour"
"BLD-101170","2025-12-23","Sick","8","Paid","Procurement","Priya Baig"
"BLD-101170","2025-09-13","Sick","8","Paid","Procurement","Priya Baig"
"BLD-101171","2025-12-15","Unplanned","8","Paid","Procurement","Yasmin Iqbal"
"BLD-101171","2025-08-24","Unplanned","8","Unpaid","Procurement","Yasmin Iqbal"
"BLD-101172","2024-11-29","Unplanned","8","Paid","IT & Digital","Salma Ibrahim"
"BLD-101172","2025-02-17","Late","3","Unpaid","IT & Digital","Salma Ibrahim"
"BLD-101172","2024-01-03","Late","2","Paid","IT & Digital","Salma Ibrahim"
"BLD-101172","2023-10-31","Sick","8","Paid","IT & Digital","Salma Ibrahim"
"BLD-101172","2023-12-26","Sick","8","Paid","IT & Digital","Salma Ibrahim"
"BLD-101172","2025-06-01","Sick","8","Paid","IT & Digital","Salma Ibrahim"
"BLD-101172","2024-12-19","Sick","8","Paid","IT & Digital","Salma Ibrahim"
"BLD-101173","2023-10-19","Unplanned","8","Unpaid","Production","Tariq Mansour"
"BLD-101173","2023-03-19","Sick","8","Paid","Production","Tariq Mansour"
"BLD-101173","2024-02-19","Sick","8","Paid","Production","Tariq Mansour"
"BLD-101173","2023-02-27","Sick","8","Paid","Production","Tariq Mansour"
"BLD-101173","2024-01-07","Late","1","Paid","Production","Tariq Mansour"
"BLD-101175","2024-03-19","Sick","8","Paid","Procurement","Yasmin Iqbal"
"BLD-101175","2024-05-21","Sick","8","Paid","Procurement","Yasmin Iqbal"
"BLD-101175","2024-02-28","Unplanned","8","Paid","Procurement","Yasmin Iqbal"
"BLD-101175","2024-03-04","Sick","8","Paid","Procurement","Yasmin Iqbal"
"BLD-101175","2023-09-14","Unplanned","8","Unpaid","Procurement","Yasmin Iqbal"
"BLD-101175","2024-12-01","Late","1","Unpaid","Procurement","Yasmin Iqbal"
"BLD-101175","2024-04-24","Sick","8","Paid","Procurement","Yasmin Iqbal"
"BLD-101176","2023-08-12","Sick","8","Paid","Quality Assurance & Food Safety","Sanjay Devi"
"BLD-101176","2023-12-27","Late","3","Unpaid","Quality Assurance & Food Safety","Sanjay Devi"
"BLD-101176","2025-08-04","Unplanned","8","Paid","Quality Assurance & Food Safety","Sanjay Devi"
"BLD-101176","2024-12-02","Late","2","Paid","Quality Assurance & Food Safety","Sanjay Devi"
"BLD-101176","2023-08-02","Other","8","Unpaid","Quality Assurance & Food Safety","Sanjay Devi"
"BLD-101176","2025-04-09","Unplanned","8","Paid","Quality Assurance & Food Safety","Sanjay Devi"
"BLD-101176","2024-08-11","Unplanned","8","Paid","Quality Assurance & Food Safety","Sanjay Devi"
"BLD-101176","2023-05-17","Sick","8","Paid","Quality Assurance & Food Safety","Sanjay Devi"
"BLD-101176","2024-01-25","Late","3","Unpaid","Quality Assurance & Food Safety","Sanjay Devi"
"BLD-101176","2025-11-29","Late","1","Paid","Quality Assurance & Food Safety","Sanjay Devi"
"BLD-101176","2023-12-30","Sick","8","Paid","Quality Assurance & Food Safety","Sanjay Devi"
"BLD-101176","2023-03-29","Unplanned","8","Paid","Quality Assurance & Food Safety","Sanjay Devi"
"BLD-101177","2024-09-07","Sick","8","Paid","Engineering & Maintenance","Bikram Cruz"
"BLD-101177","2024-08-29","Unplanned","8","Paid","Engineering & Maintenance","Bikram Cruz"
"BLD-101177","2025-07-20","Unplanned","8","Unpaid","Engineering & Maintenance","Bikram Cruz"
"BLD-101177","2025-10-10","Unplanned","8","Unpaid","Engineering & Maintenance","Bikram Cruz"
"BLD-101177","2024-04-28","Sick","8","Paid","Engineering & Maintenance","Bikram Cruz"
"BLD-101177","2025-09-21","Sick","8","Paid","Engineering & Maintenance","Bikram Cruz"
"BLD-101177","2024-11-26","Unplanned","8","Unpaid","Engineering & Maintenance","Bikram Cruz"
"BLD-101177","2024-06-01","Late","1","Unpaid","Engineering & Maintenance","Bikram Cruz"
"BLD-101177","2024-07-28","Late","1","Unpaid","Engineering & Maintenance","Bikram Cruz"
"BLD-101177","2025-08-06","Unplanned","8","Paid","Engineering & Maintenance","Bikram Cruz"
"BLD-101177","2025-11-30","Sick","8","Paid","Engineering & Maintenance","Bikram Cruz"
"BLD-101177","2025-09-23","Unplanned","8","Paid","Engineering & Maintenance","Bikram Cruz"
"BLD-101177","2024-08-17","Unplanned","8","Unpaid","Engineering & Maintenance","Bikram Cruz"
"BLD-101177","2025-08-19","Late","1","Paid","Engineering & Maintenance","Bikram Cruz"
"BLD-101177","2024-08-03","Late","1","Paid","Engineering & Maintenance","Bikram Cruz"
"BLD-101179","2023-10-27","Sick","8","Paid","Marketing","Huda Ahmed"
"BLD-101179","2025-12-08","Unplanned","8","Paid","Marketing","Huda Ahmed"
"BLD-101179","2024-02-17","Sick","8","Paid","Marketing","Huda Ahmed"
"BLD-101179","2024-12-31","Sick","8","Paid","Marketing","Huda Ahmed"
"BLD-101179","2024-11-22","Late","1","Unpaid","Marketing","Huda Ahmed"
"BLD-101179","2024-07-15","Sick","8","Paid","Marketing","Huda Ahmed"
"BLD-101181","2025-05-05","Unplanned","8","Unpaid","Sales & Distribution","Reem Youssef"
"BLD-101181","2024-04-30","Other","8","Unpaid","Sales & Distribution","Reem Youssef"
"BLD-101181","2025-12-04","Sick","8","Paid","Sales & Distribution","Reem Youssef"
"BLD-101181","2024-09-17","Sick","8","Paid","Sales & Distribution","Reem Youssef"
"BLD-101181","2024-07-18","Sick","8","Paid","Sales & Distribution","Reem Youssef"
"BLD-101181","2025-09-19","Unplanned","8","Unpaid","Sales & Distribution","Reem Youssef"
"BLD-101181","2024-10-17","Unplanned","8","Unpaid","Sales & Distribution","Reem Youssef"
"BLD-101181","2025-05-24","Sick","8","Paid","Sales & Distribution","Reem Youssef"
"BLD-101181","2024-03-16","Unplanned","8","Unpaid","Sales & Distribution","Reem Youssef"
"BLD-101181","2025-01-14","Late","2","Paid","Sales & Distribution","Reem Youssef"
"BLD-101181","2025-11-23","Late","2","Unpaid","Sales & Distribution","Reem Youssef"
"BLD-101181","2025-12-09","Sick","8","Paid","Sales & Distribution","Reem Youssef"
"BLD-101182","2024-07-18","Late","1","Unpaid","IT & Digital","Manoj Mansour"
"BLD-101182","2024-03-17","Sick","8","Paid","IT & Digital","Manoj Mansour"
"BLD-101182","2024-09-09","Late","3","Paid","IT & Digital","Manoj Mansour"
"BLD-101182","2024-10-07","Unplanned","8","Paid","IT & Digital","Manoj Mansour"
"BLD-101182","2024-07-01","Sick","8","Paid","IT & Digital","Manoj Mansour"
"BLD-101182","2024-06-06","Sick","8","Paid","IT & Digital","Manoj Mansour"
"BLD-101183","2025-06-27","Sick","8","Paid","Farm Operations","Ahmed Cruz"
"BLD-101183","2024-08-27","Late","3","Unpaid","Farm Operations","Ahmed Cruz"
"BLD-101184","2025-11-12","Late","3","Unpaid","People & Culture","Omar Abdullah"
"BLD-101184","2025-11-28","Sick","8","Paid","People & Culture","Omar Abdullah"
"BLD-101185","2024-09-02","Unplanned","8","Paid","Production","Sameer Reyes"
"BLD-101185","2025-06-12","Sick","8","Paid","Production","Sameer Reyes"
"BLD-101185","2023-12-02","Sick","8","Paid","Production","Sameer Reyes"
"BLD-101185","2024-11-01","Sick","8","Paid","Production","Sameer Reyes"
"BLD-101185","2024-03-21","Unplanned","8","Unpaid","Production","Sameer Reyes"
"BLD-101186","2024-12-14","Sick","8","Paid","Finance","Rowena Fernandes"
"BLD-101186","2024-09-04","Unplanned","8","Unpaid","Finance","Rowena Fernandes"
"BLD-101186","2025-12-15","Sick","8","Paid","Finance","Rowena Fernandes"
"BLD-101188","2023-11-04","Unplanned","8","Unpaid","Quality Assurance & Food Safety","Hari Al-Kuwari"
"BLD-101188","2023-09-23","Sick","8","Paid","Quality Assurance & Food Safety","Hari Al-Kuwari"
"BLD-101189","2025-05-27","Late","1","Unpaid","Production","Rakesh Youssef"
"BLD-101189","2025-06-10","Sick","8","Paid","Production","Rakesh Youssef"
"BLD-101189","2025-09-05","Sick","8","Paid","Production","Rakesh Youssef"
"BLD-101189","2025-05-27","Unplanned","8","Unpaid","Production","Rakesh Youssef"
"BLD-101189","2025-07-30","Late","1","Unpaid","Production","Rakesh Youssef"
"BLD-101189","2025-12-17","Unplanned","8","Unpaid","Production","Rakesh Youssef"
"BLD-101189","2025-07-10","Unplanned","8","Paid","Production","Rakesh Youssef"
"BLD-101189","2024-11-27","Unplanned","8","Unpaid","Production","Rakesh Youssef"
"BLD-101189","2025-11-22","Unplanned","8","Paid","Production","Rakesh Youssef"
"BLD-101189","2025-08-16","Sick","8","Paid","Production","Rakesh Youssef"
"BLD-101190","2024-10-31","Sick","8","Paid","People & Culture","Arjun Islam"
"BLD-101190","2024-07-16","Unplanned","8","Paid","People & Culture","Arjun Islam"
"BLD-101190","2024-09-20","Unplanned","8","Paid","People & Culture","Arjun Islam"
"BLD-101190","2024-07-11","Unplanned","8","Unpaid","People & Culture","Arjun Islam"
"BLD-101190","2024-09-27","Sick","8","Paid","People & Culture","Arjun Islam"
"BLD-101190","2024-06-17","Unplanned","8","Unpaid","People & Culture","Arjun Islam"
"BLD-101190","2024-07-06","Sick","8","Paid","People & Culture","Arjun Islam"
"BLD-101191","2024-06-30","Other","8","Paid","IT & Digital","Rajesh Mansour"
"BLD-101191","2024-01-26","Other","8","Unpaid","IT & Digital","Rajesh Mansour"
"BLD-101191","2023-07-30","Sick","8","Paid","IT & Digital","Rajesh Mansour"
"BLD-101191","2024-04-04","Late","1","Paid","IT & Digital","Rajesh Mansour"
"BLD-101191","2024-06-21","Unplanned","8","Paid","IT & Digital","Rajesh Mansour"
"BLD-101191","2024-05-03","Unplanned","8","Unpaid","IT & Digital","Rajesh Mansour"
"BLD-101191","2023-10-08","Sick","8","Paid","IT & Digital","Rajesh Mansour"
"BLD-101191","2024-05-22","Sick","8","Paid","IT & Digital","Rajesh Mansour"
"BLD-101193","2024-03-09","Late","2","Unpaid","Procurement","Sanjay Fernandes"
"BLD-101193","2024-03-25","Sick","8","Paid","Procurement","Sanjay Fernandes"
"BLD-101193","2025-03-18","Sick","8","Paid","Procurement","Sanjay Fernandes"
"BLD-101193","2024-09-26","Sick","8","Paid","Procurement","Sanjay Fernandes"
"BLD-101193","2024-03-12","Sick","8","Paid","Procurement","Sanjay Fernandes"
"BLD-101193","2025-01-25","Sick","8","Paid","Procurement","Sanjay Fernandes"
"BLD-101193","2025-03-15","Late","2","Paid","Procurement","Sanjay Fernandes"
"BLD-101193","2025-06-16","Sick","8","Paid","Procurement","Sanjay Fernandes"
"BLD-101193","2023-09-24","Unplanned","8","Unpaid","Procurement","Sanjay Fernandes"
"BLD-101194","2025-12-07","Sick","8","Paid","People & Culture","Mariam Khan"
"BLD-101194","2025-12-02","Late","1","Paid","People & Culture","Mariam Khan"
"BLD-101195","2025-10-09","Sick","8","Paid","Finance","Amina Cruz"
"BLD-101195","2025-03-13","Unplanned","8","Unpaid","Finance","Amina Cruz"
"BLD-101195","2025-10-16","Unplanned","8","Paid","Finance","Amina Cruz"
"BLD-101195","2025-11-03","Late","1","Paid","Finance","Amina Cruz"
"BLD-101196","2024-05-21","Sick","8","Paid","Engineering & Maintenance","Ahmed Malik"
"BLD-101196","2025-07-17","Unplanned","8","Paid","Engineering & Maintenance","Ahmed Malik"
"BLD-101196","2024-08-27","Unplanned","8","Unpaid","Engineering & Maintenance","Ahmed Malik"
"BLD-101196","2025-07-12","Sick","8","Paid","Engineering & Maintenance","Ahmed Malik"
"BLD-101196","2025-02-25","Sick","8","Paid","Engineering & Maintenance","Ahmed Malik"
"BLD-101196","2025-02-21","Unplanned","8","Unpaid","Engineering & Maintenance","Ahmed Malik"
"BLD-101196","2025-02-10","Unplanned","8","Paid","Engineering & Maintenance","Ahmed Malik"
"BLD-101196","2024-03-25","Unplanned","8","Unpaid","Engineering & Maintenance","Ahmed Malik"
"BLD-101196","2025-06-21","Unplanned","8","Unpaid","Engineering & Maintenance","Ahmed Malik"
"BLD-101197","2024-05-22","Sick","8","Paid","Corporate & Executive Office","Lubna Thapa"
"BLD-101197","2024-03-05","Late","1","Paid","Corporate & Executive Office","Lubna Thapa"
"BLD-101197","2025-12-08","Sick","8","Paid","Corporate & Executive Office","Lubna Thapa"
"BLD-101197","2024-08-29","Sick","8","Paid","Corporate & Executive Office","Lubna Thapa"
"BLD-101197","2025-12-21","Unplanned","8","Paid","Corporate & Executive Office","Lubna Thapa"
"BLD-101197","2025-08-19","Unplanned","8","Unpaid","Corporate & Executive Office","Lubna Thapa"
"BLD-101197","2023-05-06","Sick","8","Paid","Corporate & Executive Office","Lubna Thapa"
"BLD-101197","2024-05-06","Other","8","Paid","Corporate & Executive Office","Lubna Thapa"
"BLD-101197","2024-02-11","Sick","8","Paid","Corporate & Executive Office","Lubna Thapa"
"BLD-101197","2023-08-24","Sick","8","Paid","Corporate & Executive Office","Lubna Thapa"
"BLD-101197","2025-04-09","Late","3","Unpaid","Corporate & Executive Office","Lubna Thapa"
"BLD-101197","2023-02-23","Late","3","Unpaid","Corporate & Executive Office","Lubna Thapa"
"BLD-101197","2025-09-05","Other","8","Paid","Corporate & Executive Office","Lubna Thapa"
"BLD-101197","2025-01-05","Sick","8","Paid","Corporate & Executive Office","Lubna Thapa"
"BLD-101198","2025-09-15","Unplanned","8","Unpaid","Marketing","Rowena Chowdhury"
"BLD-101198","2025-10-14","Late","2","Unpaid","Marketing","Rowena Chowdhury"
"BLD-101199","2025-11-20","Sick","8","Paid","IT & Digital","Yousef Al-Attiyah"
"BLD-101199","2025-06-23","Late","2","Unpaid","IT & Digital","Yousef Al-Attiyah"
"BLD-101200","2023-10-12","Late","2","Paid","IT & Digital","Dalia Al-Kuwari"
"BLD-101200","2023-08-02","Unplanned","8","Unpaid","IT & Digital","Dalia Al-Kuwari"
"BLD-101200","2023-11-27","Unplanned","8","Unpaid","IT & Digital","Dalia Al-Kuwari"
"BLD-101201","2025-10-20","Sick","8","Paid","Supply Chain & Logistics","Khalid Ibrahim"
"BLD-101201","2025-07-09","Unplanned","8","Unpaid","Supply Chain & Logistics","Khalid Ibrahim"
"BLD-101201","2024-12-31","Unplanned","8","Unpaid","Supply Chain & Logistics","Khalid Ibrahim"
"BLD-101201","2025-02-26","Unplanned","8","Paid","Supply Chain & Logistics","Khalid Ibrahim"
"BLD-101201","2025-03-25","Sick","8","Paid","Supply Chain & Logistics","Khalid Ibrahim"
"BLD-101202","2025-07-11","Sick","8","Paid","Supply Chain & Logistics","Prakash Kapoor"
"BLD-101202","2025-07-03","Unplanned","8","Unpaid","Supply Chain & Logistics","Prakash Kapoor"
"BLD-101202","2025-01-23","Unplanned","8","Unpaid","Supply Chain & Logistics","Prakash Kapoor"
"BLD-101202","2025-08-12","Sick","8","Paid","Supply Chain & Logistics","Prakash Kapoor"
"BLD-101202","2025-10-20","Unplanned","8","Paid","Supply Chain & Logistics","Prakash Kapoor"
"BLD-101203","2025-01-22","Sick","8","Paid","People & Culture","Layla Reyes"
"BLD-101203","2025-12-02","Sick","8","Paid","People & Culture","Layla Reyes"
"BLD-101203","2025-07-13","Unplanned","8","Paid","People & Culture","Layla Reyes"
"BLD-101203","2024-12-02","Sick","8","Paid","People & Culture","Layla Reyes"
"BLD-101203","2025-03-25","Sick","8","Paid","People & Culture","Layla Reyes"
"BLD-101203","2025-11-28","Unplanned","8","Paid","People & Culture","Layla Reyes"
"BLD-101204","2025-11-09","Late","3","Unpaid","Supply Chain & Logistics","Nadia El-Sayed"
"BLD-101205","2025-09-29","Sick","8","Paid","Farm Operations","Kumar Kapoor"
"BLD-101205","2023-10-29","Unplanned","8","Paid","Farm Operations","Kumar Kapoor"
"BLD-101205","2024-07-10","Other","8","Paid","Farm Operations","Kumar Kapoor"
"BLD-101205","2025-07-02","Sick","8","Paid","Farm Operations","Kumar Kapoor"
"BLD-101205","2023-09-30","Sick","8","Paid","Farm Operations","Kumar Kapoor"
"BLD-101205","2024-10-23","Sick","8","Paid","Farm Operations","Kumar Kapoor"
"BLD-101205","2024-08-24","Late","1","Unpaid","Farm Operations","Kumar Kapoor"
"BLD-101205","2025-03-11","Sick","8","Paid","Farm Operations","Kumar Kapoor"
"BLD-101205","2023-11-21","Late","3","Unpaid","Farm Operations","Kumar Kapoor"
"BLD-101205","2023-07-18","Unplanned","8","Unpaid","Farm Operations","Kumar Kapoor"
"BLD-101205","2024-11-17","Late","3","Unpaid","Farm Operations","Kumar Kapoor"
"BLD-101205","2024-07-29","Sick","8","Paid","Farm Operations","Kumar Kapoor"
"BLD-101205","2024-12-10","Unplanned","8","Unpaid","Farm Operations","Kumar Kapoor"
"BLD-101205","2025-02-28","Unplanned","8","Paid","Farm Operations","Kumar Kapoor"
"BLD-101205","2024-08-21","Sick","8","Paid","Farm Operations","Kumar Kapoor"
"BLD-101205","2025-07-25","Sick","8","Paid","Farm Operations","Kumar Kapoor"
"BLD-101205","2023-10-25","Unplanned","8","Unpaid","Farm Operations","Kumar Kapoor"
"BLD-101205","2025-01-13","Late","2","Unpaid","Farm Operations","Kumar Kapoor"
"BLD-101205","2025-07-31","Unplanned","8","Paid","Farm Operations","Kumar Kapoor"
"BLD-101205","2023-08-17","Late","1","Paid","Farm Operations","Kumar Kapoor"
"BLD-101206","2024-07-02","Sick","8","Paid","Quality Assurance & Food Safety","Pooja Thapa"
"BLD-101206","2023-03-30","Late","2","Paid","Quality Assurance & Food Safety","Pooja Thapa"
"BLD-101206","2023-06-15","Unplanned","8","Paid","Quality Assurance & Food Safety","Pooja Thapa"
"BLD-101206","2025-02-06","Sick","8","Paid","Quality Assurance & Food Safety","Pooja Thapa"
"BLD-101206","2024-03-16","Other","8","Unpaid","Quality Assurance & Food Safety","Pooja Thapa"
"BLD-101206","2023-05-05","Sick","8","Paid","Quality Assurance & Food Safety","Pooja Thapa"
"BLD-101206","2025-02-16","Sick","8","Paid","Quality Assurance & Food Safety","Pooja Thapa"
"BLD-101206","2025-07-04","Sick","8","Paid","Quality Assurance & Food Safety","Pooja Thapa"
"BLD-101206","2023-12-31","Late","1","Unpaid","Quality Assurance & Food Safety","Pooja Thapa"
"BLD-101206","2024-03-02","Sick","8","Paid","Quality Assurance & Food Safety","Pooja Thapa"
"BLD-101206","2024-12-10","Late","2","Unpaid","Quality Assurance & Food Safety","Pooja Thapa"
"BLD-101206","2025-05-31","Sick","8","Paid","Quality Assurance & Food Safety","Pooja Thapa"
"BLD-101207","2025-07-11","Unplanned","8","Unpaid","Farm Operations","Krishna Thapa"
"BLD-101207","2025-07-14","Sick","8","Paid","Farm Operations","Krishna Thapa"
"BLD-101207","2025-06-09","Unplanned","8","Unpaid","Farm Operations","Krishna Thapa"
"BLD-101207","2024-11-10","Sick","8","Paid","Farm Operations","Krishna Thapa"
"BLD-101207","2024-12-08","Sick","8","Paid","Farm Operations","Krishna Thapa"
"BLD-101207","2025-06-09","Sick","8","Paid","Farm Operations","Krishna Thapa"
"BLD-101207","2025-10-18","Unplanned","8","Paid","Farm Operations","Krishna Thapa"
"BLD-101208","2025-08-09","Late","2","Unpaid","R&D","Suresh Reyes"
"BLD-101208","2024-10-10","Unplanned","8","Unpaid","R&D","Suresh Reyes"
"BLD-101210","2025-12-10","Sick","8","Paid","Finance","Noor Al-Sayed"
"BLD-101211","2025-10-10","Late","1","Unpaid","People & Culture","Sara Santos"
"BLD-101212","2024-04-28","Unplanned","8","Unpaid","R&D","Salma Mansour"
"BLD-101212","2023-05-21","Unplanned","8","Unpaid","R&D","Salma Mansour"
"BLD-101212","2024-11-06","Late","2","Paid","R&D","Salma Mansour"
"BLD-101212","2023-09-29","Sick","8","Paid","R&D","Salma Mansour"
"BLD-101212","2025-09-15","Unplanned","8","Unpaid","R&D","Salma Mansour"
"BLD-101212","2023-07-15","Sick","8","Paid","R&D","Salma Mansour"
"BLD-101212","2025-10-04","Late","3","Unpaid","R&D","Salma Mansour"
"BLD-101212","2023-10-27","Sick","8","Paid","R&D","Salma Mansour"
"BLD-101213","2025-08-21","Late","3","Paid","Quality Assurance & Food Safety","Ali Hassan"
"BLD-101213","2025-08-17","Unplanned","8","Unpaid","Quality Assurance & Food Safety","Ali Hassan"
"BLD-101214","2024-12-24","Unplanned","8","Paid","R&D","Bishnu Mansour"
"BLD-101214","2024-02-11","Sick","8","Paid","R&D","Bishnu Mansour"
"BLD-101214","2024-12-26","Late","3","Unpaid","R&D","Bishnu Mansour"
"BLD-101214","2025-08-15","Unplanned","8","Paid","R&D","Bishnu Mansour"
"BLD-101214","2025-07-13","Unplanned","8","Paid","R&D","Bishnu Mansour"
"BLD-101214","2024-06-01","Other","8","Paid","R&D","Bishnu Mansour"
"BLD-101214","2024-10-29","Sick","8","Paid","R&D","Bishnu Mansour"
"BLD-101214","2024-08-24","Late","1","Paid","R&D","Bishnu Mansour"
"BLD-101215","2024-11-16","Sick","8","Paid","Procurement","Mohamed Rai"
"BLD-101215","2024-10-28","Sick","8","Paid","Procurement","Mohamed Rai"
"BLD-101215","2025-11-27","Sick","8","Paid","Procurement","Mohamed Rai"
"BLD-101216","2025-07-19","Late","1","Unpaid","Production","Ali Thapa"
"BLD-101216","2025-12-28","Sick","8","Paid","Production","Ali Thapa"
"BLD-101216","2025-09-14","Late","3","Unpaid","Production","Ali Thapa"
"BLD-101217","2025-10-18","Late","1","Paid","Production","Grace Pereira"
"BLD-101217","2024-01-07","Sick","8","Paid","Production","Grace Pereira"
"BLD-101217","2025-05-16","Sick","8","Paid","Production","Grace Pereira"
"BLD-101217","2025-09-08","Other","8","Unpaid","Production","Grace Pereira"
"BLD-101217","2025-06-24","Sick","8","Paid","Production","Grace Pereira"
"BLD-101217","2024-02-15","Sick","8","Paid","Production","Grace Pereira"
"BLD-101217","2024-06-01","Late","2","Unpaid","Production","Grace Pereira"
"BLD-101218","2024-10-21","Late","1","Paid","Sales & Distribution","Kumar El-Sayed"
"BLD-101218","2024-10-17","Sick","8","Paid","Sales & Distribution","Kumar El-Sayed"
"BLD-101218","2025-11-05","Unplanned","8","Unpaid","Sales & Distribution","Kumar El-Sayed"
"BLD-101218","2024-09-05","Sick","8","Paid","Sales & Distribution","Kumar El-Sayed"
"BLD-101220","2025-07-13","Sick","8","Paid","Quality Assurance & Food Safety","Rakesh Cruz"
"BLD-101220","2025-04-09","Late","2","Unpaid","Quality Assurance & Food Safety","Rakesh Cruz"
"BLD-101220","2025-07-04","Unplanned","8","Paid","Quality Assurance & Food Safety","Rakesh Cruz"
"BLD-101220","2025-03-17","Unplanned","8","Unpaid","Quality Assurance & Food Safety","Rakesh Cruz"
"BLD-101220","2025-08-16","Late","1","Paid","Quality Assurance & Food Safety","Rakesh Cruz"
"BLD-101221","2025-09-17","Unplanned","8","Paid","R&D","Ramesh Devi"
"BLD-101221","2025-08-05","Unplanned","8","Paid","R&D","Ramesh Devi"
"BLD-101221","2025-09-15","Sick","8","Paid","R&D","Ramesh Devi"
"BLD-101221","2025-08-17","Unplanned","8","Unpaid","R&D","Ramesh Devi"
"BLD-101221","2025-10-04","Sick","8","Paid","R&D","Ramesh Devi"
"BLD-101221","2025-09-24","Unplanned","8","Unpaid","R&D","Ramesh Devi"
"BLD-101222","2025-01-12","Unplanned","8","Paid","Sales & Distribution","Sanjay Islam"
"BLD-101222","2025-04-03","Sick","8","Paid","Sales & Distribution","Sanjay Islam"
"BLD-101222","2024-08-28","Sick","8","Paid","Sales & Distribution","Sanjay Islam"
"BLD-101222","2025-05-19","Sick","8","Paid","Sales & Distribution","Sanjay Islam"
"BLD-101222","2025-01-01","Sick","8","Paid","Sales & Distribution","Sanjay Islam"
"BLD-101224","2024-12-24","Sick","8","Paid","Farm Operations","Noor Islam"
"BLD-101224","2024-03-28","Sick","8","Paid","Farm Operations","Noor Islam"
"BLD-101224","2024-06-09","Sick","8","Paid","Farm Operations","Noor Islam"
"BLD-101224","2024-03-28","Unplanned","8","Unpaid","Farm Operations","Noor Islam"
"BLD-101225","2024-11-11","Late","1","Unpaid","R&D","Arjun Santos"
"BLD-101225","2023-12-10","Late","2","Unpaid","R&D","Arjun Santos"
"BLD-101225","2024-07-17","Unplanned","8","Paid","R&D","Arjun Santos"
"BLD-101225","2023-05-17","Unplanned","8","Unpaid","R&D","Arjun Santos"
"BLD-101225","2023-03-22","Sick","8","Paid","R&D","Arjun Santos"
"BLD-101225","2023-03-31","Sick","8","Paid","R&D","Arjun Santos"
"BLD-101225","2023-10-13","Sick","8","Paid","R&D","Arjun Santos"
"BLD-101225","2024-11-06","Sick","8","Paid","R&D","Arjun Santos"
"BLD-101225","2024-11-12","Late","2","Unpaid","R&D","Arjun Santos"
"BLD-101225","2024-03-14","Sick","8","Paid","R&D","Arjun Santos"
"BLD-101225","2025-02-07","Sick","8","Paid","R&D","Arjun Santos"
"BLD-101225","2024-11-19","Sick","8","Paid","R&D","Arjun Santos"
"BLD-101225","2023-10-22","Sick","8","Paid","R&D","Arjun Santos"
"BLD-101225","2024-04-29","Unplanned","8","Paid","R&D","Arjun Santos"
"BLD-101225","2025-08-09","Unplanned","8","Paid","R&D","Arjun Santos"
"BLD-101226","2024-12-14","Late","3","Unpaid","Finance","Suresh Baig"
"BLD-101226","2024-03-27","Sick","8","Paid","Finance","Suresh Baig"
"BLD-101226","2024-05-06","Unplanned","8","Unpaid","Finance","Suresh Baig"
"BLD-101226","2024-05-10","Sick","8","Paid","Finance","Suresh Baig"
"BLD-101226","2024-03-29","Sick","8","Paid","Finance","Suresh Baig"
"BLD-101226","2024-12-13","Late","2","Unpaid","Finance","Suresh Baig"
"BLD-101226","2024-05-23","Unplanned","8","Unpaid","Finance","Suresh Baig"
"BLD-101226","2024-08-10","Unplanned","8","Paid","Finance","Suresh Baig"
"BLD-101227","2025-10-23","Unplanned","8","Paid","Sales & Distribution","Tariq Islam"
"BLD-101227","2023-07-13","Late","2","Unpaid","Sales & Distribution","Tariq Islam"
"BLD-101227","2024-10-08","Unplanned","8","Unpaid","Sales & Distribution","Tariq Islam"
"BLD-101227","2023-04-12","Sick","8","Paid","Sales & Distribution","Tariq Islam"
"BLD-101227","2024-02-24","Late","1","Unpaid","Sales & Distribution","Tariq Islam"
"BLD-101228","2025-12-08","Late","1","Unpaid","Production","Bikram Islam"
"BLD-101228","2025-11-22","Sick","8","Paid","Production","Bikram Islam"
"BLD-101228","2025-07-04","Late","2","Paid","Production","Bikram Islam"
"BLD-101228","2025-10-26","Unplanned","8","Unpaid","Production","Bikram Islam"
"BLD-101229","2024-03-15","Sick","8","Paid","Farm Operations","Prakash Kapoor"
"BLD-101229","2025-01-22","Late","2","Paid","Farm Operations","Prakash Kapoor"
"BLD-101229","2024-06-23","Sick","8","Paid","Farm Operations","Prakash Kapoor"
"BLD-101229","2024-05-21","Sick","8","Paid","Farm Operations","Prakash Kapoor"
"BLD-101229","2025-06-12","Late","2","Unpaid","Farm Operations","Prakash Kapoor"
"BLD-101229","2023-08-30","Sick","8","Paid","Farm Operations","Prakash Kapoor"
"BLD-101229","2024-12-22","Late","3","Paid","Farm Operations","Prakash Kapoor"
"BLD-101229","2023-11-10","Sick","8","Paid","Farm Operations","Prakash Kapoor"
"BLD-101229","2023-12-10","Unplanned","8","Unpaid","Farm Operations","Prakash Kapoor"
"BLD-101229","2025-12-07","Sick","8","Paid","Farm Operations","Prakash Kapoor"
"BLD-101229","2023-10-04","Other","8","Unpaid","Farm Operations","Prakash Kapoor"
"BLD-101229","2024-02-29","Unplanned","8","Unpaid","Farm Operations","Prakash Kapoor"
"BLD-101229","2023-09-25","Sick","8","Paid","Farm Operations","Prakash Kapoor"
"BLD-101229","2025-02-08","Sick","8","Paid","Farm Operations","Prakash Kapoor"
"BLD-101229","2025-04-21","Other","8","Unpaid","Farm Operations","Prakash Kapoor"
"BLD-101229","2023-06-14","Sick","8","Paid","Farm Operations","Prakash Kapoor"
"BLD-101230","2025-09-15","Sick","8","Paid","Corporate & Executive Office","Santosh El-Sayed"
"BLD-101230","2023-05-21","Late","3","Paid","Corporate & Executive Office","Santosh El-Sayed"
"BLD-101230","2023-09-04","Sick","8","Paid","Corporate & Executive Office","Santosh El-Sayed"
"BLD-101230","2024-03-28","Unplanned","8","Paid","Corporate & Executive Office","Santosh El-Sayed"
"BLD-101230","2024-04-19","Late","1","Paid","Corporate & Executive Office","Santosh El-Sayed"
"BLD-101230","2025-08-19","Late","3","Unpaid","Corporate & Executive Office","Santosh El-Sayed"
"BLD-101230","2025-04-14","Sick","8","Paid","Corporate & Executive Office","Santosh El-Sayed"
"BLD-101230","2024-04-29","Unplanned","8","Paid","Corporate & Executive Office","Santosh El-Sayed"
"BLD-101230","2025-04-28","Late","1","Unpaid","Corporate & Executive Office","Santosh El-Sayed"
"BLD-101230","2023-11-16","Unplanned","8","Unpaid","Corporate & Executive Office","Santosh El-Sayed"
"BLD-101230","2023-05-31","Late","1","Paid","Corporate & Executive Office","Santosh El-Sayed"
"BLD-101230","2025-06-30","Unplanned","8","Paid","Corporate & Executive Office","Santosh El-Sayed"
"BLD-101230","2025-04-24","Unplanned","8","Unpaid","Corporate & Executive Office","Santosh El-Sayed"
"BLD-101230","2025-01-03","Sick","8","Paid","Corporate & Executive Office","Santosh El-Sayed"
"BLD-101230","2025-07-16","Sick","8","Paid","Corporate & Executive Office","Santosh El-Sayed"
"BLD-101230","2025-02-15","Late","1","Paid","Corporate & Executive Office","Santosh El-Sayed"
"BLD-101230","2023-09-27","Sick","8","Paid","Corporate & Executive Office","Santosh El-Sayed"
"BLD-101230","2023-06-10","Other","8","Paid","Corporate & Executive Office","Santosh El-Sayed"
"BLD-101230","2024-06-06","Sick","8","Paid","Corporate & Executive Office","Santosh El-Sayed"
"BLD-101231","2024-06-03","Sick","8","Paid","Procurement","Mohamed Rai"
"BLD-101231","2024-05-19","Sick","8","Paid","Procurement","Mohamed Rai"
"BLD-101231","2024-03-29","Sick","8","Paid","Procurement","Mohamed Rai"
"BLD-101232","2025-09-28","Sick","8","Paid","Farm Operations","Krishna Thapa"
"BLD-101232","2025-11-11","Late","2","Paid","Farm Operations","Krishna Thapa"
"BLD-101232","2025-11-02","Sick","8","Paid","Farm Operations","Krishna Thapa"
"BLD-101232","2025-09-17","Unplanned","8","Unpaid","Farm Operations","Krishna Thapa"
"BLD-101232","2025-01-31","Late","1","Unpaid","Farm Operations","Krishna Thapa"
"BLD-101232","2024-11-11","Unplanned","8","Unpaid","Farm Operations","Krishna Thapa"
"BLD-101232","2025-11-21","Unplanned","8","Paid","Farm Operations","Krishna Thapa"
"BLD-101232","2025-08-10","Sick","8","Paid","Farm Operations","Krishna Thapa"
"BLD-101233","2025-10-03","Late","3","Unpaid","IT & Digital","Arjun Malik"
"BLD-101233","2025-11-26","Unplanned","8","Unpaid","IT & Digital","Arjun Malik"
"BLD-101234","2025-09-19","Sick","8","Paid","Finance","Jose Fernandes"
"BLD-101235","2025-05-31","Late","1","Unpaid","Farm Operations","Ramesh Malik"
"BLD-101235","2025-11-24","Sick","8","Paid","Farm Operations","Ramesh Malik"
"BLD-101235","2025-12-04","Late","2","Unpaid","Farm Operations","Ramesh Malik"
"BLD-101235","2025-09-18","Sick","8","Paid","Farm Operations","Ramesh Malik"
"BLD-101235","2025-06-16","Sick","8","Paid","Farm Operations","Ramesh Malik"
"BLD-101235","2025-03-09","Late","3","Unpaid","Farm Operations","Ramesh Malik"
"BLD-101236","2024-12-17","Unplanned","8","Paid","Supply Chain & Logistics","Prakash Reyes"
"BLD-101237","2024-01-09","Sick","8","Paid","R&D","Ramesh Devi"
"BLD-101237","2024-01-17","Unplanned","8","Unpaid","R&D","Ramesh Devi"
"BLD-101237","2023-03-04","Sick","8","Paid","R&D","Ramesh Devi"
"BLD-101237","2023-04-23","Sick","8","Paid","R&D","Ramesh Devi"
"BLD-101237","2023-08-20","Unplanned","8","Paid","R&D","Ramesh Devi"
"BLD-101237","2023-05-30","Sick","8","Paid","R&D","Ramesh Devi"
"BLD-101238","2024-11-14","Sick","8","Paid","People & Culture","Sara Hassan"
"BLD-101238","2025-11-30","Unplanned","8","Unpaid","People & Culture","Sara Hassan"
"BLD-101238","2025-08-13","Unplanned","8","Paid","People & Culture","Sara Hassan"
"BLD-101238","2024-10-11","Sick","8","Paid","People & Culture","Sara Hassan"
"BLD-101238","2025-11-27","Late","1","Unpaid","People & Culture","Sara Hassan"
"BLD-101238","2024-09-05","Late","1","Unpaid","People & Culture","Sara Hassan"
"BLD-101238","2024-12-16","Other","8","Paid","People & Culture","Sara Hassan"
"BLD-101238","2024-10-12","Late","1","Unpaid","People & Culture","Sara Hassan"
"BLD-101238","2025-05-27","Sick","8","Paid","People & Culture","Sara Hassan"
"BLD-101238","2025-11-17","Late","2","Unpaid","People & Culture","Sara Hassan"
"BLD-101238","2025-10-14","Unplanned","8","Unpaid","People & Culture","Sara Hassan"
"BLD-101238","2025-06-17","Sick","8","Paid","People & Culture","Sara Hassan"
"BLD-101238","2025-04-16","Sick","8","Paid","People & Culture","Sara Hassan"
"BLD-101240","2024-01-15","Unplanned","8","Paid","People & Culture","Juan Santos"
"BLD-101240","2024-09-24","Sick","8","Paid","People & Culture","Juan Santos"
"BLD-101240","2025-09-17","Sick","8","Paid","People & Culture","Juan Santos"
"BLD-101240","2024-06-12","Sick","8","Paid","People & Culture","Juan Santos"
"BLD-101240","2025-08-01","Late","2","Unpaid","People & Culture","Juan Santos"
"BLD-101240","2024-07-22","Sick","8","Paid","People & Culture","Juan Santos"
"BLD-101240","2024-01-06","Unplanned","8","Unpaid","People & Culture","Juan Santos"
"BLD-101240","2024-07-15","Late","1","Unpaid","People & Culture","Juan Santos"
"BLD-101240","2024-04-27","Sick","8","Paid","People & Culture","Juan Santos"
"BLD-101240","2023-11-20","Late","3","Paid","People & Culture","Juan Santos"
"BLD-101240","2024-10-18","Late","1","Unpaid","People & Culture","Juan Santos"
"BLD-101240","2024-12-02","Unplanned","8","Unpaid","People & Culture","Juan Santos"
"BLD-101240","2025-03-21","Sick","8","Paid","People & Culture","Juan Santos"
"BLD-101240","2025-08-10","Late","3","Unpaid","People & Culture","Juan Santos"
"BLD-101240","2025-10-04","Late","3","Paid","People & Culture","Juan Santos"
"BLD-101240","2025-08-31","Sick","8","Paid","People & Culture","Juan Santos"
"BLD-101241","2025-12-11","Sick","8","Paid","Supply Chain & Logistics","Rakesh Cruz"
"BLD-101242","2025-11-26","Unplanned","8","Unpaid","R&D","Kumar Malik"
"BLD-101242","2025-06-12","Unplanned","8","Unpaid","R&D","Kumar Malik"
"BLD-101242","2025-05-10","Sick","8","Paid","R&D","Kumar Malik"
"BLD-101243","2024-01-31","Late","2","Unpaid","IT & Digital","Santosh Fernandes"
"BLD-101243","2023-03-07","Sick","8","Paid","IT & Digital","Santosh Fernandes"
"BLD-101244","2025-05-08","Late","3","Paid","Supply Chain & Logistics","Anil Fernandes"
"BLD-101245","2024-06-24","Unplanned","8","Paid","Finance","Santosh Fernandes"
"BLD-101245","2025-12-07","Unplanned","8","Paid","Finance","Santosh Fernandes"
"BLD-101245","2025-08-23","Sick","8","Paid","Finance","Santosh Fernandes"
"BLD-101245","2025-08-04","Sick","8","Paid","Finance","Santosh Fernandes"
"BLD-101245","2025-07-01","Other","8","Paid","Finance","Santosh Fernandes"
"BLD-101245","2024-05-26","Unplanned","8","Unpaid","Finance","Santosh Fernandes"
"BLD-101245","2025-05-06","Sick","8","Paid","Finance","Santosh Fernandes"
"BLD-101246","2025-07-04","Other","8","Unpaid","Finance","Santosh Reyes"
"BLD-101246","2025-04-18","Late","3","Paid","Finance","Santosh Reyes"
"BLD-101246","2023-10-07","Sick","8","Paid","Finance","Santosh Reyes"
"BLD-101246","2023-10-16","Unplanned","8","Unpaid","Finance","Santosh Reyes"
"BLD-101246","2023-10-21","Unplanned","8","Unpaid","Finance","Santosh Reyes"
"BLD-101246","2025-04-17","Sick","8","Paid","Finance","Santosh Reyes"
"BLD-101246","2023-07-17","Sick","8","Paid","Finance","Santosh Reyes"
"BLD-101246","2024-06-28","Sick","8","Paid","Finance","Santosh Reyes"
"BLD-101246","2024-03-09","Late","1","Paid","Finance","Santosh Reyes"
"BLD-101246","2024-09-04","Unplanned","8","Unpaid","Finance","Santosh Reyes"
"BLD-101246","2024-01-17","Unplanned","8","Paid","Finance","Santosh Reyes"
"BLD-101247","2025-11-25","Sick","8","Paid","Farm Operations","Anil Khan"
"BLD-101248","2025-11-10","Sick","8","Paid","R&D","Kavita Sharma"
"BLD-101248","2025-11-21","Unplanned","8","Unpaid","R&D","Kavita Sharma"
"BLD-101249","2025-12-17","Sick","8","Paid","Finance","Reem Farouk"
"BLD-101249","2025-11-07","Sick","8","Paid","Finance","Reem Farouk"
"BLD-101249","2025-11-04","Unplanned","8","Paid","Finance","Reem Farouk"
"BLD-101249","2025-12-22","Unplanned","8","Unpaid","Finance","Reem Farouk"
"BLD-101249","2025-11-09","Unplanned","8","Paid","Finance","Reem Farouk"
"BLD-101250","2025-08-10","Unplanned","8","Unpaid","Engineering & Maintenance","Suresh Devi"
"BLD-101250","2025-05-09","Unplanned","8","Paid","Engineering & Maintenance","Suresh Devi"
"BLD-101250","2025-05-28","Late","2","Unpaid","Engineering & Maintenance","Suresh Devi"
"BLD-101251","2024-09-25","Other","8","Unpaid","Corporate & Executive Office","Noor Abdullah"
"BLD-101251","2025-06-16","Unplanned","8","Unpaid","Corporate & Executive Office","Noor Abdullah"
"BLD-101252","2024-12-19","Late","2","Unpaid","Marketing","Manoj Fernandes"
"BLD-101252","2025-02-03","Late","3","Unpaid","Marketing","Manoj Fernandes"
"BLD-101252","2025-10-21","Unplanned","8","Paid","Marketing","Manoj Fernandes"
"BLD-101252","2024-09-29","Late","2","Paid","Marketing","Manoj Fernandes"
"BLD-101252","2025-03-20","Unplanned","8","Unpaid","Marketing","Manoj Fernandes"
"BLD-101252","2023-10-16","Late","3","Paid","Marketing","Manoj Fernandes"
"BLD-101253","2025-11-15","Late","3","Paid","Engineering & Maintenance","Ravi Youssef"
"BLD-101253","2025-10-26","Late","3","Unpaid","Engineering & Maintenance","Ravi Youssef"
"BLD-101253","2025-11-22","Sick","8","Paid","Engineering & Maintenance","Ravi Youssef"
"BLD-101254","2024-11-09","Sick","8","Paid","Farm Operations","Krishna Thapa"
"BLD-101254","2025-11-11","Unplanned","8","Unpaid","Farm Operations","Krishna Thapa"
"BLD-101254","2024-11-05","Unplanned","8","Unpaid","Farm Operations","Krishna Thapa"
"BLD-101254","2024-09-30","Unplanned","8","Unpaid","Farm Operations","Krishna Thapa"
"BLD-101254","2025-12-07","Sick","8","Paid","Farm Operations","Krishna Thapa"
"BLD-101254","2025-08-09","Sick","8","Paid","Farm Operations","Krishna Thapa"
"BLD-101254","2025-02-20","Unplanned","8","Unpaid","Farm Operations","Krishna Thapa"
"BLD-101254","2025-09-29","Sick","8","Paid","Farm Operations","Krishna Thapa"
"BLD-101254","2024-12-09","Late","1","Unpaid","Farm Operations","Krishna Thapa"
"BLD-101254","2025-12-26","Sick","8","Paid","Farm Operations","Krishna Thapa"
"BLD-101254","2025-03-29","Sick","8","Paid","Farm Operations","Krishna Thapa"
"BLD-101254","2025-04-19","Unplanned","8","Unpaid","Farm Operations","Krishna Thapa"
"BLD-101255","2025-08-08","Sick","8","Paid","Quality Assurance & Food Safety","Sameer Al-Marri"
"BLD-101256","2025-11-24","Unplanned","8","Unpaid","Corporate & Executive Office","Deepak Abdullah"
"BLD-101256","2024-07-24","Sick","8","Paid","Corporate & Executive Office","Deepak Abdullah"
"BLD-101256","2023-12-31","Sick","8","Paid","Corporate & Executive Office","Deepak Abdullah"
"BLD-101256","2025-07-14","Sick","8","Paid","Corporate & Executive Office","Deepak Abdullah"
"BLD-101256","2025-04-19","Other","8","Unpaid","Corporate & Executive Office","Deepak Abdullah"
"BLD-101256","2025-09-16","Late","3","Unpaid","Corporate & Executive Office","Deepak Abdullah"
"BLD-101256","2023-09-24","Late","2","Unpaid","Corporate & Executive Office","Deepak Abdullah"
"BLD-101256","2024-11-03","Unplanned","8","Paid","Corporate & Executive Office","Deepak Abdullah"
"BLD-101256","2023-05-05","Unplanned","8","Unpaid","Corporate & Executive Office","Deepak Abdullah"
"BLD-101256","2023-12-22","Sick","8","Paid","Corporate & Executive Office","Deepak Abdullah"
"BLD-101256","2025-01-17","Sick","8","Paid","Corporate & Executive Office","Deepak Abdullah"
"BLD-101257","2023-09-16","Sick","8","Paid","Corporate & Executive Office","Sameer Islam"
"BLD-101257","2025-01-16","Sick","8","Paid","Corporate & Executive Office","Sameer Islam"
"BLD-101257","2023-12-07","Sick","8","Paid","Corporate & Executive Office","Sameer Islam"
"BLD-101257","2025-02-05","Sick","8","Paid","Corporate & Executive Office","Sameer Islam"
"BLD-101257","2025-07-03","Sick","8","Paid","Corporate & Executive Office","Sameer Islam"
"BLD-101257","2024-08-20","Unplanned","8","Paid","Corporate & Executive Office","Sameer Islam"
"BLD-101257","2025-09-13","Unplanned","8","Paid","Corporate & Executive Office","Sameer Islam"
"BLD-101259","2025-12-19","Late","2","Paid","Quality Assurance & Food Safety","Huda Abdullah"
"BLD-101260","2025-09-17","Late","3","Unpaid","Sales & Distribution","Juan Baig"
"BLD-101260","2024-07-26","Unplanned","8","Unpaid","Sales & Distribution","Juan Baig"
"BLD-101260","2024-09-16","Unplanned","8","Paid","Sales & Distribution","Juan Baig"
"BLD-101260","2023-09-26","Late","2","Unpaid","Sales & Distribution","Juan Baig"
"BLD-101260","2024-02-10","Sick","8","Paid","Sales & Distribution","Juan Baig"
"BLD-101260","2024-01-07","Sick","8","Paid","Sales & Distribution","Juan Baig"
"BLD-101260","2024-01-10","Late","3","Unpaid","Sales & Distribution","Juan Baig"
"BLD-101260","2024-02-24","Late","2","Unpaid","Sales & Distribution","Juan Baig"
"BLD-101260","2025-12-24","Unplanned","8","Unpaid","Sales & Distribution","Juan Baig"
"BLD-101260","2024-12-11","Unplanned","8","Unpaid","Sales & Distribution","Juan Baig"
"BLD-101260","2023-10-19","Sick","8","Paid","Sales & Distribution","Juan Baig"
"BLD-101260","2023-10-29","Unplanned","8","Unpaid","Sales & Distribution","Juan Baig"
"BLD-101260","2023-11-04","Sick","8","Paid","Sales & Distribution","Juan Baig"
"BLD-101260","2024-12-25","Sick","8","Paid","Sales & Distribution","Juan Baig"
"BLD-101261","2025-11-19","Sick","8","Paid","Procurement","Ali Kapoor"
"BLD-101261","2025-12-20","Other","8","Unpaid","Procurement","Ali Kapoor"
"BLD-101261","2025-03-06","Other","8","Unpaid","Procurement","Ali Kapoor"
"BLD-101261","2025-10-17","Unplanned","8","Unpaid","Procurement","Ali Kapoor"
"BLD-101262","2024-10-26","Sick","8","Paid","Quality Assurance & Food Safety","Sameer Al-Sayed"
"BLD-101262","2024-04-19","Late","2","Unpaid","Quality Assurance & Food Safety","Sameer Al-Sayed"
"BLD-101262","2023-03-21","Sick","8","Paid","Quality Assurance & Food Safety","Sameer Al-Sayed"
"BLD-101262","2025-08-12","Unplanned","8","Paid","Quality Assurance & Food Safety","Sameer Al-Sayed"
"BLD-101262","2025-10-07","Sick","8","Paid","Quality Assurance & Food Safety","Sameer Al-Sayed"
"BLD-101262","2024-09-13","Late","2","Unpaid","Quality Assurance & Food Safety","Sameer Al-Sayed"
"BLD-101262","2024-06-10","Late","3","Unpaid","Quality Assurance & Food Safety","Sameer Al-Sayed"
"BLD-101264","2024-08-25","Sick","8","Paid","Finance","Ahmed Malik"
"BLD-101264","2024-06-28","Sick","8","Paid","Finance","Ahmed Malik"
"BLD-101264","2025-01-18","Unplanned","8","Paid","Finance","Ahmed Malik"
"BLD-101264","2024-07-05","Late","1","Paid","Finance","Ahmed Malik"
"BLD-101265","2025-09-19","Late","1","Paid","Sales & Distribution","Deepak Gurung"
"BLD-101265","2023-03-25","Sick","8","Paid","Sales & Distribution","Deepak Gurung"
"BLD-101265","2023-10-10","Late","1","Paid","Sales & Distribution","Deepak Gurung"
"BLD-101265","2025-04-03","Sick","8","Paid","Sales & Distribution","Deepak Gurung"
"BLD-101265","2025-08-29","Sick","8","Paid","Sales & Distribution","Deepak Gurung"
"BLD-101265","2025-05-22","Unplanned","8","Unpaid","Sales & Distribution","Deepak Gurung"
"BLD-101267","2025-11-14","Unplanned","8","Unpaid","Supply Chain & Logistics","Khalid Santos"
"BLD-101268","2025-08-28","Sick","8","Paid","IT & Digital","Hari Al-Marri"
"BLD-101268","2025-03-31","Unplanned","8","Unpaid","IT & Digital","Hari Al-Marri"
"BLD-101268","2025-07-25","Unplanned","8","Unpaid","IT & Digital","Hari Al-Marri"
"BLD-101268","2025-07-15","Late","1","Unpaid","IT & Digital","Hari Al-Marri"
"BLD-101268","2024-12-17","Other","8","Paid","IT & Digital","Hari Al-Marri"
"BLD-101269","2024-11-07","Unplanned","8","Unpaid","Supply Chain & Logistics","Faisal Al-Marri"
"BLD-101269","2024-07-15","Late","2","Paid","Supply Chain & Logistics","Faisal Al-Marri"
"BLD-101269","2025-02-04","Sick","8","Paid","Supply Chain & Logistics","Faisal Al-Marri"
"BLD-101269","2024-03-25","Sick","8","Paid","Supply Chain & Logistics","Faisal Al-Marri"
"BLD-101269","2024-12-17","Late","3","Unpaid","Supply Chain & Logistics","Faisal Al-Marri"
"BLD-101269","2023-10-29","Unplanned","8","Unpaid","Supply Chain & Logistics","Faisal Al-Marri"
"BLD-101269","2024-07-25","Unplanned","8","Unpaid","Supply Chain & Logistics","Faisal Al-Marri"
"BLD-101269","2024-04-04","Late","3","Unpaid","Supply Chain & Logistics","Faisal Al-Marri"
"BLD-101269","2024-02-28","Unplanned","8","Unpaid","Supply Chain & Logistics","Faisal Al-Marri"
"BLD-101269","2024-03-23","Unplanned","8","Unpaid","Supply Chain & Logistics","Faisal Al-Marri"
"BLD-101269","2023-10-11","Sick","8","Paid","Supply Chain & Logistics","Faisal Al-Marri"
"BLD-101269","2023-07-22","Unplanned","8","Paid","Supply Chain & Logistics","Faisal Al-Marri"
"BLD-101269","2023-11-22","Sick","8","Paid","Supply Chain & Logistics","Faisal Al-Marri"
"BLD-101269","2024-01-04","Sick","8","Paid","Supply Chain & Logistics","Faisal Al-Marri"
"BLD-101269","2024-04-20","Unplanned","8","Unpaid","Supply Chain & Logistics","Faisal Al-Marri"
"BLD-101269","2024-10-22","Sick","8","Paid","Supply Chain & Logistics","Faisal Al-Marri"
"BLD-101270","2024-03-12","Sick","8","Paid","Finance","Rakesh Cruz"
"BLD-101271","2025-03-06","Late","3","Paid","Quality Assurance & Food Safety","Khalid Al-Marri"
"BLD-101271","2025-08-05","Unplanned","8","Unpaid","Quality Assurance & Food Safety","Khalid Al-Marri"
"BLD-101271","2025-12-08","Late","2","Paid","Quality Assurance & Food Safety","Khalid Al-Marri"
"BLD-101271","2025-04-01","Late","2","Unpaid","Quality Assurance & Food Safety","Khalid Al-Marri"
"BLD-101272","2023-07-31","Sick","8","Paid","People & Culture","Hassan Cruz"
"BLD-101272","2023-09-26","Unplanned","8","Unpaid","People & Culture","Hassan Cruz"
"BLD-101272","2023-07-06","Sick","8","Paid","People & Culture","Hassan Cruz"
"BLD-101272","2024-02-04","Unplanned","8","Paid","People & Culture","Hassan Cruz"
"BLD-101272","2023-11-09","Sick","8","Paid","People & Culture","Hassan Cruz"
"BLD-101273","2025-08-02","Late","2","Paid","Production","Omar Al-Kuwari"
"BLD-101273","2025-02-23","Late","2","Paid","Production","Omar Al-Kuwari"
"BLD-101273","2025-04-03","Unplanned","8","Unpaid","Production","Omar Al-Kuwari"
"BLD-101273","2025-04-28","Unplanned","8","Unpaid","Production","Omar Al-Kuwari"
"BLD-101273","2025-08-29","Sick","8","Paid","Production","Omar Al-Kuwari"
"BLD-101274","2024-10-10","Late","2","Paid","People & Culture","Prakash Mendoza"
"BLD-101274","2025-12-01","Sick","8","Paid","People & Culture","Prakash Mendoza"
"BLD-101274","2025-06-25","Sick","8","Paid","People & Culture","Prakash Mendoza"
"BLD-101274","2025-11-02","Other","8","Paid","People & Culture","Prakash Mendoza"
"BLD-101274","2025-10-24","Sick","8","Paid","People & Culture","Prakash Mendoza"
"BLD-101274","2025-02-21","Sick","8","Paid","People & Culture","Prakash Mendoza"
"BLD-101275","2025-02-05","Sick","8","Paid","R&D","Yasmin Rai"
"BLD-101275","2023-12-15","Sick","8","Paid","R&D","Yasmin Rai"
"BLD-101275","2025-06-19","Sick","8","Paid","R&D","Yasmin Rai"
"BLD-101275","2024-03-13","Sick","8","Paid","R&D","Yasmin Rai"
"BLD-101275","2025-07-30","Sick","8","Paid","R&D","Yasmin Rai"
"BLD-101275","2025-12-25","Sick","8","Paid","R&D","Yasmin Rai"
"BLD-101275","2025-03-03","Unplanned","8","Unpaid","R&D","Yasmin Rai"
"BLD-101275","2024-11-03","Sick","8","Paid","R&D","Yasmin Rai"
"BLD-101275","2024-05-25","Sick","8","Paid","R&D","Yasmin Rai"
"BLD-101275","2025-11-09","Sick","8","Paid","R&D","Yasmin Rai"
"BLD-101275","2025-05-12","Late","3","Unpaid","R&D","Yasmin Rai"
"BLD-101275","2024-01-01","Late","2","Unpaid","R&D","Yasmin Rai"
"BLD-101275","2025-07-05","Sick","8","Paid","R&D","Yasmin Rai"
"BLD-101276","2025-11-16","Unplanned","8","Unpaid","Sales & Distribution","Nadia Baig"
"BLD-101277","2025-10-02","Sick","8","Paid","Supply Chain & Logistics","Anil Islam"
"BLD-101277","2025-10-14","Unplanned","8","Unpaid","Supply Chain & Logistics","Anil Islam"
"BLD-101279","2024-11-18","Sick","8","Paid","Supply Chain & Logistics","Suresh Reyes"
"BLD-101279","2025-07-23","Late","1","Unpaid","Supply Chain & Logistics","Suresh Reyes"
"BLD-101279","2025-08-12","Other","8","Unpaid","Supply Chain & Logistics","Suresh Reyes"
"BLD-101279","2024-08-30","Sick","8","Paid","Supply Chain & Logistics","Suresh Reyes"
"BLD-101280","2025-02-28","Sick","8","Paid","Finance","Mariam Chowdhury"
"BLD-101280","2025-10-30","Sick","8","Paid","Finance","Mariam Chowdhury"
"BLD-101280","2025-11-17","Late","3","Unpaid","Finance","Mariam Chowdhury"
"BLD-101281","2025-05-15","Sick","8","Paid","Procurement","Priya Baig"
"BLD-101281","2025-07-10","Late","2","Paid","Procurement","Priya Baig"
"BLD-101281","2024-01-22","Late","3","Unpaid","Procurement","Priya Baig"
"BLD-101281","2024-07-03","Unplanned","8","Unpaid","Procurement","Priya Baig"
"BLD-101281","2025-07-26","Sick","8","Paid","Procurement","Priya Baig"
"BLD-101281","2023-11-16","Unplanned","8","Unpaid","Procurement","Priya Baig"
"BLD-101281","2024-04-26","Sick","8","Paid","Procurement","Priya Baig"
"BLD-101281","2025-10-22","Unplanned","8","Paid","Procurement","Priya Baig"
"BLD-101281","2024-06-16","Sick","8","Paid","Procurement","Priya Baig"
"BLD-101281","2024-04-14","Sick","8","Paid","Procurement","Priya Baig"
"BLD-101281","2024-08-10","Sick","8","Paid","Procurement","Priya Baig"
"BLD-101281","2023-11-29","Sick","8","Paid","Procurement","Priya Baig"
"BLD-101281","2025-10-05","Sick","8","Paid","Procurement","Priya Baig"
"BLD-101281","2025-08-24","Late","2","Unpaid","Procurement","Priya Baig"
"BLD-101281","2025-08-24","Unplanned","8","Paid","Procurement","Priya Baig"
"BLD-101281","2025-04-02","Unplanned","8","Unpaid","Procurement","Priya Baig"
"BLD-101281","2023-07-12","Unplanned","8","Unpaid","Procurement","Priya Baig"
"BLD-101281","2025-04-19","Sick","8","Paid","Procurement","Priya Baig"
"BLD-101282","2025-06-18","Sick","8","Paid","Farm Operations","Cherry Khan"
"BLD-101282","2024-12-28","Unplanned","8","Unpaid","Farm Operations","Cherry Khan"
"BLD-101282","2025-10-29","Unplanned","8","Unpaid","Farm Operations","Cherry Khan"
"BLD-101282","2025-11-11","Unplanned","8","Paid","Farm Operations","Cherry Khan"
"BLD-101282","2024-02-22","Sick","8","Paid","Farm Operations","Cherry Khan"
"BLD-101282","2025-10-05","Sick","8","Paid","Farm Operations","Cherry Khan"
"BLD-101282","2024-05-02","Late","3","Paid","Farm Operations","Cherry Khan"
"BLD-101282","2024-03-08","Late","2","Unpaid","Farm Operations","Cherry Khan"
"BLD-101282","2025-09-24","Other","8","Unpaid","Farm Operations","Cherry Khan"
"BLD-101282","2024-06-20","Sick","8","Paid","Farm Operations","Cherry Khan"
"BLD-101282","2025-07-01","Sick","8","Paid","Farm Operations","Cherry Khan"
"BLD-101282","2024-03-05","Late","2","Unpaid","Farm Operations","Cherry Khan"
"BLD-101282","2025-06-01","Unplanned","8","Unpaid","Farm Operations","Cherry Khan"
"BLD-101282","2025-07-20","Sick","8","Paid","Farm Operations","Cherry Khan"
"BLD-101283","2025-10-16","Late","1","Paid","People & Culture","Hind Youssef"
"BLD-101283","2024-09-29","Unplanned","8","Paid","People & Culture","Hind Youssef"
"BLD-101283","2024-03-09","Unplanned","8","Paid","People & Culture","Hind Youssef"
"BLD-101283","2025-12-27","Unplanned","8","Paid","People & Culture","Hind Youssef"
"BLD-101283","2024-05-04","Unplanned","8","Paid","People & Culture","Hind Youssef"
"BLD-101283","2025-06-09","Sick","8","Paid","People & Culture","Hind Youssef"
"BLD-101283","2025-02-09","Sick","8","Paid","People & Culture","Hind Youssef"
"BLD-101283","2024-07-19","Unplanned","8","Unpaid","People & Culture","Hind Youssef"
"BLD-101283","2025-06-16","Late","3","Paid","People & Culture","Hind Youssef"
"BLD-101284","2024-01-17","Late","1","Paid","Procurement","Joy Reyes"
"BLD-101284","2024-04-10","Unplanned","8","Unpaid","Procurement","Joy Reyes"
"BLD-101284","2024-05-30","Late","2","Paid","Procurement","Joy Reyes"
"BLD-101284","2023-08-23","Sick","8","Paid","Procurement","Joy Reyes"
"BLD-101285","2024-04-09","Other","8","Unpaid","Supply Chain & Logistics","Ramesh Santos"
"BLD-101285","2024-11-02","Sick","8","Paid","Supply Chain & Logistics","Ramesh Santos"
"BLD-101285","2024-05-11","Late","1","Unpaid","Supply Chain & Logistics","Ramesh Santos"
"BLD-101285","2025-11-01","Sick","8","Paid","Supply Chain & Logistics","Ramesh Santos"
"BLD-101285","2024-08-22","Sick","8","Paid","Supply Chain & Logistics","Ramesh Santos"
"BLD-101285","2025-06-24","Late","2","Paid","Supply Chain & Logistics","Ramesh Santos"
"BLD-101286","2024-09-05","Sick","8","Paid","Production","Ali Thapa"
"BLD-101286","2025-01-06","Sick","8","Paid","Production","Ali Thapa"
"BLD-101286","2025-08-29","Sick","8","Paid","Production","Ali Thapa"
"BLD-101286","2024-05-02","Unplanned","8","Paid","Production","Ali Thapa"
"BLD-101286","2024-09-01","Sick","8","Paid","Production","Ali Thapa"
"BLD-101286","2025-11-13","Sick","8","Paid","Production","Ali Thapa"
"BLD-101286","2025-01-23","Sick","8","Paid","Production","Ali Thapa"
"BLD-101286","2024-12-28","Unplanned","8","Paid","Production","Ali Thapa"
"BLD-101286","2025-05-23","Sick","8","Paid","Production","Ali Thapa"
"BLD-101287","2024-08-27","Sick","8","Paid","Corporate & Executive Office","Pooja Abdullah"
"BLD-101287","2024-12-26","Other","8","Paid","Corporate & Executive Office","Pooja Abdullah"
"BLD-101287","2025-01-11","Sick","8","Paid","Corporate & Executive Office","Pooja Abdullah"
"BLD-101287","2024-09-07","Sick","8","Paid","Corporate & Executive Office","Pooja Abdullah"
"BLD-101287","2024-11-20","Sick","8","Paid","Corporate & Executive Office","Pooja Abdullah"
"BLD-101287","2025-06-03","Late","2","Unpaid","Corporate & Executive Office","Pooja Abdullah"
"BLD-101287","2025-07-03","Late","1","Unpaid","Corporate & Executive Office","Pooja Abdullah"
"BLD-101287","2024-09-02","Unplanned","8","Paid","Corporate & Executive Office","Pooja Abdullah"
"BLD-101287","2025-02-17","Unplanned","8","Unpaid","Corporate & Executive Office","Pooja Abdullah"
"BLD-101287","2024-08-09","Unplanned","8","Paid","Corporate & Executive Office","Pooja Abdullah"
"BLD-101287","2025-06-04","Other","8","Paid","Corporate & Executive Office","Pooja Abdullah"
"BLD-101287","2024-10-09","Other","8","Unpaid","Corporate & Executive Office","Pooja Abdullah"
"BLD-101288","2025-12-21","Sick","8","Paid","Supply Chain & Logistics","Nadia El-Sayed"
"BLD-101288","2025-10-19","Other","8","Paid","Supply Chain & Logistics","Nadia El-Sayed"
"BLD-101288","2025-12-15","Sick","8","Paid","Supply Chain & Logistics","Nadia El-Sayed"
"BLD-101288","2025-10-19","Late","2","Unpaid","Supply Chain & Logistics","Nadia El-Sayed"
"BLD-101288","2025-11-23","Sick","8","Paid","Supply Chain & Logistics","Nadia El-Sayed"
"BLD-101289","2024-05-28","Sick","8","Paid","Procurement","Mohamed Rai"
"BLD-101289","2024-07-21","Late","3","Unpaid","Procurement","Mohamed Rai"
"BLD-101289","2023-12-12","Unplanned","8","Unpaid","Procurement","Mohamed Rai"
"BLD-101290","2025-12-16","Sick","8","Paid","People & Culture","Dina Reyes"
"BLD-101290","2025-08-28","Sick","8","Paid","People & Culture","Dina Reyes"
"BLD-101290","2025-08-23","Sick","8","Paid","People & Culture","Dina Reyes"
"BLD-101290","2025-10-28","Sick","8","Paid","People & Culture","Dina Reyes"
"BLD-101290","2025-09-01","Sick","8","Paid","People & Culture","Dina Reyes"
"BLD-101290","2024-11-25","Sick","8","Paid","People & Culture","Dina Reyes"
"BLD-101290","2025-02-04","Unplanned","8","Unpaid","People & Culture","Dina Reyes"
"BLD-101290","2025-01-04","Sick","8","Paid","People & Culture","Dina Reyes"
"BLD-101290","2025-05-15","Unplanned","8","Paid","People & Culture","Dina Reyes"
"BLD-101291","2025-02-10","Sick","8","Paid","Quality Assurance & Food Safety","Manoj Al-Kuwari"
"BLD-101291","2024-09-11","Unplanned","8","Paid","Quality Assurance & Food Safety","Manoj Al-Kuwari"
"BLD-101291","2024-02-02","Unplanned","8","Unpaid","Quality Assurance & Food Safety","Manoj Al-Kuwari"
"BLD-101291","2023-12-15","Sick","8","Paid","Quality Assurance & Food Safety","Manoj Al-Kuwari"
"BLD-101292","2025-07-08","Unplanned","8","Unpaid","People & Culture","Yousef Al-Attiyah"
"BLD-101292","2024-11-08","Unplanned","8","Unpaid","People & Culture","Yousef Al-Attiyah"
"BLD-101292","2025-07-25","Late","1","Paid","People & Culture","Yousef Al-Attiyah"
"BLD-101292","2024-12-06","Late","1","Unpaid","People & Culture","Yousef Al-Attiyah"
"BLD-101292","2025-07-23","Unplanned","8","Unpaid","People & Culture","Yousef Al-Attiyah"
"BLD-101294","2023-10-25","Sick","8","Paid","Corporate & Executive Office","Rina Rai"
"BLD-101294","2023-02-12","Sick","8","Paid","Corporate & Executive Office","Rina Rai"
"BLD-101294","2023-09-14","Late","1","Unpaid","Corporate & Executive Office","Rina Rai"
"BLD-101294","2024-09-13","Other","8","Unpaid","Corporate & Executive Office","Rina Rai"
"BLD-101294","2025-05-08","Late","1","Paid","Corporate & Executive Office","Rina Rai"
"BLD-101294","2023-08-10","Late","2","Unpaid","Corporate & Executive Office","Rina Rai"
"BLD-101294","2024-04-25","Unplanned","8","Paid","Corporate & Executive Office","Rina Rai"
"BLD-101294","2023-03-07","Unplanned","8","Unpaid","Corporate & Executive Office","Rina Rai"
"BLD-101294","2023-10-29","Sick","8","Paid","Corporate & Executive Office","Rina Rai"
"BLD-101294","2024-05-08","Sick","8","Paid","Corporate & Executive Office","Rina Rai"
"BLD-101294","2024-08-29","Unplanned","8","Unpaid","Corporate & Executive Office","Rina Rai"
"BLD-101294","2023-07-16","Late","2","Unpaid","Corporate & Executive Office","Rina Rai"
"BLD-101294","2024-11-04","Late","3","Unpaid","Corporate & Executive Office","Rina Rai"
"BLD-101294","2023-08-19","Unplanned","8","Unpaid","Corporate & Executive Office","Rina Rai"
"BLD-101294","2025-01-10","Unplanned","8","Paid","Corporate & Executive Office","Rina Rai"
"BLD-101295","2025-08-15","Unplanned","8","Paid","Supply Chain & Logistics","Jose Reyes"
"BLD-101295","2025-03-19","Sick","8","Paid","Supply Chain & Logistics","Jose Reyes"
"BLD-101296","2025-04-03","Late","2","Paid","People & Culture","Noor Mahmoud"
"BLD-101296","2024-09-20","Sick","8","Paid","People & Culture","Noor Mahmoud"
"BLD-101296","2024-10-16","Sick","8","Paid","People & Culture","Noor Mahmoud"
"BLD-101296","2024-11-09","Sick","8","Paid","People & Culture","Noor Mahmoud"
"BLD-101296","2023-10-23","Unplanned","8","Unpaid","People & Culture","Noor Mahmoud"
"BLD-101296","2025-12-07","Late","1","Unpaid","People & Culture","Noor Mahmoud"
"BLD-101296","2024-05-26","Sick","8","Paid","People & Culture","Noor Mahmoud"
"BLD-101296","2024-07-03","Sick","8","Paid","People & Culture","Noor Mahmoud"
"BLD-101296","2024-08-11","Unplanned","8","Paid","People & Culture","Noor Mahmoud"
"BLD-101296","2025-08-09","Sick","8","Paid","People & Culture","Noor Mahmoud"
"BLD-101296","2025-09-16","Sick","8","Paid","People & Culture","Noor Mahmoud"
"BLD-101296","2024-06-01","Unplanned","8","Unpaid","People & Culture","Noor Mahmoud"
"BLD-101296","2025-09-25","Sick","8","Paid","People & Culture","Noor Mahmoud"
"BLD-101297","2024-09-18","Unplanned","8","Unpaid","Finance","Yousef Al-Attiyah"
"BLD-101298","2025-01-21","Late","1","Unpaid","People & Culture","Rania Baig"
"BLD-101298","2025-07-31","Sick","8","Paid","People & Culture","Rania Baig"
"BLD-101298","2025-12-19","Sick","8","Paid","People & Culture","Rania Baig"
"BLD-101298","2025-03-27","Unplanned","8","Unpaid","People & Culture","Rania Baig"
"BLD-101298","2025-09-21","Unplanned","8","Unpaid","People & Culture","Rania Baig"
"BLD-101298","2025-07-07","Sick","8","Paid","People & Culture","Rania Baig"
"BLD-101298","2025-07-23","Unplanned","8","Unpaid","People & Culture","Rania Baig"
"BLD-101298","2025-08-07","Unplanned","8","Unpaid","People & Culture","Rania Baig"
"BLD-101299","2025-06-01","Late","1","Unpaid","Finance","Krishna Kapoor"
"BLD-101299","2025-11-19","Unplanned","8","Unpaid","Finance","Krishna Kapoor"
"BLD-101299","2023-12-02","Unplanned","8","Unpaid","Finance","Krishna Kapoor"
"BLD-101301","2023-05-02","Other","8","Unpaid","R&D","Manoj Santos"
"BLD-101301","2023-05-31","Sick","8","Paid","R&D","Manoj Santos"
"BLD-101301","2023-06-05","Sick","8","Paid","R&D","Manoj Santos"
"BLD-101301","2023-07-04","Sick","8","Paid","R&D","Manoj Santos"
"BLD-101301","2023-01-12","Late","3","Paid","R&D","Manoj Santos"
"BLD-101302","2025-09-23","Unplanned","8","Paid","Supply Chain & Logistics","Ravi Khan"
"BLD-101302","2024-08-25","Late","3","Paid","Supply Chain & Logistics","Ravi Khan"
"BLD-101302","2025-02-21","Late","2","Unpaid","Supply Chain & Logistics","Ravi Khan"
"BLD-101302","2025-01-25","Other","8","Paid","Supply Chain & Logistics","Ravi Khan"
"BLD-101302","2024-09-08","Unplanned","8","Paid","Supply Chain & Logistics","Ravi Khan"
"BLD-101302","2024-08-11","Late","1","Unpaid","Supply Chain & Logistics","Ravi Khan"
"BLD-101303","2025-05-03","Unplanned","8","Unpaid","Quality Assurance & Food Safety","Krishna Youssef"
"BLD-101303","2025-05-12","Sick","8","Paid","Quality Assurance & Food Safety","Krishna Youssef"
"BLD-101303","2025-03-12","Sick","8","Paid","Quality Assurance & Food Safety","Krishna Youssef"
"BLD-101303","2025-08-03","Unplanned","8","Unpaid","Quality Assurance & Food Safety","Krishna Youssef"
"BLD-101304","2024-09-16","Sick","8","Paid","Finance","Krishna Kapoor"
"BLD-101304","2023-11-12","Unplanned","8","Paid","Finance","Krishna Kapoor"
"BLD-101305","2024-03-16","Unplanned","8","Unpaid","R&D","Yasmin Malik"
"BLD-101306","2024-03-06","Unplanned","8","Paid","R&D","Anita Ahmed"
"BLD-101306","2024-03-22","Sick","8","Paid","R&D","Anita Ahmed"
"BLD-101306","2024-09-30","Other","8","Unpaid","R&D","Anita Ahmed"
"BLD-101306","2024-09-22","Unplanned","8","Paid","R&D","Anita Ahmed"
"BLD-101306","2024-04-08","Sick","8","Paid","R&D","Anita Ahmed"
"BLD-101306","2024-01-03","Late","3","Paid","R&D","Anita Ahmed"
"BLD-101306","2023-05-30","Sick","8","Paid","R&D","Anita Ahmed"
"BLD-101306","2023-06-10","Late","1","Unpaid","R&D","Anita Ahmed"
"BLD-101306","2024-03-02","Sick","8","Paid","R&D","Anita Ahmed"
"BLD-101306","2024-04-27","Sick","8","Paid","R&D","Anita Ahmed"
"BLD-101306","2024-12-20","Sick","8","Paid","R&D","Anita Ahmed"
"BLD-101306","2024-11-27","Unplanned","8","Unpaid","R&D","Anita Ahmed"
"BLD-101306","2025-01-06","Late","3","Paid","R&D","Anita Ahmed"
"BLD-101306","2023-04-28","Sick","8","Paid","R&D","Anita Ahmed"
"BLD-101306","2024-12-27","Unplanned","8","Unpaid","R&D","Anita Ahmed"
"BLD-101306","2023-09-17","Sick","8","Paid","R&D","Anita Ahmed"
"BLD-101306","2024-09-16","Sick","8","Paid","R&D","Anita Ahmed"
"BLD-101306","2024-09-13","Sick","8","Paid","R&D","Anita Ahmed"
"BLD-101306","2024-02-28","Late","2","Unpaid","R&D","Anita Ahmed"
"BLD-101307","2025-12-17","Late","1","Paid","People & Culture","Yousef Al-Attiyah"
"BLD-101307","2024-12-16","Other","8","Paid","People & Culture","Yousef Al-Attiyah"
"BLD-101307","2025-10-12","Sick","8","Paid","People & Culture","Yousef Al-Attiyah"
"BLD-101307","2025-04-15","Unplanned","8","Unpaid","People & Culture","Yousef Al-Attiyah"
"BLD-101307","2025-02-17","Sick","8","Paid","People & Culture","Yousef Al-Attiyah"
"BLD-101307","2025-04-13","Unplanned","8","Paid","People & Culture","Yousef Al-Attiyah"
"BLD-101307","2025-06-18","Sick","8","Paid","People & Culture","Yousef Al-Attiyah"
"BLD-101308","2025-11-03","Unplanned","8","Unpaid","R&D","Priya Farouk"
"BLD-101308","2024-05-27","Sick","8","Paid","R&D","Priya Farouk"
"BLD-101308","2024-04-10","Unplanned","8","Unpaid","R&D","Priya Farouk"
"BLD-101309","2025-10-17","Sick","8","Paid","Finance","Krishna Kapoor"
"BLD-101309","2025-10-25","Sick","8","Paid","Finance","Krishna Kapoor"
"BLD-101310","2025-09-29","Late","3","Unpaid","Marketing","Ramesh Sharma"
"BLD-101310","2025-09-29","Late","1","Unpaid","Marketing","Ramesh Sharma"
"BLD-101310","2025-11-29","Unplanned","8","Unpaid","Marketing","Ramesh Sharma"
"BLD-101310","2025-11-20","Sick","8","Paid","Marketing","Ramesh Sharma"
"BLD-101310","2023-12-11","Unplanned","8","Paid","Marketing","Ramesh Sharma"
"BLD-101311","2024-11-13","Unplanned","8","Paid","Finance","Rina Malik"
"BLD-101311","2024-07-21","Late","3","Unpaid","Finance","Rina Malik"
"BLD-101311","2024-10-29","Unplanned","8","Paid","Finance","Rina Malik"
"BLD-101311","2024-08-30","Late","1","Unpaid","Finance","Rina Malik"
"BLD-101312","2025-12-03","Sick","8","Paid","Corporate & Executive Office","Priya Farouk"
"BLD-101312","2025-02-03","Late","1","Unpaid","Corporate & Executive Office","Priya Farouk"
"BLD-101313","2024-04-05","Sick","8","Paid","Marketing","Anita Gurung"
"BLD-101313","2024-12-22","Late","1","Unpaid","Marketing","Anita Gurung"
"BLD-101313","2025-05-17","Sick","8","Paid","Marketing","Anita Gurung"
"BLD-101313","2025-06-13","Unplanned","8","Unpaid","Marketing","Anita Gurung"
"BLD-101313","2023-02-24","Unplanned","8","Paid","Marketing","Anita Gurung"
"BLD-101313","2024-12-07","Sick","8","Paid","Marketing","Anita Gurung"
"BLD-101314","2025-12-01","Late","3","Unpaid","IT & Digital","Deepak Gurung"
"BLD-101317","2025-04-24","Unplanned","8","Unpaid","People & Culture","Manoj Fernandes"
"BLD-101317","2025-08-13","Sick","8","Paid","People & Culture","Manoj Fernandes"
"BLD-101317","2025-02-19","Unplanned","8","Paid","People & Culture","Manoj Fernandes"
"BLD-101317","2025-11-16","Sick","8","Paid","People & Culture","Manoj Fernandes"
"BLD-101317","2025-03-23","Late","3","Paid","People & Culture","Manoj Fernandes"
"BLD-101317","2025-05-30","Unplanned","8","Unpaid","People & Culture","Manoj Fernandes"
"BLD-101317","2025-05-27","Unplanned","8","Unpaid","People & Culture","Manoj Fernandes"
"BLD-101317","2025-09-24","Sick","8","Paid","People & Culture","Manoj Fernandes"
"BLD-101318","2024-03-28","Late","1","Paid","Corporate & Executive Office","Arjun Cruz"
"BLD-101318","2024-11-06","Sick","8","Paid","Corporate & Executive Office","Arjun Cruz"
"BLD-101318","2025-03-19","Unplanned","8","Paid","Corporate & Executive Office","Arjun Cruz"
"BLD-101318","2024-03-28","Sick","8","Paid","Corporate & Executive Office","Arjun Cruz"
"BLD-101318","2024-12-24","Other","8","Unpaid","Corporate & Executive Office","Arjun Cruz"
"BLD-101318","2024-05-19","Sick","8","Paid","Corporate & Executive Office","Arjun Cruz"
"BLD-101318","2024-05-06","Unplanned","8","Unpaid","Corporate & Executive Office","Arjun Cruz"
"BLD-101319","2024-11-03","Late","1","Paid","Finance","Grace Fernandes"
"BLD-101319","2025-03-31","Unplanned","8","Paid","Finance","Grace Fernandes"
"BLD-101319","2024-11-28","Sick","8","Paid","Finance","Grace Fernandes"
"BLD-101319","2025-05-01","Sick","8","Paid","Finance","Grace Fernandes"
"BLD-101319","2024-07-07","Sick","8","Paid","Finance","Grace Fernandes"
"BLD-101319","2023-12-18","Sick","8","Paid","Finance","Grace Fernandes"
"BLD-101319","2024-03-30","Unplanned","8","Unpaid","Finance","Grace Fernandes"
"BLD-101319","2025-06-03","Sick","8","Paid","Finance","Grace Fernandes"
"BLD-101319","2024-05-21","Late","3","Unpaid","Finance","Grace Fernandes"
"BLD-101319","2025-08-28","Late","2","Unpaid","Finance","Grace Fernandes"
"BLD-101319","2025-08-08","Unplanned","8","Paid","Finance","Grace Fernandes"
"BLD-101319","2024-04-21","Late","2","Unpaid","Finance","Grace Fernandes"
"BLD-101320","2025-05-21","Unplanned","8","Unpaid","Sales & Distribution","Hari Al-Kuwari"
"BLD-101320","2025-08-02","Unplanned","8","Unpaid","Sales & Distribution","Hari Al-Kuwari"
"BLD-101320","2025-05-18","Unplanned","8","Unpaid","Sales & Distribution","Hari Al-Kuwari"
"BLD-101320","2025-11-13","Unplanned","8","Unpaid","Sales & Distribution","Hari Al-Kuwari"
"BLD-101320","2025-05-05","Late","1","Unpaid","Sales & Distribution","Hari Al-Kuwari"
"BLD-101320","2025-01-17","Unplanned","8","Unpaid","Sales & Distribution","Hari Al-Kuwari"
"BLD-101320","2025-03-03","Late","2","Unpaid","Sales & Distribution","Hari Al-Kuwari"
"BLD-101320","2024-07-17","Unplanned","8","Paid","Sales & Distribution","Hari Al-Kuwari"
"BLD-101320","2024-03-31","Sick","8","Paid","Sales & Distribution","Hari Al-Kuwari"
"BLD-101320","2025-06-17","Unplanned","8","Unpaid","Sales & Distribution","Hari Al-Kuwari"
"BLD-101320","2024-08-22","Unplanned","8","Unpaid","Sales & Distribution","Hari Al-Kuwari"
"BLD-101320","2024-11-04","Late","2","Unpaid","Sales & Distribution","Hari Al-Kuwari"
"BLD-101320","2024-09-02","Sick","8","Paid","Sales & Distribution","Hari Al-Kuwari"
"BLD-101321","2025-07-27","Unplanned","8","Paid","Farm Operations","Ahmed Cruz"
"BLD-101321","2025-08-01","Unplanned","8","Unpaid","Farm Operations","Ahmed Cruz"
"BLD-101321","2024-08-03","Unplanned","8","Paid","Farm Operations","Ahmed Cruz"
"BLD-101321","2025-08-25","Other","8","Paid","Farm Operations","Ahmed Cruz"
"BLD-101321","2025-04-21","Unplanned","8","Paid","Farm Operations","Ahmed Cruz"
"BLD-101322","2024-04-22","Sick","8","Paid","Farm Operations","Krishna Thapa"
"BLD-101323","2025-11-16","Unplanned","8","Paid","Quality Assurance & Food Safety","Omar Ibrahim"
"BLD-101323","2024-10-20","Late","3","Paid","Quality Assurance & Food Safety","Omar Ibrahim"
"BLD-101323","2025-09-30","Late","3","Paid","Quality Assurance & Food Safety","Omar Ibrahim"
"BLD-101324","2023-09-07","Unplanned","8","Unpaid","Marketing","Rowena Chowdhury"
"BLD-101324","2023-07-08","Sick","8","Paid","Marketing","Rowena Chowdhury"
"BLD-101324","2023-04-17","Sick","8","Paid","Marketing","Rowena Chowdhury"
"BLD-101324","2023-05-27","Late","1","Unpaid","Marketing","Rowena Chowdhury"
"BLD-101324","2023-05-19","Sick","8","Paid","Marketing","Rowena Chowdhury"
"BLD-101326","2024-10-24","Sick","8","Paid","Engineering & Maintenance","Ramesh Kapoor"
"BLD-101326","2024-09-10","Unplanned","8","Unpaid","Engineering & Maintenance","Ramesh Kapoor"
"BLD-101326","2024-09-29","Unplanned","8","Paid","Engineering & Maintenance","Ramesh Kapoor"
"BLD-101326","2025-04-09","Sick","8","Paid","Engineering & Maintenance","Ramesh Kapoor"
"BLD-101326","2025-04-14","Unplanned","8","Paid","Engineering & Maintenance","Ramesh Kapoor"
"BLD-101327","2025-01-12","Late","2","Unpaid","Quality Assurance & Food Safety","Sunita Cruz"
"BLD-101327","2025-08-14","Late","3","Unpaid","Quality Assurance & Food Safety","Sunita Cruz"
"BLD-101327","2024-12-16","Unplanned","8","Unpaid","Quality Assurance & Food Safety","Sunita Cruz"
"BLD-101327","2025-01-17","Unplanned","8","Unpaid","Quality Assurance & Food Safety","Sunita Cruz"
"BLD-101327","2024-12-05","Late","2","Unpaid","Quality Assurance & Food Safety","Sunita Cruz"
"BLD-101327","2024-09-29","Sick","8","Paid","Quality Assurance & Food Safety","Sunita Cruz"
"BLD-101328","2025-07-25","Unplanned","8","Unpaid","Finance","Mariam Khan"
"BLD-101329","2025-11-26","Late","2","Paid","Quality Assurance & Food Safety","Hassan Rai"
"BLD-101329","2024-08-22","Unplanned","8","Unpaid","Quality Assurance & Food Safety","Hassan Rai"
"BLD-101329","2025-09-18","Unplanned","8","Unpaid","Quality Assurance & Food Safety","Hassan Rai"
"BLD-101329","2025-12-02","Sick","8","Paid","Quality Assurance & Food Safety","Hassan Rai"
"BLD-101329","2025-02-26","Late","1","Unpaid","Quality Assurance & Food Safety","Hassan Rai"
"BLD-101329","2025-02-26","Sick","8","Paid","Quality Assurance & Food Safety","Hassan Rai"
"BLD-101330","2023-12-25","Other","8","Unpaid","Corporate & Executive Office","Rakesh Islam"
"BLD-101330","2024-12-25","Unplanned","8","Unpaid","Corporate & Executive Office","Rakesh Islam"
"BLD-101330","2023-12-29","Unplanned","8","Paid","Corporate & Executive Office","Rakesh Islam"
"BLD-101330","2024-08-18","Sick","8","Paid","Corporate & Executive Office","Rakesh Islam"
"BLD-101330","2023-12-29","Late","2","Unpaid","Corporate & Executive Office","Rakesh Islam"
"BLD-101330","2024-02-03","Late","2","Paid","Corporate & Executive Office","Rakesh Islam"
"BLD-101330","2023-12-04","Sick","8","Paid","Corporate & Executive Office","Rakesh Islam"
"BLD-101330","2023-10-02","Unplanned","8","Paid","Corporate & Executive Office","Rakesh Islam"
"BLD-101330","2024-07-27","Sick","8","Paid","Corporate & Executive Office","Rakesh Islam"
"BLD-101331","2025-10-30","Sick","8","Paid","Corporate & Executive Office","Rowena Fernandes"
"BLD-101331","2025-12-17","Sick","8","Paid","Corporate & Executive Office","Rowena Fernandes"
"BLD-101332","2025-11-20","Sick","8","Paid","Farm Operations","Ramesh Malik"
"BLD-101332","2024-09-16","Sick","8","Paid","Farm Operations","Ramesh Malik"
"BLD-101332","2025-07-25","Sick","8","Paid","Farm Operations","Ramesh Malik"
"BLD-101332","2025-06-06","Unplanned","8","Paid","Farm Operations","Ramesh Malik"
"BLD-101332","2025-07-10","Sick","8","Paid","Farm Operations","Ramesh Malik"
"BLD-101332","2025-01-22","Sick","8","Paid","Farm Operations","Ramesh Malik"
"BLD-101332","2025-03-20","Sick","8","Paid","Farm Operations","Ramesh Malik"
"BLD-101332","2025-09-04","Sick","8","Paid","Farm Operations","Ramesh Malik"
"BLD-101332","2025-10-24","Sick","8","Paid","Farm Operations","Ramesh Malik"
"BLD-101333","2025-12-18","Sick","8","Paid","Quality Assurance & Food Safety","Aisha Ahmed"
"BLD-101333","2025-12-19","Unplanned","8","Unpaid","Quality Assurance & Food Safety","Aisha Ahmed"
"BLD-101335","2024-10-15","Late","1","Paid","Corporate & Executive Office","Noor Abdullah"
"BLD-101335","2024-02-19","Unplanned","8","Paid","Corporate & Executive Office","Noor Abdullah"
"BLD-101335","2024-08-12","Late","3","Paid","Corporate & Executive Office","Noor Abdullah"
"BLD-101335","2023-09-25","Sick","8","Paid","Corporate & Executive Office","Noor Abdullah"
"BLD-101335","2024-01-22","Late","1","Unpaid","Corporate & Executive Office","Noor Abdullah"
"BLD-101336","2025-02-15","Sick","8","Paid","Supply Chain & Logistics","Layla Ahmed"
"BLD-101336","2025-02-12","Unplanned","8","Unpaid","Supply Chain & Logistics","Layla Ahmed"
"BLD-101336","2025-06-30","Sick","8","Paid","Supply Chain & Logistics","Layla Ahmed"
"BLD-101336","2025-08-04","Sick","8","Paid","Supply Chain & Logistics","Layla Ahmed"
"BLD-101336","2025-12-06","Late","1","Unpaid","Supply Chain & Logistics","Layla Ahmed"
"BLD-101337","2025-11-13","Sick","8","Paid","Quality Assurance & Food Safety","Manoj Al-Kuwari"
"BLD-101337","2025-07-06","Late","2","Unpaid","Quality Assurance & Food Safety","Manoj Al-Kuwari"
"BLD-101337","2025-11-21","Late","2","Unpaid","Quality Assurance & Food Safety","Manoj Al-Kuwari"
"BLD-101338","2023-07-01","Other","8","Unpaid","People & Culture","Sameer Iqbal"
"BLD-101338","2024-08-09","Late","1","Unpaid","People & Culture","Sameer Iqbal"
"BLD-101338","2024-03-20","Late","3","Unpaid","People & Culture","Sameer Iqbal"
"BLD-101338","2025-10-31","Unplanned","8","Unpaid","People & Culture","Sameer Iqbal"
"BLD-101338","2025-02-19","Late","1","Paid","People & Culture","Sameer Iqbal"
"BLD-101338","2024-12-16","Sick","8","Paid","People & Culture","Sameer Iqbal"
"BLD-101338","2025-08-22","Late","3","Paid","People & Culture","Sameer Iqbal"
"BLD-101338","2024-08-17","Unplanned","8","Unpaid","People & Culture","Sameer Iqbal"
"BLD-101338","2025-09-15","Unplanned","8","Unpaid","People & Culture","Sameer Iqbal"
"BLD-101338","2025-05-31","Sick","8","Paid","People & Culture","Sameer Iqbal"
"BLD-101338","2024-01-14","Other","8","Unpaid","People & Culture","Sameer Iqbal"
"BLD-101339","2025-09-17","Sick","8","Paid","People & Culture","Juan Malik"
"BLD-101339","2024-12-01","Late","1","Unpaid","People & Culture","Juan Malik"
"BLD-101339","2025-01-31","Sick","8","Paid","People & Culture","Juan Malik"
"BLD-101339","2025-06-04","Late","3","Paid","People & Culture","Juan Malik"
"BLD-101340","2023-08-11","Unplanned","8","Unpaid","Supply Chain & Logistics","Ramesh Santos"
"BLD-101340","2023-05-04","Sick","8","Paid","Supply Chain & Logistics","Ramesh Santos"
"BLD-101340","2023-11-06","Sick","8","Paid","Supply Chain & Logistics","Ramesh Santos"
"BLD-101340","2023-07-28","Unplanned","8","Paid","Supply Chain & Logistics","Ramesh Santos"
"BLD-101340","2023-07-06","Unplanned","8","Paid","Supply Chain & Logistics","Ramesh Santos"
"BLD-101341","2024-11-28","Late","2","Paid","Production","Ali Ibrahim"
"BLD-101341","2025-07-01","Unplanned","8","Unpaid","Production","Ali Ibrahim"
"BLD-101341","2024-02-09","Late","2","Unpaid","Production","Ali Ibrahim"
"BLD-101341","2023-08-29","Unplanned","8","Unpaid","Production","Ali Ibrahim"
"BLD-101341","2024-10-25","Sick","8","Paid","Production","Ali Ibrahim"
"BLD-101341","2024-07-02","Sick","8","Paid","Production","Ali Ibrahim"
"BLD-101341","2023-12-10","Sick","8","Paid","Production","Ali Ibrahim"
"BLD-101341","2025-06-27","Sick","8","Paid","Production","Ali Ibrahim"
"BLD-101342","2024-12-28","Late","3","Unpaid","Engineering & Maintenance","Ramesh Kapoor"
"BLD-101342","2025-12-18","Sick","8","Paid","Engineering & Maintenance","Ramesh Kapoor"
"BLD-101342","2025-05-28","Sick","8","Paid","Engineering & Maintenance","Ramesh Kapoor"
"BLD-101343","2025-12-20","Sick","8","Paid","Procurement","Yasmin Iqbal"
"BLD-101343","2025-10-04","Unplanned","8","Paid","Procurement","Yasmin Iqbal"
"BLD-101344","2024-12-30","Late","3","Paid","Procurement","Mohamed Chowdhury"
"BLD-101344","2025-10-05","Other","8","Unpaid","Procurement","Mohamed Chowdhury"
"BLD-101344","2023-08-02","Unplanned","8","Paid","Procurement","Mohamed Chowdhury"
"BLD-101344","2025-01-27","Unplanned","8","Unpaid","Procurement","Mohamed Chowdhury"
"BLD-101344","2025-07-14","Unplanned","8","Paid","Procurement","Mohamed Chowdhury"
"BLD-101344","2024-09-10","Unplanned","8","Unpaid","Procurement","Mohamed Chowdhury"
"BLD-101344","2024-07-14","Other","8","Unpaid","Procurement","Mohamed Chowdhury"
"BLD-101344","2023-11-20","Sick","8","Paid","Procurement","Mohamed Chowdhury"
"BLD-101344","2024-04-04","Unplanned","8","Paid","Procurement","Mohamed Chowdhury"
"BLD-101344","2025-04-06","Sick","8","Paid","Procurement","Mohamed Chowdhury"
"BLD-101344","2024-12-10","Sick","8","Paid","Procurement","Mohamed Chowdhury"
"BLD-101344","2025-03-22","Unplanned","8","Paid","Procurement","Mohamed Chowdhury"
"BLD-101345","2023-04-23","Unplanned","8","Paid","Supply Chain & Logistics","Anil Islam"
"BLD-101345","2023-06-02","Unplanned","8","Unpaid","Supply Chain & Logistics","Anil Islam"
"BLD-101345","2023-04-12","Late","1","Paid","Supply Chain & Logistics","Anil Islam"
"BLD-101345","2023-12-21","Sick","8","Paid","Supply Chain & Logistics","Anil Islam"
"BLD-101345","2023-04-09","Sick","8","Paid","Supply Chain & Logistics","Anil Islam"
"BLD-101345","2023-07-28","Late","3","Unpaid","Supply Chain & Logistics","Anil Islam"
"BLD-101345","2023-12-10","Unplanned","8","Paid","Supply Chain & Logistics","Anil Islam"
"BLD-101345","2023-12-17","Sick","8","Paid","Supply Chain & Logistics","Anil Islam"
"BLD-101345","2023-09-21","Sick","8","Paid","Supply Chain & Logistics","Anil Islam"
"BLD-101345","2023-07-23","Sick","8","Paid","Supply Chain & Logistics","Anil Islam"
"BLD-101345","2023-09-18","Sick","8","Paid","Supply Chain & Logistics","Anil Islam"
"BLD-101345","2024-05-08","Unplanned","8","Paid","Supply Chain & Logistics","Anil Islam"
"BLD-101346","2025-08-18","Unplanned","8","Unpaid","Engineering & Maintenance","Suresh Devi"
"BLD-101346","2025-07-30","Sick","8","Paid","Engineering & Maintenance","Suresh Devi"
"BLD-101347","2025-05-09","Unplanned","8","Unpaid","Finance","Sameer Abdullah"
"BLD-101347","2024-05-26","Late","3","Unpaid","Finance","Sameer Abdullah"
"BLD-101347","2023-09-11","Unplanned","8","Unpaid","Finance","Sameer Abdullah"
"BLD-101347","2025-09-23","Late","2","Unpaid","Finance","Sameer Abdullah"
"BLD-101347","2025-07-20","Late","3","Unpaid","Finance","Sameer Abdullah"
"BLD-101348","2024-07-19","Sick","8","Paid","Quality Assurance & Food Safety","Pooja Mansour"
"BLD-101348","2023-12-16","Sick","8","Paid","Quality Assurance & Food Safety","Pooja Mansour"
"BLD-101348","2024-10-13","Sick","8","Paid","Quality Assurance & Food Safety","Pooja Mansour"
"BLD-101348","2025-11-15","Unplanned","8","Paid","Quality Assurance & Food Safety","Pooja Mansour"
"BLD-101348","2024-04-11","Unplanned","8","Unpaid","Quality Assurance & Food Safety","Pooja Mansour"
"BLD-101348","2025-09-15","Unplanned","8","Paid","Quality Assurance & Food Safety","Pooja Mansour"
"BLD-101348","2025-05-08","Other","8","Unpaid","Quality Assurance & Food Safety","Pooja Mansour"
"BLD-101348","2023-04-23","Sick","8","Paid","Quality Assurance & Food Safety","Pooja Mansour"
"BLD-101348","2024-04-10","Unplanned","8","Unpaid","Quality Assurance & Food Safety","Pooja Mansour"
"BLD-101348","2023-12-06","Late","3","Unpaid","Quality Assurance & Food Safety","Pooja Mansour"
"BLD-101348","2023-04-03","Sick","8","Paid","Quality Assurance & Food Safety","Pooja Mansour"
"BLD-101348","2025-03-18","Sick","8","Paid","Quality Assurance & Food Safety","Pooja Mansour"
"BLD-101348","2023-08-09","Sick","8","Paid","Quality Assurance & Food Safety","Pooja Mansour"
"BLD-101348","2023-08-31","Sick","8","Paid","Quality Assurance & Food Safety","Pooja Mansour"
"BLD-101349","2025-01-13","Late","3","Paid","Sales & Distribution","Yasmin Sharma"
"BLD-101349","2024-10-31","Unplanned","8","Unpaid","Sales & Distribution","Yasmin Sharma"
"BLD-101350","2025-02-22","Unplanned","8","Unpaid","People & Culture","Sunita Youssef"
"BLD-101351","2025-05-08","Sick","8","Paid","Engineering & Maintenance","Bishnu El-Sayed"
"BLD-101351","2025-08-23","Late","1","Paid","Engineering & Maintenance","Bishnu El-Sayed"
"BLD-101351","2025-07-17","Unplanned","8","Paid","Engineering & Maintenance","Bishnu El-Sayed"
"BLD-101352","2024-10-17","Other","8","Unpaid","Production","Mohamed Baig"
"BLD-101352","2025-05-02","Sick","8","Paid","Production","Mohamed Baig"
"BLD-101352","2025-04-19","Sick","8","Paid","Production","Mohamed Baig"
"BLD-101352","2025-03-25","Sick","8","Paid","Production","Mohamed Baig"
"BLD-101353","2024-10-30","Sick","8","Paid","Sales & Distribution","Suresh Iqbal"
"BLD-101353","2025-02-04","Sick","8","Paid","Sales & Distribution","Suresh Iqbal"
"BLD-101353","2025-04-22","Unplanned","8","Paid","Sales & Distribution","Suresh Iqbal"
"BLD-101353","2025-07-17","Unplanned","8","Unpaid","Sales & Distribution","Suresh Iqbal"
"BLD-101353","2025-09-19","Late","3","Unpaid","Sales & Distribution","Suresh Iqbal"
"BLD-101353","2025-03-30","Sick","8","Paid","Sales & Distribution","Suresh Iqbal"
"BLD-101353","2025-08-09","Late","3","Unpaid","Sales & Distribution","Suresh Iqbal"
"BLD-101354","2024-04-05","Other","8","Unpaid","Farm Operations","Sameer Kapoor"
"BLD-101354","2024-01-17","Sick","8","Paid","Farm Operations","Sameer Kapoor"
"BLD-101354","2025-06-09","Sick","8","Paid","Farm Operations","Sameer Kapoor"
"BLD-101354","2024-09-10","Late","1","Paid","Farm Operations","Sameer Kapoor"
"BLD-101354","2023-12-22","Unplanned","8","Unpaid","Farm Operations","Sameer Kapoor"
"BLD-101354","2025-10-19","Sick","8","Paid","Farm Operations","Sameer Kapoor"
"BLD-101354","2023-06-21","Sick","8","Paid","Farm Operations","Sameer Kapoor"
"BLD-101354","2024-10-06","Unplanned","8","Unpaid","Farm Operations","Sameer Kapoor"
"BLD-101354","2024-06-14","Other","8","Paid","Farm Operations","Sameer Kapoor"
"BLD-101354","2023-08-29","Sick","8","Paid","Farm Operations","Sameer Kapoor"
"BLD-101354","2024-12-24","Unplanned","8","Paid","Farm Operations","Sameer Kapoor"
"BLD-101355","2025-07-03","Unplanned","8","Unpaid","Sales & Distribution","Jose Malik"
"BLD-101355","2025-04-25","Sick","8","Paid","Sales & Distribution","Jose Malik"
"BLD-101355","2025-05-24","Sick","8","Paid","Sales & Distribution","Jose Malik"
"BLD-101355","2025-12-03","Sick","8","Paid","Sales & Distribution","Jose Malik"
"BLD-101356","2025-09-23","Sick","8","Paid","Finance","Fatima Youssef"
"BLD-101356","2024-08-04","Unplanned","8","Paid","Finance","Fatima Youssef"
"BLD-101357","2023-05-08","Sick","8","Paid","Quality Assurance & Food Safety","Kumar Mansour"
"BLD-101357","2023-05-21","Sick","8","Paid","Quality Assurance & Food Safety","Kumar Mansour"
"BLD-101357","2024-04-17","Sick","8","Paid","Quality Assurance & Food Safety","Kumar Mansour"
"BLD-101357","2025-07-10","Sick","8","Paid","Quality Assurance & Food Safety","Kumar Mansour"
"BLD-101357","2023-01-17","Sick","8","Paid","Quality Assurance & Food Safety","Kumar Mansour"
"BLD-101357","2025-12-11","Sick","8","Paid","Quality Assurance & Food Safety","Kumar Mansour"
"BLD-101357","2023-03-06","Sick","8","Paid","Quality Assurance & Food Safety","Kumar Mansour"
"BLD-101357","2024-05-20","Sick","8","Paid","Quality Assurance & Food Safety","Kumar Mansour"
"BLD-101357","2024-05-05","Unplanned","8","Paid","Quality Assurance & Food Safety","Kumar Mansour"
"BLD-101357","2024-05-18","Sick","8","Paid","Quality Assurance & Food Safety","Kumar Mansour"
"BLD-101357","2025-12-20","Sick","8","Paid","Quality Assurance & Food Safety","Kumar Mansour"
"BLD-101357","2025-08-17","Sick","8","Paid","Quality Assurance & Food Safety","Kumar Mansour"
"BLD-101357","2025-06-23","Sick","8","Paid","Quality Assurance & Food Safety","Kumar Mansour"
"BLD-101357","2025-04-25","Unplanned","8","Unpaid","Quality Assurance & Food Safety","Kumar Mansour"
"BLD-101357","2025-08-17","Sick","8","Paid","Quality Assurance & Food Safety","Kumar Mansour"
"BLD-101357","2025-11-01","Sick","8","Paid","Quality Assurance & Food Safety","Kumar Mansour"
"BLD-101357","2023-10-17","Late","3","Unpaid","Quality Assurance & Food Safety","Kumar Mansour"
"BLD-101357","2024-03-01","Late","3","Paid","Quality Assurance & Food Safety","Kumar Mansour"
"BLD-101357","2025-12-15","Unplanned","8","Unpaid","Quality Assurance & Food Safety","Kumar Mansour"
"BLD-101357","2025-03-15","Late","3","Unpaid","Quality Assurance & Food Safety","Kumar Mansour"
"BLD-101358","2024-12-12","Unplanned","8","Unpaid","IT & Digital","Deepak Gurung"
"BLD-101359","2025-07-02","Late","3","Unpaid","R&D","Hind Khan"
"BLD-101359","2025-07-27","Sick","8","Paid","R&D","Hind Khan"
"BLD-101359","2025-08-02","Late","2","Paid","R&D","Hind Khan"
"BLD-101359","2025-03-04","Late","3","Paid","R&D","Hind Khan"
"BLD-101360","2025-07-12","Sick","8","Paid","IT & Digital","Ahmed Al-Sayed"
"BLD-101361","2024-03-31","Late","3","Unpaid","Production","Kavita Chowdhury"
"BLD-101361","2024-06-27","Late","3","Unpaid","Production","Kavita Chowdhury"
"BLD-101361","2025-11-14","Late","1","Paid","Production","Kavita Chowdhury"
"BLD-101361","2024-12-25","Sick","8","Paid","Production","Kavita Chowdhury"
"BLD-101361","2025-01-03","Sick","8","Paid","Production","Kavita Chowdhury"
"BLD-101361","2024-11-16","Sick","8","Paid","Production","Kavita Chowdhury"
"BLD-101361","2025-01-05","Late","1","Unpaid","Production","Kavita Chowdhury"
"BLD-101361","2024-10-02","Unplanned","8","Unpaid","Production","Kavita Chowdhury"
"BLD-101361","2025-09-27","Unplanned","8","Unpaid","Production","Kavita Chowdhury"
"BLD-101361","2025-09-30","Sick","8","Paid","Production","Kavita Chowdhury"
"BLD-101361","2024-12-03","Unplanned","8","Unpaid","Production","Kavita Chowdhury"
"BLD-101361","2023-12-14","Sick","8","Paid","Production","Kavita Chowdhury"
"BLD-101362","2025-03-29","Sick","8","Paid","Finance","Santosh Reyes"
"BLD-101363","2024-12-04","Sick","8","Paid","Corporate & Executive Office","Deepak Abdullah"
"BLD-101363","2025-07-10","Unplanned","8","Paid","Corporate & Executive Office","Deepak Abdullah"
"BLD-101363","2024-12-06","Sick","8","Paid","Corporate & Executive Office","Deepak Abdullah"
"BLD-101363","2024-12-22","Sick","8","Paid","Corporate & Executive Office","Deepak Abdullah"
"BLD-101363","2025-05-27","Late","2","Paid","Corporate & Executive Office","Deepak Abdullah"
"BLD-101363","2025-03-21","Sick","8","Paid","Corporate & Executive Office","Deepak Abdullah"
"BLD-101363","2025-11-29","Sick","8","Paid","Corporate & Executive Office","Deepak Abdullah"
"BLD-101363","2025-02-02","Unplanned","8","Unpaid","Corporate & Executive Office","Deepak Abdullah"
"BLD-101363","2025-05-08","Sick","8","Paid","Corporate & Executive Office","Deepak Abdullah"
"BLD-101363","2024-08-18","Unplanned","8","Unpaid","Corporate & Executive Office","Deepak Abdullah"
"BLD-101363","2024-12-25","Late","2","Paid","Corporate & Executive Office","Deepak Abdullah"
"BLD-101365","2025-10-31","Unplanned","8","Unpaid","Marketing","Dina Farouk"
"BLD-101365","2025-06-30","Late","2","Paid","Marketing","Dina Farouk"
"BLD-101365","2025-10-17","Unplanned","8","Paid","Marketing","Dina Farouk"
"BLD-101365","2025-07-03","Sick","8","Paid","Marketing","Dina Farouk"
"BLD-101365","2025-04-01","Sick","8","Paid","Marketing","Dina Farouk"
"BLD-101365","2025-10-11","Sick","8","Paid","Marketing","Dina Farouk"
"BLD-101367","2025-06-07","Unplanned","8","Unpaid","Finance","Mohamed Al-Sayed"
"BLD-101367","2025-12-16","Sick","8","Paid","Finance","Mohamed Al-Sayed"
"BLD-101368","2025-08-12","Unplanned","8","Paid","Marketing","Dina Farouk"
"BLD-101368","2025-10-02","Late","3","Unpaid","Marketing","Dina Farouk"
"BLD-101368","2025-08-12","Sick","8","Paid","Marketing","Dina Farouk"
"BLD-101368","2025-07-11","Late","2","Unpaid","Marketing","Dina Farouk"
"BLD-101369","2024-06-30","Unplanned","8","Unpaid","Quality Assurance & Food Safety","Anil Khan"
"BLD-101369","2023-07-04","Unplanned","8","Unpaid","Quality Assurance & Food Safety","Anil Khan"
"BLD-101369","2025-06-06","Sick","8","Paid","Quality Assurance & Food Safety","Anil Khan"
"BLD-101369","2024-04-10","Sick","8","Paid","Quality Assurance & Food Safety","Anil Khan"
"BLD-101369","2023-07-24","Unplanned","8","Unpaid","Quality Assurance & Food Safety","Anil Khan"
"BLD-101369","2023-10-06","Late","3","Unpaid","Quality Assurance & Food Safety","Anil Khan"
"BLD-101369","2023-08-06","Unplanned","8","Paid","Quality Assurance & Food Safety","Anil Khan"
"BLD-101369","2025-12-12","Other","8","Paid","Quality Assurance & Food Safety","Anil Khan"
"BLD-101369","2025-04-13","Unplanned","8","Paid","Quality Assurance & Food Safety","Anil Khan"
"BLD-101369","2025-02-19","Sick","8","Paid","Quality Assurance & Food Safety","Anil Khan"
"BLD-101369","2023-11-30","Sick","8","Paid","Quality Assurance & Food Safety","Anil Khan"
"BLD-101369","2023-06-20","Sick","8","Paid","Quality Assurance & Food Safety","Anil Khan"
"BLD-101369","2025-04-11","Unplanned","8","Unpaid","Quality Assurance & Food Safety","Anil Khan"
"BLD-101370","2024-08-29","Sick","8","Paid","R&D","Manoj Fernandes"
"BLD-101370","2024-12-12","Sick","8","Paid","R&D","Manoj Fernandes"
"BLD-101370","2024-12-07","Late","3","Unpaid","R&D","Manoj Fernandes"
"BLD-101370","2023-04-24","Unplanned","8","Paid","R&D","Manoj Fernandes"
"BLD-101370","2024-09-08","Late","1","Unpaid","R&D","Manoj Fernandes"
"BLD-101370","2023-08-28","Sick","8","Paid","R&D","Manoj Fernandes"
"BLD-101371","2023-09-28","Unplanned","8","Paid","Marketing","Huda Abdullah"
"BLD-101371","2023-09-14","Late","3","Unpaid","Marketing","Huda Abdullah"
"BLD-101371","2023-07-17","Sick","8","Paid","Marketing","Huda Abdullah"
"BLD-101371","2024-07-24","Sick","8","Paid","Marketing","Huda Abdullah"
"BLD-101371","2025-08-24","Unplanned","8","Paid","Marketing","Huda Abdullah"
"BLD-101371","2023-07-14","Sick","8","Paid","Marketing","Huda Abdullah"
"BLD-101371","2025-06-15","Unplanned","8","Paid","Marketing","Huda Abdullah"
"BLD-101371","2024-07-28","Sick","8","Paid","Marketing","Huda Abdullah"
"BLD-101371","2024-04-01","Unplanned","8","Paid","Marketing","Huda Abdullah"
"BLD-101371","2025-07-16","Sick","8","Paid","Marketing","Huda Abdullah"
"BLD-101371","2025-12-25","Unplanned","8","Paid","Marketing","Huda Abdullah"
"BLD-101372","2025-11-23","Other","8","Paid","Procurement","Bikram Youssef"
"BLD-101372","2025-07-22","Sick","8","Paid","Procurement","Bikram Youssef"
"BLD-101372","2025-08-11","Sick","8","Paid","Procurement","Bikram Youssef"
"BLD-101372","2025-08-10","Sick","8","Paid","Procurement","Bikram Youssef"
"BLD-101372","2025-12-18","Late","3","Unpaid","Procurement","Bikram Youssef"
"BLD-101372","2025-10-17","Sick","8","Paid","Procurement","Bikram Youssef"
"BLD-101372","2025-12-12","Sick","8","Paid","Procurement","Bikram Youssef"
"BLD-101372","2025-09-09","Sick","8","Paid","Procurement","Bikram Youssef"
"BLD-101372","2025-01-21","Unplanned","8","Paid","Procurement","Bikram Youssef"
"BLD-101372","2025-10-17","Unplanned","8","Unpaid","Procurement","Bikram Youssef"
"BLD-101373","2025-09-20","Unplanned","8","Paid","Sales & Distribution","Ramesh El-Sayed"
"BLD-101373","2025-11-23","Unplanned","8","Paid","Sales & Distribution","Ramesh El-Sayed"
"BLD-101373","2025-07-26","Unplanned","8","Unpaid","Sales & Distribution","Ramesh El-Sayed"
"BLD-101373","2025-07-13","Late","2","Unpaid","Sales & Distribution","Ramesh El-Sayed"
"BLD-101373","2025-08-16","Sick","8","Paid","Sales & Distribution","Ramesh El-Sayed"
"BLD-101373","2025-11-15","Late","3","Unpaid","Sales & Distribution","Ramesh El-Sayed"
"BLD-101373","2025-07-16","Sick","8","Paid","Sales & Distribution","Ramesh El-Sayed"
"BLD-101374","2025-09-25","Late","3","Unpaid","Supply Chain & Logistics","Rakesh Cruz"
"BLD-101375","2025-03-30","Sick","8","Paid","Finance","Santosh Fernandes"
"BLD-101375","2025-12-10","Late","2","Paid","Finance","Santosh Fernandes"
"BLD-101375","2025-06-20","Sick","8","Paid","Finance","Santosh Fernandes"
"BLD-101375","2024-06-23","Late","3","Unpaid","Finance","Santosh Fernandes"
"BLD-101375","2025-11-17","Other","8","Paid","Finance","Santosh Fernandes"
"BLD-101375","2025-08-28","Unplanned","8","Unpaid","Finance","Santosh Fernandes"
"BLD-101375","2024-12-25","Late","1","Paid","Finance","Santosh Fernandes"
"BLD-101375","2025-09-18","Unplanned","8","Unpaid","Finance","Santosh Fernandes"
"BLD-101375","2025-04-17","Unplanned","8","Unpaid","Finance","Santosh Fernandes"
"BLD-101375","2024-08-19","Late","1","Unpaid","Finance","Santosh Fernandes"
"BLD-101375","2025-07-26","Late","2","Unpaid","Finance","Santosh Fernandes"
"BLD-101375","2023-11-11","Sick","8","Paid","Finance","Santosh Fernandes"
"BLD-101375","2024-04-01","Unplanned","8","Paid","Finance","Santosh Fernandes"
"BLD-101375","2024-10-14","Sick","8","Paid","Finance","Santosh Fernandes"
"BLD-101375","2024-05-27","Sick","8","Paid","Finance","Santosh Fernandes"
"BLD-101375","2024-03-22","Unplanned","8","Unpaid","Finance","Santosh Fernandes"
"BLD-101376","2025-07-24","Late","2","Paid","Procurement","Bikram Al-Sayed"
"BLD-101376","2025-08-20","Unplanned","8","Paid","Procurement","Bikram Al-Sayed"
"BLD-101376","2025-08-21","Unplanned","8","Paid","Procurement","Bikram Al-Sayed"
"BLD-101377","2024-05-07","Sick","8","Paid","Supply Chain & Logistics","Suresh Reyes"
"BLD-101377","2023-10-14","Sick","8","Paid","Supply Chain & Logistics","Suresh Reyes"
"BLD-101379","2025-11-10","Unplanned","8","Unpaid","Supply Chain & Logistics","Rina Hassan"
"BLD-101379","2025-03-04","Sick","8","Paid","Supply Chain & Logistics","Rina Hassan"
"BLD-101379","2025-12-03","Sick","8","Paid","Supply Chain & Logistics","Rina Hassan"
"BLD-101379","2024-06-22","Sick","8","Paid","Supply Chain & Logistics","Rina Hassan"
"BLD-101379","2024-08-01","Sick","8","Paid","Supply Chain & Logistics","Rina Hassan"
"BLD-101380","2024-03-18","Late","2","Unpaid","Production","Bishnu Mansour"
"BLD-101380","2024-10-05","Unplanned","8","Unpaid","Production","Bishnu Mansour"
"BLD-101380","2024-04-11","Sick","8","Paid","Production","Bishnu Mansour"
"BLD-101380","2024-06-21","Sick","8","Paid","Production","Bishnu Mansour"
"BLD-101380","2024-03-19","Other","8","Unpaid","Production","Bishnu Mansour"
"BLD-101380","2024-01-09","Unplanned","8","Unpaid","Production","Bishnu Mansour"
"BLD-101380","2023-12-18","Sick","8","Paid","Production","Bishnu Mansour"
"BLD-101380","2024-03-05","Unplanned","8","Paid","Production","Bishnu Mansour"
"BLD-101380","2024-11-17","Other","8","Paid","Production","Bishnu Mansour"
"BLD-101380","2024-11-08","Sick","8","Paid","Production","Bishnu Mansour"
"BLD-101381","2025-08-11","Sick","8","Paid","Procurement","Rakesh Fernandes"
"BLD-101382","2025-04-04","Late","1","Paid","IT & Digital","Ahmed Al-Sayed"
"BLD-101382","2024-03-27","Unplanned","8","Unpaid","IT & Digital","Ahmed Al-Sayed"
"BLD-101382","2025-09-16","Sick","8","Paid","IT & Digital","Ahmed Al-Sayed"
"BLD-101382","2024-02-08","Sick","8","Paid","IT & Digital","Ahmed Al-Sayed"
"BLD-101382","2025-12-04","Sick","8","Paid","IT & Digital","Ahmed Al-Sayed"
"BLD-101382","2025-08-13","Sick","8","Paid","IT & Digital","Ahmed Al-Sayed"
"BLD-101383","2025-12-07","Sick","8","Paid","IT & Digital","Jose Chowdhury"
"BLD-101383","2025-10-10","Sick","8","Paid","IT & Digital","Jose Chowdhury"
"BLD-101384","2025-12-07","Sick","8","Paid","Marketing","Bishnu Sharma"
"BLD-101386","2025-09-17","Unplanned","8","Paid","Procurement","Mohamed Chowdhury"
"BLD-101387","2025-08-30","Sick","8","Paid","Production","Deepak Mahmoud"
"BLD-101388","2025-09-16","Unplanned","8","Paid","Sales & Distribution","Kumar El-Sayed"
"BLD-101388","2025-09-09","Sick","8","Paid","Sales & Distribution","Kumar El-Sayed"
"BLD-101388","2024-01-19","Sick","8","Paid","Sales & Distribution","Kumar El-Sayed"
"BLD-101388","2024-10-28","Unplanned","8","Paid","Sales & Distribution","Kumar El-Sayed"
"BLD-101388","2025-12-26","Unplanned","8","Unpaid","Sales & Distribution","Kumar El-Sayed"
"BLD-101388","2025-11-28","Sick","8","Paid","Sales & Distribution","Kumar El-Sayed"
"BLD-101389","2025-08-13","Late","2","Unpaid","Procurement","Faisal Iqbal"
"BLD-101389","2025-04-09","Sick","8","Paid","Procurement","Faisal Iqbal"
"BLD-101389","2025-09-22","Late","3","Paid","Procurement","Faisal Iqbal"
"BLD-101389","2025-07-26","Late","1","Paid","Procurement","Faisal Iqbal"
"BLD-101390","2024-11-11","Sick","8","Paid","Sales & Distribution","Suresh Hassan"
"BLD-101391","2025-01-22","Late","1","Unpaid","Finance","Grace Fernandes"
"BLD-101391","2024-07-29","Unplanned","8","Paid","Finance","Grace Fernandes"
"BLD-101391","2025-09-26","Sick","8","Paid","Finance","Grace Fernandes"
"BLD-101391","2024-08-02","Sick","8","Paid","Finance","Grace Fernandes"
"BLD-101391","2024-12-02","Unplanned","8","Paid","Finance","Grace Fernandes"
"BLD-101391","2024-11-18","Sick","8","Paid","Finance","Grace Fernandes"
"BLD-101391","2025-05-05","Unplanned","8","Unpaid","Finance","Grace Fernandes"
"BLD-101391","2024-09-03","Sick","8","Paid","Finance","Grace Fernandes"
"BLD-101391","2024-03-13","Sick","8","Paid","Finance","Grace Fernandes"
"BLD-101392","2025-06-06","Unplanned","8","Paid","People & Culture","Juan Gurung"
"BLD-101392","2024-12-19","Sick","8","Paid","People & Culture","Juan Gurung"
"BLD-101392","2025-05-24","Unplanned","8","Paid","People & Culture","Juan Gurung"
"BLD-101392","2025-02-07","Sick","8","Paid","People & Culture","Juan Gurung"
"BLD-101392","2025-09-12","Sick","8","Paid","People & Culture","Juan Gurung"
"BLD-101392","2025-04-02","Unplanned","8","Unpaid","People & Culture","Juan Gurung"
"BLD-101392","2024-12-04","Sick","8","Paid","People & Culture","Juan Gurung"
"BLD-101392","2024-11-14","Sick","8","Paid","People & Culture","Juan Gurung"
"BLD-101392","2025-04-16","Late","2","Paid","People & Culture","Juan Gurung"
"BLD-101392","2024-12-05","Sick","8","Paid","People & Culture","Juan Gurung"
"BLD-101392","2024-12-20","Unplanned","8","Paid","People & Culture","Juan Gurung"
"BLD-101393","2025-10-27","Other","8","Paid","Production","Santosh Gurung"
"BLD-101393","2025-10-11","Unplanned","8","Unpaid","Production","Santosh Gurung"
"BLD-101395","2024-12-23","Late","2","Paid","Production","Sameer Cruz"
"BLD-101395","2025-02-04","Sick","8","Paid","Production","Sameer Cruz"
"BLD-101396","2025-05-25","Late","2","Paid","R&D","Kumar Malik"
"BLD-101396","2024-11-13","Unplanned","8","Paid","R&D","Kumar Malik"
"BLD-101396","2024-08-12","Sick","8","Paid","R&D","Kumar Malik"
"BLD-101396","2025-09-28","Sick","8","Paid","R&D","Kumar Malik"
"BLD-101396","2025-11-06","Late","3","Unpaid","R&D","Kumar Malik"
"BLD-101396","2025-01-15","Sick","8","Paid","R&D","Kumar Malik"
"BLD-101396","2024-08-18","Late","3","Unpaid","R&D","Kumar Malik"
"BLD-101396","2025-11-10","Unplanned","8","Paid","R&D","Kumar Malik"
"BLD-101396","2024-11-25","Sick","8","Paid","R&D","Kumar Malik"
"BLD-101396","2025-03-18","Sick","8","Paid","R&D","Kumar Malik"
"BLD-101396","2025-05-09","Unplanned","8","Unpaid","R&D","Kumar Malik"
"BLD-101396","2024-07-09","Sick","8","Paid","R&D","Kumar Malik"
"BLD-101396","2025-10-07","Sick","8","Paid","R&D","Kumar Malik"
"BLD-101396","2025-11-02","Unplanned","8","Unpaid","R&D","Kumar Malik"
"BLD-101397","2025-12-14","Sick","8","Paid","R&D","Layla Chowdhury"
"BLD-101397","2025-09-27","Unplanned","8","Paid","R&D","Layla Chowdhury"
"BLD-101397","2025-10-10","Sick","8","Paid","R&D","Layla Chowdhury"
"BLD-101397","2025-07-15","Unplanned","8","Unpaid","R&D","Layla Chowdhury"
"BLD-101397","2025-10-30","Sick","8","Paid","R&D","Layla Chowdhury"
"BLD-101397","2025-05-29","Unplanned","8","Unpaid","R&D","Layla Chowdhury"
"BLD-101397","2025-07-28","Unplanned","8","Unpaid","R&D","Layla Chowdhury"
"BLD-101397","2025-08-04","Sick","8","Paid","R&D","Layla Chowdhury"
"BLD-101398","2025-01-02","Late","3","Unpaid","Finance","Ravi Islam"
"BLD-101398","2025-06-17","Sick","8","Paid","Finance","Ravi Islam"
"BLD-101398","2025-08-29","Sick","8","Paid","Finance","Ravi Islam"
"BLD-101398","2025-04-25","Late","1","Unpaid","Finance","Ravi Islam"
"BLD-101398","2024-12-04","Sick","8","Paid","Finance","Ravi Islam"
"BLD-101398","2025-07-05","Unplanned","8","Unpaid","Finance","Ravi Islam"
"BLD-101399","2024-05-22","Unplanned","8","Unpaid","Sales & Distribution","Hassan Baig"
"BLD-101399","2025-11-26","Late","3","Unpaid","Sales & Distribution","Hassan Baig"
"BLD-101399","2025-02-15","Unplanned","8","Paid","Sales & Distribution","Hassan Baig"
"BLD-101400","2024-11-28","Sick","8","Paid","IT & Digital","Anita Fernandes"
"BLD-101400","2025-03-13","Sick","8","Paid","IT & Digital","Anita Fernandes"
"BLD-101400","2025-03-29","Late","2","Unpaid","IT & Digital","Anita Fernandes"
"BLD-101400","2023-09-06","Sick","8","Paid","IT & Digital","Anita Fernandes"
"BLD-101400","2025-07-04","Sick","8","Paid","IT & Digital","Anita Fernandes"
"BLD-101400","2024-01-05","Unplanned","8","Paid","IT & Digital","Anita Fernandes"
"BLD-101401","2025-05-20","Sick","8","Paid","People & Culture","Prakash Mendoza"
"BLD-101402","2025-12-18","Sick","8","Paid","Procurement","Bikram Al-Kuwari"
"BLD-101402","2025-01-30","Sick","8","Paid","Procurement","Bikram Al-Kuwari"
"BLD-101402","2025-04-05","Unplanned","8","Unpaid","Procurement","Bikram Al-Kuwari"
"BLD-101402","2025-09-21","Unplanned","8","Paid","Procurement","Bikram Al-Kuwari"
"BLD-101402","2025-05-01","Sick","8","Paid","Procurement","Bikram Al-Kuwari"
"BLD-101403","2024-09-26","Unplanned","8","Unpaid","IT & Digital","Manoj Abdullah"
"BLD-101403","2025-04-23","Sick","8","Paid","IT & Digital","Manoj Abdullah"
"BLD-101403","2025-05-30","Other","8","Unpaid","IT & Digital","Manoj Abdullah"
"BLD-101403","2024-09-14","Unplanned","8","Unpaid","IT & Digital","Manoj Abdullah"
"BLD-101403","2024-09-20","Late","2","Unpaid","IT & Digital","Manoj Abdullah"
"BLD-101404","2023-09-08","Sick","8","Paid","Production","Omar Al-Kuwari"
"BLD-101405","2024-07-25","Sick","8","Paid","Procurement","Yasmin Iqbal"
"BLD-101405","2025-04-23","Sick","8","Paid","Procurement","Yasmin Iqbal"
"BLD-101405","2025-05-26","Sick","8","Paid","Procurement","Yasmin Iqbal"
"BLD-101405","2025-11-22","Sick","8","Paid","Procurement","Yasmin Iqbal"
"BLD-101405","2025-06-19","Unplanned","8","Unpaid","Procurement","Yasmin Iqbal"
"BLD-101405","2024-08-16","Unplanned","8","Unpaid","Procurement","Yasmin Iqbal"
"BLD-101405","2025-04-23","Sick","8","Paid","Procurement","Yasmin Iqbal"
"BLD-101405","2024-11-21","Other","8","Unpaid","Procurement","Yasmin Iqbal"
"BLD-101406","2025-07-18","Sick","8","Paid","Quality Assurance & Food Safety","Rajesh Fernandes"
"BLD-101406","2025-12-23","Unplanned","8","Paid","Quality Assurance & Food Safety","Rajesh Fernandes"
"BLD-101407","2025-11-15","Sick","8","Paid","Sales & Distribution","Bishnu Al-Marri"
"BLD-101407","2025-12-30","Sick","8","Paid","Sales & Distribution","Bishnu Al-Marri"
"BLD-101408","2024-12-19","Late","3","Unpaid","Supply Chain & Logistics","Bishnu Al-Marri"
"BLD-101408","2024-08-05","Sick","8","Paid","Supply Chain & Logistics","Bishnu Al-Marri"
"BLD-101408","2025-08-20","Unplanned","8","Paid","Supply Chain & Logistics","Bishnu Al-Marri"
"BLD-101408","2025-05-07","Unplanned","8","Unpaid","Supply Chain & Logistics","Bishnu Al-Marri"
"BLD-101408","2023-09-03","Unplanned","8","Unpaid","Supply Chain & Logistics","Bishnu Al-Marri"
"BLD-101408","2024-07-29","Other","8","Paid","Supply Chain & Logistics","Bishnu Al-Marri"
"BLD-101408","2025-01-12","Sick","8","Paid","Supply Chain & Logistics","Bishnu Al-Marri"
"BLD-101408","2023-10-26","Sick","8","Paid","Supply Chain & Logistics","Bishnu Al-Marri"
"BLD-101408","2023-07-04","Other","8","Paid","Supply Chain & Logistics","Bishnu Al-Marri"
"BLD-101408","2023-12-17","Sick","8","Paid","Supply Chain & Logistics","Bishnu Al-Marri"
"BLD-101408","2023-11-18","Sick","8","Paid","Supply Chain & Logistics","Bishnu Al-Marri"
"BLD-101408","2024-07-26","Other","8","Unpaid","Supply Chain & Logistics","Bishnu Al-Marri"
"BLD-101408","2024-10-10","Sick","8","Paid","Supply Chain & Logistics","Bishnu Al-Marri"
"BLD-101408","2023-05-19","Late","3","Paid","Supply Chain & Logistics","Bishnu Al-Marri"
"BLD-101409","2025-09-01","Unplanned","8","Unpaid","Finance","Krishna Kapoor"
"BLD-101409","2024-05-13","Other","8","Unpaid","Finance","Krishna Kapoor"
"BLD-101409","2025-09-28","Late","1","Unpaid","Finance","Krishna Kapoor"
"BLD-101409","2025-06-10","Unplanned","8","Paid","Finance","Krishna Kapoor"
"BLD-101409","2025-01-25","Sick","8","Paid","Finance","Krishna Kapoor"
"BLD-101409","2024-05-19","Sick","8","Paid","Finance","Krishna Kapoor"
"BLD-101409","2024-04-17","Unplanned","8","Paid","Finance","Krishna Kapoor"
"BLD-101410","2024-01-20","Sick","8","Paid","Supply Chain & Logistics","Prakash Kapoor"
"BLD-101410","2024-07-01","Late","2","Paid","Supply Chain & Logistics","Prakash Kapoor"
"BLD-101410","2024-12-17","Other","8","Unpaid","Supply Chain & Logistics","Prakash Kapoor"
"BLD-101410","2024-12-08","Late","1","Unpaid","Supply Chain & Logistics","Prakash Kapoor"
"BLD-101410","2024-02-23","Sick","8","Paid","Supply Chain & Logistics","Prakash Kapoor"
"BLD-101410","2024-04-21","Sick","8","Paid","Supply Chain & Logistics","Prakash Kapoor"
"BLD-101410","2023-09-16","Late","1","Paid","Supply Chain & Logistics","Prakash Kapoor"
"BLD-101410","2024-05-16","Other","8","Unpaid","Supply Chain & Logistics","Prakash Kapoor"
"BLD-101410","2024-07-02","Late","3","Unpaid","Supply Chain & Logistics","Prakash Kapoor"
"BLD-101410","2025-06-07","Late","2","Paid","Supply Chain & Logistics","Prakash Kapoor"
"BLD-101411","2024-11-16","Sick","8","Paid","Production","Arjun Kapoor"
"BLD-101411","2024-05-24","Sick","8","Paid","Production","Arjun Kapoor"
"BLD-101411","2024-08-17","Unplanned","8","Paid","Production","Arjun Kapoor"
"BLD-101411","2025-10-31","Unplanned","8","Paid","Production","Arjun Kapoor"
"BLD-101411","2024-06-25","Unplanned","8","Paid","Production","Arjun Kapoor"
"BLD-101411","2024-12-06","Late","3","Paid","Production","Arjun Kapoor"
"BLD-101411","2025-11-26","Late","3","Unpaid","Production","Arjun Kapoor"
"BLD-101411","2024-04-13","Unplanned","8","Paid","Production","Arjun Kapoor"
"BLD-101413","2025-09-10","Unplanned","8","Unpaid","Finance","Shobha Thapa"
"BLD-101413","2025-09-16","Sick","8","Paid","Finance","Shobha Thapa"
"BLD-101413","2024-09-21","Sick","8","Paid","Finance","Shobha Thapa"
"BLD-101414","2024-09-29","Sick","8","Paid","People & Culture","Noor Mahmoud"
"BLD-101414","2024-09-12","Late","3","Paid","People & Culture","Noor Mahmoud"
"BLD-101414","2024-12-01","Unplanned","8","Unpaid","People & Culture","Noor Mahmoud"
"BLD-101414","2024-04-26","Other","8","Paid","People & Culture","Noor Mahmoud"
"BLD-101414","2025-03-02","Unplanned","8","Paid","People & Culture","Noor Mahmoud"
"BLD-101414","2025-02-17","Sick","8","Paid","People & Culture","Noor Mahmoud"
"BLD-101415","2025-12-01","Late","3","Unpaid","People & Culture","Prakash Mendoza"
"BLD-101415","2025-09-18","Late","1","Paid","People & Culture","Prakash Mendoza"
"BLD-101416","2025-03-01","Other","8","Paid","Supply Chain & Logistics","Prakash Kapoor"
"BLD-101416","2025-08-09","Sick","8","Paid","Supply Chain & Logistics","Prakash Kapoor"
"BLD-101416","2025-03-23","Sick","8","Paid","Supply Chain & Logistics","Prakash Kapoor"
"BLD-101416","2025-11-23","Sick","8","Paid","Supply Chain & Logistics","Prakash Kapoor"
"BLD-101417","2024-04-17","Sick","8","Paid","Quality Assurance & Food Safety","Pooja Mansour"
"BLD-101417","2025-08-14","Unplanned","8","Unpaid","Quality Assurance & Food Safety","Pooja Mansour"
"BLD-101417","2025-01-26","Unplanned","8","Paid","Quality Assurance & Food Safety","Pooja Mansour"
"BLD-101417","2025-04-02","Unplanned","8","Paid","Quality Assurance & Food Safety","Pooja Mansour"
"BLD-101417","2025-02-23","Sick","8","Paid","Quality Assurance & Food Safety","Pooja Mansour"
"BLD-101417","2025-12-16","Sick","8","Paid","Quality Assurance & Food Safety","Pooja Mansour"
"BLD-101417","2025-11-07","Sick","8","Paid","Quality Assurance & Food Safety","Pooja Mansour"
"BLD-101417","2025-02-28","Late","1","Unpaid","Quality Assurance & Food Safety","Pooja Mansour"
"BLD-101417","2025-09-14","Late","3","Unpaid","Quality Assurance & Food Safety","Pooja Mansour"
"BLD-101417","2025-11-02","Sick","8","Paid","Quality Assurance & Food Safety","Pooja Mansour"
"BLD-101417","2024-05-10","Late","2","Unpaid","Quality Assurance & Food Safety","Pooja Mansour"
"BLD-101417","2025-12-19","Late","1","Unpaid","Quality Assurance & Food Safety","Pooja Mansour"
"BLD-101417","2025-04-14","Unplanned","8","Unpaid","Quality Assurance & Food Safety","Pooja Mansour"
"BLD-101418","2025-05-16","Unplanned","8","Unpaid","IT & Digital","Aisha Al-Sayed"
"BLD-101418","2025-01-24","Unplanned","8","Unpaid","IT & Digital","Aisha Al-Sayed"
"BLD-101418","2025-04-14","Sick","8","Paid","IT & Digital","Aisha Al-Sayed"
"BLD-101420","2023-07-30","Unplanned","8","Unpaid","Corporate & Executive Office","Krishna Al-Sayed"
"BLD-101420","2023-02-24","Unplanned","8","Unpaid","Corporate & Executive Office","Krishna Al-Sayed"
"BLD-101420","2023-12-02","Sick","8","Paid","Corporate & Executive Office","Krishna Al-Sayed"
"BLD-101420","2023-04-24","Unplanned","8","Paid","Corporate & Executive Office","Krishna Al-Sayed"
"BLD-101420","2023-11-16","Sick","8","Paid","Corporate & Executive Office","Krishna Al-Sayed"
"BLD-101421","2024-02-12","Sick","8","Paid","Quality Assurance & Food Safety","Waleed Gurung"
"BLD-101421","2025-09-19","Sick","8","Paid","Quality Assurance & Food Safety","Waleed Gurung"
"BLD-101421","2024-10-03","Unplanned","8","Unpaid","Quality Assurance & Food Safety","Waleed Gurung"
"BLD-101421","2024-10-16","Sick","8","Paid","Quality Assurance & Food Safety","Waleed Gurung"
"BLD-101421","2025-12-14","Unplanned","8","Paid","Quality Assurance & Food Safety","Waleed Gurung"
"BLD-101421","2024-08-20","Unplanned","8","Paid","Quality Assurance & Food Safety","Waleed Gurung"
"BLD-101421","2025-05-15","Sick","8","Paid","Quality Assurance & Food Safety","Waleed Gurung"
"BLD-101421","2024-03-05","Sick","8","Paid","Quality Assurance & Food Safety","Waleed Gurung"
"BLD-101421","2025-05-24","Other","8","Paid","Quality Assurance & Food Safety","Waleed Gurung"
"BLD-101421","2025-05-08","Sick","8","Paid","Quality Assurance & Food Safety","Waleed Gurung"
"BLD-101421","2025-12-30","Sick","8","Paid","Quality Assurance & Food Safety","Waleed Gurung"
"BLD-101421","2025-11-26","Sick","8","Paid","Quality Assurance & Food Safety","Waleed Gurung"
"BLD-101421","2025-04-08","Sick","8","Paid","Quality Assurance & Food Safety","Waleed Gurung"
"BLD-101421","2025-01-30","Unplanned","8","Unpaid","Quality Assurance & Food Safety","Waleed Gurung"
"BLD-101421","2024-11-01","Unplanned","8","Paid","Quality Assurance & Food Safety","Waleed Gurung"
"BLD-101421","2024-10-25","Sick","8","Paid","Quality Assurance & Food Safety","Waleed Gurung"
"BLD-101421","2025-12-16","Late","3","Unpaid","Quality Assurance & Food Safety","Waleed Gurung"
"BLD-101421","2024-07-23","Late","1","Paid","Quality Assurance & Food Safety","Waleed Gurung"
"BLD-101421","2025-07-06","Unplanned","8","Unpaid","Quality Assurance & Food Safety","Waleed Gurung"
"BLD-101421","2024-11-25","Unplanned","8","Unpaid","Quality Assurance & Food Safety","Waleed Gurung"
"BLD-101421","2024-04-20","Sick","8","Paid","Quality Assurance & Food Safety","Waleed Gurung"
"BLD-101421","2025-09-18","Sick","8","Paid","Quality Assurance & Food Safety","Waleed Gurung"
"BLD-101421","2025-12-19","Sick","8","Paid","Quality Assurance & Food Safety","Waleed Gurung"
"BLD-101421","2024-12-29","Sick","8","Paid","Quality Assurance & Food Safety","Waleed Gurung"
"BLD-101421","2025-07-19","Sick","8","Paid","Quality Assurance & Food Safety","Waleed Gurung"
"BLD-101421","2023-11-01","Unplanned","8","Unpaid","Quality Assurance & Food Safety","Waleed Gurung"
"BLD-101421","2024-03-19","Unplanned","8","Paid","Quality Assurance & Food Safety","Waleed Gurung"
"BLD-101422","2025-08-19","Late","1","Unpaid","IT & Digital","Hassan Malik"
"BLD-101422","2024-11-30","Sick","8","Paid","IT & Digital","Hassan Malik"
"BLD-101422","2023-11-29","Late","3","Paid","IT & Digital","Hassan Malik"
"BLD-101422","2024-02-03","Sick","8","Paid","IT & Digital","Hassan Malik"
"BLD-101422","2025-12-03","Sick","8","Paid","IT & Digital","Hassan Malik"
"BLD-101422","2023-12-25","Unplanned","8","Paid","IT & Digital","Hassan Malik"
"BLD-101422","2025-06-29","Sick","8","Paid","IT & Digital","Hassan Malik"
"BLD-101422","2025-04-02","Sick","8","Paid","IT & Digital","Hassan Malik"
"BLD-101422","2024-02-19","Unplanned","8","Paid","IT & Digital","Hassan Malik"
"BLD-101422","2025-01-07","Unplanned","8","Unpaid","IT & Digital","Hassan Malik"
"BLD-101422","2024-12-20","Late","1","Paid","IT & Digital","Hassan Malik"
"BLD-101422","2024-01-12","Sick","8","Paid","IT & Digital","Hassan Malik"
"BLD-101422","2025-10-31","Unplanned","8","Paid","IT & Digital","Hassan Malik"
"BLD-101422","2024-07-30","Unplanned","8","Unpaid","IT & Digital","Hassan Malik"
"BLD-101423","2024-07-14","Late","3","Paid","Marketing","Priya Devi"
"BLD-101423","2025-01-16","Sick","8","Paid","Marketing","Priya Devi"
"BLD-101423","2025-02-13","Unplanned","8","Unpaid","Marketing","Priya Devi"
"BLD-101423","2025-12-11","Sick","8","Paid","Marketing","Priya Devi"
"BLD-101423","2024-03-19","Unplanned","8","Unpaid","Marketing","Priya Devi"
"BLD-101423","2024-06-15","Unplanned","8","Unpaid","Marketing","Priya Devi"
"BLD-101423","2025-09-27","Unplanned","8","Unpaid","Marketing","Priya Devi"
"BLD-101423","2023-12-21","Sick","8","Paid","Marketing","Priya Devi"
"BLD-101423","2024-02-22","Unplanned","8","Paid","Marketing","Priya Devi"
"BLD-101423","2024-05-10","Sick","8","Paid","Marketing","Priya Devi"
"BLD-101424","2024-08-02","Late","2","Unpaid","Quality Assurance & Food Safety","Pooja Thapa"
"BLD-101425","2025-04-14","Unplanned","8","Unpaid","Marketing","Anil Kapoor"
"BLD-101425","2024-10-01","Sick","8","Paid","Marketing","Anil Kapoor"
"BLD-101425","2024-11-24","Sick","8","Paid","Marketing","Anil Kapoor"
"BLD-101425","2024-10-20","Sick","8","Paid","Marketing","Anil Kapoor"
"BLD-101426","2024-11-24","Unplanned","8","Paid","R&D","Dina Al-Marri"
"BLD-101426","2025-11-13","Sick","8","Paid","R&D","Dina Al-Marri"
"BLD-101426","2024-12-14","Unplanned","8","Paid","R&D","Dina Al-Marri"
"BLD-101426","2025-03-03","Sick","8","Paid","R&D","Dina Al-Marri"
"BLD-101427","2025-07-31","Sick","8","Paid","Farm Operations","Khalid Gurung"
"BLD-101428","2025-02-04","Unplanned","8","Unpaid","Finance","Arjun Cruz"
"BLD-101428","2025-02-21","Sick","8","Paid","Finance","Arjun Cruz"
"BLD-101428","2025-03-06","Other","8","Unpaid","Finance","Arjun Cruz"
"BLD-101428","2024-05-15","Sick","8","Paid","Finance","Arjun Cruz"
"BLD-101428","2024-03-24","Unplanned","8","Paid","Finance","Arjun Cruz"
"BLD-101428","2024-05-16","Sick","8","Paid","Finance","Arjun Cruz"
"BLD-101428","2024-09-18","Sick","8","Paid","Finance","Arjun Cruz"
"BLD-101428","2025-11-29","Sick","8","Paid","Finance","Arjun Cruz"
"BLD-101428","2024-02-22","Sick","8","Paid","Finance","Arjun Cruz"
"BLD-101429","2024-02-02","Unplanned","8","Paid","Production","Bishnu Mansour"
"BLD-101429","2023-03-10","Late","1","Paid","Production","Bishnu Mansour"
"BLD-101429","2023-08-14","Sick","8","Paid","Production","Bishnu Mansour"
"BLD-101429","2023-07-29","Unplanned","8","Unpaid","Production","Bishnu Mansour"
"BLD-101429","2024-06-11","Late","2","Unpaid","Production","Bishnu Mansour"
"BLD-101429","2024-01-10","Late","3","Paid","Production","Bishnu Mansour"
"BLD-101429","2023-06-11","Sick","8","Paid","Production","Bishnu Mansour"
"BLD-101429","2024-05-21","Unplanned","8","Paid","Production","Bishnu Mansour"
"BLD-101429","2023-07-01","Other","8","Unpaid","Production","Bishnu Mansour"
"BLD-101430","2025-05-10","Late","3","Paid","People & Culture","Juan Gurung"
"BLD-101430","2024-12-21","Sick","8","Paid","People & Culture","Juan Gurung"
"BLD-101430","2025-09-29","Sick","8","Paid","People & Culture","Juan Gurung"
"BLD-101430","2025-04-14","Sick","8","Paid","People & Culture","Juan Gurung"
"BLD-101430","2025-05-30","Late","1","Unpaid","People & Culture","Juan Gurung"
"BLD-101431","2024-09-14","Sick","8","Paid","Corporate & Executive Office","Pooja Abdullah"
"BLD-101431","2023-11-11","Unplanned","8","Paid","Corporate & Executive Office","Pooja Abdullah"
"BLD-101431","2023-02-10","Sick","8","Paid","Corporate & Executive Office","Pooja Abdullah"
"BLD-101431","2025-12-10","Sick","8","Paid","Corporate & Executive Office","Pooja Abdullah"
"BLD-101431","2025-04-04","Sick","8","Paid","Corporate & Executive Office","Pooja Abdullah"
"BLD-101431","2025-02-19","Sick","8","Paid","Corporate & Executive Office","Pooja Abdullah"
"BLD-101431","2023-12-16","Unplanned","8","Unpaid","Corporate & Executive Office","Pooja Abdullah"
"BLD-101431","2024-02-25","Sick","8","Paid","Corporate & Executive Office","Pooja Abdullah"
"BLD-101431","2024-10-04","Unplanned","8","Unpaid","Corporate & Executive Office","Pooja Abdullah"
"BLD-101431","2025-09-03","Sick","8","Paid","Corporate & Executive Office","Pooja Abdullah"
"BLD-101431","2024-04-12","Sick","8","Paid","Corporate & Executive Office","Pooja Abdullah"
"BLD-101431","2025-09-10","Sick","8","Paid","Corporate & Executive Office","Pooja Abdullah"
"BLD-101432","2024-09-09","Other","8","Unpaid","Corporate & Executive Office","Pooja Abdullah"
"BLD-101432","2024-09-25","Sick","8","Paid","Corporate & Executive Office","Pooja Abdullah"
"BLD-101432","2023-11-18","Late","2","Unpaid","Corporate & Executive Office","Pooja Abdullah"
"BLD-101432","2023-07-15","Sick","8","Paid","Corporate & Executive Office","Pooja Abdullah"
"BLD-101432","2023-05-08","Sick","8","Paid","Corporate & Executive Office","Pooja Abdullah"
"BLD-101432","2023-10-27","Sick","8","Paid","Corporate & Executive Office","Pooja Abdullah"
"BLD-101432","2023-08-26","Other","8","Unpaid","Corporate & Executive Office","Pooja Abdullah"
"BLD-101432","2024-07-26","Unplanned","8","Unpaid","Corporate & Executive Office","Pooja Abdullah"
"BLD-101432","2023-06-06","Late","1","Paid","Corporate & Executive Office","Pooja Abdullah"
"BLD-101432","2024-12-03","Other","8","Paid","Corporate & Executive Office","Pooja Abdullah"
"BLD-101432","2024-01-01","Late","3","Unpaid","Corporate & Executive Office","Pooja Abdullah"
"BLD-101432","2024-09-08","Sick","8","Paid","Corporate & Executive Office","Pooja Abdullah"
"BLD-101432","2023-08-08","Sick","8","Paid","Corporate & Executive Office","Pooja Abdullah"
"BLD-101432","2023-08-03","Sick","8","Paid","Corporate & Executive Office","Pooja Abdullah"
"BLD-101432","2023-07-26","Sick","8","Paid","Corporate & Executive Office","Pooja Abdullah"
"BLD-101433","2023-11-08","Late","2","Unpaid","Sales & Distribution","Omar Chowdhury"
"BLD-101433","2024-01-16","Unplanned","8","Unpaid","Sales & Distribution","Omar Chowdhury"
"BLD-101433","2024-04-06","Unplanned","8","Unpaid","Sales & Distribution","Omar Chowdhury"
"BLD-101433","2024-12-13","Sick","8","Paid","Sales & Distribution","Omar Chowdhury"
"BLD-101435","2025-08-15","Unplanned","8","Paid","Supply Chain & Logistics","Khalid Santos"
"BLD-101435","2024-10-03","Unplanned","8","Unpaid","Supply Chain & Logistics","Khalid Santos"
"BLD-101435","2023-11-24","Sick","8","Paid","Supply Chain & Logistics","Khalid Santos"
"BLD-101435","2025-07-28","Late","3","Unpaid","Supply Chain & Logistics","Khalid Santos"
"BLD-101435","2025-04-03","Sick","8","Paid","Supply Chain & Logistics","Khalid Santos"
"BLD-101435","2025-08-12","Sick","8","Paid","Supply Chain & Logistics","Khalid Santos"
"BLD-101435","2023-09-30","Sick","8","Paid","Supply Chain & Logistics","Khalid Santos"
"BLD-101435","2023-12-13","Sick","8","Paid","Supply Chain & Logistics","Khalid Santos"
"BLD-101435","2023-10-08","Late","3","Paid","Supply Chain & Logistics","Khalid Santos"
"BLD-101435","2025-10-08","Unplanned","8","Unpaid","Supply Chain & Logistics","Khalid Santos"
"BLD-101435","2024-10-24","Other","8","Paid","Supply Chain & Logistics","Khalid Santos"
"BLD-101435","2023-12-20","Late","1","Paid","Supply Chain & Logistics","Khalid Santos"
"BLD-101435","2025-05-08","Sick","8","Paid","Supply Chain & Logistics","Khalid Santos"
"BLD-101435","2025-07-02","Unplanned","8","Unpaid","Supply Chain & Logistics","Khalid Santos"
"BLD-101435","2024-10-30","Sick","8","Paid","Supply Chain & Logistics","Khalid Santos"
"BLD-101435","2025-06-17","Late","1","Unpaid","Supply Chain & Logistics","Khalid Santos"
"BLD-101436","2025-08-15","Sick","8","Paid","Engineering & Maintenance","Ramesh Kapoor"
"BLD-101436","2024-02-20","Other","8","Unpaid","Engineering & Maintenance","Ramesh Kapoor"
"BLD-101436","2025-10-07","Other","8","Unpaid","Engineering & Maintenance","Ramesh Kapoor"
"BLD-101436","2025-10-14","Late","3","Paid","Engineering & Maintenance","Ramesh Kapoor"
"BLD-101436","2025-09-11","Sick","8","Paid","Engineering & Maintenance","Ramesh Kapoor"
"BLD-101436","2023-07-16","Sick","8","Paid","Engineering & Maintenance","Ramesh Kapoor"
"BLD-101436","2024-01-12","Sick","8","Paid","Engineering & Maintenance","Ramesh Kapoor"
"BLD-101436","2024-01-28","Sick","8","Paid","Engineering & Maintenance","Ramesh Kapoor"
"BLD-101436","2025-05-22","Sick","8","Paid","Engineering & Maintenance","Ramesh Kapoor"
"BLD-101436","2024-12-15","Sick","8","Paid","Engineering & Maintenance","Ramesh Kapoor"
"BLD-101436","2025-03-25","Sick","8","Paid","Engineering & Maintenance","Ramesh Kapoor"
"BLD-101436","2024-01-11","Unplanned","8","Unpaid","Engineering & Maintenance","Ramesh Kapoor"
"BLD-101436","2024-08-10","Unplanned","8","Unpaid","Engineering & Maintenance","Ramesh Kapoor"
"BLD-101437","2025-09-05","Other","8","Unpaid","Supply Chain & Logistics","Sanjay El-Sayed"
"BLD-101437","2025-12-11","Unplanned","8","Paid","Supply Chain & Logistics","Sanjay El-Sayed"
"BLD-101437","2025-11-29","Sick","8","Paid","Supply Chain & Logistics","Sanjay El-Sayed"
"BLD-101437","2025-12-19","Sick","8","Paid","Supply Chain & Logistics","Sanjay El-Sayed"
"BLD-101437","2025-02-13","Late","1","Paid","Supply Chain & Logistics","Sanjay El-Sayed"
"BLD-101437","2025-04-18","Sick","8","Paid","Supply Chain & Logistics","Sanjay El-Sayed"
"BLD-101438","2025-08-01","Unplanned","8","Paid","Engineering & Maintenance","Hassan Kapoor"
"BLD-101438","2025-05-23","Unplanned","8","Paid","Engineering & Maintenance","Hassan Kapoor"
"BLD-101438","2025-01-03","Late","2","Unpaid","Engineering & Maintenance","Hassan Kapoor"
"BLD-101438","2025-02-19","Unplanned","8","Paid","Engineering & Maintenance","Hassan Kapoor"
"BLD-101438","2024-07-21","Sick","8","Paid","Engineering & Maintenance","Hassan Kapoor"
"BLD-101438","2025-04-20","Unplanned","8","Unpaid","Engineering & Maintenance","Hassan Kapoor"
"BLD-101440","2024-01-20","Sick","8","Paid","Farm Operations","Noor Islam"
"BLD-101440","2025-04-03","Unplanned","8","Paid","Farm Operations","Noor Islam"
"BLD-101440","2024-03-09","Sick","8","Paid","Farm Operations","Noor Islam"
"BLD-101440","2025-11-19","Sick","8","Paid","Farm Operations","Noor Islam"
"BLD-101440","2023-10-07","Unplanned","8","Unpaid","Farm Operations","Noor Islam"
"BLD-101440","2023-11-23","Other","8","Unpaid","Farm Operations","Noor Islam"
"BLD-101440","2025-06-16","Sick","8","Paid","Farm Operations","Noor Islam"
"BLD-101440","2025-02-27","Sick","8","Paid","Farm Operations","Noor Islam"
"BLD-101440","2024-12-07","Other","8","Unpaid","Farm Operations","Noor Islam"
"BLD-101440","2024-05-30","Unplanned","8","Unpaid","Farm Operations","Noor Islam"
"BLD-101440","2024-04-12","Other","8","Paid","Farm Operations","Noor Islam"
"BLD-101440","2025-07-31","Late","2","Unpaid","Farm Operations","Noor Islam"
"BLD-101440","2025-02-22","Unplanned","8","Unpaid","Farm Operations","Noor Islam"
"BLD-101440","2024-06-03","Sick","8","Paid","Farm Operations","Noor Islam"
"BLD-101440","2023-12-10","Sick","8","Paid","Farm Operations","Noor Islam"
"BLD-101440","2024-04-21","Sick","8","Paid","Farm Operations","Noor Islam"
"BLD-101440","2024-12-07","Sick","8","Paid","Farm Operations","Noor Islam"
"BLD-101440","2024-08-02","Unplanned","8","Unpaid","Farm Operations","Noor Islam"
"BLD-101440","2024-01-14","Sick","8","Paid","Farm Operations","Noor Islam"
"BLD-101440","2024-09-10","Sick","8","Paid","Farm Operations","Noor Islam"
"BLD-101442","2025-06-01","Sick","8","Paid","Quality Assurance & Food Safety","Waleed Baig"
"BLD-101442","2025-10-02","Sick","8","Paid","Quality Assurance & Food Safety","Waleed Baig"
"BLD-101442","2025-11-13","Unplanned","8","Paid","Quality Assurance & Food Safety","Waleed Baig"
"BLD-101442","2025-11-24","Late","1","Unpaid","Quality Assurance & Food Safety","Waleed Baig"
"BLD-101442","2025-04-14","Late","3","Paid","Quality Assurance & Food Safety","Waleed Baig"
"BLD-101442","2025-05-18","Other","8","Paid","Quality Assurance & Food Safety","Waleed Baig"
"BLD-101442","2025-12-02","Sick","8","Paid","Quality Assurance & Food Safety","Waleed Baig"
"BLD-101442","2025-12-25","Sick","8","Paid","Quality Assurance & Food Safety","Waleed Baig"
"BLD-101443","2025-10-05","Unplanned","8","Paid","Procurement","Santosh Mansour"
"BLD-101444","2024-04-01","Unplanned","8","Unpaid","Engineering & Maintenance","Sanjay Baig"
"BLD-101444","2025-07-15","Late","1","Unpaid","Engineering & Maintenance","Sanjay Baig"
"BLD-101444","2024-10-07","Late","3","Unpaid","Engineering & Maintenance","Sanjay Baig"
"BLD-101444","2024-10-18","Sick","8","Paid","Engineering & Maintenance","Sanjay Baig"
"BLD-101444","2024-06-14","Sick","8","Paid","Engineering & Maintenance","Sanjay Baig"
"BLD-101444","2024-09-11","Sick","8","Paid","Engineering & Maintenance","Sanjay Baig"
"BLD-101444","2025-01-14","Sick","8","Paid","Engineering & Maintenance","Sanjay Baig"
"BLD-101444","2025-08-29","Sick","8","Paid","Engineering & Maintenance","Sanjay Baig"
"BLD-101444","2024-08-13","Sick","8","Paid","Engineering & Maintenance","Sanjay Baig"
"BLD-101444","2024-06-14","Sick","8","Paid","Engineering & Maintenance","Sanjay Baig"
"BLD-101444","2024-07-28","Sick","8","Paid","Engineering & Maintenance","Sanjay Baig"
"BLD-101444","2024-12-16","Unplanned","8","Unpaid","Engineering & Maintenance","Sanjay Baig"
"BLD-101444","2023-09-26","Sick","8","Paid","Engineering & Maintenance","Sanjay Baig"
"BLD-101444","2023-06-15","Sick","8","Paid","Engineering & Maintenance","Sanjay Baig"
"BLD-101444","2025-03-13","Unplanned","8","Paid","Engineering & Maintenance","Sanjay Baig"
"BLD-101444","2025-07-22","Unplanned","8","Unpaid","Engineering & Maintenance","Sanjay Baig"
"BLD-101446","2024-06-30","Unplanned","8","Unpaid","Sales & Distribution","Anil Khan"
"BLD-101446","2023-10-04","Late","3","Paid","Sales & Distribution","Anil Khan"
"BLD-101446","2024-03-08","Unplanned","8","Unpaid","Sales & Distribution","Anil Khan"
"BLD-101447","2024-02-28","Unplanned","8","Paid","Supply Chain & Logistics","Ramesh Santos"
"BLD-101447","2024-07-16","Unplanned","8","Unpaid","Supply Chain & Logistics","Ramesh Santos"
"BLD-101447","2024-04-01","Late","2","Unpaid","Supply Chain & Logistics","Ramesh Santos"
"BLD-101447","2024-09-28","Other","8","Paid","Supply Chain & Logistics","Ramesh Santos"
"BLD-101447","2024-09-11","Unplanned","8","Unpaid","Supply Chain & Logistics","Ramesh Santos"
"BLD-101447","2023-12-28","Sick","8","Paid","Supply Chain & Logistics","Ramesh Santos"
"BLD-101447","2024-01-16","Sick","8","Paid","Supply Chain & Logistics","Ramesh Santos"
"BLD-101448","2024-12-08","Unplanned","8","Unpaid","Quality Assurance & Food Safety","Rakesh Cruz"
"BLD-101448","2024-11-10","Sick","8","Paid","Quality Assurance & Food Safety","Rakesh Cruz"
"BLD-101448","2025-08-17","Late","2","Paid","Quality Assurance & Food Safety","Rakesh Cruz"
"BLD-101448","2025-09-24","Late","1","Unpaid","Quality Assurance & Food Safety","Rakesh Cruz"
"BLD-101448","2024-09-07","Unplanned","8","Unpaid","Quality Assurance & Food Safety","Rakesh Cruz"
"BLD-101448","2025-07-06","Unplanned","8","Unpaid","Quality Assurance & Food Safety","Rakesh Cruz"
"BLD-101449","2025-08-06","Late","1","Unpaid","Corporate & Executive Office","Rina Iqbal"
"BLD-101449","2025-09-23","Unplanned","8","Unpaid","Corporate & Executive Office","Rina Iqbal"
"BLD-101449","2025-07-16","Sick","8","Paid","Corporate & Executive Office","Rina Iqbal"
"BLD-101449","2025-06-05","Sick","8","Paid","Corporate & Executive Office","Rina Iqbal"
"BLD-101449","2025-11-18","Sick","8","Paid","Corporate & Executive Office","Rina Iqbal"
"BLD-101450","2023-11-23","Late","2","Paid","Farm Operations","Krishna Thapa"
"BLD-101450","2025-11-24","Sick","8","Paid","Farm Operations","Krishna Thapa"
"BLD-101450","2024-01-16","Unplanned","8","Unpaid","Farm Operations","Krishna Thapa"
"BLD-101450","2024-01-08","Unplanned","8","Unpaid","Farm Operations","Krishna Thapa"
"BLD-101450","2023-09-27","Unplanned","8","Unpaid","Farm Operations","Krishna Thapa"
"BLD-101450","2025-06-28","Late","1","Paid","Farm Operations","Krishna Thapa"
"BLD-101450","2025-02-27","Late","3","Unpaid","Farm Operations","Krishna Thapa"
"BLD-101450","2025-10-02","Unplanned","8","Paid","Farm Operations","Krishna Thapa"
"BLD-101450","2025-04-23","Late","2","Unpaid","Farm Operations","Krishna Thapa"
"BLD-101450","2025-12-19","Sick","8","Paid","Farm Operations","Krishna Thapa"
"BLD-101450","2023-12-25","Sick","8","Paid","Farm Operations","Krishna Thapa"
"BLD-101450","2025-03-26","Late","2","Paid","Farm Operations","Krishna Thapa"
"BLD-101450","2024-06-27","Unplanned","8","Unpaid","Farm Operations","Krishna Thapa"
"BLD-101450","2025-06-18","Unplanned","8","Unpaid","Farm Operations","Krishna Thapa"
"BLD-101450","2024-08-04","Sick","8","Paid","Farm Operations","Krishna Thapa"
"BLD-101451","2025-11-19","Sick","8","Paid","Corporate & Executive Office","Faisal Cruz"
"BLD-101452","2025-11-12","Sick","8","Paid","Production","Rakesh Youssef"
"BLD-101452","2025-05-20","Sick","8","Paid","Production","Rakesh Youssef"
"BLD-101452","2025-05-13","Sick","8","Paid","Production","Rakesh Youssef"
"BLD-101452","2025-08-25","Sick","8","Paid","Production","Rakesh Youssef"
"BLD-101452","2025-06-22","Sick","8","Paid","Production","Rakesh Youssef"
"BLD-101453","2023-06-14","Sick","8","Paid","Production","Krishna Santos"
"BLD-101453","2024-01-26","Unplanned","8","Unpaid","Production","Krishna Santos"
"BLD-101453","2023-07-09","Sick","8","Paid","Production","Krishna Santos"
"BLD-101453","2023-08-12","Sick","8","Paid","Production","Krishna Santos"
"BLD-101453","2023-11-13","Late","3","Unpaid","Production","Krishna Santos"
"BLD-101453","2023-06-20","Unplanned","8","Unpaid","Production","Krishna Santos"
"BLD-101453","2024-01-09","Unplanned","8","Unpaid","Production","Krishna Santos"
"BLD-101454","2025-05-26","Sick","8","Paid","Sales & Distribution","Yasmin Sharma"
"BLD-101454","2025-01-22","Sick","8","Paid","Sales & Distribution","Yasmin Sharma"
"BLD-101454","2024-11-28","Unplanned","8","Unpaid","Sales & Distribution","Yasmin Sharma"
"BLD-101454","2023-12-08","Sick","8","Paid","Sales & Distribution","Yasmin Sharma"
"BLD-101455","2023-03-23","Late","3","Unpaid","Quality Assurance & Food Safety","Aisha Ahmed"
"BLD-101455","2023-07-25","Unplanned","8","Paid","Quality Assurance & Food Safety","Aisha Ahmed"
"BLD-101455","2023-07-27","Late","2","Unpaid","Quality Assurance & Food Safety","Aisha Ahmed"
"BLD-101456","2025-04-03","Sick","8","Paid","Farm Operations","Ramesh Malik"
"BLD-101456","2025-12-26","Sick","8","Paid","Farm Operations","Ramesh Malik"
"BLD-101456","2025-08-18","Late","1","Unpaid","Farm Operations","Ramesh Malik"
"BLD-101456","2025-09-17","Late","3","Unpaid","Farm Operations","Ramesh Malik"
"BLD-101458","2025-11-06","Sick","8","Paid","R&D","Suresh Reyes"
"BLD-101459","2025-08-17","Other","8","Paid","Sales & Distribution","Rakesh Baig"
"BLD-101459","2025-07-28","Sick","8","Paid","Sales & Distribution","Rakesh Baig"
"BLD-101460","2025-12-21","Sick","8","Paid","Engineering & Maintenance","Ravi Mansour"
"BLD-101460","2025-11-05","Late","2","Paid","Engineering & Maintenance","Ravi Mansour"
"BLD-101462","2024-08-03","Sick","8","Paid","People & Culture","Hassan Cruz"
"BLD-101462","2024-06-23","Unplanned","8","Paid","People & Culture","Hassan Cruz"
"BLD-101462","2023-10-20","Sick","8","Paid","People & Culture","Hassan Cruz"
"BLD-101462","2024-12-24","Other","8","Unpaid","People & Culture","Hassan Cruz"
"BLD-101462","2023-09-07","Late","2","Unpaid","People & Culture","Hassan Cruz"
"BLD-101462","2025-11-05","Unplanned","8","Unpaid","People & Culture","Hassan Cruz"
"BLD-101462","2025-06-02","Sick","8","Paid","People & Culture","Hassan Cruz"
"BLD-101462","2024-06-10","Unplanned","8","Unpaid","People & Culture","Hassan Cruz"
"BLD-101462","2025-05-19","Late","2","Unpaid","People & Culture","Hassan Cruz"
"BLD-101462","2025-03-27","Late","1","Paid","People & Culture","Hassan Cruz"
"BLD-101462","2025-03-18","Sick","8","Paid","People & Culture","Hassan Cruz"
"BLD-101462","2025-09-27","Sick","8","Paid","People & Culture","Hassan Cruz"
"BLD-101462","2024-09-20","Unplanned","8","Unpaid","People & Culture","Hassan Cruz"
"BLD-101462","2025-11-27","Late","1","Unpaid","People & Culture","Hassan Cruz"
"BLD-101462","2025-03-31","Sick","8","Paid","People & Culture","Hassan Cruz"
"BLD-101462","2025-12-20","Unplanned","8","Unpaid","People & Culture","Hassan Cruz"
"BLD-101462","2025-08-11","Late","3","Unpaid","People & Culture","Hassan Cruz"
"BLD-101463","2024-03-07","Unplanned","8","Unpaid","Corporate & Executive Office","Bishnu Mendoza"
"BLD-101463","2025-12-04","Late","2","Unpaid","Corporate & Executive Office","Bishnu Mendoza"
"BLD-101463","2024-06-30","Unplanned","8","Unpaid","Corporate & Executive Office","Bishnu Mendoza"
"BLD-101464","2024-12-23","Sick","8","Paid","Finance","Juan Mendoza"
"BLD-101464","2025-02-15","Sick","8","Paid","Finance","Juan Mendoza"
"BLD-101464","2024-06-15","Sick","8","Paid","Finance","Juan Mendoza"
"BLD-101464","2025-12-26","Sick","8","Paid","Finance","Juan Mendoza"
"BLD-101464","2025-09-11","Late","2","Paid","Finance","Juan Mendoza"
"BLD-101464","2024-07-14","Sick","8","Paid","Finance","Juan Mendoza"
"BLD-101464","2023-09-25","Unplanned","8","Paid","Finance","Juan Mendoza"
"BLD-101464","2024-03-29","Late","3","Unpaid","Finance","Juan Mendoza"
"BLD-101464","2024-09-16","Unplanned","8","Paid","Finance","Juan Mendoza"
"BLD-101464","2023-08-11","Sick","8","Paid","Finance","Juan Mendoza"
"BLD-101464","2024-06-28","Sick","8","Paid","Finance","Juan Mendoza"
"BLD-101464","2025-05-29","Sick","8","Paid","Finance","Juan Mendoza"
"BLD-101464","2024-06-13","Sick","8","Paid","Finance","Juan Mendoza"
"BLD-101464","2023-11-12","Sick","8","Paid","Finance","Juan Mendoza"
"BLD-101464","2025-01-02","Late","2","Paid","Finance","Juan Mendoza"
"BLD-101464","2025-11-26","Late","2","Unpaid","Finance","Juan Mendoza"
"BLD-101465","2025-06-01","Unplanned","8","Unpaid","Quality Assurance & Food Safety","Rakesh Cruz"
"BLD-101465","2025-09-22","Unplanned","8","Paid","Quality Assurance & Food Safety","Rakesh Cruz"
"BLD-101465","2025-06-16","Other","8","Paid","Quality Assurance & Food Safety","Rakesh Cruz"
"BLD-101465","2024-03-03","Sick","8","Paid","Quality Assurance & Food Safety","Rakesh Cruz"
"BLD-101466","2024-09-06","Sick","8","Paid","Supply Chain & Logistics","Rajesh Ibrahim"
"BLD-101466","2024-10-13","Sick","8","Paid","Supply Chain & Logistics","Rajesh Ibrahim"
"BLD-101466","2024-06-28","Late","2","Unpaid","Supply Chain & Logistics","Rajesh Ibrahim"
"BLD-101467","2025-04-13","Unplanned","8","Unpaid","Supply Chain & Logistics","Layla Ahmed"
"BLD-101467","2025-03-20","Sick","8","Paid","Supply Chain & Logistics","Layla Ahmed"
"BLD-101467","2025-02-26","Late","3","Unpaid","Supply Chain & Logistics","Layla Ahmed"
"BLD-101467","2025-05-01","Sick","8","Paid","Supply Chain & Logistics","Layla Ahmed"
"BLD-101467","2025-12-27","Sick","8","Paid","Supply Chain & Logistics","Layla Ahmed"
"BLD-101467","2024-11-16","Late","3","Paid","Supply Chain & Logistics","Layla Ahmed"
"BLD-101467","2025-01-24","Late","2","Paid","Supply Chain & Logistics","Layla Ahmed"
"BLD-101467","2024-12-17","Sick","8","Paid","Supply Chain & Logistics","Layla Ahmed"
"BLD-101467","2025-02-26","Sick","8","Paid","Supply Chain & Logistics","Layla Ahmed"
"BLD-101468","2025-08-27","Sick","8","Paid","Production","Hari Abdullah"
"BLD-101469","2025-07-04","Late","1","Unpaid","Supply Chain & Logistics","Rina Hassan"
"BLD-101469","2024-07-22","Sick","8","Paid","Supply Chain & Logistics","Rina Hassan"
"BLD-101469","2024-07-19","Sick","8","Paid","Supply Chain & Logistics","Rina Hassan"
"BLD-101469","2024-12-18","Sick","8","Paid","Supply Chain & Logistics","Rina Hassan"
"BLD-101469","2025-04-04","Sick","8","Paid","Supply Chain & Logistics","Rina Hassan"
"BLD-101469","2025-05-21","Late","2","Paid","Supply Chain & Logistics","Rina Hassan"
"BLD-101469","2024-12-23","Late","2","Unpaid","Supply Chain & Logistics","Rina Hassan"
"BLD-101469","2024-01-22","Sick","8","Paid","Supply Chain & Logistics","Rina Hassan"
"BLD-101469","2023-10-16","Late","2","Paid","Supply Chain & Logistics","Rina Hassan"
"BLD-101469","2025-06-16","Sick","8","Paid","Supply Chain & Logistics","Rina Hassan"
"BLD-101469","2025-04-14","Unplanned","8","Paid","Supply Chain & Logistics","Rina Hassan"
"BLD-101469","2025-09-04","Sick","8","Paid","Supply Chain & Logistics","Rina Hassan"
"BLD-101469","2023-10-23","Unplanned","8","Unpaid","Supply Chain & Logistics","Rina Hassan"
"BLD-101469","2024-01-02","Unplanned","8","Unpaid","Supply Chain & Logistics","Rina Hassan"
"BLD-101469","2025-12-07","Late","2","Paid","Supply Chain & Logistics","Rina Hassan"
"BLD-101469","2024-12-11","Unplanned","8","Paid","Supply Chain & Logistics","Rina Hassan"
"BLD-101470","2025-04-15","Sick","8","Paid","Finance","Suresh Mahmoud"
"BLD-101470","2025-06-13","Other","8","Unpaid","Finance","Suresh Mahmoud"
"BLD-101471","2025-12-27","Sick","8","Paid","Engineering & Maintenance","Ramesh Kapoor"
"BLD-101471","2025-10-14","Sick","8","Paid","Engineering & Maintenance","Ramesh Kapoor"
"BLD-101471","2024-09-11","Unplanned","8","Unpaid","Engineering & Maintenance","Ramesh Kapoor"
"BLD-101473","2024-08-26","Sick","8","Paid","Corporate & Executive Office","Deepak Mahmoud"
"BLD-101473","2024-05-23","Sick","8","Paid","Corporate & Executive Office","Deepak Mahmoud"
"BLD-101473","2025-03-13","Sick","8","Paid","Corporate & Executive Office","Deepak Mahmoud"
"BLD-101474","2024-10-04","Late","3","Unpaid","Finance","Manoj Rai"
"BLD-101475","2023-12-12","Sick","8","Paid","Engineering & Maintenance","Suresh Devi"
"BLD-101475","2025-03-28","Unplanned","8","Paid","Engineering & Maintenance","Suresh Devi"
"BLD-101475","2024-03-02","Unplanned","8","Unpaid","Engineering & Maintenance","Suresh Devi"
"BLD-101475","2023-12-30","Other","8","Paid","Engineering & Maintenance","Suresh Devi"
"BLD-101475","2024-09-06","Unplanned","8","Paid","Engineering & Maintenance","Suresh Devi"
"BLD-101476","2023-03-06","Unplanned","8","Paid","Sales & Distribution","Ahmed Iqbal"
"BLD-101476","2023-09-26","Unplanned","8","Unpaid","Sales & Distribution","Ahmed Iqbal"
"BLD-101476","2023-08-18","Unplanned","8","Unpaid","Sales & Distribution","Ahmed Iqbal"
"BLD-101476","2023-02-17","Sick","8","Paid","Sales & Distribution","Ahmed Iqbal"
"BLD-101476","2023-07-20","Sick","8","Paid","Sales & Distribution","Ahmed Iqbal"
"BLD-101476","2023-11-11","Sick","8","Paid","Sales & Distribution","Ahmed Iqbal"
"BLD-101477","2024-05-28","Sick","8","Paid","Procurement","Faisal Iqbal"
"BLD-101477","2025-08-01","Sick","8","Paid","Procurement","Faisal Iqbal"
"BLD-101477","2025-06-15","Sick","8","Paid","Procurement","Faisal Iqbal"
"BLD-101477","2025-08-31","Unplanned","8","Paid","Procurement","Faisal Iqbal"
"BLD-101477","2024-10-05","Sick","8","Paid","Procurement","Faisal Iqbal"
"BLD-101477","2025-12-17","Sick","8","Paid","Procurement","Faisal Iqbal"
"BLD-101477","2025-03-15","Sick","8","Paid","Procurement","Faisal Iqbal"
"BLD-101477","2024-04-15","Sick","8","Paid","Procurement","Faisal Iqbal"
"BLD-101477","2024-09-23","Sick","8","Paid","Procurement","Faisal Iqbal"
"BLD-101479","2025-06-20","Late","3","Paid","R&D","Anita Mansour"
"BLD-101479","2025-09-12","Late","1","Paid","R&D","Anita Mansour"
"BLD-101479","2025-08-03","Unplanned","8","Unpaid","R&D","Anita Mansour"
"BLD-101479","2024-07-07","Sick","8","Paid","R&D","Anita Mansour"
"BLD-101479","2025-02-12","Sick","8","Paid","R&D","Anita Mansour"
"BLD-101479","2023-09-29","Sick","8","Paid","R&D","Anita Mansour"
"BLD-101479","2023-11-12","Unplanned","8","Unpaid","R&D","Anita Mansour"
"BLD-101479","2023-07-30","Sick","8","Paid","R&D","Anita Mansour"
"BLD-101479","2024-05-01","Other","8","Paid","R&D","Anita Mansour"
"BLD-101479","2023-05-23","Sick","8","Paid","R&D","Anita Mansour"
"BLD-101479","2024-02-24","Sick","8","Paid","R&D","Anita Mansour"
"BLD-101479","2024-10-15","Sick","8","Paid","R&D","Anita Mansour"
"BLD-101479","2025-03-14","Other","8","Unpaid","R&D","Anita Mansour"
"BLD-101479","2023-05-13","Unplanned","8","Unpaid","R&D","Anita Mansour"
"BLD-101479","2023-07-09","Sick","8","Paid","R&D","Anita Mansour"
"BLD-101479","2024-11-05","Unplanned","8","Unpaid","R&D","Anita Mansour"
"BLD-101480","2025-06-20","Sick","8","Paid","Production","Pooja Chowdhury"
"BLD-101480","2025-05-25","Sick","8","Paid","Production","Pooja Chowdhury"
"BLD-101481","2024-08-10","Unplanned","8","Paid","Supply Chain & Logistics","Krishna Youssef"
"BLD-101481","2025-09-03","Late","1","Unpaid","Supply Chain & Logistics","Krishna Youssef"
"BLD-101481","2025-10-01","Sick","8","Paid","Supply Chain & Logistics","Krishna Youssef"
"BLD-101481","2025-06-06","Late","1","Unpaid","Supply Chain & Logistics","Krishna Youssef"
"BLD-101481","2024-11-02","Sick","8","Paid","Supply Chain & Logistics","Krishna Youssef"
"BLD-101481","2024-09-17","Unplanned","8","Paid","Supply Chain & Logistics","Krishna Youssef"
"BLD-101481","2024-08-23","Other","8","Paid","Supply Chain & Logistics","Krishna Youssef"
"BLD-101481","2025-04-12","Unplanned","8","Unpaid","Supply Chain & Logistics","Krishna Youssef"
"BLD-101481","2025-08-23","Sick","8","Paid","Supply Chain & Logistics","Krishna Youssef"
"BLD-101481","2024-09-24","Unplanned","8","Unpaid","Supply Chain & Logistics","Krishna Youssef"
"BLD-101481","2025-07-08","Late","2","Paid","Supply Chain & Logistics","Krishna Youssef"
"BLD-101481","2024-09-30","Unplanned","8","Paid","Supply Chain & Logistics","Krishna Youssef"
"BLD-101481","2025-12-04","Sick","8","Paid","Supply Chain & Logistics","Krishna Youssef"
"BLD-101481","2024-08-10","Sick","8","Paid","Supply Chain & Logistics","Krishna Youssef"
"BLD-101482","2025-02-14","Sick","8","Paid","Marketing","Mona Sharma"
"BLD-101482","2025-11-27","Late","2","Unpaid","Marketing","Mona Sharma"
"BLD-101483","2024-08-21","Sick","8","Paid","Quality Assurance & Food Safety","Ahmed Ibrahim"
"BLD-101483","2024-11-04","Sick","8","Paid","Quality Assurance & Food Safety","Ahmed Ibrahim"
"BLD-101484","2025-09-30","Sick","8","Paid","IT & Digital","Deepak Gurung"
"BLD-101484","2025-09-02","Unplanned","8","Unpaid","IT & Digital","Deepak Gurung"
"BLD-101484","2025-08-11","Late","2","Unpaid","IT & Digital","Deepak Gurung"
"BLD-101485","2025-09-17","Unplanned","8","Paid","Finance","Faisal Mahmoud"
"BLD-101486","2025-06-02","Unplanned","8","Unpaid","Finance","Manoj Abdullah"
"BLD-101486","2025-12-01","Sick","8","Paid","Finance","Manoj Abdullah"
"BLD-101486","2025-07-07","Unplanned","8","Unpaid","Finance","Manoj Abdullah"
"BLD-101486","2025-10-11","Sick","8","Paid","Finance","Manoj Abdullah"
"BLD-101486","2025-02-19","Unplanned","8","Paid","Finance","Manoj Abdullah"
"BLD-101487","2025-12-26","Other","8","Unpaid","People & Culture","Manoj Fernandes"
"BLD-101487","2025-09-26","Sick","8","Paid","People & Culture","Manoj Fernandes"
"BLD-101487","2025-10-01","Late","3","Paid","People & Culture","Manoj Fernandes"
"BLD-101487","2025-08-08","Sick","8","Paid","People & Culture","Manoj Fernandes"
"BLD-101487","2025-11-16","Other","8","Unpaid","People & Culture","Manoj Fernandes"
"BLD-101487","2025-07-21","Sick","8","Paid","People & Culture","Manoj Fernandes"
"BLD-101488","2025-02-27","Sick","8","Paid","Finance","Vikram Islam"
"BLD-101488","2025-05-15","Other","8","Unpaid","Finance","Vikram Islam"
"BLD-101488","2024-09-17","Late","2","Unpaid","Finance","Vikram Islam"
"BLD-101488","2025-02-26","Unplanned","8","Unpaid","Finance","Vikram Islam"
"BLD-101489","2024-08-30","Unplanned","8","Unpaid","Quality Assurance & Food Safety","Dalia Baig"
"BLD-101489","2024-02-26","Sick","8","Paid","Quality Assurance & Food Safety","Dalia Baig"
"BLD-101489","2024-04-10","Unplanned","8","Unpaid","Quality Assurance & Food Safety","Dalia Baig"
"BLD-101489","2024-08-17","Sick","8","Paid","Quality Assurance & Food Safety","Dalia Baig"
"BLD-101489","2024-12-05","Late","1","Paid","Quality Assurance & Food Safety","Dalia Baig"
"BLD-101489","2024-07-05","Unplanned","8","Unpaid","Quality Assurance & Food Safety","Dalia Baig"
"BLD-101489","2024-10-03","Other","8","Unpaid","Quality Assurance & Food Safety","Dalia Baig"
"BLD-101490","2024-09-21","Unplanned","8","Paid","Engineering & Maintenance","Sanjay Baig"
"BLD-101490","2024-05-04","Sick","8","Paid","Engineering & Maintenance","Sanjay Baig"
"BLD-101490","2024-10-25","Sick","8","Paid","Engineering & Maintenance","Sanjay Baig"
"BLD-101490","2024-06-12","Unplanned","8","Unpaid","Engineering & Maintenance","Sanjay Baig"
"BLD-101490","2024-07-24","Sick","8","Paid","Engineering & Maintenance","Sanjay Baig"
"BLD-101490","2024-08-08","Unplanned","8","Paid","Engineering & Maintenance","Sanjay Baig"
"BLD-101490","2024-11-23","Sick","8","Paid","Engineering & Maintenance","Sanjay Baig"
"BLD-101490","2025-10-10","Sick","8","Paid","Engineering & Maintenance","Sanjay Baig"
"BLD-101490","2025-06-04","Unplanned","8","Unpaid","Engineering & Maintenance","Sanjay Baig"
"BLD-101490","2025-05-14","Sick","8","Paid","Engineering & Maintenance","Sanjay Baig"
"BLD-101490","2024-11-04","Sick","8","Paid","Engineering & Maintenance","Sanjay Baig"
"BLD-101490","2024-07-25","Late","1","Paid","Engineering & Maintenance","Sanjay Baig"
"BLD-101490","2024-04-08","Unplanned","8","Unpaid","Engineering & Maintenance","Sanjay Baig"
"BLD-101491","2025-11-30","Sick","8","Paid","R&D","Hind Khan"
"BLD-101491","2025-02-16","Sick","8","Paid","R&D","Hind Khan"
"BLD-101491","2024-07-07","Late","3","Paid","R&D","Hind Khan"
"BLD-101491","2025-01-01","Sick","8","Paid","R&D","Hind Khan"
"BLD-101491","2024-07-16","Unplanned","8","Paid","R&D","Hind Khan"
"BLD-101491","2025-12-22","Sick","8","Paid","R&D","Hind Khan"
"BLD-101492","2024-07-21","Unplanned","8","Paid","R&D","Bishnu Khan"
"BLD-101492","2024-04-27","Unplanned","8","Unpaid","R&D","Bishnu Khan"
"BLD-101492","2024-09-14","Unplanned","8","Paid","R&D","Bishnu Khan"
"BLD-101492","2024-08-01","Late","2","Paid","R&D","Bishnu Khan"
"BLD-101492","2024-03-28","Other","8","Paid","R&D","Bishnu Khan"
"BLD-101492","2024-03-08","Late","2","Unpaid","R&D","Bishnu Khan"
"BLD-101494","2025-03-12","Sick","8","Paid","R&D","Maria Farouk"
"BLD-101495","2023-11-14","Unplanned","8","Unpaid","Quality Assurance & Food Safety","Ahmed Baig"
"BLD-101495","2025-11-29","Late","2","Unpaid","Quality Assurance & Food Safety","Ahmed Baig"
"BLD-101495","2024-01-14","Unplanned","8","Paid","Quality Assurance & Food Safety","Ahmed Baig"
"BLD-101495","2024-02-25","Late","2","Paid","Quality Assurance & Food Safety","Ahmed Baig"
"BLD-101495","2024-05-30","Sick","8","Paid","Quality Assurance & Food Safety","Ahmed Baig"
"BLD-101495","2024-07-23","Sick","8","Paid","Quality Assurance & Food Safety","Ahmed Baig"
"BLD-101495","2025-11-16","Sick","8","Paid","Quality Assurance & Food Safety","Ahmed Baig"
"BLD-101495","2024-10-20","Sick","8","Paid","Quality Assurance & Food Safety","Ahmed Baig"
"BLD-101496","2024-07-05","Sick","8","Paid","Production","Mohamed Khan"
"BLD-101496","2023-10-17","Sick","8","Paid","Production","Mohamed Khan"
"BLD-101496","2025-11-01","Unplanned","8","Unpaid","Production","Mohamed Khan"
"BLD-101496","2025-05-17","Late","3","Unpaid","Production","Mohamed Khan"
"BLD-101496","2025-07-20","Unplanned","8","Unpaid","Production","Mohamed Khan"
"BLD-101496","2024-12-14","Sick","8","Paid","Production","Mohamed Khan"
"BLD-101496","2025-02-10","Sick","8","Paid","Production","Mohamed Khan"
"BLD-101496","2024-01-08","Sick","8","Paid","Production","Mohamed Khan"
"BLD-101496","2024-03-26","Sick","8","Paid","Production","Mohamed Khan"
"BLD-101496","2025-01-27","Sick","8","Paid","Production","Mohamed Khan"
"BLD-101496","2025-05-09","Other","8","Paid","Production","Mohamed Khan"
"BLD-101496","2024-03-13","Sick","8","Paid","Production","Mohamed Khan"
"BLD-101496","2025-11-17","Sick","8","Paid","Production","Mohamed Khan"
"BLD-101496","2024-01-04","Sick","8","Paid","Production","Mohamed Khan"
"BLD-101496","2024-01-10","Sick","8","Paid","Production","Mohamed Khan"
"BLD-101496","2024-01-30","Sick","8","Paid","Production","Mohamed Khan"
"BLD-101496","2025-02-11","Sick","8","Paid","Production","Mohamed Khan"
"BLD-101496","2024-04-29","Unplanned","8","Unpaid","Production","Mohamed Khan"
"BLD-101497","2024-09-14","Unplanned","8","Unpaid","Finance","Sameer Abdullah"
"BLD-101498","2025-04-14","Unplanned","8","Unpaid","Production","Anil Mendoza"
"BLD-101498","2025-09-12","Unplanned","8","Unpaid","Production","Anil Mendoza"
"BLD-101498","2025-08-29","Sick","8","Paid","Production","Anil Mendoza"
"BLD-101498","2025-03-18","Sick","8","Paid","Production","Anil Mendoza"
"BLD-101498","2025-07-03","Unplanned","8","Unpaid","Production","Anil Mendoza"
"BLD-101498","2025-06-24","Unplanned","8","Unpaid","Production","Anil Mendoza"
"BLD-101499","2024-12-17","Sick","8","Paid","People & Culture","Noor Mahmoud"
"BLD-101499","2024-01-27","Late","2","Paid","People & Culture","Noor Mahmoud"
"BLD-101499","2023-10-03","Sick","8","Paid","People & Culture","Noor Mahmoud"
"BLD-101499","2025-12-17","Late","2","Unpaid","People & Culture","Noor Mahmoud"
"BLD-101499","2023-08-22","Unplanned","8","Paid","People & Culture","Noor Mahmoud"
"BLD-101499","2023-10-10","Late","2","Paid","People & Culture","Noor Mahmoud"
"BLD-101499","2024-06-08","Unplanned","8","Unpaid","People & Culture","Noor Mahmoud"
"BLD-101499","2024-08-03","Sick","8","Paid","People & Culture","Noor Mahmoud"
"BLD-101499","2025-10-31","Late","2","Paid","People & Culture","Noor Mahmoud"
"BLD-101499","2024-02-03","Unplanned","8","Unpaid","People & Culture","Noor Mahmoud"
"BLD-101499","2025-02-17","Unplanned","8","Unpaid","People & Culture","Noor Mahmoud"
"BLD-101499","2025-09-19","Sick","8","Paid","People & Culture","Noor Mahmoud"
"BLD-101499","2024-05-23","Unplanned","8","Unpaid","People & Culture","Noor Mahmoud"
"BLD-101499","2025-11-06","Late","3","Unpaid","People & Culture","Noor Mahmoud"
"BLD-101499","2023-10-06","Unplanned","8","Unpaid","People & Culture","Noor Mahmoud"
"BLD-101500","2025-11-30","Late","2","Unpaid","Supply Chain & Logistics","Layla Ahmed"
"BLD-101500","2025-10-06","Sick","8","Paid","Supply Chain & Logistics","Layla Ahmed"
"BLD-101500","2024-11-10","Sick","8","Paid","Supply Chain & Logistics","Layla Ahmed"
"BLD-101500","2024-09-06","Late","3","Unpaid","Supply Chain & Logistics","Layla Ahmed"
"BLD-101500","2025-07-06","Unplanned","8","Unpaid","Supply Chain & Logistics","Layla Ahmed"
"BLD-101501","2025-07-23","Sick","8","Paid","R&D","Rowena Kapoor"
"BLD-101501","2025-10-03","Sick","8","Paid","R&D","Rowena Kapoor"
"BLD-101501","2024-03-22","Unplanned","8","Paid","R&D","Rowena Kapoor"
"BLD-101501","2023-09-27","Sick","8","Paid","R&D","Rowena Kapoor"
"BLD-101501","2024-09-04","Sick","8","Paid","R&D","Rowena Kapoor"
"BLD-101501","2023-09-17","Late","1","Unpaid","R&D","Rowena Kapoor"
"BLD-101501","2024-12-21","Unplanned","8","Paid","R&D","Rowena Kapoor"
"BLD-101501","2025-07-04","Unplanned","8","Paid","R&D","Rowena Kapoor"
"BLD-101501","2024-07-05","Unplanned","8","Unpaid","R&D","Rowena Kapoor"
"BLD-101501","2024-07-05","Late","2","Unpaid","R&D","Rowena Kapoor"
"BLD-101501","2024-01-16","Unplanned","8","Unpaid","R&D","Rowena Kapoor"
"BLD-101501","2025-01-14","Unplanned","8","Paid","R&D","Rowena Kapoor"
"BLD-101501","2025-11-07","Late","2","Unpaid","R&D","Rowena Kapoor"
"BLD-101501","2024-11-01","Unplanned","8","Unpaid","R&D","Rowena Kapoor"
"BLD-101501","2024-02-15","Unplanned","8","Paid","R&D","Rowena Kapoor"
"BLD-101501","2023-07-31","Unplanned","8","Unpaid","R&D","Rowena Kapoor"
"BLD-101501","2024-07-09","Unplanned","8","Paid","R&D","Rowena Kapoor"
"BLD-101501","2025-02-23","Sick","8","Paid","R&D","Rowena Kapoor"
"BLD-101501","2024-08-25","Sick","8","Paid","R&D","Rowena Kapoor"
"BLD-101501","2024-12-13","Sick","8","Paid","R&D","Rowena Kapoor"
"BLD-101501","2025-02-17","Unplanned","8","Paid","R&D","Rowena Kapoor"
"BLD-101501","2025-05-01","Sick","8","Paid","R&D","Rowena Kapoor"
"BLD-101501","2024-06-22","Unplanned","8","Unpaid","R&D","Rowena Kapoor"
"BLD-101501","2024-06-20","Sick","8","Paid","R&D","Rowena Kapoor"
"BLD-101502","2025-04-22","Sick","8","Paid","Sales & Distribution","Anil Al-Kuwari"
"BLD-101502","2025-01-30","Sick","8","Paid","Sales & Distribution","Anil Al-Kuwari"
"BLD-101502","2024-10-04","Unplanned","8","Unpaid","Sales & Distribution","Anil Al-Kuwari"
"BLD-101502","2025-02-13","Sick","8","Paid","Sales & Distribution","Anil Al-Kuwari"
"BLD-101502","2024-08-04","Late","2","Unpaid","Sales & Distribution","Anil Al-Kuwari"
"BLD-101502","2025-12-11","Late","2","Unpaid","Sales & Distribution","Anil Al-Kuwari"
"BLD-101502","2024-11-20","Other","8","Paid","Sales & Distribution","Anil Al-Kuwari"
"BLD-101503","2024-03-09","Sick","8","Paid","Sales & Distribution","Nadia Baig"
"BLD-101503","2023-04-22","Sick","8","Paid","Sales & Distribution","Nadia Baig"
"BLD-101503","2023-08-19","Unplanned","8","Unpaid","Sales & Distribution","Nadia Baig"
"BLD-101503","2023-08-23","Sick","8","Paid","Sales & Distribution","Nadia Baig"
"BLD-101504","2024-03-07","Unplanned","8","Paid","Production","Juan Hassan"
"BLD-101504","2023-03-28","Unplanned","8","Unpaid","Production","Juan Hassan"
"BLD-101505","2025-08-06","Late","2","Unpaid","Corporate & Executive Office","Rajesh Ahmed"
"BLD-101505","2025-06-19","Sick","8","Paid","Corporate & Executive Office","Rajesh Ahmed"
"BLD-101505","2025-10-31","Sick","8","Paid","Corporate & Executive Office","Rajesh Ahmed"
"BLD-101505","2025-06-01","Sick","8","Paid","Corporate & Executive Office","Rajesh Ahmed"
"BLD-101505","2024-11-29","Unplanned","8","Unpaid","Corporate & Executive Office","Rajesh Ahmed"
"BLD-101505","2025-08-04","Unplanned","8","Unpaid","Corporate & Executive Office","Rajesh Ahmed"
"BLD-101505","2025-03-02","Sick","8","Paid","Corporate & Executive Office","Rajesh Ahmed"
"BLD-101506","2025-05-16","Unplanned","8","Unpaid","Supply Chain & Logistics","Anil Fernandes"
"BLD-101506","2025-01-14","Late","2","Unpaid","Supply Chain & Logistics","Anil Fernandes"
"BLD-101506","2025-03-11","Sick","8","Paid","Supply Chain & Logistics","Anil Fernandes"
"BLD-101506","2024-10-29","Sick","8","Paid","Supply Chain & Logistics","Anil Fernandes"
"BLD-101506","2025-01-16","Sick","8","Paid","Supply Chain & Logistics","Anil Fernandes"
"BLD-101506","2024-12-16","Sick","8","Paid","Supply Chain & Logistics","Anil Fernandes"
"BLD-101506","2025-03-11","Sick","8","Paid","Supply Chain & Logistics","Anil Fernandes"
"BLD-101507","2025-11-09","Late","3","Unpaid","Quality Assurance & Food Safety","Rajesh Fernandes"
"BLD-101508","2025-11-15","Unplanned","8","Paid","Engineering & Maintenance","Omar Al-Sayed"
"BLD-101508","2024-09-04","Sick","8","Paid","Engineering & Maintenance","Omar Al-Sayed"
"BLD-101508","2025-11-05","Unplanned","8","Paid","Engineering & Maintenance","Omar Al-Sayed"
"BLD-101508","2025-03-21","Sick","8","Paid","Engineering & Maintenance","Omar Al-Sayed"
"BLD-101508","2025-09-14","Late","3","Paid","Engineering & Maintenance","Omar Al-Sayed"
"BLD-101508","2025-11-10","Late","2","Unpaid","Engineering & Maintenance","Omar Al-Sayed"
"BLD-101508","2024-09-18","Sick","8","Paid","Engineering & Maintenance","Omar Al-Sayed"
"BLD-101508","2025-04-30","Sick","8","Paid","Engineering & Maintenance","Omar Al-Sayed"
"BLD-101508","2025-03-30","Unplanned","8","Unpaid","Engineering & Maintenance","Omar Al-Sayed"
"BLD-101508","2024-06-25","Sick","8","Paid","Engineering & Maintenance","Omar Al-Sayed"
"BLD-101508","2024-10-21","Sick","8","Paid","Engineering & Maintenance","Omar Al-Sayed"
"BLD-101508","2025-11-09","Other","8","Paid","Engineering & Maintenance","Omar Al-Sayed"
"BLD-101508","2024-07-25","Unplanned","8","Unpaid","Engineering & Maintenance","Omar Al-Sayed"
"BLD-101508","2024-04-07","Unplanned","8","Unpaid","Engineering & Maintenance","Omar Al-Sayed"
"BLD-101508","2024-09-12","Unplanned","8","Paid","Engineering & Maintenance","Omar Al-Sayed"
"BLD-101509","2024-11-23","Sick","8","Paid","Supply Chain & Logistics","Yousef Al-Attiyah"
"BLD-101509","2024-10-29","Unplanned","8","Unpaid","Supply Chain & Logistics","Yousef Al-Attiyah"
"BLD-101509","2024-02-19","Sick","8","Paid","Supply Chain & Logistics","Yousef Al-Attiyah"
"BLD-101509","2024-10-13","Unplanned","8","Paid","Supply Chain & Logistics","Yousef Al-Attiyah"
"BLD-101509","2023-10-29","Unplanned","8","Unpaid","Supply Chain & Logistics","Yousef Al-Attiyah"
"BLD-101509","2023-10-05","Other","8","Unpaid","Supply Chain & Logistics","Yousef Al-Attiyah"
"BLD-101509","2024-10-23","Sick","8","Paid","Supply Chain & Logistics","Yousef Al-Attiyah"
"BLD-101509","2024-09-29","Sick","8","Paid","Supply Chain & Logistics","Yousef Al-Attiyah"
"BLD-101510","2024-09-29","Sick","8","Paid","Production","Faisal Chowdhury"
"BLD-101510","2025-06-01","Sick","8","Paid","Production","Faisal Chowdhury"
"BLD-101510","2024-12-13","Sick","8","Paid","Production","Faisal Chowdhury"
"BLD-101510","2024-11-06","Sick","8","Paid","Production","Faisal Chowdhury"
"BLD-101510","2024-05-03","Sick","8","Paid","Production","Faisal Chowdhury"
"BLD-101511","2024-11-11","Late","2","Paid","People & Culture","Noor Sharma"
"BLD-101511","2024-08-22","Unplanned","8","Unpaid","People & Culture","Noor Sharma"
"BLD-101511","2024-06-20","Sick","8","Paid","People & Culture","Noor Sharma"
"BLD-101511","2024-05-10","Sick","8","Paid","People & Culture","Noor Sharma"
"BLD-101511","2024-12-04","Sick","8","Paid","People & Culture","Noor Sharma"
"BLD-101511","2024-09-13","Sick","8","Paid","People & Culture","Noor Sharma"
"BLD-101511","2024-06-27","Unplanned","8","Unpaid","People & Culture","Noor Sharma"
