"employee_id","employee_number","employee_name","preferred_name","gender","nationality","date_of_birth","age","marital_status","employment_status","employee_type","full_time_part_time","hire_date","confirmation_date","termination_date","termination_reason","length_of_service","legal_entity","business_unit","department","division","section","cost_center","position_id","position_title","job_family","job_grade","job_level","line_manager_id","line_manager_name","location","country","city","employment_category"
"BLD-100002","EMP000001","Vikram El-Sayed","Vikram","Male","Pakistani","1976-10-14","49","Married","Active","Permanent","Full Time","2021-08-14","2021-11-12",,,"4.4","Baladna Q.P.S.C. (Qatar)","Supply Chain","Procurement","Supply Chain","Procurement - Section 2","CC-637","POS-00001","Assistant Manager - Procurement","Procurement","G12","Managerial","BLD-100884","Manoj Iqbal","Al Khor Site","Qatar","Al Khor","Expatriate"
"BLD-100003","EMP000002","Aisha Khan","Aisha","Female","Egyptian","1966-06-25","57","Married","Terminated","Permanent","Full Time","2019-11-11","2020-02-09","2023-07-19","Resignation - Better Opportunity","3.7","Baladna Q.P.S.C. (Qatar)","Operations","R&D","Operations","R&D - Section 3","CC-118","POS-00002","Associate - R&D","R&D","G3","Staff","BLD-101122","Waleed Cruz","Al Khor Site","Qatar","Al Khor","Expatriate"
"BLD-100004","EMP000003","Ravi Abdullah","Ravi","Male","Filipino","1987-03-16","38","Married","Active","Contract","Full Time","2018-01-31","2018-05-01",,,"7.9","Baladna Q.P.S.C. (Qatar)","Corporate","Corporate & Executive Office","Corporate","Corporate & Executive Office - Section 3","CC-577","POS-00003","Coordinator - Corporate & Executive Office","Corporate & Executive Office","G1","Staff","BLD-100391","Rowena Pereira","Doha Site","Qatar","Doha","Expatriate"
"BLD-100005","EMP000004","Ravi Mansour","Ravi","Male","Indian","1974-06-20","49","Married","Terminated","Permanent","Full Time","2017-10-26","2018-01-24","2024-06-09","Resignation - Relocation","6.6","Baladna Q.P.S.C. (Qatar)","Operations","Engineering & Maintenance","Operations","Engineering & Maintenance - Section 2","CC-178","POS-00004","Specialist - Engineering & Maintenance","Engineering & Maintenance","G8","Supervisory","BLD-100008","Ramesh Kapoor","Doha Site","Qatar","Doha","Expatriate"
"BLD-100006","EMP000005","Ramesh Youssef","Ramesh","Male","Egyptian","1967-03-08","58","Married","Active","Permanent","Full Time","2021-09-30","2021-12-29",,,"4.3","Baladna Q.P.S.C. (Qatar)","Corporate","IT & Digital","Corporate","IT & Digital - Section 1","CC-289","POS-00005","Technician - IT & Digital","IT & Digital","G1","Staff","BLD-100808","Rajesh Mansour","Al Khor Site","Qatar","Al Khor","Expatriate"
"BLD-100007","EMP000006","Waleed Sharma","Waleed","Male","Egyptian","1992-10-20","30","Married","Terminated","Permanent","Full Time","2015-08-29","2015-11-27","2023-07-01","Resignation - Relocation","7.8","Baladna Egypt","Operations","Quality Assurance & Food Safety","Operations","Quality Assurance & Food Safety - Section 2","CC-564","POS-00006","Operator - Quality Assurance & Food Safety","Quality Assurance & Food Safety","G1","Staff","BLD-101507","Khalid Al-Marri","Cairo Site","Egypt","Cairo","Local"
"BLD-100008","EMP000007","Ramesh Kapoor","Ramesh","Male","Indian","1982-09-13","43","Other","Active","Permanent","Full Time","2019-09-18","2019-12-17",,,"6.3","Baladna Q.P.S.C. (Qatar)","Operations","Engineering & Maintenance","Operations","Engineering & Maintenance - Section 2","CC-178","POS-00007","Assistant Manager - Engineering & Maintenance","Engineering & Maintenance","G12","Managerial","BLD-100413","Ahmed Ibrahim","Doha Site","Qatar","Doha","Expatriate"
"BLD-100009","EMP000008","Juan Al-Sayed","Juan","Male","Egyptian","1965-06-20","60","Married","Active","Permanent","Full Time","2011-04-03","2011-07-02",,,"14.7","Baladna Q.P.S.C. (Qatar)","Corporate","IT & Digital","Corporate","IT & Digital - Section 1","CC-289","POS-00008","Senior Manager - IT & Digital","IT & Digital","G10","Managerial","BLD-101147","Deepak Gurung","Doha Site","Qatar","Doha","Expatriate"
"BLD-100010","EMP000009","Maria Kapoor","Maria","Female","Indian","1966-07-13","58","Married","Terminated","Permanent","Full Time","2020-06-20","2020-09-18","2025-05-07","Resignation - Relocation","4.9","Baladna Q.P.S.C. (Qatar)","Commercial","Marketing","Commercial","Marketing - Section 2","CC-916","POS-00009","Technician - Marketing","Marketing","G2","Staff","BLD-101263","Shobha Mahmoud","Doha Site","Qatar","Doha","Expatriate"
"BLD-100011","EMP000010","Faisal Reyes","Faisal","Male","Nepali","1990-05-23","33","Married","Terminated","Permanent","Full Time","2010-10-21","2011-01-19","2023-09-01","Resignation - Relocation","12.9","Baladna Q.P.S.C. (Qatar)","Corporate","Finance","Corporate","Finance - Section 2","CC-502","POS-00010","Officer - Finance","Finance","G4","Staff","BLD-101474","Rajesh Malik","Doha Site","Qatar","Doha","Expatriate"
"BLD-100012","EMP000011","Bikram Ahmed","Bikram","Male","Egyptian","1974-05-09","51","Married","Active","Permanent","Full Time","2013-06-13","2013-09-11",,,"12.6","Baladna Egypt","Corporate","People & Culture","Corporate","People & Culture - Section 3","CC-310","POS-00011","Coordinator - People & Culture","People & Culture","G1","Staff","BLD-100275","Mariam Baig","Cairo Site","Egypt","Cairo","Local"
"BLD-100013","EMP000012","Aisha Iqbal","Aisha","Female","Sudanese","1959-03-25","66","Married","Terminated","Permanent","Full Time","2010-10-29","2011-01-27","2025-09-26","Resignation - Relocation","14.9","Baladna Q.P.S.C. (Qatar)","Commercial","Marketing","Commercial","Marketing - Section 3","CC-916","POS-00012","Senior Officer - Marketing","Marketing","G8","Supervisory","BLD-101126","Anil Kapoor","Doha Site","Qatar","Doha","Expatriate"
"BLD-100014","EMP000013","Sanjay Baig","Sanjay","Male","Indian","1989-03-08","35","Married","Terminated","Temporary","Full Time","2010-09-05","2010-12-04","2024-04-23","Resignation - Personal Reasons","13.6","Baladna Q.P.S.C. (Qatar)","Operations","Engineering & Maintenance","Operations","Engineering & Maintenance - Section 1","CC-178","POS-00013","Senior Officer - Engineering & Maintenance","Engineering & Maintenance","G6","Supervisory","BLD-100494","Ravi Youssef","Al Khor Site","Qatar","Al Khor","Expatriate"
"BLD-100015","EMP000014","Omar Al-Sayed","Omar","Male","Egyptian","1969-02-20","56","Single","Active","Permanent","Full Time","2014-02-13","2014-05-14",,,"11.9","Baladna Q.P.S.C. (Qatar)","Operations","Engineering & Maintenance","Operations","Engineering & Maintenance - Section 2","CC-178","POS-00014","Team Lead - Engineering & Maintenance","Engineering & Maintenance","G9","Supervisory","BLD-100494","Ravi Youssef","Al Khor Site","Qatar","Al Khor","Expatriate"
"BLD-100016","EMP000015","Rajesh Sharma","Rajesh","Male","Qatari","1973-02-21","52","Other","Active","Permanent","Full Time","2018-10-04","2019-01-02",,,"7.2","Baladna Q.P.S.C. (Qatar)","Corporate","Corporate & Executive Office","Corporate","Corporate & Executive Office - Section 3","CC-577","POS-00015","Team Lead - Corporate & Executive Office","Corporate & Executive Office","G6","Supervisory","BLD-100398","Rania Islam","Al Rayyan Site","Qatar","Al Rayyan","Local"
"BLD-100017","EMP000016","Manoj Kapoor","Manoj","Male","Indian","1972-10-17","53","Married","Active","Permanent","Full Time","2022-07-12","2022-10-10",,,"3.5","Baladna Q.P.S.C. (Qatar)","Operations","Engineering & Maintenance","Operations","Engineering & Maintenance - Section 1","CC-178","POS-00016","Team Lead - Engineering & Maintenance","Engineering & Maintenance","G6","Supervisory","BLD-100008","Ramesh Kapoor","Al Khor Site","Qatar","Al Khor","Expatriate"
"BLD-100018","EMP000017","Ramesh Gurung","Ramesh","Male","Indian","1993-10-09","31","Single","Terminated","Contract","Full Time","2019-05-02","2019-07-31","2025-04-24","Resignation - Relocation","6","Baladna Q.P.S.C. (Qatar)","Operations","Engineering & Maintenance","Operations","Engineering & Maintenance - Section 1","CC-178","POS-00017","Senior Officer - Engineering & Maintenance","Engineering & Maintenance","G6","Supervisory","BLD-100008","Ramesh Kapoor","Al Khor Site","Qatar","Al Khor","Expatriate"
"BLD-100019","EMP000018","Sameer El-Sayed","Sameer","Male","Nepali","1970-10-23","55","Single","Active","Permanent","Full Time","2020-07-13","2020-10-11",,,"5.5","Baladna Q.P.S.C. (Qatar)","Commercial","Sales & Distribution","Commercial","Sales & Distribution - Section 1","CC-310","POS-00018","Officer - Sales & Distribution","Sales & Distribution","G5","Staff","BLD-100356","Ramesh El-Sayed","Al Khor Site","Qatar","Al Khor","Expatriate"
"BLD-100020","EMP000019","Ravi Khan","Ravi","Male","Bangladeshi","1973-11-22","52","Other","Active","Permanent","Full Time","2022-09-01","2022-11-30",,,"3.3","Baladna Q.P.S.C. (Qatar)","Supply Chain","Supply Chain & Logistics","Supply Chain","Supply Chain & Logistics - Section 3","CC-370","POS-00019","Senior Manager - Supply Chain & Logistics","Supply Chain & Logistics","G11","Managerial","BLD-101509","Suresh Reyes","Doha Site","Qatar","Doha","Expatriate"
"BLD-100021","EMP000020","Rajesh Hassan","Rajesh","Male","Nepali","1991-06-13","34","Married","Active","Permanent","Full Time","2015-12-04","2016-03-03",,,"10.1","Baladna Q.P.S.C. (Qatar)","Corporate","Corporate & Executive Office","Corporate","Corporate & Executive Office - Section 3","CC-577","POS-00020","Officer - Corporate & Executive Office","Corporate & Executive Office","G2","Staff","BLD-101192","Rajesh Ahmed","Doha Site","Qatar","Doha","Expatriate"
"BLD-100022","EMP000021","Hari Iqbal","Hari","Male","Egyptian","1982-08-06","42","Married","Terminated","Permanent","Full Time","2019-10-03","2020-01-01","2024-10-21","Resignation - Relocation","5.1","Baladna Egypt","Commercial","Sales & Distribution","Commercial","Sales & Distribution - Section 3","CC-310","POS-00021","Associate - Sales & Distribution","Sales & Distribution","G5","Staff","BLD-100781","Krishna Thapa","Alexandria Site","Egypt","Alexandria","Local"
"BLD-100023","EMP000022","Mariam Chowdhury","Mariam","Female","Indian","1968-03-22","57","Married","Active","Permanent","Full Time","2021-01-27","2021-04-27",,,"4.9","Baladna Q.P.S.C. (Qatar)","Corporate","People & Culture","Corporate","People & Culture - Section 1","CC-310","POS-00022","Operator - People & Culture","People & Culture","G1","Staff","BLD-100594","Rina Abdullah","Al Khor Site","Qatar","Al Khor","Expatriate"
"BLD-100024","EMP000023","Sanjay El-Sayed","Sanjay","Male","Egyptian","1964-10-14","58","Married","Terminated","Contract","Full Time","2016-02-14","2016-05-14","2023-06-29","Resignation - Personal Reasons","7.4","Baladna Q.P.S.C. (Qatar)","Corporate","People & Culture","Corporate","People & Culture - Section 3","CC-310","POS-00023","Assistant - People & Culture","People & Culture","G5","Staff","BLD-100896","Hind Youssef","Al Khor Site","Qatar","Al Khor","Expatriate"
"BLD-100025","EMP000024","Ravi Mansour","Ravi","Male","Egyptian","1985-07-09","40","Single","Active","Permanent","Full Time","2017-06-03","2017-09-01",,,"8.6","Baladna Egypt","Commercial","Sales & Distribution","Commercial","Sales & Distribution - Section 2","CC-310","POS-00024","Officer - Sales & Distribution","Sales & Distribution","G2","Staff","BLD-101388","Kavita Gurung","Cairo Site","Egypt","Cairo","Local"
"BLD-100026","EMP000025","Yasmin Chowdhury","Yasmin","Female","Egyptian","1976-02-08","48","Married","Terminated","Permanent","Full Time","2010-08-30","2010-11-28","2024-11-07","Resignation - Relocation","14.2","Baladna Egypt","Operations","Quality Assurance & Food Safety","Operations","Quality Assurance & Food Safety - Section 2","CC-564","POS-00025","Specialist - Quality Assurance & Food Safety","Quality Assurance & Food Safety","G7","Supervisory","BLD-100714","Sameer Al-Sayed","Cairo Site","Egypt","Cairo","Local"
"BLD-100027","EMP000026","Deepak Al-Marri","Deepak","Male","Jordanian","1964-01-24","61","Single","Active","Contract","Full Time","2018-12-29","2019-03-29",,,"7","Baladna Q.P.S.C. (Qatar)","Supply Chain","Supply Chain & Logistics","Supply Chain","Supply Chain & Logistics - Section 1","CC-370","POS-00026","Assistant - Supply Chain & Logistics","Supply Chain & Logistics","G1","Staff","BLD-100509","Rina Hassan","Doha Site","Qatar","Doha","Expatriate"
"BLD-100028","EMP000027","Fatima Kapoor","Fatima","Female","Indian","1984-08-25","41","Single","Active","Permanent","Full Time","2014-01-30","2014-04-30",,,"11.9","Baladna Q.P.S.C. (Qatar)","Operations","R&D","Operations","R&D - Section 1","CC-118","POS-00027","Operator - R&D","R&D","G2","Staff","BLD-100235","Rina Baig","Doha Site","Qatar","Doha","Expatriate"
"BLD-100029","EMP000028","Lubna Youssef","Lubna","Female","Egyptian","1995-02-04","29","Married","Terminated","Permanent","Full Time","2022-01-10","2022-04-10","2024-10-24","Resignation - Relocation","2.8","Baladna Egypt","Operations","Quality Assurance & Food Safety","Operations","Quality Assurance & Food Safety - Section 1","CC-564","POS-00028","Operator - Quality Assurance & Food Safety","Quality Assurance & Food Safety","G1","Staff","BLD-101262","Nadia Santos","10th of Ramadan City Site","Egypt","10th of Ramadan City","Local"
"BLD-100030","EMP000029","Anita Baig","Anita","Female","Egyptian","1985-09-12","40","Single","Active","Permanent","Part Time","2021-06-25","2021-09-23",,,"4.5","Baladna Egypt","Corporate","People & Culture","Corporate","People & Culture - Section 3","CC-310","POS-00029","Officer - People & Culture","People & Culture","G1","Staff","BLD-101041","Layla Reyes","10th of Ramadan City Site","Egypt","10th of Ramadan City","Local"
"BLD-100031","EMP000030","Hari Youssef","Hari","Male","Egyptian","1963-02-05","60","Married","Terminated","Permanent","Full Time","2015-06-18","2015-09-16","2023-12-22","Resignation - Better Opportunity","8.5","Baladna Q.P.S.C. (Qatar)","Operations","Engineering & Maintenance","Operations","Engineering & Maintenance - Section 1","CC-178","POS-00030","Senior Officer - Engineering & Maintenance","Engineering & Maintenance","G7","Supervisory","BLD-100494","Ravi Youssef","Doha Site","Qatar","Doha","Expatriate"
"BLD-100032","EMP000031","Hari Devi","Hari","Male","Nepali","1973-04-25","52","Married","Active","Permanent","Full Time","2014-12-03","2015-03-03",,,"11.1","Baladna Q.P.S.C. (Qatar)","Commercial","Sales & Distribution","Commercial","Sales & Distribution - Section 2","CC-310","POS-00031","Operator - Sales & Distribution","Sales & Distribution","G2","Staff","BLD-101034","Manoj Baig","Al Khor Site","Qatar","Al Khor","Expatriate"
"BLD-100033","EMP000032","Ali Malik","Ali","Male","Egyptian","1982-12-14","43","Married","Active","Contract","Full Time","2014-07-01","2014-09-29",,,"11.5","Baladna Q.P.S.C. (Qatar)","Corporate","People & Culture","Corporate","People & Culture - Section 1","CC-310","POS-00032","Supervisor - People & Culture","People & Culture","G6","Supervisory","BLD-100388","Waleed Rai","Al Khor Site","Qatar","Al Khor","Expatriate"
"BLD-100034","EMP000033","Mariam Reyes","Mariam","Female","Indian","1977-05-14","48","Single","Active","Permanent","Full Time","2016-02-20","2016-05-20",,,"9.9","Baladna Q.P.S.C. (Qatar)","Supply Chain","Procurement","Supply Chain","Procurement - Section 3","CC-637","POS-00033","Officer - Procurement","Procurement","G1","Staff","BLD-100869","Santosh Baig","Doha Site","Qatar","Doha","Expatriate"
"BLD-100035","EMP000034","Noor Mahmoud","Noor","Female","Jordanian","1990-10-19","32","Married","Terminated","Permanent","Full Time","2020-10-18","2021-01-16","2023-09-04","Resignation - Better Opportunity","2.9","Baladna Q.P.S.C. (Qatar)","Corporate","People & Culture","Corporate","People & Culture - Section 1","CC-310","POS-00034","Team Lead - People & Culture","People & Culture","G8","Supervisory","BLD-100388","Waleed Rai","Doha Site","Qatar","Doha","Expatriate"
"BLD-100036","EMP000035","Waleed Gurung","Waleed","Male","Egyptian","1976-06-23","49","Single","Active","Permanent","Full Time","2013-09-08","2013-12-07",,,"12.3","Baladna Egypt","Operations","Production","Operations","Production - Section 1","CC-956","POS-00035","Head of Department - Production","Production","G13","Executive","BLD-100001","Yousef Al-Attiyah","Alexandria Site","Egypt","Alexandria","Local"
"BLD-100037","EMP000036","Anita Al-Sayed","Anita","Female","Filipino","1989-04-07","36","Married","Terminated","Permanent","Full Time","2011-03-13","2011-06-11","2025-09-22","Resignation - Personal Reasons","14.5","Baladna Q.P.S.C. (Qatar)","Corporate","People & Culture","Corporate","People & Culture - Section 2","CC-310","POS-00036","Associate - People & Culture","People & Culture","G5","Staff","BLD-100502","Sara Santos","Doha Site","Qatar","Doha","Expatriate"
"BLD-100038","EMP000037","Ali Devi","Ali","Male","Bangladeshi","1986-11-11","39","Married","Active","Permanent","Full Time","2010-11-20","2011-02-18",,,"15.1","Baladna Q.P.S.C. (Qatar)","Supply Chain","Procurement","Supply Chain","Procurement - Section 2","CC-637","POS-00037","Manager - Procurement","Procurement","G10","Managerial","BLD-100884","Manoj Iqbal","Al Khor Site","Qatar","Al Khor","Expatriate"
"BLD-100039","EMP000038","Prakash Gurung","Prakash","Male","Jordanian","1980-07-01","45","Single","Active","Permanent","Full Time","2020-06-29","2020-09-27",,,"5.5","Baladna Q.P.S.C. (Qatar)","Supply Chain","Supply Chain & Logistics","Supply Chain","Supply Chain & Logistics - Section 3","CC-370","POS-00038","Associate - Supply Chain & Logistics","Supply Chain & Logistics","G3","Staff","BLD-101201","Santosh Devi","Doha Site","Qatar","Doha","Expatriate"
"BLD-100040","EMP000039","Huda Mendoza","Huda","Female","Sri Lankan","1966-06-18","59","Married","Active","Temporary","Part Time","2014-06-18","2014-09-16",,,"11.5","Baladna Q.P.S.C. (Qatar)","Operations","R&D","Operations","R&D - Section 2","CC-118","POS-00039","Assistant - R&D","R&D","G1","Staff","BLD-100593","Santosh Mahmoud","Al Rayyan Site","Qatar","Al Rayyan","Expatriate"
"BLD-100041","EMP000040","Aisha Ibrahim","Aisha","Female","Filipino","1964-03-12","61","Married","Active","Permanent","Full Time","2018-05-05","2018-08-03",,,"7.7","Baladna Q.P.S.C. (Qatar)","Operations","Engineering & Maintenance","Operations","Engineering & Maintenance - Section 1","CC-178","POS-00040","Officer - Engineering & Maintenance","Engineering & Maintenance","G4","Staff","BLD-100215","Vikram Abdullah","Al Khor Site","Qatar","Al Khor","Expatriate"
"BLD-100042","EMP000041","Ahmed Iqbal","Ahmed","Male","Pakistani","1977-09-11","47","Single","Terminated","Permanent","Full Time","2022-01-20","2022-04-20","2024-10-20","Resignation - Personal Reasons","2.7","Baladna Q.P.S.C. (Qatar)","Supply Chain","Supply Chain & Logistics","Supply Chain","Supply Chain & Logistics - Section 2","CC-370","POS-00041","Senior Technician - Supply Chain & Logistics","Supply Chain & Logistics","G8","Supervisory","BLD-100403","Khalid Ibrahim","Doha Site","Qatar","Doha","Expatriate"
"BLD-100043","EMP000042","Hind Mansour","Hind","Female","Indian","1973-11-09","50","Married","Terminated","Permanent","Full Time","2022-05-19","2022-08-17","2024-09-05","Resignation - Better Opportunity","2.3","Baladna Q.P.S.C. (Qatar)","Corporate","IT & Digital","Corporate","IT & Digital - Section 3","CC-289","POS-00042","Technician - IT & Digital","IT & Digital","G3","Staff","BLD-101478","Juan Islam","Al Khor Site","Qatar","Al Khor","Expatriate"
"BLD-100044","EMP000043","Prakash Islam","Prakash","Male","Egyptian","1968-09-20","56","Married","Terminated","Contract","Full Time","2017-05-05","2017-08-03","2025-08-06","Resignation - Relocation","8.3","Baladna Egypt","Corporate","People & Culture","Corporate","People & Culture - Section 1","CC-310","POS-00043","Senior Officer - People & Culture","People & Culture","G6","Supervisory","BLD-101105","Fatima Malik","Cairo Site","Egypt","Cairo","Local"
"BLD-100045","EMP000044","Joy Islam","Joy","Female","Jordanian","1987-05-25","38","Single","Active","Permanent","Full Time","2016-12-23","2017-03-23",,,"9","Baladna Q.P.S.C. (Qatar)","Operations","R&D","Operations","R&D - Section 2","CC-118","POS-00044","Assistant - R&D","R&D","G5","Staff","BLD-101008","Ramesh Devi","Doha Site","Qatar","Doha","Expatriate"
"BLD-100046","EMP000045","Mohamed Ahmed","Mohamed","Male","Indian","1994-10-16","31","Married","Active","Permanent","Part Time","2022-06-09","2022-09-07",,,"3.6","Baladna Q.P.S.C. (Qatar)","Operations","Engineering & Maintenance","Operations","Engineering & Maintenance - Section 1","CC-178","POS-00045","Coordinator - Engineering & Maintenance","Engineering & Maintenance","G2","Staff","BLD-100929","Juan Kapoor","Doha Site","Qatar","Doha","Expatriate"
"BLD-100047","EMP000046","Reem Chowdhury","Reem","Female","Pakistani","1977-02-01","47","Other","Terminated","Permanent","Full Time","2012-09-19","2012-12-18","2024-12-26","Resignation - Personal Reasons","12.3","Baladna Q.P.S.C. (Qatar)","Operations","Quality Assurance & Food Safety","Operations","Quality Assurance & Food Safety - Section 1","CC-564","POS-00046","Coordinator - Quality Assurance & Food Safety","Quality Assurance & Food Safety","G5","Staff","BLD-101495","Nadia Thapa","Doha Site","Qatar","Doha","Expatriate"
"BLD-100048","EMP000047","Krishna Ibrahim","Krishna","Male","Indian","1985-05-07","38","Single","Terminated","Permanent","Full Time","2022-02-24","2022-05-25","2023-06-02","Resignation - Personal Reasons","1.3","Baladna Q.P.S.C. (Qatar)","Operations","Farm Operations","Operations","Farm Operations - Section 1","CC-662","POS-00047","Technician - Farm Operations","Farm Operations","G2","Staff","BLD-100222","Tariq Pereira","Doha Site","Qatar","Doha","Expatriate"
"BLD-100049","EMP000048","Anil Kapoor","Anil","Male","Indian","1982-11-19","40","Single","Terminated","Permanent","Full Time","2018-07-06","2018-10-04","2023-06-30","Resignation - Personal Reasons","5","Baladna Q.P.S.C. (Qatar)","Corporate","Finance","Corporate","Finance - Section 1","CC-502","POS-00048","Officer - Finance","Finance","G2","Staff","BLD-101264","Sanjay Gurung","Al Khor Site","Qatar","Al Khor","Expatriate"
"BLD-100050","EMP000049","Bikram Sharma","Bikram","Male","Qatari","1971-08-13","51","Married","Terminated","Permanent","Full Time","2015-01-24","2015-04-24","2023-03-30","Termination - Disciplinary","8.2","Baladna Q.P.S.C. (Qatar)","Operations","Farm Operations","Operations","Farm Operations - Section 2","CC-662","POS-00049","Assistant - Farm Operations","Farm Operations","G1","Staff","BLD-101042","Faisal Mansour","Al Rayyan Site","Qatar","Al Rayyan","Local"
"BLD-100051","EMP000050","Rajesh Kapoor","Rajesh","Male","Egyptian","1966-01-10","59","Married","Active","Permanent","Full Time","2020-09-06","2020-12-05",,,"5.3","Baladna Egypt","Operations","Quality Assurance & Food Safety","Operations","Quality Assurance & Food Safety - Section 1","CC-564","POS-00050","Senior Technician - Quality Assurance & Food Safety","Quality Assurance & Food Safety","G6","Supervisory","BLD-101465","Ahmed Farouk","Cairo Site","Egypt","Cairo","Local"
"BLD-100052","EMP000051","Rajesh Mendoza","Rajesh","Male","Qatari","1982-09-23","43","Married","Active","Permanent","Full Time","2012-04-06","2012-07-05",,,"13.7","Baladna Q.P.S.C. (Qatar)","Operations","Production","Operations","Production - Section 3","CC-956","POS-00051","Supervisor - Production","Production","G8","Supervisory","BLD-100182","Juan Hassan","Doha Site","Qatar","Doha","Local"
"BLD-100053","EMP000052","Ahmed Devi","Ahmed","Male","Jordanian","1965-02-24","58","Married","Terminated","Permanent","Full Time","2016-04-16","2016-07-15","2023-06-13","Resignation - Relocation","7.2","Baladna Egypt","Commercial","Sales & Distribution","Commercial","Sales & Distribution - Section 2","CC-310","POS-00052","Technician - Sales & Distribution","Sales & Distribution","G1","Staff","BLD-100673","Jose Malik","Cairo Site","Egypt","Cairo","Expatriate"
"BLD-100054","EMP000053","Mona Thapa","Mona","Female","Indian","1984-07-15","41","Married","Active","Permanent","Full Time","2010-04-23","2010-07-22",,,"15.7","Baladna Q.P.S.C. (Qatar)","Supply Chain","Procurement","Supply Chain","Procurement - Section 3","CC-637","POS-00053","Technician - Procurement","Procurement","G2","Staff","BLD-101443","Huda Al-Sayed","Al Khor Site","Qatar","Al Khor","Expatriate"
"BLD-100055","EMP000054","Anil Fernandes","Anil","Male","Nepali","1983-02-19","42","Single","Active","Temporary","Full Time","2016-03-13","2016-06-11",,,"9.8","Baladna Q.P.S.C. (Qatar)","Operations","Farm Operations","Operations","Farm Operations - Section 1","CC-662","POS-00054","Assistant Manager - Farm Operations","Farm Operations","G10","Managerial","BLD-100199","Anil Khan","Doha Site","Qatar","Doha","Expatriate"
"BLD-100056","EMP000055","Nadia Mendoza","Nadia","Female","Nepali","1980-10-26","43","Single","Terminated","Contract","Full Time","2018-05-23","2018-08-21","2024-07-27","Resignation - Personal Reasons","6.2","Baladna Q.P.S.C. (Qatar)","Commercial","Marketing","Commercial","Marketing - Section 2","CC-916","POS-00055","Senior Technician - Marketing","Marketing","G8","Supervisory","BLD-101126","Anil Kapoor","Al Khor Site","Qatar","Al Khor","Expatriate"
"BLD-100057","EMP000056","Kumar Al-Kuwari","Kumar","Male","Egyptian","1981-07-16","42","Married","Terminated","Permanent","Full Time","2022-06-18","2022-09-16","2024-05-03","Resignation - Personal Reasons","1.9","Baladna Egypt","Operations","Quality Assurance & Food Safety","Operations","Quality Assurance & Food Safety - Section 1","CC-564","POS-00056","Coordinator - Quality Assurance & Food Safety","Quality Assurance & Food Safety","G3","Staff","BLD-100447","Pooja Mansour","10th of Ramadan City Site","Egypt","10th of Ramadan City","Local"
"BLD-100058","EMP000057","Faisal El-Sayed","Faisal","Male","Jordanian","1978-11-10","46","Single","Terminated","Permanent","Full Time","2018-07-10","2018-10-08","2025-04-12","Resignation - Better Opportunity","6.8","Baladna Q.P.S.C. (Qatar)","Operations","Quality Assurance & Food Safety","Operations","Quality Assurance & Food Safety - Section 1","CC-564","POS-00057","Associate - Quality Assurance & Food Safety","Quality Assurance & Food Safety","G1","Staff","BLD-100677","Manoj Pereira","Doha Site","Qatar","Doha","Expatriate"
"BLD-100059","EMP000058","Noor Mansour","Noor","Female","Nepali","1963-02-27","62","Other","Active","Contract","Full Time","2014-06-10","2014-09-08",,,"11.6","Baladna Q.P.S.C. (Qatar)","Operations","R&D","Operations","R&D - Section 1","CC-118","POS-00058","Manager - R&D","R&D","G10","Managerial","BLD-100375","Manoj Fernandes","Doha Site","Qatar","Doha","Expatriate"
"BLD-100060","EMP000059","Suresh Iqbal","Suresh","Male","Indian","1979-08-15","46","Single","Terminated","Permanent","Full Time","2012-05-08","2012-08-06","2025-09-26","Termination - Redundancy","13.4","Baladna Q.P.S.C. (Qatar)","Supply Chain","Procurement","Supply Chain","Procurement - Section 1","CC-637","POS-00059","Operator - Procurement","Procurement","G1","Staff","BLD-100754","Priya Baig","Doha Site","Qatar","Doha","Expatriate"
"BLD-100061","EMP000060","Jose Rai","Jose","Male","Indian","1983-11-20","42","Married","Active","Contract","Full Time","2011-05-03","2011-08-01",,,"14.7","Baladna Q.P.S.C. (Qatar)","Commercial","Sales & Distribution","Commercial","Sales & Distribution - Section 1","CC-310","POS-00060","Officer - Sales & Distribution","Sales & Distribution","G4","Staff","BLD-100529","Khalid Cruz","Al Khor Site","Qatar","Al Khor","Expatriate"
"BLD-100062","EMP000061","Kumar Ahmed","Kumar","Male","Egyptian","1974-06-10","49","Single","Terminated","Contract","Full Time","2022-04-16","2022-07-15","2024-02-18","End of Contract - Not Renewed by Employee","1.8","Baladna Egypt","Operations","Quality Assurance & Food Safety","Operations","Quality Assurance & Food Safety - Section 1","CC-564","POS-00061","Officer - Quality Assurance & Food Safety","Quality Assurance & Food Safety","G5","Staff","BLD-100051","Rajesh Kapoor","10th of Ramadan City Site","Egypt","10th of Ramadan City","Local"
"BLD-100063","EMP000062","Suresh Islam","Suresh","Male","Nepali","1985-07-15","40","Single","Terminated","Temporary","Full Time","2019-07-13","2019-10-11","2025-10-30","End of Contract - Not Renewed by Employee","6.3","Baladna Q.P.S.C. (Qatar)","Supply Chain","Supply Chain & Logistics","Supply Chain","Supply Chain & Logistics - Section 1","CC-370","POS-00062","Assistant - Supply Chain & Logistics","Supply Chain & Logistics","G4","Staff","BLD-101374","Layla Ahmed","Al Rayyan Site","Qatar","Al Rayyan","Expatriate"
"BLD-100064","EMP000063","Anita Kapoor","Anita","Female","Egyptian","1972-06-08","51","Single","Terminated","Temporary","Full Time","2010-11-18","2011-02-16","2023-08-22","End of Contract - Not Renewed by Employee","12.8","Baladna Egypt","Corporate","Finance","Corporate","Finance - Section 2","CC-502","POS-00063","Operator - Finance","Finance","G2","Staff","BLD-100795","Hassan Reyes","10th of Ramadan City Site","Egypt","10th of Ramadan City","Local"
"BLD-100065","EMP000064","Cherry Ibrahim","Cherry","Female","Nepali","1977-08-17","45","Married","Terminated","Contract","Full Time","2020-10-24","2021-01-22","2023-02-03","Termination - Disciplinary","2.3","Baladna Q.P.S.C. (Qatar)","Commercial","Marketing","Commercial","Marketing - Section 1","CC-916","POS-00064","Assistant - Marketing","Marketing","G4","Staff","BLD-100097","Juan Sharma","Al Rayyan Site","Qatar","Al Rayyan","Expatriate"
"BLD-100066","EMP000065","Prakash Ibrahim","Prakash","Male","Jordanian","1978-12-20","47","Married","Active","Permanent","Full Time","2010-03-01","2010-05-30",,,"15.8","Baladna Egypt","Corporate","Finance","Corporate","Finance - Section 1","CC-502","POS-00065","Supervisor - Finance","Finance","G7","Supervisory","BLD-101328","Ali Ahmed","10th of Ramadan City Site","Egypt","10th of Ramadan City","Expatriate"
"BLD-100067","EMP000066","Ramesh Ibrahim","Ramesh","Male","Filipino","1974-02-18","49","Married","Terminated","Permanent","Full Time","2017-05-31","2017-08-29","2023-03-01","Contract Non-Renewal - Company Decision","5.7","Baladna Q.P.S.C. (Qatar)","Commercial","Sales & Distribution","Commercial","Sales & Distribution - Section 1","CC-310","POS-00066","Coordinator - Sales & Distribution","Sales & Distribution","G1","Staff","BLD-100227","Bishnu Al-Marri","Doha Site","Qatar","Doha","Expatriate"
"BLD-100068","EMP000067","Bishnu Kapoor","Bishnu","Male","Indian","1966-03-26","59","Married","Active","Contract","Full Time","2011-02-13","2011-05-14",,,"14.9","Baladna Q.P.S.C. (Qatar)","Corporate","People & Culture","Corporate","People & Culture - Section 3","CC-310","POS-00067","Team Lead - People & Culture","People & Culture","G7","Supervisory","BLD-101274","Khalid Santos","Doha Site","Qatar","Doha","Expatriate"
"BLD-100069","EMP000068","Kavita Al-Kuwari","Kavita","Female","Nepali","1975-03-26","50","Married","Active","Permanent","Full Time","2010-04-26","2010-07-25",,,"15.7","Baladna Q.P.S.C. (Qatar)","Commercial","Sales & Distribution","Commercial","Sales & Distribution - Section 1","CC-310","POS-00068","Specialist - Sales & Distribution","Sales & Distribution","G6","Supervisory","BLD-101446","Khalid Sharma","Doha Site","Qatar","Doha","Expatriate"
"BLD-100070","EMP000069","Anita El-Sayed","Anita","Female","Sudanese","1994-06-17","31","Single","Active","Permanent","Full Time","2017-08-15","2017-11-13",,,"8.4","Baladna Egypt","Operations","Quality Assurance & Food Safety","Operations","Quality Assurance & Food Safety - Section 1","CC-564","POS-00069","Team Lead - Quality Assurance & Food Safety","Quality Assurance & Food Safety","G8","Supervisory","BLD-101220","Aisha Malik","10th of Ramadan City Site","Egypt","10th of Ramadan City","Expatriate"
"BLD-100071","EMP000070","Rajesh Gurung","Rajesh","Male","Egyptian","1970-03-04","55","Married","Active","Permanent","Full Time","2019-12-20","2020-03-19",,,"6","Baladna Egypt","Commercial","Sales & Distribution","Commercial","Sales & Distribution - Section 2","CC-310","POS-00070","Senior Officer - Sales & Distribution","Sales & Distribution","G9","Supervisory","BLD-100676","Suresh Iqbal","Cairo Site","Egypt","Cairo","Local"
"BLD-100072","EMP000071","Jose Reyes","Jose","Male","Egyptian","1981-11-07","44","Single","Active","Contract","Full Time","2017-08-23","2017-11-21",,,"8.4","Baladna Egypt","Supply Chain","Supply Chain & Logistics","Supply Chain","Supply Chain & Logistics - Section 1","CC-370","POS-00071","Senior Technician - Supply Chain & Logistics","Supply Chain & Logistics","G9","Supervisory","BLD-100338","Sanjay Devi","Alexandria Site","Egypt","Alexandria","Local"
"BLD-100073","EMP000072","Krishna Sharma","Krishna","Male","Filipino","1960-04-09","65","Married","Active","Permanent","Full Time","2014-01-04","2014-04-04",,,"12","Baladna Q.P.S.C. (Qatar)","Operations","Farm Operations","Operations","Farm Operations - Section 3","CC-662","POS-00072","Senior Technician - Farm Operations","Farm Operations","G8","Supervisory","BLD-100724","Mohamed El-Sayed","Al Rayyan Site","Qatar","Al Rayyan","Expatriate"
"BLD-100074","EMP000073","Anita Baig","Anita","Female","Sri Lankan","1982-02-16","41","Single","Terminated","Permanent","Full Time","2011-03-18","2011-06-16","2023-11-17","Resignation - Better Opportunity","12.7","Baladna Q.P.S.C. (Qatar)","Supply Chain","Procurement","Supply Chain","Procurement - Section 1","CC-637","POS-00073","Operator - Procurement","Procurement","G5","Staff","BLD-101376","Joy Reyes","Doha Site","Qatar","Doha","Expatriate"
"BLD-100075","EMP000074","Mohamed Hassan","Mohamed","Male","Egyptian","1967-04-23","58","Married","Active","Permanent","Full Time","2017-03-12","2017-06-10",,,"8.8","Baladna Egypt","Operations","Production","Operations","Production - Section 3","CC-956","POS-00074","Officer - Production","Production","G1","Staff","BLD-101217","Manoj Youssef","10th of Ramadan City Site","Egypt","10th of Ramadan City","Local"
"BLD-100076","EMP000075","Waleed El-Sayed","Waleed","Male","Nepali","1967-02-21","57","Single","Terminated","Permanent","Full Time","2020-03-10","2020-06-08","2025-02-01","Resignation - Better Opportunity","4.9","Baladna Q.P.S.C. (Qatar)","Commercial","Marketing","Commercial","Marketing - Section 3","CC-916","POS-00075","Technician - Marketing","Marketing","G2","Staff","BLD-101124","Nadia Iqbal","Doha Site","Qatar","Doha","Expatriate"
"BLD-100077","EMP000076","Krishna Chowdhury","Krishna","Male","Egyptian","1987-04-20","37","Married","Terminated","Permanent","Full Time","2017-09-30","2017-12-29","2024-07-13","Resignation - Better Opportunity","6.8","Baladna Egypt","Operations","Quality Assurance & Food Safety","Operations","Quality Assurance & Food Safety - Section 2","CC-564","POS-00076","Supervisor - Quality Assurance & Food Safety","Quality Assurance & Food Safety","G7","Supervisory","BLD-100714","Sameer Al-Sayed","Alexandria Site","Egypt","Alexandria","Local"
"BLD-100078","EMP000077","Vikram Reyes","Vikram","Male","Bangladeshi","1990-07-05","32","Married","Terminated","Permanent","Full Time","2014-11-12","2015-02-10","2023-04-25","Resignation - Relocation","8.4","Baladna Q.P.S.C. (Qatar)","Operations","Engineering & Maintenance","Operations","Engineering & Maintenance - Section 3","CC-178","POS-00077","Associate - Engineering & Maintenance","Engineering & Maintenance","G3","Staff","BLD-101253","Yasmin Fernandes","Al Khor Site","Qatar","Al Khor","Expatriate"
"BLD-100079","EMP000078","Hind Al-Kuwari","Hind","Female","Filipino","1987-06-16","35","Single","Terminated","Permanent","Full Time","2014-07-09","2014-10-07","2023-06-01","Resignation - Better Opportunity","8.9","Baladna Q.P.S.C. (Qatar)","Supply Chain","Procurement","Supply Chain","Procurement - Section 1","CC-637","POS-00078","Assistant - Procurement","Procurement","G1","Staff","BLD-100150","Hari Hassan","Doha Site","Qatar","Doha","Expatriate"
"BLD-100080","EMP000079","Ramesh Santos","Ramesh","Male","Egyptian","1969-08-12","53","Married","Terminated","Contract","Full Time","2021-10-06","2022-01-04","2023-03-16","Resignation - Personal Reasons","1.4","Baladna Egypt","Operations","Production","Operations","Production - Section 2","CC-956","POS-00079","Assistant - Production","Production","G3","Staff","BLD-100269","Faisal Ibrahim","Cairo Site","Egypt","Cairo","Local"
"BLD-100081","EMP000080","Rina Cruz","Rina","Female","Egyptian","1987-01-09","36","Married","Terminated","Permanent","Full Time","2021-03-15","2021-06-13","2023-10-20","End of Contract - Not Renewed by Employee","2.6","Baladna Egypt","Operations","Quality Assurance & Food Safety","Operations","Quality Assurance & Food Safety - Section 2","CC-564","POS-00080","Assistant - Quality Assurance & Food Safety","Quality Assurance & Food Safety","G1","Staff","BLD-101255","Sara Al-Marri","10th of Ramadan City Site","Egypt","10th of Ramadan City","Local"
"BLD-100082","EMP000081","Juan Rai","Juan","Male","Egyptian","1965-02-22","60","Married","Active","Permanent","Full Time","2019-01-24","2019-04-24",,,"6.9","Baladna Q.P.S.C. (Qatar)","Corporate","Corporate & Executive Office","Corporate","Corporate & Executive Office - Section 3","CC-577","POS-00081","Associate - Corporate & Executive Office","Corporate & Executive Office","G3","Staff","BLD-100992","Rakesh Islam","Doha Site","Qatar","Doha","Expatriate"
"BLD-100083","EMP000082","Ali Al-Kuwari","Ali","Male","Egyptian","1971-05-09","54","Single","Active","Permanent","Full Time","2010-11-13","2011-02-11",,,"15.1","Baladna Q.P.S.C. (Qatar)","Supply Chain","Procurement","Supply Chain","Procurement - Section 1","CC-637","POS-00082","Specialist - Procurement","Procurement","G7","Supervisory","BLD-100850","Arjun Hassan","Doha Site","Qatar","Doha","Expatriate"
"BLD-100084","EMP000083","Noor Pereira","Noor","Female","Bangladeshi","1958-01-18","65","Married","Terminated","Contract","Full Time","2012-10-22","2013-01-20","2023-12-12","End of Contract - Not Renewed by Employee","11.1","Baladna Q.P.S.C. (Qatar)","Corporate","Finance","Corporate","Finance - Section 3","CC-502","POS-00083","Senior Technician - Finance","Finance","G6","Supervisory","BLD-100799","Omar Thapa","Doha Site","Qatar","Doha","Expatriate"
"BLD-100085","EMP000084","Vikram Devi","Vikram","Male","Filipino","1968-12-09","55","Married","Terminated","Permanent","Full Time","2015-08-02","2015-10-31","2024-06-08","End of Contract - Not Renewed by Employee","8.9","Baladna Q.P.S.C. (Qatar)","Supply Chain","Supply Chain & Logistics","Supply Chain","Supply Chain & Logistics - Section 2","CC-370","POS-00084","Officer - Supply Chain & Logistics","Supply Chain & Logistics","G1","Staff","BLD-101201","Santosh Devi","Al Khor Site","Qatar","Al Khor","Expatriate"
"BLD-100086","EMP000085","Sameer Al-Marri","Sameer","Male","Egyptian","1995-02-11","30","Married","Active","Permanent","Part Time","2019-09-09","2019-12-08",,,"6.3","Baladna Egypt","Operations","Quality Assurance & Food Safety","Operations","Quality Assurance & Food Safety - Section 1","CC-564","POS-00085","Senior Manager - Quality Assurance & Food Safety","Quality Assurance & Food Safety","G10","Managerial","BLD-101128","Rakesh Cruz","Alexandria Site","Egypt","Alexandria","Local"
"BLD-100087","EMP000086","Anil Hassan","Anil","Male","Indian","1997-12-15","28","Married","Active","Permanent","Full Time","2017-06-07","2017-09-05",,,"8.6","Baladna Q.P.S.C. (Qatar)","Operations","R&D","Operations","R&D - Section 1","CC-118","POS-00086","Assistant Manager - R&D","R&D","G10","Managerial","BLD-101509","Suresh Reyes","Al Khor Site","Qatar","Al Khor","Expatriate"
"BLD-100088","EMP000087","Prakash Khan","Prakash","Male","Indian","1978-12-06","47","Married","Active","Temporary","Full Time","2015-05-08","2015-08-06",,,"10.7","Baladna Q.P.S.C. (Qatar)","Commercial","Marketing","Commercial","Marketing - Section 2","CC-916","POS-00087","Technician - Marketing","Marketing","G3","Staff","BLD-101179","Vikram Ahmed","Doha Site","Qatar","Doha","Expatriate"
"BLD-100089","EMP000088","Aisha Cruz","Aisha","Female","Sudanese","1973-07-09","50","Married","Terminated","Permanent","Full Time","2017-04-15","2017-07-14","2024-04-13","Termination - Performance","7","Baladna Q.P.S.C. (Qatar)","Supply Chain","Supply Chain & Logistics","Supply Chain","Supply Chain & Logistics - Section 1","CC-370","POS-00088","Associate - Supply Chain & Logistics","Supply Chain & Logistics","G1","Staff","BLD-101092","Prakash Kapoor","Doha Site","Qatar","Doha","Expatriate"
"BLD-100090","EMP000089","Prakash Islam","Prakash","Male","Egyptian","1983-04-22","42","Single","Active","Temporary","Full Time","2013-07-21","2013-10-19",,,"12.4","Baladna Egypt","Supply Chain","Supply Chain & Logistics","Supply Chain","Supply Chain & Logistics - Section 1","CC-370","POS-00089","Officer - Supply Chain & Logistics","Supply Chain & Logistics","G1","Staff","BLD-100072","Jose Reyes","10th of Ramadan City Site","Egypt","10th of Ramadan City","Local"
"BLD-100091","EMP000090","Hari Chowdhury","Hari","Male","Egyptian","1959-03-27","66","Married","Active","Permanent","Full Time","2010-04-27","2010-07-26",,,"15.7","Baladna Egypt","Corporate","Finance","Corporate","Finance - Section 1","CC-502","POS-00090","Operator - Finance","Finance","G5","Staff","BLD-100762","Juan Mendoza","Cairo Site","Egypt","Cairo","Local"
"BLD-100092","EMP000091","Ali Gurung","Ali","Male","Egyptian","1963-03-08","62","Single","Terminated","Permanent","Full Time","2013-07-13","2013-10-11","2025-12-23","End of Contract - Not Renewed by Employee","12.4","Baladna Egypt","Operations","Production","Operations","Production - Section 1","CC-956","POS-00091","Operator - Production","Production","G1","Staff","BLD-100616","Tariq Youssef","Cairo Site","Egypt","Cairo","Local"
"BLD-100093","EMP000092","Bishnu Iqbal","Bishnu","Male","Egyptian","1979-08-24","46","Married","Active","Permanent","Full Time","2020-04-08","2020-07-07",,,"5.7","Baladna Q.P.S.C. (Qatar)","Supply Chain","Supply Chain & Logistics","Supply Chain","Supply Chain & Logistics - Section 2","CC-370","POS-00092","Specialist - Supply Chain & Logistics","Supply Chain & Logistics","G9","Supervisory","BLD-100403","Khalid Ibrahim","Doha Site","Qatar","Doha","Expatriate"
"BLD-100094","EMP000093","Bikram Youssef","Bikram","Male","Nepali","1970-03-21","53","Single","Terminated","Contract","Full Time","2018-08-10","2018-11-08","2023-09-21","Resignation - Relocation","5.1","Baladna Q.P.S.C. (Qatar)","Supply Chain","Procurement","Supply Chain","Procurement - Section 1","CC-637","POS-00093","Team Lead - Procurement","Procurement","G7","Supervisory","BLD-100850","Arjun Hassan","Doha Site","Qatar","Doha","Expatriate"
"BLD-100095","EMP000094","Krishna El-Sayed","Krishna","Male","Filipino","1976-03-07","49","Married","Active","Permanent","Part Time","2016-04-12","2016-07-11",,,"9.7","Baladna Q.P.S.C. (Qatar)","Operations","Engineering & Maintenance","Operations","Engineering & Maintenance - Section 1","CC-178","POS-00094","Coordinator - Engineering & Maintenance","Engineering & Maintenance","G1","Staff","BLD-100243","Hassan Youssef","Doha Site","Qatar","Doha","Expatriate"
"BLD-100096","EMP000095","Anil Thapa","Anil","Male","Nepali","1982-05-12","43","Married","Active","Temporary","Full Time","2012-07-18","2012-10-16",,,"13.5","Baladna Q.P.S.C. (Qatar)","Supply Chain","Procurement","Supply Chain","Procurement - Section 1","CC-637","POS-00095","Senior Technician - Procurement","Procurement","G9","Supervisory","BLD-101045","Dalia Gurung","Al Khor Site","Qatar","Al Khor","Expatriate"
"BLD-100097","EMP000096","Juan Sharma","Juan","Male","Indian","1967-03-25","58","Single","Active","Permanent","Full Time","2013-05-15","2013-08-13",,,"12.6","Baladna Q.P.S.C. (Qatar)","Commercial","Marketing","Commercial","Marketing - Section 2","CC-916","POS-00096","Supervisor - Marketing","Marketing","G6","Supervisory","BLD-100140","Sunita Rai","Al Khor Site","Qatar","Al Khor","Expatriate"
"BLD-100098","EMP000097","Manoj Gurung","Manoj","Male","Egyptian","1987-04-07","36","Single","Terminated","Permanent","Full Time","2020-05-06","2020-08-04","2023-04-23","Resignation - Better Opportunity","3","Baladna Egypt","Operations","Quality Assurance & Food Safety","Operations","Quality Assurance & Food Safety - Section 2","CC-564","POS-00097","Coordinator - Quality Assurance & Food Safety","Quality Assurance & Food Safety","G4","Staff","BLD-100907","Dalia Baig","10th of Ramadan City Site","Egypt","10th of Ramadan City","Local"
"BLD-100099","EMP000098","Deepak Cruz","Deepak","Male","Egyptian","1977-05-11","46","Single","Terminated","Permanent","Full Time","2013-03-23","2013-06-21","2024-01-06","Resignation - Personal Reasons","10.8","Baladna Egypt","Commercial","Sales & Distribution","Commercial","Sales & Distribution - Section 2","CC-310","POS-00098","Associate - Sales & Distribution","Sales & Distribution","G2","Staff","BLD-101227","Arjun Fernandes","10th of Ramadan City Site","Egypt","10th of Ramadan City","Local"
"BLD-100100","EMP000099","Tariq Islam","Tariq","Male","Egyptian","1975-08-12","49","Married","Terminated","Permanent","Full Time","2011-04-11","2011-07-10","2024-11-21","Resignation - Personal Reasons","13.6","Baladna Egypt","Commercial","Sales & Distribution","Commercial","Sales & Distribution - Section 2","CC-310","POS-00099","Manager - Sales & Distribution","Sales & Distribution","G10","Managerial","BLD-100036","Waleed Gurung","Alexandria Site","Egypt","Alexandria","Local"
"BLD-100101","EMP000100","Khalid Khan","Khalid","Male","Indian","1968-10-27","57","Married","Active","Contract","Full Time","2017-07-25","2017-10-23",,,"8.4","Baladna Q.P.S.C. (Qatar)","Corporate","IT & Digital","Corporate","IT & Digital - Section 3","CC-289","POS-00100","Senior Technician - IT & Digital","IT & Digital","G9","Supervisory","BLD-100009","Juan Al-Sayed","Al Khor Site","Qatar","Al Khor","Expatriate"
"BLD-100102","EMP000101","Tariq Chowdhury","Tariq","Male","Indian","1971-05-02","54","Married","Active","Permanent","Full Time","2017-04-02","2017-07-01",,,"8.7","Baladna Q.P.S.C. (Qatar)","Supply Chain","Supply Chain & Logistics","Supply Chain","Supply Chain & Logistics - Section 3","CC-370","POS-00101","Associate - Supply Chain & Logistics","Supply Chain & Logistics","G1","Staff","BLD-100042","Ahmed Iqbal","Doha Site","Qatar","Doha","Expatriate"
"BLD-100103","EMP000102","Amina Al-Sayed","Amina","Female","Indian","1985-12-12","39","Single","Terminated","Permanent","Full Time","2020-12-21","2021-03-21","2025-09-04","Resignation - Better Opportunity","4.7","Baladna Q.P.S.C. (Qatar)","Corporate","Corporate & Executive Office","Corporate","Corporate & Executive Office - Section 3","CC-577","POS-00102","Technician - Corporate & Executive Office","Corporate & Executive Office","G2","Staff","BLD-100582","Santosh Islam","Doha Site","Qatar","Doha","Expatriate"
"BLD-100104","EMP000103","Ramesh El-Sayed","Ramesh","Male","Sri Lankan","1986-05-07","39","Single","Active","Permanent","Full Time","2011-07-03","2011-10-01",,,"14.5","Baladna Q.P.S.C. (Qatar)","Operations","Farm Operations","Operations","Farm Operations - Section 1","CC-662","POS-00103","Officer - Farm Operations","Farm Operations","G3","Staff","BLD-100782","Khalid Santos","Doha Site","Qatar","Doha","Expatriate"
"BLD-100105","EMP000104","Rowena Islam","Rowena","Female","Indian","1987-05-13","38","Single","Active","Permanent","Full Time","2010-03-25","2010-06-23",,,"15.8","Baladna Q.P.S.C. (Qatar)","Corporate","People & Culture","Corporate","People & Culture - Section 3","CC-310","POS-00104","Team Lead - People & Culture","People & Culture","G8","Supervisory","BLD-101415","Arjun Al-Marri","Al Rayyan Site","Qatar","Al Rayyan","Expatriate"
"BLD-100106","EMP000105","Bishnu Cruz","Bishnu","Male","Indian","1980-11-18","43","Single","Terminated","Permanent","Full Time","2014-08-24","2014-11-22","2024-05-26","Termination - Disciplinary","9.8","Baladna Q.P.S.C. (Qatar)","Operations","Engineering & Maintenance","Operations","Engineering & Maintenance - Section 1","CC-178","POS-00105","Associate - Engineering & Maintenance","Engineering & Maintenance","G3","Staff","BLD-100929","Juan Kapoor","Doha Site","Qatar","Doha","Expatriate"
"BLD-100107","EMP000106","Aisha Thapa","Aisha","Female","Nepali","1987-02-22","38","Married","Active","Permanent","Full Time","2011-12-11","2012-03-10",,,"14.1","Baladna Q.P.S.C. (Qatar)","Commercial","Marketing","Commercial","Marketing - Section 3","CC-916","POS-00106","Senior Officer - Marketing","Marketing","G8","Supervisory","BLD-100140","Sunita Rai","Al Khor Site","Qatar","Al Khor","Expatriate"
"BLD-100108","EMP000107","Omar Devi","Omar","Male","Indian","1970-05-23","55","Married","Terminated","Permanent","Full Time","2020-09-13","2020-12-12","2025-10-15","Termination - Redundancy","5.1","Baladna Q.P.S.C. (Qatar)","Corporate","IT & Digital","Corporate","IT & Digital - Section 1","CC-289","POS-00107","Associate - IT & Digital","IT & Digital","G5","Staff","BLD-101243","Waleed Chowdhury","Doha Site","Qatar","Doha","Expatriate"
"BLD-100109","EMP000108","Krishna Cruz","Krishna","Male","Egyptian","1990-08-12","35","Married","Active","Permanent","Full Time","2013-07-22","2013-10-20",,,"12.4","Baladna Egypt","Operations","Production","Operations","Production - Section 1","CC-956","POS-00108","Chief Officer - Production","Production","G13","Executive","BLD-100001","Yousef Al-Attiyah","Cairo Site","Egypt","Cairo","Local"
"BLD-100110","EMP000109","Salma Cruz","Salma","Female","Pakistani","1967-09-09","56","Married","Terminated","Permanent","Full Time","2019-07-30","2019-10-28","2024-07-25","Resignation - Personal Reasons","5","Baladna Q.P.S.C. (Qatar)","Supply Chain","Procurement","Supply Chain","Procurement - Section 3","CC-637","POS-00109","Associate - Procurement","Procurement","G1","Staff","BLD-101376","Joy Reyes","Al Khor Site","Qatar","Al Khor","Expatriate"
"BLD-100111","EMP000110","Sunita Ahmed","Sunita","Female","Sri Lankan","1984-05-22","41","Single","Active","Permanent","Full Time","2022-02-09","2022-05-10",,,"3.9","Baladna Q.P.S.C. (Qatar)","Corporate","Finance","Corporate","Finance - Section 3","CC-502","POS-00110","Technician - Finance","Finance","G2","Staff","BLD-100354","Jose Fernandes","Al Khor Site","Qatar","Al Khor","Expatriate"
"BLD-100112","EMP000111","Rajesh Farouk","Rajesh","Male","Pakistani","1988-05-27","37","Single","Active","Temporary","Full Time","2010-12-06","2011-03-06",,,"15.1","Baladna Q.P.S.C. (Qatar)","Commercial","Marketing","Commercial","Marketing - Section 1","CC-916","POS-00111","Manager - Marketing","Marketing","G10","Managerial","BLD-100303","Rakesh Kapoor","Doha Site","Qatar","Doha","Expatriate"
"BLD-100113","EMP000112","Suresh Malik","Suresh","Male","Sudanese","1972-09-16","53","Married","Active","Permanent","Full Time","2020-01-22","2020-04-21",,,"5.9","Baladna Q.P.S.C. (Qatar)","Operations","Quality Assurance & Food Safety","Operations","Quality Assurance & Food Safety - Section 2","CC-564","POS-00112","Technician - Quality Assurance & Food Safety","Quality Assurance & Food Safety","G1","Staff","BLD-100283","Krishna Islam","Doha Site","Qatar","Doha","Expatriate"
"BLD-100114","EMP000113","Vikram Santos","Vikram","Male","Sri Lankan","1966-11-19","58","Married","Terminated","Contract","Full Time","2013-10-11","2014-01-09","2025-05-01","Resignation - Relocation","11.6","Baladna Q.P.S.C. (Qatar)","Supply Chain","Supply Chain & Logistics","Supply Chain","Supply Chain & Logistics - Section 1","CC-370","POS-00113","Associate - Supply Chain & Logistics","Supply Chain & Logistics","G1","Staff","BLD-100042","Ahmed Iqbal","Doha Site","Qatar","Doha","Expatriate"
"BLD-100115","EMP000114","Hassan Kapoor","Hassan","Male","Egyptian","1994-04-19","31","Married","Terminated","Permanent","Full Time","2018-12-30","2019-03-30","2025-12-30","Resignation - Better Opportunity","7","Baladna Q.P.S.C. (Qatar)","Operations","Engineering & Maintenance","Operations","Engineering & Maintenance - Section 3","CC-178","POS-00114","Specialist - Engineering & Maintenance","Engineering & Maintenance","G6","Supervisory","BLD-100790","Suresh Devi","Al Khor Site","Qatar","Al Khor","Expatriate"
"BLD-100116","EMP000115","Rakesh Thapa","Rakesh","Male","Egyptian","1967-12-26","55","Married","Terminated","Permanent","Full Time","2012-12-06","2013-03-06","2023-06-29","Resignation - Relocation","10.6","Baladna Egypt","Commercial","Sales & Distribution","Commercial","Sales & Distribution - Section 2","CC-310","POS-00115","Technician - Sales & Distribution","Sales & Distribution","G5","Staff","BLD-101052","Mohamed Mahmoud","10th of Ramadan City Site","Egypt","10th of Ramadan City","Local"
"BLD-100117","EMP000116","Faisal Gurung","Faisal","Male","Filipino","1988-08-01","34","Married","Terminated","Permanent","Full Time","2011-01-04","2011-04-04","2023-03-20","Resignation - Relocation","12.2","Baladna Q.P.S.C. (Qatar)","Corporate","Finance","Corporate","Finance - Section 3","CC-502","POS-00116","Operator - Finance","Finance","G2","Staff","BLD-101488","Jose Malik","Al Rayyan Site","Qatar","Al Rayyan","Expatriate"
"BLD-100118","EMP000117","Bikram Cruz","Bikram","Male","Pakistani","1982-11-26","43","Married","Active","Contract","Part Time","2010-06-08","2010-09-06",,,"15.6","Baladna Q.P.S.C. (Qatar)","Operations","Quality Assurance & Food Safety","Operations","Quality Assurance & Food Safety - Section 3","CC-564","POS-00117","Team Lead - Quality Assurance & Food Safety","Quality Assurance & Food Safety","G8","Supervisory","BLD-100665","Ahmed Baig","Doha Site","Qatar","Doha","Expatriate"
"BLD-100119","EMP000118","Krishna Mahmoud","Krishna","Male","Filipino","1967-04-06","58","Married","Active","Contract","Full Time","2019-05-29","2019-08-27",,,"6.6","Baladna Q.P.S.C. (Qatar)","Corporate","IT & Digital","Corporate","IT & Digital - Section 3","CC-289","POS-00118","Senior Manager - IT & Digital","IT & Digital","G10","Managerial","BLD-101199","Ramesh Islam","Al Rayyan Site","Qatar","Al Rayyan","Expatriate"
"BLD-100120","EMP000119","Sameer Fernandes","Sameer","Male","Egyptian","1981-05-19","42","Single","Terminated","Permanent","Full Time","2015-05-05","2015-08-03","2023-10-01","Contract Non-Renewal - Company Decision","8.4","Baladna Q.P.S.C. (Qatar)","Supply Chain","Procurement","Supply Chain","Procurement - Section 1","CC-637","POS-00119","Technician - Procurement","Procurement","G5","Staff","BLD-100946","Dina Mahmoud","Doha Site","Qatar","Doha","Expatriate"
"BLD-100121","EMP000120","Khalid Baig","Khalid","Male","Nepali","1990-09-02","35","Single","Active","Permanent","Full Time","2019-11-08","2020-02-06",,,"6.1","Baladna Q.P.S.C. (Qatar)","Corporate","Corporate & Executive Office","Corporate","Corporate & Executive Office - Section 2","CC-577","POS-00120","Supervisor - Corporate & Executive Office","Corporate & Executive Office","G7","Supervisory","BLD-101012","Sameer Islam","Doha Site","Qatar","Doha","Expatriate"
"BLD-100122","EMP000121","Sameer Kapoor","Sameer","Male","Bangladeshi","1983-07-19","42","Single","Active","Permanent","Full Time","2014-02-26","2014-05-27",,,"11.8","Baladna Q.P.S.C. (Qatar)","Commercial","Sales & Distribution","Commercial","Sales & Distribution - Section 2","CC-310","POS-00121","Operator - Sales & Distribution","Sales & Distribution","G2","Staff","BLD-100069","Kavita Al-Kuwari","Al Khor Site","Qatar","Al Khor","Expatriate"
"BLD-100123","EMP000122","Ramesh Al-Kuwari","Ramesh","Male","Qatari","1998-04-12","27","Married","Terminated","Permanent","Full Time","2018-12-06","2019-03-06","2025-11-12","Resignation - Personal Reasons","6.9","Baladna Q.P.S.C. (Qatar)","Supply Chain","Procurement","Supply Chain","Procurement - Section 1","CC-637","POS-00122","Senior Technician - Procurement","Procurement","G7","Supervisory","BLD-101289","Ali Kapoor","Doha Site","Qatar","Doha","Local"
"BLD-100124","EMP000123","Sameer Kapoor","Sameer","Male","Nepali","1985-03-17","38","Single","Terminated","Contract","Full Time","2020-06-26","2020-09-24","2023-12-06","Resignation - Relocation","3.4","Baladna Q.P.S.C. (Qatar)","Operations","Farm Operations","Operations","Farm Operations - Section 1","CC-662","POS-00123","Specialist - Farm Operations","Farm Operations","G9","Supervisory","BLD-100341","Anil Cruz","Doha Site","Qatar","Doha","Expatriate"
"BLD-100125","EMP000124","Khalid Abdullah","Khalid","Male","Egyptian","1977-08-16","48","Single","Active","Permanent","Full Time","2011-03-19","2011-06-17",,,"14.8","Baladna Egypt","Commercial","Sales & Distribution","Commercial","Sales & Distribution - Section 2","CC-310","POS-00124","Senior Technician - Sales & Distribution","Sales & Distribution","G6","Supervisory","BLD-100676","Suresh Iqbal","Cairo Site","Egypt","Cairo","Local"
"BLD-100126","EMP000125","Sanjay Youssef","Sanjay","Male","Egyptian","1975-12-15","50","Single","Active","Contract","Full Time","2015-10-25","2016-01-23",,,"10.2","Baladna Egypt","Commercial","Sales & Distribution","Commercial","Sales & Distribution - Section 2","CC-310","POS-00125","Coordinator - Sales & Distribution","Sales & Distribution","G2","Staff","BLD-100284","Sanjay Santos","10th of Ramadan City Site","Egypt","10th of Ramadan City","Local"
"BLD-100127","EMP000126","Ravi Iqbal","Ravi","Male","Indian","1979-04-02","46","Married","Active","Permanent","Full Time","2010-12-12","2011-03-12",,,"15.1","Baladna Q.P.S.C. (Qatar)","Operations","Production","Operations","Production - Section 3","CC-956","POS-00126","Supervisor - Production","Production","G7","Supervisory","BLD-101480","Sanjay Cruz","Al Rayyan Site","Qatar","Al Rayyan","Expatriate"
"BLD-100128","EMP000127","Maria Gurung","Maria","Female","Egyptian","1993-02-06","32","Single","Active","Permanent","Full Time","2022-04-22","2022-07-21",,,"3.7","Baladna Egypt","Corporate","Finance","Corporate","Finance - Section 1","CC-502","POS-00127","Coordinator - Finance","Finance","G4","Staff","BLD-101063","Grace Reyes","10th of Ramadan City Site","Egypt","10th of Ramadan City","Local"
"BLD-100129","EMP000128","Tariq Youssef","Tariq","Male","Pakistani","1991-05-13","34","Married","Terminated","Permanent","Full Time","2019-03-12","2019-06-10","2025-08-19","Resignation - Relocation","6.4","Baladna Q.P.S.C. (Qatar)","Corporate","People & Culture","Corporate","People & Culture - Section 2","CC-310","POS-00128","Associate - People & Culture","People & Culture","G1","Staff","BLD-101149","Noor Sharma","Doha Site","Qatar","Doha","Expatriate"
"BLD-100130","EMP000129","Bishnu Reyes","Bishnu","Male","Egyptian","1967-10-14","58","Married","Active","Temporary","Full Time","2013-05-08","2013-08-06",,,"12.6","Baladna Egypt","Operations","Production","Operations","Production - Section 3","CC-956","POS-00129","Senior Technician - Production","Production","G8","Supervisory","BLD-101084","Mohamed Baig","Alexandria Site","Egypt","Alexandria","Local"
"BLD-100131","EMP000130","Ahmed Gurung","Ahmed","Male","Egyptian","1964-04-13","61","Single","Terminated","Permanent","Full Time","2018-06-21","2018-09-19","2025-07-19","Termination - Redundancy","7.1","Baladna Egypt","Commercial","Sales & Distribution","Commercial","Sales & Distribution - Section 2","CC-310","POS-00130","Coordinator - Sales & Distribution","Sales & Distribution","G4","Staff","BLD-101227","Arjun Fernandes","Cairo Site","Egypt","Cairo","Local"
"BLD-100132","EMP000131","Arjun Iqbal","Arjun","Male","Bangladeshi","1960-05-09","63","Other","Terminated","Permanent","Full Time","2010-03-06","2010-06-04","2023-07-13","Resignation - Relocation","13.4","Baladna Q.P.S.C. (Qatar)","Corporate","Corporate & Executive Office","Corporate","Corporate & Executive Office - Section 3","CC-577","POS-00131","Officer - Corporate & Executive Office","Corporate & Executive Office","G2","Staff","BLD-101165","Rina Fernandes","Doha Site","Qatar","Doha","Expatriate"
"BLD-100133","EMP000132","Ravi Youssef","Ravi","Male","Nepali","1978-08-10","46","Married","Terminated","Permanent","Full Time","2014-02-02","2014-05-03","2025-07-26","Resignation - Personal Reasons","11.5","Baladna Q.P.S.C. (Qatar)","Commercial","Marketing","Commercial","Marketing - Section 1","CC-916","POS-00132","Specialist - Marketing","Marketing","G7","Supervisory","BLD-100161","Tariq Kapoor","Doha Site","Qatar","Doha","Expatriate"
"BLD-100134","EMP000133","Arjun Mendoza","Arjun","Male","Jordanian","1971-12-14","53","Single","Terminated","Permanent","Full Time","2014-02-09","2014-05-10","2025-05-05","Termination - Disciplinary","11.2","Baladna Q.P.S.C. (Qatar)","Corporate","IT & Digital","Corporate","IT & Digital - Section 1","CC-289","POS-00133","Supervisor - IT & Digital","IT & Digital","G7","Supervisory","BLD-100159","Manoj Abdullah","Al Khor Site","Qatar","Al Khor","Expatriate"
"BLD-100135","EMP000134","Jose Kapoor","Jose","Male","Qatari","1989-06-11","33","Single","Terminated","Permanent","Full Time","2022-04-02","2022-07-01","2023-03-24","Resignation - Better Opportunity","1","Baladna Q.P.S.C. (Qatar)","Corporate","IT & Digital","Corporate","IT & Digital - Section 3","CC-289","POS-00134","Assistant - IT & Digital","IT & Digital","G2","Staff","BLD-101000","Aisha Al-Sayed","Doha Site","Qatar","Doha","Local"
"BLD-100136","EMP000135","Rina Iqbal","Rina","Female","Nepali","1982-11-05","41","Married","Terminated","Permanent","Full Time","2018-04-13","2018-07-12","2024-06-07","Termination - Redundancy","6.2","Baladna Q.P.S.C. (Qatar)","Corporate","Corporate & Executive Office","Corporate","Corporate & Executive Office - Section 1","CC-577","POS-00135","Senior Technician - Corporate & Executive Office","Corporate & Executive Office","G8","Supervisory","BLD-101136","Deepak Mahmoud","Doha Site","Qatar","Doha","Expatriate"
"BLD-100137","EMP000136","Mohamed Al-Kuwari","Mohamed","Male","Sri Lankan","1998-10-08","27","Married","Active","Permanent","Full Time","2021-07-26","2021-10-24",,,"4.4","Baladna Q.P.S.C. (Qatar)","Operations","Production","Operations","Production - Section 3","CC-956","POS-00136","Assistant Manager - Production","Production","G10","Managerial","BLD-101199","Ramesh Islam","Al Khor Site","Qatar","Al Khor","Expatriate"
"BLD-100138","EMP000137","Faisal Santos","Faisal","Male","Egyptian","1987-07-02","38","Married","Active","Permanent","Full Time","2020-05-25","2020-08-23",,,"5.6","Baladna Egypt","Commercial","Sales & Distribution","Commercial","Sales & Distribution - Section 1","CC-310","POS-00137","Operator - Sales & Distribution","Sales & Distribution","G4","Staff","BLD-100071","Rajesh Gurung","Cairo Site","Egypt","Cairo","Local"
"BLD-100139","EMP000138","Rajesh Ibrahim","Rajesh","Male","Egyptian","1972-04-08","52","Married","Terminated","Permanent","Full Time","2012-10-03","2013-01-01","2024-05-03","Termination - Disciplinary","11.6","Baladna Egypt","Supply Chain","Supply Chain & Logistics","Supply Chain","Supply Chain & Logistics - Section 1","CC-370","POS-00138","Senior Officer - Supply Chain & Logistics","Supply Chain & Logistics","G9","Supervisory","BLD-100338","Sanjay Devi","Cairo Site","Egypt","Cairo","Local"
"BLD-100140","EMP000139","Sunita Rai","Sunita","Female","Indian","1987-04-04","38","Married","Active","Permanent","Full Time","2016-04-09","2016-07-08",,,"9.7","Baladna Q.P.S.C. (Qatar)","Commercial","Marketing","Commercial","Marketing - Section 1","CC-916","POS-00139","Manager - Marketing","Marketing","G10","Managerial","BLD-100171","Huda Abdullah","Al Khor Site","Qatar","Al Khor","Expatriate"
"BLD-100141","EMP000140","Lubna Al-Kuwari","Lubna","Female","Indian","1980-04-10","45","Married","Active","Permanent","Full Time","2011-08-21","2011-11-19",,,"14.4","Baladna Q.P.S.C. (Qatar)","Supply Chain","Procurement","Supply Chain","Procurement - Section 1","CC-637","POS-00140","Manager - Procurement","Procurement","G11","Managerial","BLD-100763","Mohamed Rai","Doha Site","Qatar","Doha","Expatriate"
"BLD-100142","EMP000141","Santosh El-Sayed","Santosh","Male","Pakistani","1981-11-14","44","Single","Active","Permanent","Full Time","2015-03-23","2015-06-21",,,"10.8","Baladna Q.P.S.C. (Qatar)","Operations","Farm Operations","Operations","Farm Operations - Section 2","CC-662","POS-00141","Assistant Manager - Farm Operations","Farm Operations","G11","Managerial","BLD-100824","Kumar Islam","Doha Site","Qatar","Doha","Expatriate"
"BLD-100143","EMP000142","Prakash Pereira","Prakash","Male","Egyptian","1981-12-21","44","Married","Active","Permanent","Full Time","2019-07-07","2019-10-05",,,"6.5","Baladna Q.P.S.C. (Qatar)","Operations","Quality Assurance & Food Safety","Operations","Quality Assurance & Food Safety - Section 1","CC-564","POS-00142","Technician - Quality Assurance & Food Safety","Quality Assurance & Food Safety","G3","Staff","BLD-100705","Pooja Farouk","Doha Site","Qatar","Doha","Expatriate"
"BLD-100144","EMP000143","Ahmed Sharma","Ahmed","Male","Filipino","1969-10-01","56","Married","Active","Contract","Full Time","2013-09-11","2013-12-10",,,"12.3","Baladna Q.P.S.C. (Qatar)","Commercial","Sales & Distribution","Commercial","Sales & Distribution - Section 2","CC-310","POS-00143","Assistant - Sales & Distribution","Sales & Distribution","G5","Staff","BLD-101390","Omar Chowdhury","Al Rayyan Site","Qatar","Al Rayyan","Expatriate"
"BLD-100145","EMP000144","Khalid Al-Sayed","Khalid","Male","Bangladeshi","1985-11-10","39","Married","Terminated","Permanent","Full Time","2011-09-06","2011-12-05","2025-04-11","Termination - Redundancy","13.6","Baladna Q.P.S.C. (Qatar)","Operations","Production","Operations","Production - Section 3","CC-956","POS-00144","Operator - Production","Production","G4","Staff","BLD-100730","Lubna Devi","Doha Site","Qatar","Doha","Expatriate"
"BLD-100146","EMP000145","Hind Al-Sayed","Hind","Female","Qatari","1962-09-27","63","Married","Active","Permanent","Full Time","2015-04-12","2015-07-11",,,"10.7","Baladna Q.P.S.C. (Qatar)","Corporate","Finance","Corporate","Finance - Section 2","CC-502","POS-00145","Associate - Finance","Finance","G1","Staff","BLD-100354","Jose Fernandes","Doha Site","Qatar","Doha","Local"
"BLD-100147","EMP000146","Santosh El-Sayed","Santosh","Male","Indian","1985-02-08","39","Single","Terminated","Permanent","Full Time","2017-04-05","2017-07-04","2024-12-14","Resignation - Better Opportunity","7.7","Baladna Q.P.S.C. (Qatar)","Corporate","People & Culture","Corporate","People & Culture - Section 1","CC-310","POS-00146","Coordinator - People & Culture","People & Culture","G2","Staff","BLD-101033","Hassan Cruz","Al Rayyan Site","Qatar","Al Rayyan","Expatriate"
"BLD-100148","EMP000147","Manoj Devi","Manoj","Male","Egyptian","1994-05-09","31","Single","Active","Permanent","Full Time","2019-01-09","2019-04-09",,,"7","Baladna Egypt","Commercial","Sales & Distribution","Commercial","Sales & Distribution - Section 2","CC-310","POS-00147","Coordinator - Sales & Distribution","Sales & Distribution","G5","Staff","BLD-100071","Rajesh Gurung","Cairo Site","Egypt","Cairo","Local"
"BLD-100149","EMP000148","Mariam Islam","Mariam","Female","Indian","1971-09-23","54","Single","Active","Permanent","Full Time","2021-11-16","2022-02-14",,,"4.1","Baladna Q.P.S.C. (Qatar)","Corporate","IT & Digital","Corporate","IT & Digital - Section 2","CC-289","POS-00148","Coordinator - IT & Digital","IT & Digital","G1","Staff","BLD-100168","Lubna Mansour","Al Khor Site","Qatar","Al Khor","Expatriate"
"BLD-100150","EMP000149","Hari Hassan","Hari","Male","Sudanese","1989-06-03","36","Married","Active","Permanent","Full Time","2019-02-15","2019-05-16",,,"6.9","Baladna Q.P.S.C. (Qatar)","Supply Chain","Procurement","Supply Chain","Procurement - Section 1","CC-637","POS-00149","Specialist - Procurement","Procurement","G9","Supervisory","BLD-100916","Sunita Baig","Doha Site","Qatar","Doha","Expatriate"
"BLD-100151","EMP000150","Ali Cruz","Ali","Male","Nepali","1975-07-04","48","Married","Terminated","Contract","Full Time","2016-11-12","2017-02-10","2024-02-11","Resignation - Better Opportunity","7.2","Baladna Q.P.S.C. (Qatar)","Corporate","IT & Digital","Corporate","IT & Digital - Section 3","CC-289","POS-00150","Assistant Manager - IT & Digital","IT & Digital","G10","Managerial","BLD-101199","Ramesh Islam","Doha Site","Qatar","Doha","Expatriate"
"BLD-100152","EMP000151","Khalid Al-Sayed","Khalid","Male","Egyptian","1989-08-06","36","Single","Active","Permanent","Full Time","2019-04-28","2019-07-27",,,"6.7","Baladna Q.P.S.C. (Qatar)","Operations","Farm Operations","Operations","Farm Operations - Section 3","CC-662","POS-00151","Associate - Farm Operations","Farm Operations","G3","Staff","BLD-100175","Sanjay Kapoor","Doha Site","Qatar","Doha","Expatriate"
"BLD-100153","EMP000152","Manoj Ahmed","Manoj","Male","Egyptian","1961-07-19","62","Other","Terminated","Permanent","Full Time","2013-02-27","2013-05-28","2024-05-22","Resignation - Better Opportunity","11.2","Baladna Egypt","Corporate","Finance","Corporate","Finance - Section 1","CC-502","POS-00152","Operator - Finance","Finance","G3","Staff","BLD-100066","Prakash Ibrahim","Cairo Site","Egypt","Cairo","Local"
"BLD-100154","EMP000153","Bishnu Mendoza","Bishnu","Male","Sri Lankan","1988-01-02","37","Married","Active","Permanent","Full Time","2011-11-30","2012-02-28",,,"14.1","Baladna Q.P.S.C. (Qatar)","Corporate","Corporate & Executive Office","Corporate","Corporate & Executive Office - Section 3","CC-577","POS-00153","Senior Manager - Corporate & Executive Office","Corporate & Executive Office","G10","Managerial","BLD-100861","Pooja Chowdhury","Doha Site","Qatar","Doha","Expatriate"
"BLD-100155","EMP000154","Sameer Abdullah","Sameer","Male","Egyptian","1988-01-06","35","Married","Terminated","Permanent","Full Time","2013-11-14","2014-02-12","2023-06-25","Resignation - Personal Reasons","9.6","Baladna Egypt","Operations","Production","Operations","Production - Section 2","CC-956","POS-00154","Chief Officer - Production","Production","G14","Executive","BLD-100001","Yousef Al-Attiyah","10th of Ramadan City Site","Egypt","10th of Ramadan City","Local"
"BLD-100156","EMP000155","Fatima Thapa","Fatima","Female","Sri Lankan","1971-02-03","52","Married","Terminated","Contract","Full Time","2018-05-10","2018-08-08","2023-04-10","Resignation - Better Opportunity","4.9","Baladna Q.P.S.C. (Qatar)","Corporate","People & Culture","Corporate","People & Culture - Section 1","CC-310","POS-00155","Officer - People & Culture","People & Culture","G5","Staff","BLD-100853","Arjun Kapoor","Al Khor Site","Qatar","Al Khor","Expatriate"
"BLD-100157","EMP000156","Sameer Hassan","Sameer","Male","Egyptian","1968-05-15","57","Married","Active","Permanent","Full Time","2013-05-27","2013-08-25",,,"12.6","Baladna Egypt","Corporate","Finance","Corporate","Finance - Section 2","CC-502","POS-00156","Manager - Finance","Finance","G10","Managerial","BLD-100155","Sameer Abdullah","10th of Ramadan City Site","Egypt","10th of Ramadan City","Local"
"BLD-100158","EMP000157","Manoj Farouk","Manoj","Male","Sri Lankan","1970-02-25","55","Other","Active","Permanent","Full Time","2010-03-12","2010-06-10",,,"15.8","Baladna Q.P.S.C. (Qatar)","Operations","Engineering & Maintenance","Operations","Engineering & Maintenance - Section 3","CC-178","POS-00157","Senior Technician - Engineering & Maintenance","Engineering & Maintenance","G8","Supervisory","BLD-100494","Ravi Youssef","Doha Site","Qatar","Doha","Expatriate"
"BLD-100159","EMP000158","Manoj Abdullah","Manoj","Male","Qatari","1966-09-08","59","Single","Active","Contract","Full Time","2015-09-20","2015-12-19",,,"10.3","Baladna Q.P.S.C. (Qatar)","Corporate","IT & Digital","Corporate","IT & Digital - Section 2","CC-289","POS-00158","Senior Manager - IT & Digital","IT & Digital","G11","Managerial","BLD-101147","Deepak Gurung","Doha Site","Qatar","Doha","Local"
"BLD-100160","EMP000159","Bishnu Ahmed","Bishnu","Male","Bangladeshi","1957-03-10","66","Married","Terminated","Permanent","Full Time","2011-08-23","2011-11-21","2024-02-29","Termination - Performance","12.5","Baladna Q.P.S.C. (Qatar)","Operations","Production","Operations","Production - Section 3","CC-956","POS-00159","Associate - Production","Production","G2","Staff","BLD-100734","Omar Al-Kuwari","Doha Site","Qatar","Doha","Expatriate"
"BLD-100161","EMP000160","Tariq Kapoor","Tariq","Male","Pakistani","1972-03-22","53","Married","Active","Permanent","Full Time","2012-03-10","2012-06-08",,,"13.8","Baladna Q.P.S.C. (Qatar)","Commercial","Marketing","Commercial","Marketing - Section 1","CC-916","POS-00160","Senior Manager - Marketing","Marketing","G12","Managerial","BLD-100303","Rakesh Kapoor","Al Khor Site","Qatar","Al Khor","Expatriate"
"BLD-100162","EMP000161","Khalid Ahmed","Khalid","Male","Indian","1992-06-03","31","Other","Terminated","Permanent","Full Time","2020-12-31","2021-03-31","2023-08-23","Resignation - Personal Reasons","2.6","Baladna Q.P.S.C. (Qatar)","Commercial","Marketing","Commercial","Marketing - Section 3","CC-916","POS-00161","Technician - Marketing","Marketing","G2","Staff","BLD-100013","Aisha Iqbal","Al Rayyan Site","Qatar","Al Rayyan","Expatriate"
"BLD-100163","EMP000162","Kavita Abdullah","Kavita","Female","Filipino","2001-09-03","24","Married","Active","Temporary","Full Time","2022-05-12","2022-08-10",,,"3.6","Baladna Q.P.S.C. (Qatar)","Corporate","Finance","Corporate","Finance - Section 2","CC-502","POS-00162","Technician - Finance","Finance","G3","Staff","BLD-100360","Suresh Baig","Al Khor Site","Qatar","Al Khor","Expatriate"
"BLD-100164","EMP000163","Maria Iqbal","Maria","Female","Indian","1988-01-20","35","Single","Terminated","Permanent","Full Time","2020-09-26","2020-12-25","2023-03-13","Resignation - Better Opportunity","2.5","Baladna Q.P.S.C. (Qatar)","Corporate","People & Culture","Corporate","People & Culture - Section 3","CC-310","POS-00163","Technician - People & Culture","People & Culture","G1","Staff","BLD-100761","Manoj Youssef","Al Khor Site","Qatar","Al Khor","Expatriate"
"BLD-100165","EMP000164","Nadia Al-Marri","Nadia","Female","Egyptian","1978-12-26","46","Other","Terminated","Permanent","Full Time","2012-12-21","2013-03-21","2025-02-07","Resignation - Better Opportunity","12.1","Baladna Egypt","Corporate","People & Culture","Corporate","People & Culture - Section 1","CC-310","POS-00164","Coordinator - People & Culture","People & Culture","G1","Staff","BLD-100383","Juan Santos","Cairo Site","Egypt","Cairo","Local"
"BLD-100166","EMP000165","Rakesh Reyes","Rakesh","Male","Sri Lankan","1988-06-09","37","Married","Active","Contract","Full Time","2012-09-24","2012-12-23",,,"13.3","Baladna Q.P.S.C. (Qatar)","Corporate","People & Culture","Corporate","People & Culture - Section 2","CC-310","POS-00165","Senior Officer - People & Culture","People & Culture","G8","Supervisory","BLD-100545","Ravi Santos","Al Khor Site","Qatar","Al Khor","Expatriate"
"BLD-100167","EMP000166","Arjun Islam","Arjun","Male","Nepali","1988-08-14","36","Married","Terminated","Permanent","Full Time","2010-11-18","2011-02-16","2025-04-02","End of Contract - Not Renewed by Employee","14.4","Baladna Q.P.S.C. (Qatar)","Operations","Production","Operations","Production - Section 3","CC-956","POS-00166","Coordinator - Production","Production","G2","Staff","BLD-100721","Hari Al-Marri","Al Khor Site","Qatar","Al Khor","Expatriate"
"BLD-100168","EMP000167","Lubna Mansour","Lubna","Female","Nepali","1992-08-05","33","Other","Active","Permanent","Full Time","2012-03-24","2012-06-22",,,"13.8","Baladna Q.P.S.C. (Qatar)","Corporate","IT & Digital","Corporate","IT & Digital - Section 1","CC-289","POS-00167","Specialist - IT & Digital","IT & Digital","G8","Supervisory","BLD-100151","Ali Cruz","Al Khor Site","Qatar","Al Khor","Expatriate"
"BLD-100169","EMP000168","Suresh Ahmed","Suresh","Male","Bangladeshi","1989-03-14","36","Married","Active","Contract","Full Time","2017-09-23","2017-12-22",,,"8.3","Baladna Q.P.S.C. (Qatar)","Commercial","Marketing","Commercial","Marketing - Section 2","CC-916","POS-00168","Assistant - Marketing","Marketing","G3","Staff","BLD-101179","Vikram Ahmed","Doha Site","Qatar","Doha","Expatriate"
"BLD-100170","EMP000169","Ravi El-Sayed","Ravi","Male","Filipino","1997-05-18","28","Married","Active","Permanent","Full Time","2019-02-14","2019-05-15",,,"6.9","Baladna Q.P.S.C. (Qatar)","Commercial","Sales & Distribution","Commercial","Sales & Distribution - Section 3","CC-310","POS-00169","Specialist - Sales & Distribution","Sales & Distribution","G9","Supervisory","BLD-100860","Bishnu Al-Marri","Al Khor Site","Qatar","Al Khor","Expatriate"
"BLD-100171","EMP000170","Huda Abdullah","Huda","Female","Nepali","1964-03-05","61","Married","Active","Permanent","Full Time","2014-03-14","2014-06-12",,,"11.8","Baladna Q.P.S.C. (Qatar)","Commercial","Marketing","Commercial","Marketing - Section 2","CC-916","POS-00170","Director - Marketing","Marketing","G13","Executive","BLD-100001","Yousef Al-Attiyah","Al Rayyan Site","Qatar","Al Rayyan","Expatriate"
"BLD-100172","EMP000171","Khalid Fernandes","Khalid","Male","Bangladeshi","1965-12-02","60","Single","Active","Permanent","Full Time","2013-06-12","2013-09-10",,,"12.6","Baladna Q.P.S.C. (Qatar)","Supply Chain","Procurement","Supply Chain","Procurement - Section 2","CC-637","POS-00171","Officer - Procurement","Procurement","G2","Staff","BLD-100427","Deepak Devi","Doha Site","Qatar","Doha","Expatriate"
"BLD-100173","EMP000172","Omar Santos","Omar","Male","Nepali","1977-11-22","45","Single","Terminated","Permanent","Full Time","2022-08-08","2022-11-06","2023-09-16","Resignation - Personal Reasons","1.1","Baladna Q.P.S.C. (Qatar)","Commercial","Marketing","Commercial","Marketing - Section 2","CC-916","POS-00172","Operator - Marketing","Marketing","G1","Staff","BLD-101179","Vikram Ahmed","Al Khor Site","Qatar","Al Khor","Expatriate"
"BLD-100174","EMP000173","Krishna Khan","Krishna","Male","Filipino","1985-11-15","40","Married","Active","Permanent","Full Time","2015-09-20","2015-12-19",,,"10.3","Baladna Q.P.S.C. (Qatar)","Operations","Engineering & Maintenance","Operations","Engineering & Maintenance - Section 3","CC-178","POS-00173","Senior Officer - Engineering & Maintenance","Engineering & Maintenance","G6","Supervisory","BLD-100494","Ravi Youssef","Doha Site","Qatar","Doha","Expatriate"
"BLD-100175","EMP000174","Sanjay Kapoor","Sanjay","Male","Indian","1972-07-19","52","Married","Terminated","Permanent","Full Time","2022-05-03","2022-08-01","2024-08-03","Resignation - Personal Reasons","2.3","Baladna Q.P.S.C. (Qatar)","Operations","Farm Operations","Operations","Farm Operations - Section 3","CC-662","POS-00174","Team Lead - Farm Operations","Farm Operations","G9","Supervisory","BLD-100931","Bikram Hassan","Al Khor Site","Qatar","Al Khor","Expatriate"
"BLD-100176","EMP000175","Juan Baig","Juan","Male","Sudanese","1991-01-06","34","Married","Terminated","Permanent","Full Time","2016-04-24","2016-07-23","2025-10-03","Resignation - Better Opportunity","9.4","Baladna Q.P.S.C. (Qatar)","Commercial","Sales & Distribution","Commercial","Sales & Distribution - Section 1","CC-310","POS-00175","Senior Technician - Sales & Distribution","Sales & Distribution","G9","Supervisory","BLD-101265","Suresh Hassan","Al Khor Site","Qatar","Al Khor","Expatriate"
"BLD-100177","EMP000176","Kavita Ahmed","Kavita","Female","Filipino","1969-09-03","56","Married","Active","Temporary","Full Time","2018-04-12","2018-07-11",,,"7.7","Baladna Q.P.S.C. (Qatar)","Corporate","IT & Digital","Corporate","IT & Digital - Section 3","CC-289","POS-00176","Assistant - IT & Digital","IT & Digital","G3","Staff","BLD-101223","Sameer Devi","Al Khor Site","Qatar","Al Khor","Expatriate"
"BLD-100178","EMP000177","Maria Santos","Maria","Female","Egyptian","1971-04-16","54","Single","Terminated","Permanent","Full Time","2013-02-26","2013-05-27","2025-09-24","Resignation - Personal Reasons","12.6","Baladna Egypt","Corporate","People & Culture","Corporate","People & Culture - Section 2","CC-310","POS-00177","Assistant - People & Culture","People & Culture","G1","Staff","BLD-100553","Reem Ibrahim","Cairo Site","Egypt","Cairo","Local"
"BLD-100179","EMP000178","Deepak Baig","Deepak","Male","Indian","1966-12-27","59","Married","Active","Permanent","Full Time","2019-02-26","2019-05-27",,,"6.8","Baladna Q.P.S.C. (Qatar)","Operations","Engineering & Maintenance","Operations","Engineering & Maintenance - Section 2","CC-178","POS-00178","Associate - Engineering & Maintenance","Engineering & Maintenance","G1","Staff","BLD-100015","Omar Al-Sayed","Al Rayyan Site","Qatar","Al Rayyan","Expatriate"
"BLD-100180","EMP000179","Huda Al-Marri","Huda","Female","Egyptian","1974-01-06","49","Married","Terminated","Permanent","Full Time","2015-10-16","2016-01-14","2023-10-15","End of Contract - Not Renewed by Employee","8","Baladna Egypt","Corporate","Finance","Corporate","Finance - Section 2","CC-502","POS-00179","Officer - Finance","Finance","G2","Staff","BLD-100460","Juan El-Sayed","10th of Ramadan City Site","Egypt","10th of Ramadan City","Local"
"BLD-100181","EMP000180","Cherry Ahmed","Cherry","Female","Egyptian","1975-04-26","50","Married","Active","Permanent","Full Time","2021-12-09","2022-03-09",,,"4.1","Baladna Egypt","Corporate","People & Culture","Corporate","People & Culture - Section 1","CC-310","POS-00180","Officer - People & Culture","People & Culture","G3","Staff","BLD-101104","Juan Gurung","Cairo Site","Egypt","Cairo","Local"
"BLD-100182","EMP000181","Juan Hassan","Juan","Male","Nepali","1970-08-25","55","Single","Active","Permanent","Full Time","2016-01-31","2016-04-30",,,"9.9","Baladna Q.P.S.C. (Qatar)","Operations","Production","Operations","Production - Section 1","CC-956","POS-00181","Manager - Production","Production","G11","Managerial","BLD-100171","Huda Abdullah","Doha Site","Qatar","Doha","Expatriate"
"BLD-100183","EMP000182","Bikram Ibrahim","Bikram","Male","Egyptian","1989-05-01","34","Married","Terminated","Permanent","Full Time","2016-01-06","2016-04-05","2023-11-19","End of Contract - Not Renewed by Employee","7.9","Baladna Q.P.S.C. (Qatar)","Operations","Production","Operations","Production - Section 2","CC-956","POS-00182","Assistant - Production","Production","G5","Staff","BLD-100052","Rajesh Mendoza","Doha Site","Qatar","Doha","Expatriate"
"BLD-100184","EMP000183","Suresh Al-Marri","Suresh","Male","Indian","1980-12-09","43","Other","Terminated","Permanent","Full Time","2015-10-28","2016-01-26","2024-02-24","Termination - Redundancy","8.3","Baladna Q.P.S.C. (Qatar)","Corporate","Corporate & Executive Office","Corporate","Corporate & Executive Office - Section 2","CC-577","POS-00183","Assistant - Corporate & Executive Office","Corporate & Executive Office","G4","Staff","BLD-100391","Rowena Pereira","Al Rayyan Site","Qatar","Al Rayyan","Expatriate"
"BLD-100185","EMP000184","Khalid Santos","Khalid","Male","Filipino","1964-11-01","58","Married","Terminated","Temporary","Full Time","2013-10-12","2014-01-10","2023-02-14","Resignation - Relocation","9.3","Baladna Q.P.S.C. (Qatar)","Commercial","Marketing","Commercial","Marketing - Section 2","CC-916","POS-00184","Officer - Marketing","Marketing","G2","Staff","BLD-101425","Ahmed Mahmoud","Al Khor Site","Qatar","Al Khor","Expatriate"
"BLD-100186","EMP000185","Lubna Ahmed","Lubna","Female","Pakistani","1974-11-25","49","Married","Terminated","Permanent","Full Time","2019-07-03","2019-10-01","2024-09-01","Contract Non-Renewal - Company Decision","5.2","Baladna Q.P.S.C. (Qatar)","Corporate","People & Culture","Corporate","People & Culture - Section 1","CC-310","POS-00185","Officer - People & Culture","People & Culture","G2","Staff","BLD-100105","Rowena Islam","Doha Site","Qatar","Doha","Expatriate"
"BLD-100187","EMP000186","Maria Fernandes","Maria","Female","Nepali","1962-12-05","63","Married","Active","Permanent","Full Time","2012-05-15","2012-08-13",,,"13.6","Baladna Q.P.S.C. (Qatar)","Corporate","People & Culture","Corporate","People & Culture - Section 1","CC-310","POS-00186","Manager - People & Culture","People & Culture","G12","Managerial","BLD-101093","Reem Kapoor","Doha Site","Qatar","Doha","Expatriate"
"BLD-100188","EMP000187","Suresh Santos","Suresh","Male","Sudanese","1966-07-10","58","Single","Terminated","Permanent","Full Time","2018-08-12","2018-11-10","2025-04-27","Contract Non-Renewal - Company Decision","6.7","Baladna Egypt","Commercial","Sales & Distribution","Commercial","Sales & Distribution - Section 2","CC-310","POS-00187","Team Lead - Sales & Distribution","Sales & Distribution","G6","Supervisory","BLD-100100","Tariq Islam","10th of Ramadan City Site","Egypt","10th of Ramadan City","Expatriate"
"BLD-100189","EMP000188","Pooja El-Sayed","Pooja","Female","Bangladeshi","1989-09-17","34","Single","Terminated","Permanent","Full Time","2012-04-24","2012-07-23","2024-03-16","Termination - Disciplinary","11.9","Baladna Q.P.S.C. (Qatar)","Corporate","People & Culture","Corporate","People & Culture - Section 3","CC-310","POS-00188","Associate - People & Culture","People & Culture","G2","Staff","BLD-100068","Bishnu Kapoor","Al Khor Site","Qatar","Al Khor","Expatriate"
"BLD-100190","EMP000189","Rajesh Islam","Rajesh","Male","Filipino","1974-02-17","49","Married","Terminated","Permanent","Full Time","2020-12-20","2021-03-20","2023-10-30","Resignation - Relocation","2.9","Baladna Q.P.S.C. (Qatar)","Supply Chain","Supply Chain & Logistics","Supply Chain","Supply Chain & Logistics - Section 2","CC-370","POS-00189","Assistant - Supply Chain & Logistics","Supply Chain & Logistics","G2","Staff","BLD-100905","Sanjay El-Sayed","Al Khor Site","Qatar","Al Khor","Expatriate"
"BLD-100191","EMP000190","Rina Malik","Rina","Female","Bangladeshi","1992-11-20","33","Married","Active","Permanent","Full Time","2021-05-06","2021-08-04",,,"4.7","Baladna Q.P.S.C. (Qatar)","Corporate","IT & Digital","Corporate","IT & Digital - Section 2","CC-289","POS-00190","Team Lead - IT & Digital","IT & Digital","G7","Supervisory","BLD-100273","Ahmed Al-Sayed","Doha Site","Qatar","Doha","Expatriate"
"BLD-100192","EMP000191","Nadia Al-Marri","Nadia","Female","Indian","1985-10-11","39","Single","Terminated","Permanent","Part Time","2021-04-27","2021-07-26","2025-01-24","Resignation - Relocation","3.7","Baladna Q.P.S.C. (Qatar)","Corporate","Finance","Corporate","Finance - Section 3","CC-502","POS-00191","Senior Technician - Finance","Finance","G6","Supervisory","BLD-100229","Ravi Malik","Doha Site","Qatar","Doha","Expatriate"
"BLD-100193","EMP000192","Rina Ibrahim","Rina","Female","Egyptian","1975-09-25","50","Single","Active","Contract","Full Time","2017-12-01","2018-03-01",,,"8.1","Baladna Egypt","Corporate","People & Culture","Corporate","People & Culture - Section 2","CC-310","POS-00192","Associate - People & Culture","People & Culture","G4","Staff","BLD-101048","Cherry Reyes","Cairo Site","Egypt","Cairo","Local"
"BLD-100194","EMP000193","Sara Santos","Sara","Female","Indian","1991-11-09","33","Married","Terminated","Permanent","Full Time","2016-11-16","2017-02-14","2025-05-17","Termination - Performance","8.5","Baladna Q.P.S.C. (Qatar)","Corporate","People & Culture","Corporate","People & Culture - Section 2","CC-310","POS-00193","Coordinator - People & Culture","People & Culture","G4","Staff","BLD-100502","Sara Santos","Doha Site","Qatar","Doha","Expatriate"
"BLD-100195","EMP000194","Bishnu Santos","Bishnu","Male","Egyptian","1986-03-04","38","Married","Terminated","Permanent","Full Time","2013-07-14","2013-10-12","2024-06-19","Resignation - Personal Reasons","10.9","Baladna Egypt","Operations","Production","Operations","Production - Section 3","CC-956","POS-00194","Coordinator - Production","Production","G2","Staff","BLD-101185","Anil Mendoza","Cairo Site","Egypt","Cairo","Local"
"BLD-100196","EMP000195","Jose Khan","Jose","Male","Sudanese","1986-05-17","39","Single","Active","Contract","Full Time","2017-10-11","2018-01-09",,,"8.2","Baladna Egypt","Operations","Quality Assurance & Food Safety","Operations","Quality Assurance & Food Safety - Section 1","CC-564","POS-00195","Officer - Quality Assurance & Food Safety","Quality Assurance & Food Safety","G1","Staff","BLD-100859","Waleed Baig","Alexandria Site","Egypt","Alexandria","Expatriate"
"BLD-100197","EMP000196","Waleed Al-Marri","Waleed","Male","Jordanian","1970-08-18","55","Married","Active","Permanent","Full Time","2014-02-21","2014-05-22",,,"11.9","Baladna Q.P.S.C. (Qatar)","Corporate","IT & Digital","Corporate","IT & Digital - Section 1","CC-289","POS-00196","Assistant - IT & Digital","IT & Digital","G2","Staff","BLD-100646","Mona Khan","Doha Site","Qatar","Doha","Expatriate"
"BLD-100198","EMP000197","Jose Sharma","Jose","Male","Indian","1970-09-20","53","Married","Terminated","Contract","Full Time","2011-01-19","2011-04-19","2023-12-11","Resignation - Relocation","12.9","Baladna Q.P.S.C. (Qatar)","Supply Chain","Supply Chain & Logistics","Supply Chain","Supply Chain & Logistics - Section 2","CC-370","POS-00197","Coordinator - Supply Chain & Logistics","Supply Chain & Logistics","G5","Staff","BLD-100905","Sanjay El-Sayed","Doha Site","Qatar","Doha","Expatriate"
"BLD-100199","EMP000198","Anil Khan","Anil","Male","Nepali","1990-04-23","34","Married","Terminated","Permanent","Full Time","2012-01-05","2012-04-04","2025-03-02","Resignation - Relocation","13.2","Baladna Q.P.S.C. (Qatar)","Operations","Farm Operations","Operations","Farm Operations - Section 1","CC-662","POS-00198","Chief Officer - Farm Operations","Farm Operations","G13","Executive","BLD-100001","Yousef Al-Attiyah","Doha Site","Qatar","Doha","Expatriate"
"BLD-100200","EMP000199","Shobha Islam","Shobha","Female","Indian","1993-12-26","29","Married","Terminated","Permanent","Full Time","2017-09-17","2017-12-16","2023-02-22","Resignation - Relocation","5.4","Baladna Q.P.S.C. (Qatar)","Operations","Quality Assurance & Food Safety","Operations","Quality Assurance & Food Safety - Section 3","CC-564","POS-00199","Operator - Quality Assurance & Food Safety","Quality Assurance & Food Safety","G3","Staff","BLD-100797","Rajesh Farouk","Doha Site","Qatar","Doha","Expatriate"
"BLD-100201","EMP000200","Ravi Sharma","Ravi","Male","Jordanian","1965-09-10","59","Single","Terminated","Permanent","Full Time","2015-01-21","2015-04-21","2025-01-10","Resignation - Better Opportunity","10","Baladna Egypt","Supply Chain","Supply Chain & Logistics","Supply Chain","Supply Chain & Logistics - Section 3","CC-370","POS-00200","Associate - Supply Chain & Logistics","Supply Chain & Logistics","G1","Staff","BLD-100957","Mohamed Mansour","10th of Ramadan City Site","Egypt","10th of Ramadan City","Expatriate"
"BLD-100202","EMP000201","Faisal Pereira","Faisal","Male","Indian","1993-08-21","32","Married","Active","Permanent","Full Time","2020-11-23","2021-02-21",,,"5.1","Baladna Q.P.S.C. (Qatar)","Operations","R&D","Operations","R&D - Section 3","CC-118","POS-00201","Technician - R&D","R&D","G5","Staff","BLD-101359","Anita Mansour","Doha Site","Qatar","Doha","Expatriate"
"BLD-100203","EMP000202","Bishnu Islam","Bishnu","Male","Qatari","1988-08-10","35","Married","Terminated","Permanent","Full Time","2011-01-27","2011-04-27","2023-11-08","Resignation - Relocation","12.8","Baladna Q.P.S.C. (Qatar)","Commercial","Marketing","Commercial","Marketing - Section 1","CC-916","POS-00202","Assistant - Marketing","Marketing","G1","Staff","BLD-101124","Nadia Iqbal","Doha Site","Qatar","Doha","Local"
"BLD-100204","EMP000203","Prakash Gurung","Prakash","Male","Sri Lankan","1965-10-27","58","Single","Terminated","Permanent","Full Time","2012-05-01","2012-07-30","2024-09-04","Resignation - Personal Reasons","12.3","Baladna Q.P.S.C. (Qatar)","Operations","Engineering & Maintenance","Operations","Engineering & Maintenance - Section 2","CC-178","POS-00203","Senior Officer - Engineering & Maintenance","Engineering & Maintenance","G7","Supervisory","BLD-100494","Ravi Youssef","Doha Site","Qatar","Doha","Expatriate"
"BLD-100205","EMP000204","Hari Chowdhury","Hari","Male","Nepali","1981-09-25","44","Single","Active","Permanent","Full Time","2020-08-30","2020-11-28",,,"5.3","Baladna Q.P.S.C. (Qatar)","Commercial","Sales & Distribution","Commercial","Sales & Distribution - Section 2","CC-310","POS-00204","Assistant Manager - Sales & Distribution","Sales & Distribution","G10","Managerial","BLD-101199","Ramesh Islam","Doha Site","Qatar","Doha","Expatriate"
"BLD-100206","EMP000205","Rakesh Sharma","Rakesh","Male","Filipino","1973-04-08","50","Single","Terminated","Permanent","Full Time","2021-03-16","2021-06-14","2023-07-26","End of Contract - Not Renewed by Employee","2.4","Baladna Q.P.S.C. (Qatar)","Corporate","Corporate & Executive Office","Corporate","Corporate & Executive Office - Section 1","CC-577","POS-00205","Supervisor - Corporate & Executive Office","Corporate & Executive Office","G9","Supervisory","BLD-100154","Bishnu Mendoza","Doha Site","Qatar","Doha","Expatriate"
"BLD-100207","EMP000206","Rina Rai","Rina","Female","Indian","1977-09-20","47","Married","Terminated","Permanent","Full Time","2019-11-07","2020-02-05","2025-08-20","Resignation - Relocation","5.8","Baladna Q.P.S.C. (Qatar)","Corporate","Corporate & Executive Office","Corporate","Corporate & Executive Office - Section 1","CC-577","POS-00206","Senior Officer - Corporate & Executive Office","Corporate & Executive Office","G6","Supervisory","BLD-101136","Deepak Mahmoud","Al Rayyan Site","Qatar","Al Rayyan","Expatriate"
"BLD-100208","EMP000207","Suresh Youssef","Suresh","Male","Egyptian","1985-05-17","40","Married","Active","Permanent","Full Time","2021-06-13","2021-09-11",,,"4.6","Baladna Q.P.S.C. (Qatar)","Operations","Production","Operations","Production - Section 3","CC-956","POS-00207","Coordinator - Production","Production","G1","Staff","BLD-100734","Omar Al-Kuwari","Al Khor Site","Qatar","Al Khor","Expatriate"
"BLD-100209","EMP000208","Rania Al-Kuwari","Rania","Female","Indian","1995-12-02","30","Single","Active","Permanent","Full Time","2016-08-25","2016-11-23",,,"9.3","Baladna Q.P.S.C. (Qatar)","Operations","Production","Operations","Production - Section 2","CC-956","POS-00208","Senior Technician - Production","Production","G7","Supervisory","BLD-101480","Sanjay Cruz","Doha Site","Qatar","Doha","Expatriate"
"BLD-100210","EMP000209","Ali Al-Sayed","Ali","Male","Indian","1963-06-22","62","Married","Active","Permanent","Full Time","2017-03-12","2017-06-10",,,"8.8","Baladna Q.P.S.C. (Qatar)","Operations","Engineering & Maintenance","Operations","Engineering & Maintenance - Section 2","CC-178","POS-00209","Coordinator - Engineering & Maintenance","Engineering & Maintenance","G3","Staff","BLD-100014","Sanjay Baig","Al Khor Site","Qatar","Al Khor","Expatriate"
"BLD-100211","EMP000210","Hassan Al-Kuwari","Hassan","Male","Egyptian","1981-07-24","42","Single","Terminated","Permanent","Full Time","2019-11-30","2020-02-28","2024-03-11","Resignation - Better Opportunity","4.3","Baladna Egypt","Corporate","Finance","Corporate","Finance - Section 3","CC-502","POS-00210","Technician - Finance","Finance","G3","Staff","BLD-100895","Rina Malik","Cairo Site","Egypt","Cairo","Local"
"BLD-100212","EMP000211","Santosh Hassan","Santosh","Male","Nepali","1992-04-06","33","Married","Active","Permanent","Full Time","2012-03-12","2012-06-10",,,"13.8","Baladna Q.P.S.C. (Qatar)","Supply Chain","Procurement","Supply Chain","Procurement - Section 1","CC-637","POS-00211","Technician - Procurement","Procurement","G1","Staff","BLD-100869","Santosh Baig","Al Khor Site","Qatar","Al Khor","Expatriate"
"BLD-100213","EMP000212","Dina Al-Marri","Dina","Female","Nepali","1994-05-12","31","Married","Active","Permanent","Full Time","2018-05-06","2018-08-04",,,"7.7","Baladna Q.P.S.C. (Qatar)","Operations","R&D","Operations","R&D - Section 1","CC-118","POS-00212","Senior Technician - R&D","R&D","G6","Supervisory","BLD-100214","Nadia Ahmed","Doha Site","Qatar","Doha","Expatriate"
"BLD-100214","EMP000213","Nadia Ahmed","Nadia","Female","Indian","1976-03-16","49","Married","Active","Contract","Full Time","2014-05-13","2014-08-11",,,"11.6","Baladna Q.P.S.C. (Qatar)","Operations","R&D","Operations","R&D - Section 1","CC-118","POS-00213","Senior Manager - R&D","R&D","G11","Managerial","BLD-100824","Kumar Islam","Al Rayyan Site","Qatar","Al Rayyan","Expatriate"
"BLD-100215","EMP000214","Vikram Abdullah","Vikram","Male","Indian","1968-11-02","57","Married","Active","Permanent","Full Time","2010-05-05","2010-08-03",,,"15.7","Baladna Q.P.S.C. (Qatar)","Operations","Engineering & Maintenance","Operations","Engineering & Maintenance - Section 1","CC-178","POS-00214","Supervisor - Engineering & Maintenance","Engineering & Maintenance","G7","Supervisory","BLD-100494","Ravi Youssef","Al Rayyan Site","Qatar","Al Rayyan","Expatriate"
"BLD-100216","EMP000215","Layla Reyes","Layla","Female","Indian","1970-03-12","55","Married","Active","Permanent","Full Time","2011-08-07","2011-11-05",,,"14.4","Baladna Q.P.S.C. (Qatar)","Commercial","Marketing","Commercial","Marketing - Section 1","CC-916","POS-00215","Assistant - Marketing","Marketing","G1","Staff","BLD-101124","Nadia Iqbal","Al Khor Site","Qatar","Al Khor","Expatriate"
"BLD-100217","EMP000216","Huda Mendoza","Huda","Female","Bangladeshi","1978-03-16","47","Other","Active","Permanent","Full Time","2017-08-16","2017-11-14",,,"8.4","Baladna Q.P.S.C. (Qatar)","Supply Chain","Supply Chain & Logistics","Supply Chain","Supply Chain & Logistics - Section 1","CC-370","POS-00216","Team Lead - Supply Chain & Logistics","Supply Chain & Logistics","G9","Supervisory","BLD-100532","Bikram Al-Kuwari","Doha Site","Qatar","Doha","Expatriate"
"BLD-100218","EMP000217","Bikram Al-Kuwari","Bikram","Male","Qatari","1995-09-19","29","Single","Terminated","Contract","Full Time","2015-03-06","2015-06-04","2024-10-03","Resignation - Better Opportunity","9.6","Baladna Q.P.S.C. (Qatar)","Corporate","Finance","Corporate","Finance - Section 2","CC-502","POS-00217","Senior Manager - Finance","Finance","G10","Managerial","BLD-101297","Krishna Kapoor","Doha Site","Qatar","Doha","Local"
"BLD-100219","EMP000218","Bishnu Al-Kuwari","Bishnu","Male","Egyptian","1992-05-08","33","Married","Active","Permanent","Full Time","2012-10-14","2013-01-12",,,"13.2","Baladna Egypt","Commercial","Sales & Distribution","Commercial","Sales & Distribution - Section 2","CC-310","POS-00218","Specialist - Sales & Distribution","Sales & Distribution","G9","Supervisory","BLD-100951","Yasmin Sharma","Cairo Site","Egypt","Cairo","Local"
"BLD-100220","EMP000219","Arjun Kapoor","Arjun","Male","Egyptian","1990-12-08","35","Married","Active","Permanent","Full Time","2016-05-05","2016-08-03",,,"9.7","Baladna Q.P.S.C. (Qatar)","Commercial","Sales & Distribution","Commercial","Sales & Distribution - Section 1","CC-310","POS-00219","Team Lead - Sales & Distribution","Sales & Distribution","G9","Supervisory","BLD-100443","Vikram El-Sayed","Doha Site","Qatar","Doha","Expatriate"
"BLD-100221","EMP000220","Juan Malik","Juan","Male","Egyptian","1973-05-04","52","Married","Active","Permanent","Full Time","2014-02-19","2014-05-20",,,"11.9","Baladna Q.P.S.C. (Qatar)","Supply Chain","Procurement","Supply Chain","Procurement - Section 2","CC-637","POS-00220","Specialist - Procurement","Procurement","G9","Supervisory","BLD-100038","Ali Devi","Doha Site","Qatar","Doha","Expatriate"
"BLD-100222","EMP000221","Tariq Pereira","Tariq","Male","Egyptian","1981-04-15","44","Married","Active","Temporary","Part Time","2017-11-06","2018-02-04",,,"8.2","Baladna Q.P.S.C. (Qatar)","Operations","Farm Operations","Operations","Farm Operations - Section 3","CC-662","POS-00221","Specialist - Farm Operations","Farm Operations","G9","Supervisory","BLD-100331","Ahmed Cruz","Al Khor Site","Qatar","Al Khor","Expatriate"
"BLD-100223","EMP000222","Vikram Mansour","Vikram","Male","Bangladeshi","1983-12-12","41","Single","Terminated","Permanent","Full Time","2020-07-24","2020-10-22","2024-12-24","Resignation - Better Opportunity","4.4","Baladna Q.P.S.C. (Qatar)","Supply Chain","Procurement","Supply Chain","Procurement - Section 1","CC-637","POS-00222","Operator - Procurement","Procurement","G3","Staff","BLD-100083","Ali Al-Kuwari","Doha Site","Qatar","Doha","Expatriate"
"BLD-100224","EMP000223","Ramesh Baig","Ramesh","Male","Egyptian","1969-07-15","56","Single","Terminated","Permanent","Full Time","2014-10-03","2015-01-01","2025-11-20","Termination - Redundancy","11.1","Baladna Egypt","Corporate","People & Culture","Corporate","People & Culture - Section 2","CC-310","POS-00223","Associate - People & Culture","People & Culture","G3","Staff","BLD-100334","Rina Rai","Cairo Site","Egypt","Cairo","Local"
"BLD-100225","EMP000224","Omar Malik","Omar","Male","Sri Lankan","1974-06-14","51","Married","Active","Permanent","Full Time","2015-09-15","2015-12-14",,,"10.3","Baladna Q.P.S.C. (Qatar)","Operations","Production","Operations","Production - Section 3","CC-956","POS-00224","Senior Manager - Production","Production","G11","Managerial","BLD-100199","Anil Khan","Doha Site","Qatar","Doha","Expatriate"
"BLD-100226","EMP000225","Santosh Youssef","Santosh","Male","Egyptian","1993-04-17","30","Married","Terminated","Permanent","Full Time","2022-07-21","2022-10-19","2023-05-22","Resignation - Relocation","0.8","Baladna Egypt","Corporate","Finance","Corporate","Finance - Section 2","CC-502","POS-00225","Coordinator - Finance","Finance","G3","Staff","BLD-100820","Manoj Abdullah","Cairo Site","Egypt","Cairo","Local"
"BLD-100227","EMP000226","Bishnu Al-Marri","Bishnu","Male","Nepali","1987-06-22","36","Single","Terminated","Permanent","Full Time","2017-08-21","2017-11-19","2023-06-23","Contract Non-Renewal - Company Decision","5.8","Baladna Q.P.S.C. (Qatar)","Commercial","Sales & Distribution","Commercial","Sales & Distribution - Section 3","CC-310","POS-00226","Senior Technician - Sales & Distribution","Sales & Distribution","G8","Supervisory","BLD-101446","Khalid Sharma","Al Khor Site","Qatar","Al Khor","Expatriate"
"BLD-100228","EMP000227","Deepak Chowdhury","Deepak","Male","Indian","1971-01-14","54","Single","Active","Permanent","Full Time","2018-10-17","2019-01-15",,,"7.2","Baladna Q.P.S.C. (Qatar)","Corporate","Corporate & Executive Office","Corporate","Corporate & Executive Office - Section 1","CC-577","POS-00227","Operator - Corporate & Executive Office","Corporate & Executive Office","G2","Staff","BLD-100745","Mona Al-Kuwari","Doha Site","Qatar","Doha","Expatriate"
"BLD-100229","EMP000228","Ravi Malik","Ravi","Male","Indian","1970-03-08","55","Married","Active","Contract","Full Time","2011-05-30","2011-08-28",,,"14.6","Baladna Q.P.S.C. (Qatar)","Corporate","Finance","Corporate","Finance - Section 2","CC-502","POS-00228","Senior Manager - Finance","Finance","G12","Managerial","BLD-101297","Krishna Kapoor","Doha Site","Qatar","Doha","Expatriate"
"BLD-100230","EMP000229","Ali Hassan","Ali","Male","Egyptian","1981-10-02","41","Married","Terminated","Permanent","Full Time","2020-12-06","2021-03-06","2023-03-21","Termination - Disciplinary","2.3","Baladna Q.P.S.C. (Qatar)","Operations","Quality Assurance & Food Safety","Operations","Quality Assurance & Food Safety - Section 2","CC-564","POS-00229","Senior Officer - Quality Assurance & Food Safety","Quality Assurance & Food Safety","G6","Supervisory","BLD-100994","Omar Sharma","Al Rayyan Site","Qatar","Al Rayyan","Expatriate"
"BLD-100231","EMP000230","Ramesh Chowdhury","Ramesh","Male","Indian","1995-11-09","28","Single","Terminated","Permanent","Full Time","2022-02-04","2022-05-05","2023-11-21","Termination - Redundancy","1.8","Baladna Q.P.S.C. (Qatar)","Operations","Engineering & Maintenance","Operations","Engineering & Maintenance - Section 1","CC-178","POS-00230","Assistant - Engineering & Maintenance","Engineering & Maintenance","G2","Staff","BLD-100005","Ravi Mansour","Doha Site","Qatar","Doha","Expatriate"
"BLD-100232","EMP000231","Ramesh Cruz","Ramesh","Male","Egyptian","1988-02-27","37","Married","Active","Permanent","Full Time","2019-12-11","2020-03-10",,,"6.1","Baladna Egypt","Commercial","Sales & Distribution","Commercial","Sales & Distribution - Section 3","CC-310","POS-00231","Technician - Sales & Distribution","Sales & Distribution","G4","Staff","BLD-100749","Jose Mansour","Alexandria Site","Egypt","Alexandria","Local"
"BLD-100233","EMP000232","Dina Islam","Dina","Female","Indian","1977-09-14","48","Single","Active","Permanent","Full Time","2011-07-25","2011-10-23",,,"14.4","Baladna Q.P.S.C. (Qatar)","Corporate","Corporate & Executive Office","Corporate","Corporate & Executive Office - Section 1","CC-577","POS-00232","Coordinator - Corporate & Executive Office","Corporate & Executive Office","G2","Staff","BLD-101463","Rina Youssef","Doha Site","Qatar","Doha","Expatriate"
"BLD-100234","EMP000233","Sameer Hassan","Sameer","Male","Sri Lankan","1983-01-02","41","Married","Terminated","Permanent","Full Time","2019-09-25","2019-12-24","2024-06-06","Resignation - Relocation","4.7","Baladna Q.P.S.C. (Qatar)","Corporate","Finance","Corporate","Finance - Section 1","CC-502","POS-00233","Officer - Finance","Finance","G3","Staff","BLD-100360","Suresh Baig","Doha Site","Qatar","Doha","Expatriate"
"BLD-100235","EMP000234","Rina Baig","Rina","Female","Sri Lankan","1965-11-23","60","Married","Active","Permanent","Full Time","2014-03-20","2014-06-18",,,"11.8","Baladna Q.P.S.C. (Qatar)","Operations","R&D","Operations","R&D - Section 3","CC-118","POS-00234","Senior Technician - R&D","R&D","G8","Supervisory","BLD-100490","Sameer Sharma","Al Khor Site","Qatar","Al Khor","Expatriate"
"BLD-100236","EMP000235","Suresh El-Sayed","Suresh","Male","Sudanese","1981-12-06","44","Married","Active","Permanent","Full Time","2020-11-10","2021-02-08",,,"5.1","Baladna Egypt","Corporate","Finance","Corporate","Finance - Section 3","CC-502","POS-00235","Specialist - Finance","Finance","G7","Supervisory","BLD-101210","Reem El-Sayed","10th of Ramadan City Site","Egypt","10th of Ramadan City","Expatriate"
"BLD-100237","EMP000236","Anita Sharma","Anita","Female","Bangladeshi","1967-03-07","56","Married","Terminated","Permanent","Full Time","2012-08-12","2012-11-10","2023-09-29","Resignation - Relocation","11.1","Baladna Q.P.S.C. (Qatar)","Corporate","People & Culture","Corporate","People & Culture - Section 3","CC-310","POS-00236","Operator - People & Culture","People & Culture","G1","Staff","BLD-100625","Hind Mahmoud","Doha Site","Qatar","Doha","Expatriate"
"BLD-100238","EMP000237","Sara Islam","Sara","Female","Indian","1978-04-11","47","Single","Active","Permanent","Full Time","2014-09-18","2014-12-17",,,"11.3","Baladna Q.P.S.C. (Qatar)","Commercial","Marketing","Commercial","Marketing - Section 1","CC-916","POS-00237","Operator - Marketing","Marketing","G1","Staff","BLD-101179","Vikram Ahmed","Doha Site","Qatar","Doha","Expatriate"
"BLD-100239","EMP000238","Rania Abdullah","Rania","Female","Egyptian","1970-08-03","55","Married","Active","Temporary","Full Time","2014-09-20","2014-12-19",,,"11.3","Baladna Egypt","Corporate","Finance","Corporate","Finance - Section 2","CC-502","POS-00238","Technician - Finance","Finance","G5","Staff","BLD-101186","Maria Pereira","10th of Ramadan City Site","Egypt","10th of Ramadan City","Local"
"BLD-100240","EMP000239","Ravi Ibrahim","Ravi","Male","Egyptian","1993-01-23","32","Married","Active","Permanent","Full Time","2013-12-26","2014-03-26",,,"12","Baladna Egypt","Operations","Quality Assurance & Food Safety","Operations","Quality Assurance & Food Safety - Section 1","CC-564","POS-00239","Operator - Quality Assurance & Food Safety","Quality Assurance & Food Safety","G2","Staff","BLD-100907","Dalia Baig","Cairo Site","Egypt","Cairo","Local"
"BLD-100241","EMP000240","Ali Mansour","Ali","Male","Qatari","1980-08-26","44","Married","Terminated","Permanent","Full Time","2022-07-23","2022-10-21","2024-09-20","Resignation - Personal Reasons","2.2","Baladna Q.P.S.C. (Qatar)","Operations","Farm Operations","Operations","Farm Operations - Section 2","CC-662","POS-00240","Specialist - Farm Operations","Farm Operations","G7","Supervisory","BLD-100055","Anil Fernandes","Doha Site","Qatar","Doha","Local"
"BLD-100242","EMP000241","Khalid Al-Sayed","Khalid","Male","Sri Lankan","1982-09-10","43","Single","Active","Permanent","Full Time","2021-10-02","2021-12-31",,,"4.2","Baladna Q.P.S.C. (Qatar)","Operations","Engineering & Maintenance","Operations","Engineering & Maintenance - Section 3","CC-178","POS-00241","Assistant - Engineering & Maintenance","Engineering & Maintenance","G5","Staff","BLD-100018","Ramesh Gurung","Al Khor Site","Qatar","Al Khor","Expatriate"
"BLD-100243","EMP000242","Hassan Youssef","Hassan","Male","Pakistani","1988-05-19","37","Married","Active","Permanent","Full Time","2017-06-26","2017-09-24",,,"8.5","Baladna Q.P.S.C. (Qatar)","Operations","Engineering & Maintenance","Operations","Engineering & Maintenance - Section 3","CC-178","POS-00242","Senior Technician - Engineering & Maintenance","Engineering & Maintenance","G9","Supervisory","BLD-100494","Ravi Youssef","Doha Site","Qatar","Doha","Expatriate"
"BLD-100244","EMP000243","Deepak Thapa","Deepak","Male","Indian","1987-03-11","37","Married","Terminated","Permanent","Full Time","2016-03-08","2016-06-06","2024-10-21","Resignation - Better Opportunity","8.6","Baladna Q.P.S.C. (Qatar)","Operations","Engineering & Maintenance","Operations","Engineering & Maintenance - Section 1","CC-178","POS-00243","Technician - Engineering & Maintenance","Engineering & Maintenance","G3","Staff","BLD-100204","Prakash Gurung","Doha Site","Qatar","Doha","Expatriate"
"BLD-100245","EMP000244","Khalid Iqbal","Khalid","Male","Egyptian","1983-02-04","40","Single","Terminated","Temporary","Full Time","2010-08-29","2010-11-27","2023-02-26","End of Contract - Not Renewed by Employee","12.5","Baladna Q.P.S.C. (Qatar)","Operations","Engineering & Maintenance","Operations","Engineering & Maintenance - Section 2","CC-178","POS-00244","Coordinator - Engineering & Maintenance","Engineering & Maintenance","G3","Staff","BLD-100597","Jose Youssef","Doha Site","Qatar","Doha","Expatriate"
"BLD-100246","EMP000245","Dina Islam","Dina","Female","Egyptian","1995-11-23","30","Single","Active","Permanent","Full Time","2018-03-17","2018-06-15",,,"7.8","Baladna Egypt","Corporate","People & Culture","Corporate","People & Culture - Section 3","CC-310","POS-00245","Associate - People & Culture","People & Culture","G1","Staff","BLD-100592","Yasmin Cruz","10th of Ramadan City Site","Egypt","10th of Ramadan City","Local"
"BLD-100247","EMP000246","Arjun El-Sayed","Arjun","Male","Indian","1970-03-15","55","Married","Active","Permanent","Full Time","2014-11-08","2015-02-06",,,"11.1","Baladna Q.P.S.C. (Qatar)","Operations","Farm Operations","Operations","Farm Operations - Section 2","CC-662","POS-00246","Senior Officer - Farm Operations","Farm Operations","G9","Supervisory","BLD-101247","Ahmed El-Sayed","Doha Site","Qatar","Doha","Expatriate"
"BLD-100248","EMP000247","Bishnu Ahmed","Bishnu","Male","Egyptian","1989-08-21","34","Single","Terminated","Contract","Full Time","2022-05-17","2022-08-15","2024-06-06","Resignation - Better Opportunity","2.1","Baladna Egypt","Corporate","Finance","Corporate","Finance - Section 3","CC-502","POS-00247","Assistant - Finance","Finance","G5","Staff","BLD-100963","Santosh Mendoza","Cairo Site","Egypt","Cairo","Local"
"BLD-100249","EMP000248","Bishnu Thapa","Bishnu","Male","Egyptian","1975-01-08","48","Single","Terminated","Permanent","Full Time","2012-03-12","2012-06-10","2023-05-12","Resignation - Better Opportunity","11.2","Baladna Q.P.S.C. (Qatar)","Operations","Production","Operations","Production - Section 1","CC-956","POS-00248","Coordinator - Production","Production","G1","Staff","BLD-100627","Rakesh Youssef","Doha Site","Qatar","Doha","Expatriate"
"BLD-100250","EMP000249","Rajesh Reyes","Rajesh","Male","Indian","1995-06-10","30","Married","Active","Permanent","Full Time","2018-08-17","2018-11-15",,,"7.4","Baladna Q.P.S.C. (Qatar)","Corporate","Finance","Corporate","Finance - Section 3","CC-502","POS-00249","Senior Manager - Finance","Finance","G10","Managerial","BLD-101297","Krishna Kapoor","Al Khor Site","Qatar","Al Khor","Expatriate"
"BLD-100251","EMP000250","Ali Al-Kuwari","Ali","Male","Pakistani","1998-06-14","26","Single","Terminated","Permanent","Full Time","2021-05-28","2021-08-26","2024-12-28","Resignation - Relocation","3.6","Baladna Q.P.S.C. (Qatar)","Supply Chain","Supply Chain & Logistics","Supply Chain","Supply Chain & Logistics - Section 1","CC-370","POS-00250","Assistant - Supply Chain & Logistics","Supply Chain & Logistics","G3","Staff","BLD-100551","Prakash Reyes","Doha Site","Qatar","Doha","Expatriate"
"BLD-100252","EMP000251","Sameer Youssef","Sameer","Male","Filipino","1993-07-06","32","Married","Active","Permanent","Full Time","2014-10-13","2015-01-11",,,"11.2","Baladna Q.P.S.C. (Qatar)","Operations","Quality Assurance & Food Safety","Operations","Quality Assurance & Food Safety - Section 3","CC-564","POS-00251","Officer - Quality Assurance & Food Safety","Quality Assurance & Food Safety","G1","Staff","BLD-100409","Vikram Al-Kuwari","Doha Site","Qatar","Doha","Expatriate"
"BLD-100253","EMP000252","Rakesh Iqbal","Rakesh","Male","Indian","1975-09-10","50","Single","Active","Permanent","Full Time","2010-04-09","2010-07-08",,,"15.7","Baladna Q.P.S.C. (Qatar)","Corporate","IT & Digital","Corporate","IT & Digital - Section 1","CC-289","POS-00252","Assistant - IT & Digital","IT & Digital","G1","Staff","BLD-101478","Juan Islam","Doha Site","Qatar","Doha","Expatriate"
"BLD-100254","EMP000253","Prakash Kapoor","Prakash","Male","Egyptian","1982-01-12","41","Married","Terminated","Permanent","Full Time","2021-12-01","2022-03-01","2023-07-26","End of Contract - Not Renewed by Employee","1.6","Baladna Q.P.S.C. (Qatar)","Commercial","Marketing","Commercial","Marketing - Section 3","CC-916","POS-00253","Officer - Marketing","Marketing","G2","Staff","BLD-101425","Ahmed Mahmoud","Doha Site","Qatar","Doha","Expatriate"
"BLD-100255","EMP000254","Bishnu Thapa","Bishnu","Male","Jordanian","1984-08-25","39","Married","Terminated","Permanent","Full Time","2020-04-16","2020-07-15","2024-01-23","Resignation - Personal Reasons","3.8","Baladna Q.P.S.C. (Qatar)","Commercial","Sales & Distribution","Commercial","Sales & Distribution - Section 3","CC-310","POS-00254","Specialist - Sales & Distribution","Sales & Distribution","G7","Supervisory","BLD-100697","Sunita Al-Marri","Al Khor Site","Qatar","Al Khor","Expatriate"
"BLD-100256","EMP000255","Vikram Abdullah","Vikram","Male","Egyptian","1977-04-18","48","Single","Active","Permanent","Full Time","2015-12-21","2016-03-20",,,"10","Baladna Egypt","Corporate","Finance","Corporate","Finance - Section 2","CC-502","POS-00255","Assistant Manager - Finance","Finance","G11","Managerial","BLD-100155","Sameer Abdullah","Cairo Site","Egypt","Cairo","Local"
"BLD-100257","EMP000256","Rajesh Abdullah","Rajesh","Male","Sudanese","1964-09-19","61","Single","Active","Permanent","Full Time","2017-01-14","2017-04-14",,,"9","Baladna Egypt","Commercial","Sales & Distribution","Commercial","Sales & Distribution - Section 3","CC-310","POS-00256","Specialist - Sales & Distribution","Sales & Distribution","G9","Supervisory","BLD-100583","Kumar El-Sayed","Cairo Site","Egypt","Cairo","Expatriate"
"BLD-100258","EMP000257","Manoj Mahmoud","Manoj","Male","Nepali","1976-08-12","49","Single","Active","Permanent","Full Time","2011-07-07","2011-10-05",,,"14.5","Baladna Q.P.S.C. (Qatar)","Operations","Quality Assurance & Food Safety","Operations","Quality Assurance & Food Safety - Section 2","CC-564","POS-00257","Assistant - Quality Assurance & Food Safety","Quality Assurance & Food Safety","G1","Staff","BLD-101079","Sanjay Devi","Al Khor Site","Qatar","Al Khor","Expatriate"
"BLD-100259","EMP000258","Khalid El-Sayed","Khalid","Male","Egyptian","1969-07-23","56","Single","Active","Permanent","Full Time","2015-11-15","2016-02-13",,,"10.1","Baladna Egypt","Commercial","Sales & Distribution","Commercial","Sales & Distribution - Section 3","CC-310","POS-00258","Assistant - Sales & Distribution","Sales & Distribution","G1","Staff","BLD-101129","Reem El-Sayed","10th of Ramadan City Site","Egypt","10th of Ramadan City","Local"
"BLD-100260","EMP000259","Hari Mendoza","Hari","Male","Nepali","1996-09-16","29","Married","Active","Permanent","Full Time","2017-02-24","2017-05-25",,,"8.8","Baladna Q.P.S.C. (Qatar)","Operations","Engineering & Maintenance","Operations","Engineering & Maintenance - Section 1","CC-178","POS-00259","Associate - Engineering & Maintenance","Engineering & Maintenance","G1","Staff","BLD-101346","Sameer Hassan","Al Khor Site","Qatar","Al Khor","Expatriate"
"BLD-100261","EMP000260","Yasmin Devi","Yasmin","Female","Filipino","1968-05-11","57","Other","Active","Permanent","Full Time","2019-05-06","2019-08-04",,,"6.7","Baladna Q.P.S.C. (Qatar)","Supply Chain","Supply Chain & Logistics","Supply Chain","Supply Chain & Logistics - Section 3","CC-370","POS-00260","Senior Technician - Supply Chain & Logistics","Supply Chain & Logistics","G9","Supervisory","BLD-100578","Sanjay Abdullah","Doha Site","Qatar","Doha","Expatriate"
"BLD-100262","EMP000261","Rakesh Iqbal","Rakesh","Male","Filipino","1966-09-05","59","Married","Active","Permanent","Full Time","2012-10-18","2013-01-16",,,"13.2","Baladna Q.P.S.C. (Qatar)","Corporate","People & Culture","Corporate","People & Culture - Section 1","CC-310","POS-00261","Coordinator - People & Culture","People & Culture","G5","Staff","BLD-101067","Sanjay Kapoor","Doha Site","Qatar","Doha","Expatriate"
"BLD-100263","EMP000262","Deepak Abdullah","Deepak","Male","Indian","1986-09-16","37","Single","Terminated","Contract","Full Time","2022-05-11","2022-08-09","2024-08-31","Resignation - Relocation","2.3","Baladna Q.P.S.C. (Qatar)","Supply Chain","Procurement","Supply Chain","Procurement - Section 3","CC-637","POS-00262","Assistant - Procurement","Procurement","G4","Staff","BLD-100768","Huda Sharma","Doha Site","Qatar","Doha","Expatriate"
"BLD-100264","EMP000263","Waleed Youssef","Waleed","Male","Qatari","1968-12-06","57","Other","Active","Permanent","Full Time","2018-09-21","2018-12-20",,,"7.3","Baladna Q.P.S.C. (Qatar)","Commercial","Sales & Distribution","Commercial","Sales & Distribution - Section 3","CC-310","POS-00263","Coordinator - Sales & Distribution","Sales & Distribution","G5","Staff","BLD-100529","Khalid Cruz","Doha Site","Qatar","Doha","Local"
"BLD-100265","EMP000264","Sanjay Islam","Sanjay","Male","Egyptian","1966-08-03","59","Single","Active","Permanent","Full Time","2014-06-03","2014-09-01",,,"11.6","Baladna Egypt","Commercial","Sales & Distribution","Commercial","Sales & Distribution - Section 3","CC-310","POS-00264","Manager - Sales & Distribution","Sales & Distribution","G11","Managerial","BLD-100155","Sameer Abdullah","Cairo Site","Egypt","Cairo","Local"
"BLD-100266","EMP000265","Ravi Cruz","Ravi","Male","Bangladeshi","1989-10-23","33","Married","Terminated","Permanent","Full Time","2011-04-06","2011-07-05","2023-02-08","Resignation - Relocation","11.8","Baladna Q.P.S.C. (Qatar)","Operations","Engineering & Maintenance","Operations","Engineering & Maintenance - Section 3","CC-178","POS-00265","Technician - Engineering & Maintenance","Engineering & Maintenance","G1","Staff","BLD-100914","Krishna Fernandes","Doha Site","Qatar","Doha","Expatriate"
"BLD-100267","EMP000266","Ramesh Khan","Ramesh","Male","Indian","1977-05-02","46","Other","Terminated","Permanent","Full Time","2020-03-05","2020-06-03","2023-09-30","Resignation - Personal Reasons","3.6","Baladna Q.P.S.C. (Qatar)","Operations","Engineering & Maintenance","Operations","Engineering & Maintenance - Section 1","CC-178","POS-00266","Coordinator - Engineering & Maintenance","Engineering & Maintenance","G2","Staff","BLD-101326","Pooja Cruz","Doha Site","Qatar","Doha","Expatriate"
"BLD-100268","EMP000267","Ravi Al-Sayed","Ravi","Male","Egyptian","1979-09-11","46","Single","Active","Permanent","Full Time","2015-07-16","2015-10-14",,,"10.5","Baladna Q.P.S.C. (Qatar)","Operations","R&D","Operations","R&D - Section 2","CC-118","POS-00267","Senior Manager - R&D","R&D","G12","Managerial","BLD-100413","Ahmed Ibrahim","Doha Site","Qatar","Doha","Expatriate"
"BLD-100269","EMP000268","Faisal Ibrahim","Faisal","Male","Egyptian","1992-12-06","33","Married","Active","Permanent","Full Time","2012-10-11","2013-01-09",,,"13.2","Baladna Egypt","Operations","Production","Operations","Production - Section 1","CC-956","POS-00268","Senior Technician - Production","Production","G9","Supervisory","BLD-101084","Mohamed Baig","10th of Ramadan City Site","Egypt","10th of Ramadan City","Local"
"BLD-100270","EMP000269","Deepak Reyes","Deepak","Male","Indian","1975-10-26","50","Married","Active","Permanent","Full Time","2012-01-07","2012-04-06",,,"14","Baladna Q.P.S.C. (Qatar)","Operations","Farm Operations","Operations","Farm Operations - Section 2","CC-662","POS-00269","Senior Manager - Farm Operations","Farm Operations","G10","Managerial","BLD-100199","Anil Khan","Al Rayyan Site","Qatar","Al Rayyan","Expatriate"
"BLD-100271","EMP000270","Rajesh Baig","Rajesh","Male","Egyptian","1986-08-19","39","Single","Active","Permanent","Full Time","2016-08-28","2016-11-26",,,"9.3","Baladna Egypt","Corporate","People & Culture","Corporate","People & Culture - Section 3","CC-310","POS-00270","Senior Manager - People & Culture","People & Culture","G10","Managerial","BLD-101307","Mariam Khan","Cairo Site","Egypt","Cairo","Local"
"BLD-100272","EMP000271","Vikram Devi","Vikram","Male","Egyptian","1972-10-12","53","Married","Active","Permanent","Full Time","2010-01-16","2010-04-16",,,"16","Baladna Egypt","Commercial","Sales & Distribution","Commercial","Sales & Distribution - Section 1","CC-310","POS-00271","Technician - Sales & Distribution","Sales & Distribution","G1","Staff","BLD-101222","Joy Mansour","10th of Ramadan City Site","Egypt","10th of Ramadan City","Local"
"BLD-100273","EMP000272","Ahmed Al-Sayed","Ahmed","Male","Egyptian","1969-01-15","54","Married","Terminated","Permanent","Full Time","2010-01-17","2010-04-17","2023-06-12","Termination - Disciplinary","13.4","Baladna Q.P.S.C. (Qatar)","Corporate","IT & Digital","Corporate","IT & Digital - Section 3","CC-289","POS-00272","Senior Manager - IT & Digital","IT & Digital","G11","Managerial","BLD-101147","Deepak Gurung","Doha Site","Qatar","Doha","Expatriate"
"BLD-100274","EMP000273","Amina Cruz","Amina","Female","Egyptian","1971-07-09","51","Married","Terminated","Contract","Full Time","2022-07-01","2022-09-29","2023-01-22","Termination - Redundancy","0.6","Baladna Q.P.S.C. (Qatar)","Operations","R&D","Operations","R&D - Section 3","CC-118","POS-00273","Operator - R&D","R&D","G1","Staff","BLD-100290","Bishnu Khan","Al Khor Site","Qatar","Al Khor","Expatriate"
"BLD-100275","EMP000274","Mariam Baig","Mariam","Female","Egyptian","1992-01-04","33","Married","Active","Permanent","Full Time","2016-09-18","2016-12-17",,,"9.3","Baladna Egypt","Corporate","People & Culture","Corporate","People & Culture - Section 2","CC-310","POS-00274","Senior Technician - People & Culture","People & Culture","G9","Supervisory","BLD-100347","Ahmed Santos","Cairo Site","Egypt","Cairo","Local"
"BLD-100276","EMP000275","Jose Pereira","Jose","Male","Pakistani","1967-12-14","58","Married","Active","Permanent","Full Time","2017-02-06","2017-05-07",,,"8.9","Baladna Q.P.S.C. (Qatar)","Supply Chain","Procurement","Supply Chain","Procurement - Section 3","CC-637","POS-00275","Assistant Manager - Procurement","Procurement","G10","Managerial","BLD-100884","Manoj Iqbal","Doha Site","Qatar","Doha","Expatriate"
"BLD-100277","EMP000276","Faisal Baig","Faisal","Male","Indian","1989-05-14","35","Single","Terminated","Permanent","Full Time","2013-04-07","2013-07-06","2024-09-22","End of Contract - Not Renewed by Employee","11.5","Baladna Q.P.S.C. (Qatar)","Commercial","Sales & Distribution","Commercial","Sales & Distribution - Section 2","CC-310","POS-00276","Associate - Sales & Distribution","Sales & Distribution","G2","Staff","BLD-100176","Juan Baig","Al Khor Site","Qatar","Al Khor","Expatriate"
"BLD-100278","EMP000277","Huda Gurung","Huda","Female","Bangladeshi","1964-09-04","61","Single","Active","Permanent","Full Time","2012-11-10","2013-02-08",,,"13.1","Baladna Q.P.S.C. (Qatar)","Supply Chain","Supply Chain & Logistics","Supply Chain","Supply Chain & Logistics - Section 2","CC-370","POS-00277","Assistant - Supply Chain & Logistics","Supply Chain & Logistics","G3","Staff","BLD-100093","Bishnu Iqbal","Doha Site","Qatar","Doha","Expatriate"
"BLD-100279","EMP000278","Bikram Devi","Bikram","Male","Sri Lankan","1991-10-13","32","Married","Terminated","Contract","Full Time","2020-06-16","2020-09-14","2024-06-29","Resignation - Personal Reasons","4","Baladna Q.P.S.C. (Qatar)","Supply Chain","Supply Chain & Logistics","Supply Chain","Supply Chain & Logistics - Section 3","CC-370","POS-00278","Coordinator - Supply Chain & Logistics","Supply Chain & Logistics","G1","Staff","BLD-100758","Kumar Thapa","Al Khor Site","Qatar","Al Khor","Expatriate"
"BLD-100280","EMP000279","Ravi Malik","Ravi","Male","Filipino","1989-04-18","34","Married","Terminated","Permanent","Full Time","2019-11-14","2020-02-12","2024-03-06","Resignation - Better Opportunity","4.3","Baladna Q.P.S.C. (Qatar)","Operations","Production","Operations","Production - Section 1","CC-956","POS-00279","Officer - Production","Production","G1","Staff","BLD-100721","Hari Al-Marri","Al Khor Site","Qatar","Al Khor","Expatriate"
"BLD-100281","EMP000280","Bishnu Farouk","Bishnu","Male","Nepali","1973-05-07","52","Single","Active","Permanent","Full Time","2022-05-18","2022-08-16",,,"3.6","Baladna Q.P.S.C. (Qatar)","Supply Chain","Procurement","Supply Chain","Procurement - Section 1","CC-637","POS-00280","Team Lead - Procurement","Procurement","G6","Supervisory","BLD-100715","Jose Fernandes","Al Khor Site","Qatar","Al Khor","Expatriate"
"BLD-100282","EMP000281","Sameer Islam","Sameer","Male","Egyptian","1970-08-25","54","Married","Terminated","Permanent","Full Time","2011-03-25","2011-06-23","2024-08-29","Termination - Disciplinary","13.4","Baladna Q.P.S.C. (Qatar)","Commercial","Sales & Distribution","Commercial","Sales & Distribution - Section 2","CC-310","POS-00281","Team Lead - Sales & Distribution","Sales & Distribution","G9","Supervisory","BLD-100981","Hassan Baig","Doha Site","Qatar","Doha","Expatriate"
"BLD-100283","EMP000282","Krishna Islam","Krishna","Male","Indian","1963-11-07","60","Married","Terminated","Permanent","Full Time","2017-06-21","2017-09-19","2023-12-09","Resignation - Personal Reasons","6.5","Baladna Q.P.S.C. (Qatar)","Operations","Quality Assurance & Food Safety","Operations","Quality Assurance & Food Safety - Section 2","CC-564","POS-00282","Supervisor - Quality Assurance & Food Safety","Quality Assurance & Food Safety","G7","Supervisory","BLD-101483","Tariq El-Sayed","Doha Site","Qatar","Doha","Expatriate"
"BLD-100284","EMP000283","Sanjay Santos","Sanjay","Male","Egyptian","1978-11-17","47","Married","Active","Permanent","Full Time","2011-04-20","2011-07-19",,,"14.7","Baladna Egypt","Commercial","Sales & Distribution","Commercial","Sales & Distribution - Section 1","CC-310","POS-00283","Supervisor - Sales & Distribution","Sales & Distribution","G9","Supervisory","BLD-100951","Yasmin Sharma","Alexandria Site","Egypt","Alexandria","Local"
"BLD-100285","EMP000284","Hassan Khan","Hassan","Male","Filipino","1964-06-01","61","Married","Active","Permanent","Full Time","2010-01-23","2010-04-23",,,"15.9","Baladna Q.P.S.C. (Qatar)","Operations","Farm Operations","Operations","Farm Operations - Section 1","CC-662","POS-00284","Specialist - Farm Operations","Farm Operations","G9","Supervisory","BLD-100142","Santosh El-Sayed","Doha Site","Qatar","Doha","Expatriate"
"BLD-100286","EMP000285","Dina Sharma","Dina","Female","Filipino","1989-04-18","34","Single","Terminated","Permanent","Full Time","2017-11-07","2018-02-05","2023-06-07","End of Contract - Not Renewed by Employee","5.6","Baladna Q.P.S.C. (Qatar)","Corporate","IT & Digital","Corporate","IT & Digital - Section 3","CC-289","POS-00285","Coordinator - IT & Digital","IT & Digital","G1","Staff","BLD-101400","Omar Thapa","Al Khor Site","Qatar","Al Khor","Expatriate"
"BLD-100287","EMP000286","Khalid Pereira","Khalid","Male","Pakistani","1965-08-09","57","Married","Terminated","Permanent","Full Time","2011-12-01","2012-02-29","2023-01-08","Termination - Disciplinary","11.1","Baladna Q.P.S.C. (Qatar)","Operations","Farm Operations","Operations","Farm Operations - Section 1","CC-662","POS-00286","Coordinator - Farm Operations","Farm Operations","G5","Staff","BLD-100832","Vikram Rai","Al Khor Site","Qatar","Al Khor","Expatriate"
"BLD-100288","EMP000287","Omar Reyes","Omar","Male","Sudanese","1977-12-06","46","Married","Terminated","Permanent","Full Time","2021-06-25","2021-09-23","2024-04-02","Resignation - Personal Reasons","2.8","Baladna Q.P.S.C. (Qatar)","Supply Chain","Supply Chain & Logistics","Supply Chain","Supply Chain & Logistics - Section 1","CC-370","POS-00287","Officer - Supply Chain & Logistics","Supply Chain & Logistics","G3","Staff","BLD-100551","Prakash Reyes","Doha Site","Qatar","Doha","Expatriate"
"BLD-100289","EMP000288","Pooja Al-Sayed","Pooja","Female","Egyptian","1984-11-22","38","Single","Terminated","Permanent","Full Time","2013-03-31","2013-06-29","2023-08-20","Resignation - Relocation","10.4","Baladna Egypt","Supply Chain","Supply Chain & Logistics","Supply Chain","Supply Chain & Logistics - Section 1","CC-370","POS-00288","Assistant - Supply Chain & Logistics","Supply Chain & Logistics","G2","Staff","BLD-100690","Faisal Al-Marri","Cairo Site","Egypt","Cairo","Local"
"BLD-100290","EMP000289","Bishnu Khan","Bishnu","Male","Bangladeshi","1972-06-16","53","Married","Active","Permanent","Full Time","2021-08-28","2021-11-26",,,"4.3","Baladna Q.P.S.C. (Qatar)","Operations","R&D","Operations","R&D - Section 1","CC-118","POS-00289","Senior Officer - R&D","R&D","G9","Supervisory","BLD-100268","Ravi Al-Sayed","Doha Site","Qatar","Doha","Expatriate"
"BLD-100291","EMP000290","Waleed Hassan","Waleed","Male","Egyptian","1989-05-06","36","Other","Active","Permanent","Full Time","2016-04-23","2016-07-22",,,"9.7","Baladna Egypt","Operations","Production","Operations","Production - Section 3","CC-956","POS-00290","Supervisor - Production","Production","G8","Supervisory","BLD-100559","Sameer Reyes","Alexandria Site","Egypt","Alexandria","Local"
"BLD-100292","EMP000291","Pooja Sharma","Pooja","Female","Nepali","1991-12-05","33","Single","Terminated","Permanent","Full Time","2014-07-22","2014-10-20","2025-11-12","Resignation - Relocation","11.3","Baladna Q.P.S.C. (Qatar)","Corporate","Corporate & Executive Office","Corporate","Corporate & Executive Office - Section 2","CC-577","POS-00291","Technician - Corporate & Executive Office","Corporate & Executive Office","G2","Staff","BLD-100582","Santosh Islam","Al Khor Site","Qatar","Al Khor","Expatriate"
"BLD-100293","EMP000292","Hari Reyes","Hari","Male","Bangladeshi","1967-11-09","58","Single","Active","Permanent","Full Time","2016-03-24","2016-06-22",,,"9.8","Baladna Q.P.S.C. (Qatar)","Corporate","People & Culture","Corporate","People & Culture - Section 2","CC-310","POS-00292","Senior Technician - People & Culture","People & Culture","G6","Supervisory","BLD-100187","Maria Fernandes","Al Khor Site","Qatar","Al Khor","Expatriate"
"BLD-100294","EMP000293","Suresh Al-Sayed","Suresh","Male","Indian","1990-06-12","32","Single","Terminated","Temporary","Full Time","2010-07-09","2010-10-07","2023-01-15","End of Contract - Not Renewed by Employee","12.5","Baladna Q.P.S.C. (Qatar)","Operations","Farm Operations","Operations","Farm Operations - Section 1","CC-662","POS-00293","Technician - Farm Operations","Farm Operations","G2","Staff","BLD-101042","Faisal Mansour","Al Khor Site","Qatar","Al Khor","Expatriate"
"BLD-100295","EMP000294","Noor Sharma","Noor","Female","Egyptian","1988-12-16","37","Single","Active","Permanent","Full Time","2011-12-30","2012-03-29",,,"14","Baladna Egypt","Corporate","Finance","Corporate","Finance - Section 2","CC-502","POS-00294","Assistant Manager - Finance","Finance","G10","Managerial","BLD-101292","Noor Al-Sayed","Cairo Site","Egypt","Cairo","Local"
"BLD-100296","EMP000295","Krishna Hassan","Krishna","Male","Indian","1965-04-01","58","Single","Terminated","Permanent","Full Time","2014-07-31","2014-10-29","2023-08-29","Termination - Disciplinary","9.1","Baladna Q.P.S.C. (Qatar)","Supply Chain","Procurement","Supply Chain","Procurement - Section 3","CC-637","POS-00295","Associate - Procurement","Procurement","G3","Staff","BLD-100814","Ali Ibrahim","Al Khor Site","Qatar","Al Khor","Expatriate"
"BLD-100297","EMP000296","Vikram Mahmoud","Vikram","Male","Egyptian","1973-10-20","52","Married","Active","Permanent","Full Time","2022-03-01","2022-05-30",,,"3.8","Baladna Egypt","Corporate","Finance","Corporate","Finance - Section 2","CC-502","POS-00296","Technician - Finance","Finance","G4","Staff","BLD-100343","Bikram Al-Sayed","Alexandria Site","Egypt","Alexandria","Local"
"BLD-100298","EMP000297","Santosh Al-Marri","Santosh","Male","Sudanese","1991-02-23","34","Single","Active","Permanent","Full Time","2020-08-11","2020-11-09",,,"5.4","Baladna Q.P.S.C. (Qatar)","Commercial","Marketing","Commercial","Marketing - Section 1","CC-916","POS-00297","Officer - Marketing","Marketing","G3","Staff","BLD-100675","Rowena Chowdhury","Al Khor Site","Qatar","Al Khor","Expatriate"
"BLD-100299","EMP000298","Dina Al-Kuwari","Dina","Female","Egyptian","1989-06-13","34","Married","Terminated","Permanent","Full Time","2014-12-16","2015-03-16","2023-10-08","Termination - Redundancy","8.8","Baladna Egypt","Corporate","Finance","Corporate","Finance - Section 1","CC-502","POS-00298","Officer - Finance","Finance","G5","Staff","BLD-100066","Prakash Ibrahim","Cairo Site","Egypt","Cairo","Local"
"BLD-100300","EMP000299","Santosh Kapoor","Santosh","Male","Jordanian","1988-09-21","34","Single","Terminated","Permanent","Full Time","2021-12-30","2022-03-30","2023-09-06","Resignation - Personal Reasons","1.7","Baladna Q.P.S.C. (Qatar)","Corporate","Finance","Corporate","Finance - Section 2","CC-502","POS-00299","Coordinator - Finance","Finance","G2","Staff","BLD-101065","Mohamed Al-Sayed","Doha Site","Qatar","Doha","Expatriate"
"BLD-100301","EMP000300","Aisha Kapoor","Aisha","Female","Egyptian","1993-03-15","32","Married","Active","Permanent","Full Time","2019-02-11","2019-05-12",,,"6.9","Baladna Q.P.S.C. (Qatar)","Operations","Quality Assurance & Food Safety","Operations","Quality Assurance & Food Safety - Section 1","CC-564","POS-00300","Technician - Quality Assurance & Food Safety","Quality Assurance & Food Safety","G1","Staff","BLD-100409","Vikram Al-Kuwari","Doha Site","Qatar","Doha","Expatriate"
"BLD-100302","EMP000301","Ravi Reyes","Ravi","Male","Jordanian","1973-08-03","50","Single","Terminated","Permanent","Full Time","2011-01-31","2011-05-01","2024-07-27","End of Contract - Not Renewed by Employee","13.5","Baladna Q.P.S.C. (Qatar)","Corporate","Corporate & Executive Office","Corporate","Corporate & Executive Office - Section 3","CC-577","POS-00301","Operator - Corporate & Executive Office","Corporate & Executive Office","G4","Staff","BLD-100725","Rajesh Al-Marri","Doha Site","Qatar","Doha","Expatriate"
"BLD-100303","EMP000302","Rakesh Kapoor","Rakesh","Male","Pakistani","1969-03-16","56","Other","Active","Contract","Full Time","2021-10-19","2022-01-17",,,"4.2","Baladna Q.P.S.C. (Qatar)","Commercial","Marketing","Commercial","Marketing - Section 2","CC-916","POS-00302","Head of Department - Marketing","Marketing","G14","Executive","BLD-100001","Yousef Al-Attiyah","Doha Site","Qatar","Doha","Expatriate"
"BLD-100304","EMP000303","Deepak Abdullah","Deepak","Male","Nepali","1969-11-16","56","Married","Active","Permanent","Full Time","2012-05-13","2012-08-11",,,"13.6","Baladna Q.P.S.C. (Qatar)","Operations","Farm Operations","Operations","Farm Operations - Section 1","CC-662","POS-00303","Coordinator - Farm Operations","Farm Operations","G2","Staff","BLD-101183","Tariq Malik","Al Rayyan Site","Qatar","Al Rayyan","Expatriate"
"BLD-100305","EMP000304","Deepak Al-Marri","Deepak","Male","Filipino","1965-08-12","60","Single","Active","Permanent","Full Time","2017-07-19","2017-10-17",,,"8.5","Baladna Q.P.S.C. (Qatar)","Commercial","Sales & Distribution","Commercial","Sales & Distribution - Section 1","CC-310","POS-00304","Technician - Sales & Distribution","Sales & Distribution","G5","Staff","BLD-100282","Sameer Islam","Al Khor Site","Qatar","Al Khor","Expatriate"
"BLD-100306","EMP000305","Rajesh Mansour","Rajesh","Male","Nepali","1969-11-05","55","Single","Terminated","Permanent","Full Time","2016-09-22","2016-12-21","2025-08-05","End of Contract - Not Renewed by Employee","8.9","Baladna Q.P.S.C. (Qatar)","Corporate","People & Culture","Corporate","People & Culture - Section 3","CC-310","POS-00305","Operator - People & Culture","People & Culture","G4","Staff","BLD-100637","Noor Baig","Doha Site","Qatar","Doha","Expatriate"
"BLD-100307","EMP000306","Arjun Devi","Arjun","Male","Egyptian","1996-02-18","29","Single","Terminated","Permanent","Full Time","2020-10-07","2021-01-05","2025-11-12","Termination - Performance","5.1","Baladna Egypt","Corporate","Finance","Corporate","Finance - Section 2","CC-502","POS-00306","Assistant - Finance","Finance","G3","Staff","BLD-101413","Amina Cruz","Cairo Site","Egypt","Cairo","Local"
"BLD-100308","EMP000307","Rania Mansour","Rania","Female","Filipino","1963-08-25","62","Single","Active","Permanent","Full Time","2013-12-30","2014-03-30",,,"12","Baladna Q.P.S.C. (Qatar)","Corporate","People & Culture","Corporate","People & Culture - Section 2","CC-310","POS-00307","Operator - People & Culture","People & Culture","G2","Staff","BLD-100637","Noor Baig","Doha Site","Qatar","Doha","Expatriate"
"BLD-100309","EMP000308","Omar Baig","Omar","Male","Indian","1981-08-05","43","Married","Terminated","Permanent","Full Time","2013-11-20","2014-02-18","2025-02-09","Resignation - Relocation","11.2","Baladna Q.P.S.C. (Qatar)","Corporate","IT & Digital","Corporate","IT & Digital - Section 3","CC-289","POS-00308","Assistant - IT & Digital","IT & Digital","G3","Staff","BLD-101024","Amina Fernandes","Al Khor Site","Qatar","Al Khor","Expatriate"
"BLD-100310","EMP000309","Mohamed Cruz","Mohamed","Male","Indian","1964-07-17","59","Married","Terminated","Permanent","Full Time","2018-08-23","2018-11-21","2023-11-21","Termination - Performance","5.2","Baladna Q.P.S.C. (Qatar)","Operations","Quality Assurance & Food Safety","Operations","Quality Assurance & Food Safety - Section 3","CC-564","POS-00309","Coordinator - Quality Assurance & Food Safety","Quality Assurance & Food Safety","G4","Staff","BLD-100731","Amina Farouk","Doha Site","Qatar","Doha","Expatriate"
"BLD-100311","EMP000310","Suresh Hassan","Suresh","Male","Egyptian","1982-11-26","43","Single","Active","Permanent","Full Time","2015-06-19","2015-09-17",,,"10.5","Baladna Egypt","Supply Chain","Supply Chain & Logistics","Supply Chain","Supply Chain & Logistics - Section 2","CC-370","POS-00310","Associate - Supply Chain & Logistics","Supply Chain & Logistics","G4","Staff","BLD-100957","Mohamed Mansour","10th of Ramadan City Site","Egypt","10th of Ramadan City","Local"
"BLD-100312","EMP000311","Waleed Abdullah","Waleed","Male","Filipino","1983-09-10","41","Married","Terminated","Permanent","Full Time","2014-05-15","2014-08-13","2025-04-15","End of Contract - Not Renewed by Employee","10.9","Baladna Q.P.S.C. (Qatar)","Operations","Quality Assurance & Food Safety","Operations","Quality Assurance & Food Safety - Section 3","CC-564","POS-00311","Coordinator - Quality Assurance & Food Safety","Quality Assurance & Food Safety","G2","Staff","BLD-100618","Deepak Cruz","Al Khor Site","Qatar","Al Khor","Expatriate"
"BLD-100313","EMP000312","Yasmin Ahmed","Yasmin","Female","Egyptian","1966-01-17","59","Married","Active","Permanent","Full Time","2014-09-15","2014-12-14",,,"11.3","Baladna Q.P.S.C. (Qatar)","Commercial","Sales & Distribution","Commercial","Sales & Distribution - Section 3","CC-310","POS-00312","Associate - Sales & Distribution","Sales & Distribution","G5","Staff","BLD-100282","Sameer Islam","Doha Site","Qatar","Doha","Expatriate"
"BLD-100314","EMP000313","Juan Gurung","Juan","Male","Indian","1970-02-02","55","Single","Terminated","Permanent","Full Time","2014-10-11","2015-01-09","2025-06-27","Resignation - Relocation","10.7","Baladna Q.P.S.C. (Qatar)","Operations","Quality Assurance & Food Safety","Operations","Quality Assurance & Food Safety - Section 3","CC-564","POS-00313","Senior Technician - Quality Assurance & Food Safety","Quality Assurance & Food Safety","G7","Supervisory","BLD-101483","Tariq El-Sayed","Al Khor Site","Qatar","Al Khor","Expatriate"
"BLD-100315","EMP000314","Santosh Mansour","Santosh","Male","Nepali","1973-04-25","49","Married","Terminated","Permanent","Full Time","2021-11-08","2022-02-06","2023-03-31","Resignation - Personal Reasons","1.4","Baladna Q.P.S.C. (Qatar)","Corporate","People & Culture","Corporate","People & Culture - Section 2","CC-310","POS-00314","Assistant - People & Culture","People & Culture","G2","Staff","BLD-100853","Arjun Kapoor","Al Khor Site","Qatar","Al Khor","Expatriate"
"BLD-100316","EMP000315","Layla Al-Kuwari","Layla","Female","Egyptian","1972-08-09","53","Single","Active","Permanent","Full Time","2015-09-12","2015-12-11",,,"10.3","Baladna Egypt","Commercial","Sales & Distribution","Commercial","Sales & Distribution - Section 1","CC-310","POS-00315","Supervisor - Sales & Distribution","Sales & Distribution","G7","Supervisory","BLD-100672","Rakesh Baig","Cairo Site","Egypt","Cairo","Local"
"BLD-100317","EMP000316","Aisha Farouk","Aisha","Female","Sri Lankan","1978-03-07","47","Married","Active","Permanent","Full Time","2012-12-25","2013-03-25",,,"13","Baladna Q.P.S.C. (Qatar)","Corporate","Corporate & Executive Office","Corporate","Corporate & Executive Office - Section 2","CC-577","POS-00316","Senior Technician - Corporate & Executive Office","Corporate & Executive Office","G7","Supervisory","BLD-101143","Noor Abdullah","Doha Site","Qatar","Doha","Expatriate"
"BLD-100318","EMP000317","Grace Fernandes","Grace","Female","Bangladeshi","1985-08-22","37","Single","Terminated","Permanent","Full Time","2016-07-05","2016-10-03","2023-06-08","Termination - Performance","6.9","Baladna Q.P.S.C. (Qatar)","Corporate","Finance","Corporate","Finance - Section 3","CC-502","POS-00317","Senior Officer - Finance","Finance","G6","Supervisory","BLD-100586","Khalid Chowdhury","Al Rayyan Site","Qatar","Al Rayyan","Expatriate"
"BLD-100319","EMP000318","Prakash Sharma","Prakash","Male","Indian","1988-03-05","37","Single","Active","Permanent","Full Time","2016-01-26","2016-04-25",,,"9.9","Baladna Q.P.S.C. (Qatar)","Operations","Engineering & Maintenance","Operations","Engineering & Maintenance - Section 1","CC-178","POS-00318","Specialist - Engineering & Maintenance","Engineering & Maintenance","G8","Supervisory","BLD-100790","Suresh Devi","Al Khor Site","Qatar","Al Khor","Expatriate"
"BLD-100320","EMP000319","Khalid Reyes","Khalid","Male","Egyptian","1993-07-19","32","Married","Active","Permanent","Full Time","2014-08-07","2014-11-05",,,"11.4","Baladna Q.P.S.C. (Qatar)","Corporate","Corporate & Executive Office","Corporate","Corporate & Executive Office - Section 1","CC-577","POS-00319","Team Lead - Corporate & Executive Office","Corporate & Executive Office","G9","Supervisory","BLD-101178","Hari Al-Marri","Doha Site","Qatar","Doha","Expatriate"
"BLD-100321","EMP000320","Tariq Mahmoud","Tariq","Male","Indian","1979-03-13","44","Married","Terminated","Temporary","Full Time","2011-01-03","2011-04-03","2024-02-08","Resignation - Personal Reasons","13.1","Baladna Q.P.S.C. (Qatar)","Corporate","Corporate & Executive Office","Corporate","Corporate & Executive Office - Section 1","CC-577","POS-00320","Associate - Corporate & Executive Office","Corporate & Executive Office","G2","Staff","BLD-100582","Santosh Islam","Doha Site","Qatar","Doha","Expatriate"
"BLD-100322","EMP000321","Krishna Mahmoud","Krishna","Male","Jordanian","1971-12-23","54","Married","Active","Permanent","Full Time","2017-06-23","2017-09-21",,,"8.5","Baladna Q.P.S.C. (Qatar)","Corporate","Finance","Corporate","Finance - Section 1","CC-502","POS-00321","Supervisor - Finance","Finance","G8","Supervisory","BLD-100586","Khalid Chowdhury","Doha Site","Qatar","Doha","Expatriate"
"BLD-100323","EMP000322","Manoj Baig","Manoj","Male","Egyptian","1972-09-23","52","Married","Terminated","Permanent","Full Time","2013-12-20","2014-03-20","2025-06-04","Resignation - Relocation","11.5","Baladna Q.P.S.C. (Qatar)","Corporate","Finance","Corporate","Finance - Section 3","CC-502","POS-00322","Technician - Finance","Finance","G1","Staff","BLD-101485","Deepak Cruz","Al Khor Site","Qatar","Al Khor","Expatriate"
"BLD-100324","EMP000323","Ravi Thapa","Ravi","Male","Egyptian","1982-04-03","42","Married","Terminated","Permanent","Full Time","2021-09-11","2021-12-10","2024-06-06","Termination - Disciplinary","2.7","Baladna Egypt","Operations","Production","Operations","Production - Section 1","CC-956","POS-00323","Associate - Production","Production","G5","Staff","BLD-101185","Anil Mendoza","10th of Ramadan City Site","Egypt","10th of Ramadan City","Local"
"BLD-100325","EMP000324","Anita Santos","Anita","Female","Bangladeshi","1997-11-07","28","Married","Active","Permanent","Full Time","2018-12-09","2019-03-09",,,"7.1","Baladna Q.P.S.C. (Qatar)","Corporate","People & Culture","Corporate","People & Culture - Section 3","CC-310","POS-00324","Officer - People & Culture","People & Culture","G1","Staff","BLD-101419","Cherry Ibrahim","Doha Site","Qatar","Doha","Expatriate"
"BLD-100326","EMP000325","Dalia Abdullah","Dalia","Female","Indian","1979-03-03","46","Single","Active","Permanent","Full Time","2021-10-06","2022-01-04",,,"4.2","Baladna Q.P.S.C. (Qatar)","Operations","R&D","Operations","R&D - Section 2","CC-118","POS-00325","Operator - R&D","R&D","G1","Staff","BLD-101494","Manoj Santos","Al Khor Site","Qatar","Al Khor","Expatriate"
"BLD-100327","EMP000326","Arjun Santos","Arjun","Male","Pakistani","1986-11-09","36","Married","Terminated","Permanent","Full Time","2010-10-13","2011-01-11","2023-09-29","Resignation - Better Opportunity","13","Baladna Q.P.S.C. (Qatar)","Operations","R&D","Operations","R&D - Section 1","CC-118","POS-00326","Supervisor - R&D","R&D","G8","Supervisory","BLD-100490","Sameer Sharma","Al Khor Site","Qatar","Al Khor","Expatriate"
"BLD-100328","EMP000327","Jose Pereira","Jose","Male","Pakistani","1984-01-04","41","Single","Active","Permanent","Full Time","2015-01-25","2015-04-25",,,"10.9","Baladna Q.P.S.C. (Qatar)","Operations","Farm Operations","Operations","Farm Operations - Section 3","CC-662","POS-00327","Associate - Farm Operations","Farm Operations","G1","Staff","BLD-100810","Anil Reyes","Doha Site","Qatar","Doha","Expatriate"
"BLD-100329","EMP000328","Santosh Cruz","Santosh","Male","Filipino","1982-12-07","42","Single","Terminated","Permanent","Full Time","2021-03-13","2021-06-11","2024-12-25","Termination - Performance","3.8","Baladna Q.P.S.C. (Qatar)","Operations","Production","Operations","Production - Section 1","CC-956","POS-00328","Senior Officer - Production","Production","G8","Supervisory","BLD-100137","Mohamed Al-Kuwari","Al Rayyan Site","Qatar","Al Rayyan","Expatriate"
"BLD-100330","EMP000329","Sameer Youssef","Sameer","Male","Sudanese","1985-05-17","38","Single","Terminated","Permanent","Full Time","2013-04-11","2013-07-10","2024-01-14","Resignation - Personal Reasons","10.8","Baladna Q.P.S.C. (Qatar)","Operations","Farm Operations","Operations","Farm Operations - Section 3","CC-662","POS-00329","Technician - Farm Operations","Farm Operations","G4","Staff","BLD-100944","Prakash Kapoor","Doha Site","Qatar","Doha","Expatriate"
"BLD-100331","EMP000330","Ahmed Cruz","Ahmed","Male","Indian","1983-04-11","42","Married","Active","Permanent","Full Time","2017-02-13","2017-05-14",,,"8.9","Baladna Q.P.S.C. (Qatar)","Operations","Farm Operations","Operations","Farm Operations - Section 1","CC-662","POS-00330","Assistant Manager - Farm Operations","Farm Operations","G11","Managerial","BLD-100199","Anil Khan","Doha Site","Qatar","Doha","Expatriate"
"BLD-100332","EMP000331","Arjun Cruz","Arjun","Male","Filipino","1971-02-19","54","Married","Active","Permanent","Full Time","2010-05-10","2010-08-08",,,"15.6","Baladna Q.P.S.C. (Qatar)","Operations","Engineering & Maintenance","Operations","Engineering & Maintenance - Section 3","CC-178","POS-00331","Coordinator - Engineering & Maintenance","Engineering & Maintenance","G5","Staff","BLD-100204","Prakash Gurung","Doha Site","Qatar","Doha","Expatriate"
"BLD-100333","EMP000332","Arjun Baig","Arjun","Male","Pakistani","1965-11-10","60","Single","Active","Permanent","Full Time","2015-01-31","2015-05-01",,,"10.9","Baladna Q.P.S.C. (Qatar)","Supply Chain","Procurement","Supply Chain","Procurement - Section 3","CC-637","POS-00332","Assistant - Procurement","Procurement","G1","Staff","BLD-101443","Huda Al-Sayed","Doha Site","Qatar","Doha","Expatriate"
"BLD-100334","EMP000333","Rina Rai","Rina","Female","Egyptian","1976-09-21","48","Single","Terminated","Temporary","Full Time","2015-03-01","2015-05-30","2024-12-16","Termination - Disciplinary","9.8","Baladna Egypt","Corporate","People & Culture","Corporate","People & Culture - Section 3","CC-310","POS-00333","Team Lead - People & Culture","People & Culture","G7","Supervisory","BLD-100789","Sameer Iqbal","Cairo Site","Egypt","Cairo","Local"
"BLD-100335","EMP000334","Ali Islam","Ali","Male","Bangladeshi","1978-04-27","47","Single","Active","Permanent","Full Time","2018-11-04","2019-02-02",,,"7.2","Baladna Q.P.S.C. (Qatar)","Corporate","IT & Digital","Corporate","IT & Digital - Section 2","CC-289","POS-00334","Team Lead - IT & Digital","IT & Digital","G8","Supervisory","BLD-100159","Manoj Abdullah","Doha Site","Qatar","Doha","Expatriate"
"BLD-100336","EMP000335","Kumar Mahmoud","Kumar","Male","Nepali","1966-04-27","57","Married","Terminated","Permanent","Full Time","2020-09-01","2020-11-30","2023-05-07","Termination - Performance","2.7","Baladna Q.P.S.C. (Qatar)","Operations","Farm Operations","Operations","Farm Operations - Section 3","CC-662","POS-00335","Technician - Farm Operations","Farm Operations","G2","Staff","BLD-100557","Hari Cruz","Al Rayyan Site","Qatar","Al Rayyan","Expatriate"
"BLD-100337","EMP000336","Waleed Kapoor","Waleed","Male","Qatari","1977-04-25","48","Married","Terminated","Permanent","Full Time","2018-07-29","2018-10-27","2025-05-28","Resignation - Personal Reasons","6.8","Baladna Q.P.S.C. (Qatar)","Supply Chain","Procurement","Supply Chain","Procurement - Section 3","CC-637","POS-00336","Officer - Procurement","Procurement","G1","Staff","BLD-100779","Bikram Al-Kuwari","Al Khor Site","Qatar","Al Khor","Local"
"BLD-100338","EMP000337","Sanjay Devi","Sanjay","Male","Egyptian","1964-04-11","61","Married","Active","Permanent","Full Time","2013-07-30","2013-10-28",,,"12.4","Baladna Egypt","Supply Chain","Supply Chain & Logistics","Supply Chain","Supply Chain & Logistics - Section 2","CC-370","POS-00337","Assistant Manager - Supply Chain & Logistics","Supply Chain & Logistics","G10","Managerial","BLD-101292","Noor Al-Sayed","Cairo Site","Egypt","Cairo","Local"
"BLD-100339","EMP000338","Bishnu Reyes","Bishnu","Male","Egyptian","1966-05-18","59","Single","Active","Permanent","Full Time","2014-05-17","2014-08-15",,,"11.6","Baladna Q.P.S.C. (Qatar)","Supply Chain","Procurement","Supply Chain","Procurement - Section 3","CC-637","POS-00338","Technician - Procurement","Procurement","G3","Staff","BLD-100754","Priya Baig","Al Rayyan Site","Qatar","Al Rayyan","Expatriate"
"BLD-100340","EMP000339","Rakesh Fernandes","Rakesh","Male","Sudanese","1984-09-09","41","Married","Active","Permanent","Full Time","2022-03-14","2022-06-12",,,"3.8","Baladna Q.P.S.C. (Qatar)","Supply Chain","Procurement","Supply Chain","Procurement - Section 3","CC-637","POS-00339","Supervisor - Procurement","Procurement","G6","Supervisory","BLD-100441","Sameer Reyes","Doha Site","Qatar","Doha","Expatriate"
"BLD-100341","EMP000340","Anil Cruz","Anil","Male","Indian","1981-06-11","44","Other","Active","Permanent","Full Time","2020-05-07","2020-08-05",,,"5.7","Baladna Q.P.S.C. (Qatar)","Operations","Farm Operations","Operations","Farm Operations - Section 3","CC-662","POS-00340","Manager - Farm Operations","Farm Operations","G11","Managerial","BLD-100824","Kumar Islam","Doha Site","Qatar","Doha","Expatriate"
"BLD-100342","EMP000341","Kumar Mendoza","Kumar","Male","Nepali","1984-05-05","40","Single","Terminated","Permanent","Full Time","2021-07-14","2021-10-12","2025-03-01","Resignation - Personal Reasons","3.6","Baladna Q.P.S.C. (Qatar)","Operations","Farm Operations","Operations","Farm Operations - Section 2","CC-662","POS-00341","Technician - Farm Operations","Farm Operations","G5","Staff","BLD-100944","Prakash Kapoor","Doha Site","Qatar","Doha","Expatriate"
"BLD-100343","EMP000342","Bikram Al-Sayed","Bikram","Male","Egyptian","2002-12-26","23","Married","Active","Contract","Full Time","2022-05-11","2022-08-09",,,"3.6","Baladna Egypt","Corporate","Finance","Corporate","Finance - Section 2","CC-502","POS-00342","Senior Officer - Finance","Finance","G8","Supervisory","BLD-100976","Sunita Sharma","Cairo Site","Egypt","Cairo","Local"
"BLD-100344","EMP000343","Aisha Chowdhury","Aisha","Female","Indian","1966-02-02","59","Married","Active","Permanent","Full Time","2012-06-02","2012-08-31",,,"13.6","Baladna Q.P.S.C. (Qatar)","Corporate","People & Culture","Corporate","People & Culture - Section 2","CC-310","POS-00343","Operator - People & Culture","People & Culture","G2","Staff","BLD-101419","Cherry Ibrahim","Al Khor Site","Qatar","Al Khor","Expatriate"
"BLD-100345","EMP000344","Salma Chowdhury","Salma","Female","Egyptian","1966-08-15","57","Single","Terminated","Permanent","Full Time","2018-04-09","2018-07-08","2023-08-22","Resignation - Relocation","5.4","Baladna Q.P.S.C. (Qatar)","Corporate","People & Culture","Corporate","People & Culture - Section 1","CC-310","POS-00344","Operator - People & Culture","People & Culture","G2","Staff","BLD-101028","Sara Hassan","Doha Site","Qatar","Doha","Expatriate"
"BLD-100346","EMP000345","Ravi Khan","Ravi","Male","Sri Lankan","1980-08-18","42","Married","Terminated","Permanent","Full Time","2013-03-06","2013-06-04","2023-01-23","Resignation - Better Opportunity","9.9","Baladna Q.P.S.C. (Qatar)","Corporate","IT & Digital","Corporate","IT & Digital - Section 2","CC-289","POS-00345","Technician - IT & Digital","IT & Digital","G5","Staff","BLD-100168","Lubna Mansour","Al Khor Site","Qatar","Al Khor","Expatriate"
"BLD-100347","EMP000346","Ahmed Santos","Ahmed","Male","Egyptian","1964-10-24","61","Single","Active","Permanent","Full Time","2015-06-15","2015-09-13",,,"10.5","Baladna Egypt","Corporate","People & Culture","Corporate","People & Culture - Section 1","CC-310","POS-00346","Senior Manager - People & Culture","People & Culture","G10","Managerial","BLD-101292","Noor Al-Sayed","Cairo Site","Egypt","Cairo","Local"
"BLD-100348","EMP000347","Rajesh Rai","Rajesh","Male","Nepali","1974-07-17","48","Married","Terminated","Contract","Full Time","2016-11-20","2017-02-18","2023-02-11","End of Contract - Not Renewed by Employee","6.2","Baladna Q.P.S.C. (Qatar)","Operations","R&D","Operations","R&D - Section 1","CC-118","POS-00347","Coordinator - R&D","R&D","G2","Staff","BLD-101122","Waleed Cruz","Al Rayyan Site","Qatar","Al Rayyan","Expatriate"
"BLD-100349","EMP000348","Khalid Thapa","Khalid","Male","Nepali","1989-06-06","36","Single","Active","Permanent","Full Time","2015-03-21","2015-06-19",,,"10.8","Baladna Q.P.S.C. (Qatar)","Corporate","People & Culture","Corporate","People & Culture - Section 1","CC-310","POS-00348","Assistant Manager - People & Culture","People & Culture","G12","Managerial","BLD-101093","Reem Kapoor","Doha Site","Qatar","Doha","Expatriate"
"BLD-100350","EMP000349","Layla Iqbal","Layla","Female","Jordanian","1963-07-23","61","Married","Terminated","Permanent","Full Time","2011-11-22","2012-02-20","2025-05-07","Termination - Disciplinary","13.5","Baladna Q.P.S.C. (Qatar)","Operations","R&D","Operations","R&D - Section 1","CC-118","POS-00349","Assistant - R&D","R&D","G3","Staff","BLD-101050","Faisal Fernandes","Doha Site","Qatar","Doha","Expatriate"
"BLD-100351","EMP000350","Khalid Gurung","Khalid","Male","Sudanese","1980-11-08","45","Single","Active","Permanent","Full Time","2015-02-17","2015-05-18",,,"10.9","Baladna Q.P.S.C. (Qatar)","Operations","Farm Operations","Operations","Farm Operations - Section 1","CC-662","POS-00350","Team Lead - Farm Operations","Farm Operations","G7","Supervisory","BLD-100270","Deepak Reyes","Doha Site","Qatar","Doha","Expatriate"
"BLD-100352","EMP000351","Bishnu Kapoor","Bishnu","Male","Nepali","1972-03-17","51","Single","Terminated","Permanent","Full Time","2018-05-12","2018-08-10","2023-08-30","Resignation - Relocation","5.3","Baladna Q.P.S.C. (Qatar)","Corporate","People & Culture","Corporate","People & Culture - Section 2","CC-310","POS-00351","Assistant - People & Culture","People & Culture","G2","Staff","BLD-100416","Arjun Islam","Al Rayyan Site","Qatar","Al Rayyan","Expatriate"
"BLD-100353","EMP000352","Suresh Abdullah","Suresh","Male","Pakistani","1967-07-11","58","Single","Active","Permanent","Full Time","2011-10-06","2012-01-04",,,"14.2","Baladna Q.P.S.C. (Qatar)","Operations","Farm Operations","Operations","Farm Operations - Section 2","CC-662","POS-00352","Team Lead - Farm Operations","Farm Operations","G8","Supervisory","BLD-100142","Santosh El-Sayed","Al Rayyan Site","Qatar","Al Rayyan","Expatriate"
"BLD-100354","EMP000353","Jose Fernandes","Jose","Male","Egyptian","1967-11-01","55","Married","Terminated","Permanent","Full Time","2010-10-05","2011-01-03","2023-06-01","Termination - Redundancy","12.7","Baladna Q.P.S.C. (Qatar)","Corporate","Finance","Corporate","Finance - Section 2","CC-502","POS-00353","Specialist - Finance","Finance","G6","Supervisory","BLD-100229","Ravi Malik","Al Khor Site","Qatar","Al Khor","Expatriate"
"BLD-100355","EMP000354","Mohamed Youssef","Mohamed","Male","Nepali","1971-10-08","54","Married","Active","Permanent","Full Time","2015-10-09","2016-01-07",,,"10.2","Baladna Q.P.S.C. (Qatar)","Operations","Farm Operations","Operations","Farm Operations - Section 1","CC-662","POS-00354","Associate - Farm Operations","Farm Operations","G1","Staff","BLD-100222","Tariq Pereira","Al Khor Site","Qatar","Al Khor","Expatriate"
"BLD-100356","EMP000355","Ramesh El-Sayed","Ramesh","Male","Egyptian","1973-10-03","50","Single","Terminated","Permanent","Full Time","2014-09-11","2014-12-10","2024-01-22","Resignation - Personal Reasons","9.4","Baladna Q.P.S.C. (Qatar)","Commercial","Sales & Distribution","Commercial","Sales & Distribution - Section 2","CC-310","POS-00355","Senior Technician - Sales & Distribution","Sales & Distribution","G6","Supervisory","BLD-100205","Hari Chowdhury","Al Khor Site","Qatar","Al Khor","Expatriate"
"BLD-100357","EMP000356","Aisha Hassan","Aisha","Female","Nepali","1986-04-17","39","Single","Active","Permanent","Full Time","2019-05-30","2019-08-28",,,"6.6","Baladna Q.P.S.C. (Qatar)","Commercial","Marketing","Commercial","Marketing - Section 2","CC-916","POS-00356","Senior Officer - Marketing","Marketing","G8","Supervisory","BLD-100538","Anita Gurung","Al Khor Site","Qatar","Al Khor","Expatriate"
"BLD-100358","EMP000357","Sara Sharma","Sara","Female","Indian","1966-09-21","59","Single","Active","Permanent","Full Time","2013-05-29","2013-08-27",,,"12.6","Baladna Q.P.S.C. (Qatar)","Corporate","Finance","Corporate","Finance - Section 2","CC-502","POS-00357","Team Lead - Finance","Finance","G9","Supervisory","BLD-100386","Jose Islam","Doha Site","Qatar","Doha","Expatriate"
"BLD-100359","EMP000358","Manoj Cruz","Manoj","Male","Bangladeshi","1973-08-25","52","Single","Active","Permanent","Full Time","2011-05-23","2011-08-21",,,"14.6","Baladna Q.P.S.C. (Qatar)","Corporate","IT & Digital","Corporate","IT & Digital - Section 1","CC-289","POS-00358","Associate - IT & Digital","IT & Digital","G5","Staff","BLD-100191","Rina Malik","Al Khor Site","Qatar","Al Khor","Expatriate"
"BLD-100360","EMP000359","Suresh Baig","Suresh","Male","Indian","1985-07-03","38","Married","Terminated","Contract","Full Time","2013-03-26","2013-06-24","2024-02-08","Termination - Disciplinary","10.9","Baladna Q.P.S.C. (Qatar)","Corporate","Finance","Corporate","Finance - Section 2","CC-502","POS-00359","Specialist - Finance","Finance","G8","Supervisory","BLD-100229","Ravi Malik","Doha Site","Qatar","Doha","Expatriate"
"BLD-100361","EMP000360","Rakesh Farouk","Rakesh","Male","Egyptian","1971-06-23","54","Single","Active","Permanent","Full Time","2022-01-26","2022-04-26",,,"3.9","Baladna Egypt","Operations","Production","Operations","Production - Section 1","CC-956","POS-00360","Assistant - Production","Production","G4","Staff","BLD-100481","Mohamed Khan","Cairo Site","Egypt","Cairo","Local"
"BLD-100362","EMP000361","Ali Hassan","Ali","Male","Egyptian","1987-01-19","38","Married","Active","Contract","Full Time","2017-08-21","2017-11-19",,,"8.4","Baladna Egypt","Commercial","Sales & Distribution","Commercial","Sales & Distribution - Section 1","CC-310","POS-00361","Specialist - Sales & Distribution","Sales & Distribution","G8","Supervisory","BLD-100672","Rakesh Baig","Alexandria Site","Egypt","Alexandria","Local"
"BLD-100363","EMP000362","Kavita Chowdhury","Kavita","Female","Egyptian","1976-01-25","49","Married","Active","Permanent","Full Time","2019-03-31","2019-06-29",,,"6.8","Baladna Egypt","Operations","Production","Operations","Production - Section 1","CC-956","POS-00362","Team Lead - Production","Production","G6","Supervisory","BLD-101081","Manoj Fernandes","Alexandria Site","Egypt","Alexandria","Local"
"BLD-100364","EMP000363","Hassan El-Sayed","Hassan","Male","Sudanese","1991-10-06","32","Married","Terminated","Permanent","Full Time","2022-09-20","2022-12-19","2024-02-01","Resignation - Better Opportunity","1.4","Baladna Egypt","Commercial","Sales & Distribution","Commercial","Sales & Distribution - Section 2","CC-310","POS-00363","Associate - Sales & Distribution","Sales & Distribution","G3","Staff","BLD-101227","Arjun Fernandes","Alexandria Site","Egypt","Alexandria","Expatriate"
"BLD-100365","EMP000364","Layla Farouk","Layla","Female","Egyptian","1967-10-22","56","Married","Terminated","Permanent","Full Time","2013-04-07","2013-07-06","2024-09-09","Resignation - Relocation","11.4","Baladna Egypt","Corporate","People & Culture","Corporate","People & Culture - Section 3","CC-310","POS-00364","Technician - People & Culture","People & Culture","G3","Staff","BLD-100383","Juan Santos","Cairo Site","Egypt","Cairo","Local"
"BLD-100366","EMP000365","Rakesh El-Sayed","Rakesh","Male","Egyptian","1963-11-27","60","Married","Terminated","Permanent","Full Time","2011-08-26","2011-11-24","2024-10-25","End of Contract - Not Renewed by Employee","13.2","Baladna Egypt","Operations","Production","Operations","Production - Section 1","CC-956","POS-00365","Coordinator - Production","Production","G2","Staff","BLD-100826","Santosh Gurung","Alexandria Site","Egypt","Alexandria","Local"
"BLD-100367","EMP000366","Bishnu Pereira","Bishnu","Male","Nepali","1968-09-16","55","Married","Terminated","Permanent","Full Time","2014-10-14","2015-01-12","2024-05-03","End of Contract - Not Renewed by Employee","9.6","Baladna Q.P.S.C. (Qatar)","Corporate","Finance","Corporate","Finance - Section 1","CC-502","POS-00366","Senior Technician - Finance","Finance","G6","Supervisory","BLD-101309","Sameer Abdullah","Al Khor Site","Qatar","Al Khor","Expatriate"
"BLD-100368","EMP000367","Ramesh Al-Kuwari","Ramesh","Male","Sri Lankan","1984-05-14","40","Married","Terminated","Permanent","Full Time","2014-07-19","2014-10-17","2024-09-11","Resignation - Relocation","10.1","Baladna Q.P.S.C. (Qatar)","Corporate","People & Culture","Corporate","People & Culture - Section 2","CC-310","POS-00367","Officer - People & Culture","People & Culture","G2","Staff","BLD-100625","Hind Mahmoud","Doha Site","Qatar","Doha","Expatriate"
"BLD-100369","EMP000368","Kavita Cruz","Kavita","Female","Egyptian","1993-11-24","32","Married","Active","Permanent","Full Time","2016-01-23","2016-04-22",,,"9.9","Baladna Egypt","Corporate","Finance","Corporate","Finance - Section 2","CC-502","POS-00368","Assistant - Finance","Finance","G5","Staff","BLD-100066","Prakash Ibrahim","Cairo Site","Egypt","Cairo","Local"
"BLD-100370","EMP000369","Ravi Islam","Ravi","Male","Egyptian","1971-11-03","54","Single","Active","Permanent","Full Time","2020-11-02","2021-01-31",,,"5.2","Baladna Egypt","Corporate","Finance","Corporate","Finance - Section 3","CC-502","POS-00369","Senior Officer - Finance","Finance","G8","Supervisory","BLD-100295","Noor Sharma","Alexandria Site","Egypt","Alexandria","Local"
"BLD-100371","EMP000370","Fatima Al-Marri","Fatima","Female","Pakistani","1971-06-20","53","Single","Terminated","Permanent","Full Time","2019-07-16","2019-10-14","2024-06-22","Resignation - Better Opportunity","4.9","Baladna Q.P.S.C. (Qatar)","Corporate","Finance","Corporate","Finance - Section 2","CC-502","POS-00370","Operator - Finance","Finance","G3","Staff","BLD-101474","Rajesh Malik","Al Khor Site","Qatar","Al Khor","Expatriate"
"BLD-100372","EMP000371","Faisal Mansour","Faisal","Male","Indian","1971-12-10","52","Single","Terminated","Permanent","Full Time","2015-10-20","2016-01-18","2024-06-29","Contract Non-Renewal - Company Decision","8.7","Baladna Q.P.S.C. (Qatar)","Corporate","Finance","Corporate","Finance - Section 1","CC-502","POS-00371","Assistant - Finance","Finance","G2","Staff","BLD-101472","Suresh Mahmoud","Al Khor Site","Qatar","Al Khor","Expatriate"
"BLD-100373","EMP000372","Ahmed Chowdhury","Ahmed","Male","Egyptian","1994-03-23","31","Single","Active","Permanent","Full Time","2016-02-27","2016-05-27",,,"9.8","Baladna Egypt","Supply Chain","Supply Chain & Logistics","Supply Chain","Supply Chain & Logistics - Section 2","CC-370","POS-00372","Operator - Supply Chain & Logistics","Supply Chain & Logistics","G5","Staff","BLD-100139","Rajesh Ibrahim","10th of Ramadan City Site","Egypt","10th of Ramadan City","Local"
"BLD-100374","EMP000373","Tariq Santos","Tariq","Male","Indian","1976-08-18","48","Married","Terminated","Contract","Full Time","2015-05-13","2015-08-11","2024-10-19","End of Contract - Not Renewed by Employee","9.4","Baladna Q.P.S.C. (Qatar)","Operations","Engineering & Maintenance","Operations","Engineering & Maintenance - Section 1","CC-178","POS-00373","Officer - Engineering & Maintenance","Engineering & Maintenance","G2","Staff","BLD-100621","Anil Mahmoud","Al Rayyan Site","Qatar","Al Rayyan","Expatriate"
"BLD-100375","EMP000374","Manoj Fernandes","Manoj","Male","Bangladeshi","1987-11-09","38","Single","Active","Permanent","Full Time","2015-08-08","2015-11-06",,,"10.4","Baladna Q.P.S.C. (Qatar)","Commercial","Marketing","Commercial","Marketing - Section 3","CC-916","POS-00374","Chief Officer - Marketing","Marketing","G13","Executive","BLD-100001","Yousef Al-Attiyah","Al Khor Site","Qatar","Al Khor","Expatriate"
"BLD-100376","EMP000375","Prakash Hassan","Prakash","Male","Sri Lankan","1981-09-15","42","Married","Terminated","Permanent","Full Time","2019-11-06","2020-02-04","2024-05-14","Resignation - Better Opportunity","4.5","Baladna Q.P.S.C. (Qatar)","Corporate","IT & Digital","Corporate","IT & Digital - Section 3","CC-289","POS-00375","Assistant - IT & Digital","IT & Digital","G2","Staff","BLD-100168","Lubna Mansour","Doha Site","Qatar","Doha","Expatriate"
"BLD-100377","EMP000376","Ravi Gurung","Ravi","Male","Qatari","1985-12-19","40","Single","Active","Permanent","Full Time","2015-10-19","2016-01-17",,,"10.2","Baladna Q.P.S.C. (Qatar)","Commercial","Sales & Distribution","Commercial","Sales & Distribution - Section 1","CC-310","POS-00376","Technician - Sales & Distribution","Sales & Distribution","G5","Staff","BLD-101064","Nadia Baig","Doha Site","Qatar","Doha","Local"
"BLD-100378","EMP000377","Rajesh Gurung","Rajesh","Male","Egyptian","1993-08-25","31","Married","Terminated","Contract","Full Time","2013-05-10","2013-08-08","2025-07-02","Resignation - Relocation","12.1","Baladna Egypt","Supply Chain","Supply Chain & Logistics","Supply Chain","Supply Chain & Logistics - Section 3","CC-370","POS-00377","Associate - Supply Chain & Logistics","Supply Chain & Logistics","G3","Staff","BLD-101416","Ahmed Abdullah","Alexandria Site","Egypt","Alexandria","Local"
"BLD-100379","EMP000378","Kavita El-Sayed","Kavita","Female","Jordanian","1976-12-23","46","Married","Terminated","Permanent","Full Time","2016-08-06","2016-11-04","2023-08-06","Resignation - Relocation","7","Baladna Q.P.S.C. (Qatar)","Commercial","Marketing","Commercial","Marketing - Section 1","CC-916","POS-00378","Assistant - Marketing","Marketing","G3","Staff","BLD-100692","Ahmed Kapoor","Al Rayyan Site","Qatar","Al Rayyan","Expatriate"
"BLD-100380","EMP000379","Dalia Mendoza","Dalia","Female","Sri Lankan","1968-01-05","57","Single","Active","Permanent","Full Time","2020-12-02","2021-03-02",,,"5.1","Baladna Q.P.S.C. (Qatar)","Commercial","Marketing","Commercial","Marketing - Section 2","CC-916","POS-00379","Senior Technician - Marketing","Marketing","G8","Supervisory","BLD-101126","Anil Kapoor","Al Khor Site","Qatar","Al Khor","Expatriate"
"BLD-100381","EMP000380","Noor Mendoza","Noor","Female","Egyptian","1986-07-25","36","Single","Terminated","Permanent","Full Time","2010-04-12","2010-07-11","2023-04-11","Termination - Performance","13","Baladna Egypt","Corporate","People & Culture","Corporate","People & Culture - Section 3","CC-310","POS-00380","Technician - People & Culture","People & Culture","G1","Staff","BLD-100592","Yasmin Cruz","Alexandria Site","Egypt","Alexandria","Local"
"BLD-100382","EMP000381","Vikram Mansour","Vikram","Male","Nepali","1968-12-22","57","Married","Active","Permanent","Full Time","2016-11-16","2017-02-14",,,"9.1","Baladna Q.P.S.C. (Qatar)","Operations","R&D","Operations","R&D - Section 1","CC-118","POS-00381","Assistant - R&D","R&D","G1","Staff","BLD-100327","Arjun Santos","Doha Site","Qatar","Doha","Expatriate"
"BLD-100383","EMP000382","Juan Santos","Juan","Male","Egyptian","1967-02-24","58","Married","Active","Permanent","Full Time","2015-10-23","2016-01-21",,,"10.2","Baladna Egypt","Corporate","People & Culture","Corporate","People & Culture - Section 2","CC-310","POS-00382","Supervisor - People & Culture","People & Culture","G6","Supervisory","BLD-100651","Sunita Youssef","Cairo Site","Egypt","Cairo","Local"
"BLD-100384","EMP000383","Ahmed Rai","Ahmed","Male","Jordanian","1989-10-04","34","Married","Terminated","Permanent","Full Time","2012-08-20","2012-11-18","2024-07-10","Resignation - Better Opportunity","11.9","Baladna Q.P.S.C. (Qatar)","Operations","Quality Assurance & Food Safety","Operations","Quality Assurance & Food Safety - Section 2","CC-564","POS-00383","Assistant - Quality Assurance & Food Safety","Quality Assurance & Food Safety","G1","Staff","BLD-101079","Sanjay Devi","Doha Site","Qatar","Doha","Expatriate"
"BLD-100385","EMP000384","Manoj Pereira","Manoj","Male","Indian","1999-01-04","25","Married","Terminated","Permanent","Part Time","2021-09-11","2021-12-10","2024-01-21","Resignation - Relocation","2.4","Baladna Q.P.S.C. (Qatar)","Corporate","People & Culture","Corporate","People & Culture - Section 1","CC-310","POS-00384","Supervisor - People & Culture","People & Culture","G8","Supervisory","BLD-100657","Waleed Mendoza","Doha Site","Qatar","Doha","Expatriate"
"BLD-100386","EMP000385","Jose Islam","Jose","Male","Bangladeshi","1995-02-02","30","Married","Active","Permanent","Full Time","2015-12-06","2016-03-05",,,"10.1","Baladna Q.P.S.C. (Qatar)","Corporate","Finance","Corporate","Finance - Section 1","CC-502","POS-00385","Manager - Finance","Finance","G12","Managerial","BLD-101297","Krishna Kapoor","Al Khor Site","Qatar","Al Khor","Expatriate"
"BLD-100387","EMP000386","Suresh Sharma","Suresh","Male","Qatari","1969-03-10","54","Single","Terminated","Permanent","Full Time","2013-01-13","2013-04-13","2023-12-13","Resignation - Relocation","10.9","Baladna Q.P.S.C. (Qatar)","Corporate","People & Culture","Corporate","People & Culture - Section 1","CC-310","POS-00386","Operator - People & Culture","People & Culture","G3","Staff","BLD-100896","Hind Youssef","Al Khor Site","Qatar","Al Khor","Local"
"BLD-100388","EMP000387","Waleed Rai","Waleed","Male","Nepali","1968-03-05","57","Single","Active","Permanent","Full Time","2018-07-06","2018-10-04",,,"7.5","Baladna Q.P.S.C. (Qatar)","Corporate","People & Culture","Corporate","People & Culture - Section 2","CC-310","POS-00387","Manager - People & Culture","People & Culture","G12","Managerial","BLD-101093","Reem Kapoor","Doha Site","Qatar","Doha","Expatriate"
"BLD-100389","EMP000388","Lubna Chowdhury","Lubna","Female","Sri Lankan","1983-11-12","39","Single","Terminated","Permanent","Full Time","2012-11-25","2013-02-23","2023-04-21","End of Contract - Not Renewed by Employee","10.4","Baladna Q.P.S.C. (Qatar)","Corporate","IT & Digital","Corporate","IT & Digital - Section 2","CC-289","POS-00388","Operator - IT & Digital","IT & Digital","G3","Staff","BLD-100134","Arjun Mendoza","Al Khor Site","Qatar","Al Khor","Expatriate"
"BLD-100390","EMP000389","Krishna Al-Kuwari","Krishna","Male","Pakistani","1991-09-18","34","Married","Active","Permanent","Full Time","2011-01-08","2011-04-08",,,"15","Baladna Q.P.S.C. (Qatar)","Supply Chain","Supply Chain & Logistics","Supply Chain","Supply Chain & Logistics - Section 2","CC-370","POS-00389","Associate - Supply Chain & Logistics","Supply Chain & Logistics","G4","Staff","BLD-100509","Rina Hassan","Al Khor Site","Qatar","Al Khor","Expatriate"
"BLD-100391","EMP000390","Rowena Pereira","Rowena","Female","Filipino","1992-02-20","33","Married","Active","Permanent","Full Time","2018-03-06","2018-06-04",,,"7.8","Baladna Q.P.S.C. (Qatar)","Corporate","Corporate & Executive Office","Corporate","Corporate & Executive Office - Section 1","CC-577","POS-00390","Specialist - Corporate & Executive Office","Corporate & Executive Office","G7","Supervisory","BLD-100908","Rania Kapoor","Doha Site","Qatar","Doha","Expatriate"
"BLD-100392","EMP000391","Hari Islam","Hari","Male","Sri Lankan","1994-07-12","31","Married","Active","Permanent","Full Time","2015-12-04","2016-03-03",,,"10.1","Baladna Q.P.S.C. (Qatar)","Commercial","Marketing","Commercial","Marketing - Section 3","CC-916","POS-00391","Technician - Marketing","Marketing","G4","Staff","BLD-100602","Layla Chowdhury","Doha Site","Qatar","Doha","Expatriate"
"BLD-100393","EMP000392","Ahmed Reyes","Ahmed","Male","Egyptian","1997-08-15","26","Married","Terminated","Permanent","Full Time","2022-05-10","2022-08-08","2024-04-10","Resignation - Relocation","1.9","Baladna Egypt","Supply Chain","Supply Chain & Logistics","Supply Chain","Supply Chain & Logistics - Section 2","CC-370","POS-00392","Assistant - Supply Chain & Logistics","Supply Chain & Logistics","G2","Staff","BLD-101410","Anil Fernandes","10th of Ramadan City Site","Egypt","10th of Ramadan City","Local"
"BLD-100394","EMP000393","Hari Abdullah","Hari","Male","Filipino","1961-10-23","64","Married","Active","Permanent","Full Time","2014-06-09","2014-09-07",,,"11.6","Baladna Q.P.S.C. (Qatar)","Operations","Production","Operations","Production - Section 3","CC-956","POS-00393","Assistant Manager - Production","Production","G10","Managerial","BLD-100700","Prakash Mendoza","Doha Site","Qatar","Doha","Expatriate"
"BLD-100395","EMP000394","Mohamed Thapa","Mohamed","Male","Indian","1961-05-17","64","Married","Active","Contract","Full Time","2014-08-07","2014-11-05",,,"11.4","Baladna Q.P.S.C. (Qatar)","Commercial","Sales & Distribution","Commercial","Sales & Distribution - Section 3","CC-310","POS-00394","Manager - Sales & Distribution","Sales & Distribution","G11","Managerial","BLD-100763","Mohamed Rai","Al Khor Site","Qatar","Al Khor","Expatriate"
"BLD-100396","EMP000395","Nadia Hassan","Nadia","Female","Indian","1975-09-20","47","Married","Terminated","Permanent","Full Time","2010-03-07","2010-06-05","2023-06-15","End of Contract - Not Renewed by Employee","13.3","Baladna Q.P.S.C. (Qatar)","Corporate","People & Culture","Corporate","People & Culture - Section 1","CC-310","POS-00395","Technician - People & Culture","People & Culture","G1","Staff","BLD-100068","Bishnu Kapoor","Doha Site","Qatar","Doha","Expatriate"
"BLD-100397","EMP000396","Ahmed Rai","Ahmed","Male","Pakistani","1973-06-02","50","Married","Terminated","Permanent","Full Time","2019-12-08","2020-03-07","2023-12-30","End of Contract - Not Renewed by Employee","4.1","Baladna Q.P.S.C. (Qatar)","Supply Chain","Procurement","Supply Chain","Procurement - Section 2","CC-637","POS-00396","Senior Technician - Procurement","Procurement","G7","Supervisory","BLD-100916","Sunita Baig","Doha Site","Qatar","Doha","Expatriate"
"BLD-100398","EMP000397","Rania Islam","Rania","Female","Pakistani","1978-02-04","47","Married","Active","Permanent","Full Time","2020-01-26","2020-04-25",,,"5.9","Baladna Q.P.S.C. (Qatar)","Corporate","Corporate & Executive Office","Corporate","Corporate & Executive Office - Section 3","CC-577","POS-00397","Senior Manager - Corporate & Executive Office","Corporate & Executive Office","G10","Managerial","BLD-100861","Pooja Chowdhury","Al Khor Site","Qatar","Al Khor","Expatriate"
"BLD-100399","EMP000398","Sanjay Hassan","Sanjay","Male","Pakistani","1972-11-05","53","Married","Active","Contract","Full Time","2016-02-10","2016-05-10",,,"9.9","Baladna Q.P.S.C. (Qatar)","Supply Chain","Supply Chain & Logistics","Supply Chain","Supply Chain & Logistics - Section 3","CC-370","POS-00398","Technician - Supply Chain & Logistics","Supply Chain & Logistics","G3","Staff","BLD-100042","Ahmed Iqbal","Doha Site","Qatar","Doha","Expatriate"
"BLD-100400","EMP000399","Mona Devi","Mona","Female","Nepali","1978-03-23","47","Married","Active","Permanent","Full Time","2011-07-14","2011-10-12",,,"14.5","Baladna Q.P.S.C. (Qatar)","Commercial","Marketing","Commercial","Marketing - Section 2","CC-916","POS-00399","Associate - Marketing","Marketing","G1","Staff","BLD-100056","Nadia Mendoza","Doha Site","Qatar","Doha","Expatriate"
"BLD-100401","EMP000400","Kumar Malik","Kumar","Male","Nepali","1966-12-25","59","Married","Active","Permanent","Full Time","2016-10-09","2017-01-07",,,"9.2","Baladna Q.P.S.C. (Qatar)","Operations","R&D","Operations","R&D - Section 2","CC-118","POS-00400","Team Lead - R&D","R&D","G7","Supervisory","BLD-101009","Deepak Al-Kuwari","Doha Site","Qatar","Doha","Expatriate"
"BLD-100402","EMP000401","Santosh Abdullah","Santosh","Male","Egyptian","1981-04-12","44","Married","Terminated","Permanent","Full Time","2013-04-30","2013-07-29","2025-12-11","Contract Non-Renewal - Company Decision","12.6","Baladna Egypt","Corporate","People & Culture","Corporate","People & Culture - Section 2","CC-310","POS-00401","Technician - People & Culture","People & Culture","G2","Staff","BLD-100947","Manoj Fernandes","Alexandria Site","Egypt","Alexandria","Local"
"BLD-100403","EMP000402","Khalid Ibrahim","Khalid","Male","Bangladeshi","1973-11-08","52","Single","Active","Permanent","Full Time","2017-03-30","2017-06-28",,,"8.8","Baladna Q.P.S.C. (Qatar)","Supply Chain","Supply Chain & Logistics","Supply Chain","Supply Chain & Logistics - Section 3","CC-370","POS-00402","Assistant Manager - Supply Chain & Logistics","Supply Chain & Logistics","G12","Managerial","BLD-100766","Priya Farouk","Al Khor Site","Qatar","Al Khor","Expatriate"
"BLD-100404","EMP000403","Bishnu Islam","Bishnu","Male","Bangladeshi","1985-03-12","40","Married","Active","Permanent","Full Time","2018-02-06","2018-05-07",,,"7.9","Baladna Q.P.S.C. (Qatar)","Corporate","People & Culture","Corporate","People & Culture - Section 2","CC-310","POS-00403","Operator - People & Culture","People & Culture","G1","Staff","BLD-100166","Rakesh Reyes","Doha Site","Qatar","Doha","Expatriate"
"BLD-100405","EMP000404","Manoj Gurung","Manoj","Male","Indian","1994-02-20","29","Other","Terminated","Permanent","Full Time","2020-10-10","2021-01-08","2023-06-03","Resignation - Better Opportunity","2.6","Baladna Q.P.S.C. (Qatar)","Corporate","Finance","Corporate","Finance - Section 2","CC-502","POS-00404","Assistant - Finance","Finance","G5","Staff","BLD-100543","Mohamed Islam","Doha Site","Qatar","Doha","Expatriate"
"BLD-100406","EMP000405","Tariq Pereira","Tariq","Male","Filipino","1992-05-17","31","Married","Terminated","Permanent","Full Time","2016-07-15","2016-10-13","2023-07-12","Resignation - Better Opportunity","7","Baladna Q.P.S.C. (Qatar)","Corporate","Corporate & Executive Office","Corporate","Corporate & Executive Office - Section 1","CC-577","POS-00405","Manager - Corporate & Executive Office","Corporate & Executive Office","G10","Managerial","BLD-100861","Pooja Chowdhury","Doha Site","Qatar","Doha","Expatriate"
"BLD-100407","EMP000406","Rowena Fernandes","Rowena","Female","Indian","1983-02-14","42","Single","Active","Contract","Full Time","2016-10-22","2017-01-20",,,"9.2","Baladna Q.P.S.C. (Qatar)","Corporate","Corporate & Executive Office","Corporate","Corporate & Executive Office - Section 3","CC-577","POS-00406","Specialist - Corporate & Executive Office","Corporate & Executive Office","G6","Supervisory","BLD-101136","Deepak Mahmoud","Doha Site","Qatar","Doha","Expatriate"
"BLD-100408","EMP000407","Suresh Reyes","Suresh","Male","Filipino","1990-04-25","35","Single","Active","Permanent","Full Time","2011-11-23","2012-02-21",,,"14.1","Baladna Q.P.S.C. (Qatar)","Operations","Quality Assurance & Food Safety","Operations","Quality Assurance & Food Safety - Section 1","CC-564","POS-00407","Team Lead - Quality Assurance & Food Safety","Quality Assurance & Food Safety","G8","Supervisory","BLD-101369","Anil Gurung","Al Khor Site","Qatar","Al Khor","Expatriate"
"BLD-100409","EMP000408","Vikram Al-Kuwari","Vikram","Male","Indian","1985-11-20","40","Other","Active","Contract","Full Time","2013-09-02","2013-12-01",,,"12.3","Baladna Q.P.S.C. (Qatar)","Operations","Quality Assurance & Food Safety","Operations","Quality Assurance & Food Safety - Section 1","CC-564","POS-00408","Team Lead - Quality Assurance & Food Safety","Quality Assurance & Food Safety","G9","Supervisory","BLD-100744","Vikram Hassan","Al Khor Site","Qatar","Al Khor","Expatriate"
"BLD-100410","EMP000409","Rakesh Youssef","Rakesh","Male","Egyptian","1968-11-22","55","Other","Terminated","Contract","Full Time","2022-08-30","2022-11-28","2024-09-25","Termination - Redundancy","2.1","Baladna Egypt","Operations","Production","Operations","Production - Section 2","CC-956","POS-00409","Supervisor - Production","Production","G8","Supervisory","BLD-100559","Sameer Reyes","Cairo Site","Egypt","Cairo","Local"
"BLD-100411","EMP000410","Bikram Rai","Bikram","Male","Egyptian","1981-03-16","44","Married","Terminated","Permanent","Full Time","2014-04-14","2014-07-13","2025-11-25","End of Contract - Not Renewed by Employee","11.6","Baladna Egypt","Supply Chain","Supply Chain & Logistics","Supply Chain","Supply Chain & Logistics - Section 2","CC-370","POS-00410","Coordinator - Supply Chain & Logistics","Supply Chain & Logistics","G4","Staff","BLD-101086","Nadia El-Sayed","10th of Ramadan City Site","Egypt","10th of Ramadan City","Local"
"BLD-100412","EMP000411","Ahmed Abdullah","Ahmed","Male","Egyptian","1969-09-25","54","Single","Terminated","Permanent","Full Time","2011-06-06","2011-09-04","2024-08-26","Resignation - Better Opportunity","13.2","Baladna Egypt","Supply Chain","Supply Chain & Logistics","Supply Chain","Supply Chain & Logistics - Section 1","CC-370","POS-00411","Technician - Supply Chain & Logistics","Supply Chain & Logistics","G1","Staff","BLD-101239","Prakash Gurung","Cairo Site","Egypt","Cairo","Local"
"BLD-100413","EMP000412","Ahmed Ibrahim","Ahmed","Male","Indian","1966-10-02","59","Married","Active","Permanent","Full Time","2010-01-07","2010-04-07",,,"16","Baladna Q.P.S.C. (Qatar)","Operations","Engineering & Maintenance","Operations","Engineering & Maintenance - Section 3","CC-178","POS-00412","Head of Department - Engineering & Maintenance","Engineering & Maintenance","G13","Executive","BLD-100001","Yousef Al-Attiyah","Doha Site","Qatar","Doha","Expatriate"
"BLD-100414","EMP000413","Aisha Ahmed","Aisha","Female","Egyptian","1999-09-26","23","Married","Terminated","Permanent","Full Time","2020-05-23","2020-08-21","2023-04-13","Resignation - Better Opportunity","2.9","Baladna Egypt","Commercial","Sales & Distribution","Commercial","Sales & Distribution - Section 2","CC-310","POS-00413","Technician - Sales & Distribution","Sales & Distribution","G1","Staff","BLD-101388","Kavita Gurung","10th of Ramadan City Site","Egypt","10th of Ramadan City","Local"
"BLD-100415","EMP000414","Santosh Malik","Santosh","Male","Filipino","1958-08-12","67","Married","Active","Permanent","Full Time","2011-11-15","2012-02-13",,,"14.1","Baladna Q.P.S.C. (Qatar)","Corporate","Finance","Corporate","Finance - Section 2","CC-502","POS-00414","Operator - Finance","Finance","G1","Staff","BLD-101485","Deepak Cruz","Doha Site","Qatar","Doha","Expatriate"
"BLD-100416","EMP000415","Arjun Islam","Arjun","Male","Egyptian","1991-12-10","33","Married","Terminated","Permanent","Full Time","2011-04-21","2011-07-20","2025-10-27","Contract Non-Renewal - Company Decision","14.5","Baladna Q.P.S.C. (Qatar)","Corporate","People & Culture","Corporate","People & Culture - Section 1","CC-310","POS-00415","Specialist - People & Culture","People & Culture","G8","Supervisory","BLD-100545","Ravi Santos","Doha Site","Qatar","Doha","Expatriate"
"BLD-100417","EMP000416","Kavita Mansour","Kavita","Female","Sri Lankan","1988-11-08","35","Single","Terminated","Permanent","Full Time","2016-03-17","2016-06-15","2023-12-31","Resignation - Personal Reasons","7.8","Baladna Q.P.S.C. (Qatar)","Corporate","IT & Digital","Corporate","IT & Digital - Section 3","CC-289","POS-00416","Coordinator - IT & Digital","IT & Digital","G3","Staff","BLD-100628","Rowena Ibrahim","Doha Site","Qatar","Doha","Expatriate"
"BLD-100418","EMP000417","Arjun Santos","Arjun","Male","Egyptian","1987-07-05","38","Other","Active","Permanent","Full Time","2021-10-03","2022-01-01",,,"4.2","Baladna Egypt","Operations","Production","Operations","Production - Section 2","CC-956","POS-00417","Senior Officer - Production","Production","G7","Supervisory","BLD-100613","Hassan Pereira","Cairo Site","Egypt","Cairo","Local"
"BLD-100419","EMP000418","Ahmed Malik","Ahmed","Male","Qatari","1972-05-06","53","Married","Active","Permanent","Full Time","2012-06-14","2012-09-12",,,"13.5","Baladna Q.P.S.C. (Qatar)","Operations","Engineering & Maintenance","Operations","Engineering & Maintenance - Section 1","CC-178","POS-00418","Team Lead - Engineering & Maintenance","Engineering & Maintenance","G6","Supervisory","BLD-100494","Ravi Youssef","Doha Site","Qatar","Doha","Local"
"BLD-100420","EMP000419","Sameer Cruz","Sameer","Male","Nepali","1970-05-20","55","Single","Active","Permanent","Full Time","2016-07-06","2016-10-04",,,"9.5","Baladna Q.P.S.C. (Qatar)","Operations","Production","Operations","Production - Section 2","CC-956","POS-00419","Senior Technician - Production","Production","G9","Supervisory","BLD-100225","Omar Malik","Al Khor Site","Qatar","Al Khor","Expatriate"
"BLD-100421","EMP000420","Huda Ahmed","Huda","Female","Nepali","1963-04-12","62","Single","Active","Contract","Full Time","2010-02-24","2010-05-25",,,"15.8","Baladna Q.P.S.C. (Qatar)","Commercial","Marketing","Commercial","Marketing - Section 3","CC-916","POS-00420","Senior Manager - Marketing","Marketing","G12","Managerial","BLD-100303","Rakesh Kapoor","Doha Site","Qatar","Doha","Expatriate"
"BLD-100422","EMP000421","Faisal Youssef","Faisal","Male","Nepali","1968-09-02","57","Married","Active","Contract","Full Time","2010-08-14","2010-11-12",,,"15.4","Baladna Q.P.S.C. (Qatar)","Commercial","Marketing","Commercial","Marketing - Section 2","CC-916","POS-00421","Operator - Marketing","Marketing","G5","Staff","BLD-100679","Amina Mansour","Al Khor Site","Qatar","Al Khor","Expatriate"
"BLD-100423","EMP000422","Anita Youssef","Anita","Female","Sudanese","1979-08-13","46","Single","Active","Contract","Full Time","2015-03-10","2015-06-08",,,"10.8","Baladna Egypt","Supply Chain","Supply Chain & Logistics","Supply Chain","Supply Chain & Logistics - Section 1","CC-370","POS-00422","Technician - Supply Chain & Logistics","Supply Chain & Logistics","G5","Staff","BLD-100982","Waleed Mendoza","Cairo Site","Egypt","Cairo","Expatriate"
"BLD-100424","EMP000423","Joy Youssef","Joy","Female","Egyptian","1965-06-12","57","Married","Terminated","Permanent","Full Time","2016-06-06","2016-09-04","2023-03-02","Contract Non-Renewal - Company Decision","6.7","Baladna Q.P.S.C. (Qatar)","Corporate","IT & Digital","Corporate","IT & Digital - Section 1","CC-289","POS-00423","Officer - IT & Digital","IT & Digital","G1","Staff","BLD-101087","Mariam Rai","Doha Site","Qatar","Doha","Expatriate"
"BLD-100425","EMP000424","Rajesh Iqbal","Rajesh","Male","Bangladeshi","1981-01-11","43","Married","Terminated","Permanent","Full Time","2014-09-21","2014-12-20","2024-04-01","Resignation - Personal Reasons","9.5","Baladna Q.P.S.C. (Qatar)","Supply Chain","Supply Chain & Logistics","Supply Chain","Supply Chain & Logistics - Section 2","CC-370","POS-00424","Operator - Supply Chain & Logistics","Supply Chain & Logistics","G4","Staff","BLD-100509","Rina Hassan","Al Khor Site","Qatar","Al Khor","Expatriate"
"BLD-100426","EMP000425","Bikram Al-Sayed","Bikram","Male","Sri Lankan","1962-08-06","62","Single","Terminated","Permanent","Full Time","2014-04-11","2014-07-10","2024-10-17","Resignation - Personal Reasons","10.5","Baladna Q.P.S.C. (Qatar)","Supply Chain","Procurement","Supply Chain","Procurement - Section 2","CC-637","POS-00425","Assistant Manager - Procurement","Procurement","G12","Managerial","BLD-100884","Manoj Iqbal","Al Khor Site","Qatar","Al Khor","Expatriate"
"BLD-100427","EMP000426","Deepak Devi","Deepak","Male","Qatari","1963-06-12","61","Single","Terminated","Permanent","Full Time","2014-12-21","2015-03-21","2025-04-08","Termination - Disciplinary","10.3","Baladna Q.P.S.C. (Qatar)","Supply Chain","Procurement","Supply Chain","Procurement - Section 3","CC-637","POS-00426","Specialist - Procurement","Procurement","G8","Supervisory","BLD-101219","Santosh Mansour","Al Khor Site","Qatar","Al Khor","Local"
"BLD-100428","EMP000427","Mohamed Al-Kuwari","Mohamed","Male","Filipino","1991-07-25","34","Other","Active","Permanent","Full Time","2014-05-07","2014-08-05",,,"11.7","Baladna Q.P.S.C. (Qatar)","Supply Chain","Supply Chain & Logistics","Supply Chain","Supply Chain & Logistics - Section 2","CC-370","POS-00427","Technician - Supply Chain & Logistics","Supply Chain & Logistics","G3","Staff","BLD-100261","Yasmin Devi","Al Khor Site","Qatar","Al Khor","Expatriate"
"BLD-100429","EMP000428","Kumar Khan","Kumar","Male","Indian","1978-08-20","47","Married","Active","Contract","Full Time","2013-07-17","2013-10-15",,,"12.5","Baladna Q.P.S.C. (Qatar)","Operations","Farm Operations","Operations","Farm Operations - Section 2","CC-662","POS-00428","Operator - Farm Operations","Farm Operations","G5","Staff","BLD-100782","Khalid Santos","Al Khor Site","Qatar","Al Khor","Expatriate"
"BLD-100430","EMP000429","Ali Fernandes","Ali","Male","Egyptian","1990-06-23","35","Married","Active","Permanent","Full Time","2020-03-24","2020-06-22",,,"5.8","Baladna Egypt","Supply Chain","Supply Chain & Logistics","Supply Chain","Supply Chain & Logistics - Section 3","CC-370","POS-00429","Technician - Supply Chain & Logistics","Supply Chain & Logistics","G4","Staff","BLD-100729","Manoj Fernandes","Cairo Site","Egypt","Cairo","Local"
"BLD-100431","EMP000430","Ramesh Devi","Ramesh","Male","Filipino","1994-02-04","30","Other","Terminated","Permanent","Full Time","2020-08-13","2020-11-11","2024-10-08","Resignation - Relocation","4.2","Baladna Q.P.S.C. (Qatar)","Operations","Production","Operations","Production - Section 1","CC-956","POS-00430","Senior Technician - Production","Production","G6","Supervisory","BLD-100182","Juan Hassan","Doha Site","Qatar","Doha","Expatriate"
"BLD-100432","EMP000431","Shobha Islam","Shobha","Female","Filipino","1985-05-25","40","Single","Active","Permanent","Part Time","2014-07-10","2014-10-08",,,"11.5","Baladna Q.P.S.C. (Qatar)","Operations","R&D","Operations","R&D - Section 1","CC-118","POS-00431","Operator - R&D","R&D","G2","Staff","BLD-101212","Layla Chowdhury","Al Khor Site","Qatar","Al Khor","Expatriate"
"BLD-100433","EMP000432","Tariq Al-Marri","Tariq","Male","Indian","1960-05-27","62","Married","Terminated","Permanent","Full Time","2013-07-18","2013-10-16","2023-01-10","Resignation - Personal Reasons","9.5","Baladna Q.P.S.C. (Qatar)","Operations","Engineering & Maintenance","Operations","Engineering & Maintenance - Section 1","CC-178","POS-00432","Officer - Engineering & Maintenance","Engineering & Maintenance","G2","Staff","BLD-100005","Ravi Mansour","Doha Site","Qatar","Doha","Expatriate"
"BLD-100434","EMP000433","Deepak Malik","Deepak","Male","Jordanian","1985-05-08","40","Single","Active","Permanent","Full Time","2015-02-15","2015-05-16",,,"10.9","Baladna Q.P.S.C. (Qatar)","Operations","Quality Assurance & Food Safety","Operations","Quality Assurance & Food Safety - Section 1","CC-564","POS-00433","Assistant - Quality Assurance & Food Safety","Quality Assurance & Food Safety","G3","Staff","BLD-101163","Ali Santos","Doha Site","Qatar","Doha","Expatriate"
"BLD-100435","EMP000434","Omar Islam","Omar","Male","Nepali","1996-11-18","29","Married","Active","Permanent","Full Time","2018-04-18","2018-07-17",,,"7.7","Baladna Q.P.S.C. (Qatar)","Commercial","Sales & Distribution","Commercial","Sales & Distribution - Section 2","CC-310","POS-00434","Coordinator - Sales & Distribution","Sales & Distribution","G1","Staff","BLD-100176","Juan Baig","Doha Site","Qatar","Doha","Expatriate"
"BLD-100436","EMP000435","Suresh Sharma","Suresh","Male","Indian","1968-12-16","57","Married","Active","Contract","Full Time","2017-02-22","2017-05-23",,,"8.9","Baladna Q.P.S.C. (Qatar)","Corporate","People & Culture","Corporate","People & Culture - Section 1","CC-310","POS-00435","Operator - People & Culture","People & Culture","G1","Staff","BLD-100416","Arjun Islam","Doha Site","Qatar","Doha","Expatriate"
"BLD-100437","EMP000436","Vikram Santos","Vikram","Male","Jordanian","1975-07-18","50","Married","Active","Permanent","Full Time","2016-09-01","2016-11-30",,,"9.3","Baladna Egypt","Commercial","Sales & Distribution","Commercial","Sales & Distribution - Section 2","CC-310","POS-00436","Senior Technician - Sales & Distribution","Sales & Distribution","G8","Supervisory","BLD-100672","Rakesh Baig","10th of Ramadan City Site","Egypt","10th of Ramadan City","Expatriate"
"BLD-100438","EMP000437","Ramesh Santos","Ramesh","Male","Egyptian","1977-11-03","48","Other","Active","Permanent","Full Time","2015-01-10","2015-04-10",,,"11","Baladna Egypt","Corporate","People & Culture","Corporate","People & Culture - Section 1","CC-310","POS-00437","Officer - People & Culture","People & Culture","G1","Staff","BLD-101041","Layla Reyes","Cairo Site","Egypt","Cairo","Local"
"BLD-100439","EMP000438","Reem Malik","Reem","Female","Egyptian","1974-04-17","51","Married","Active","Permanent","Full Time","2013-10-01","2013-12-30",,,"12.2","Baladna Egypt","Operations","Quality Assurance & Food Safety","Operations","Quality Assurance & Food Safety - Section 2","CC-564","POS-00438","Associate - Quality Assurance & Food Safety","Quality Assurance & Food Safety","G5","Staff","BLD-100859","Waleed Baig","Cairo Site","Egypt","Cairo","Local"
"BLD-100440","EMP000439","Krishna Ahmed","Krishna","Male","Pakistani","1989-05-07","35","Married","Terminated","Permanent","Full Time","2013-09-14","2013-12-13","2024-11-28","Resignation - Better Opportunity","11.2","Baladna Q.P.S.C. (Qatar)","Corporate","Corporate & Executive Office","Corporate","Corporate & Executive Office - Section 3","CC-577","POS-00439","Assistant - Corporate & Executive Office","Corporate & Executive Office","G2","Staff","BLD-101039","Deepak Abdullah","Al Khor Site","Qatar","Al Khor","Expatriate"
"BLD-100441","EMP000440","Sameer Reyes","Sameer","Male","Nepali","1981-10-01","44","Married","Active","Permanent","Full Time","2020-07-19","2020-10-17",,,"5.5","Baladna Q.P.S.C. (Qatar)","Supply Chain","Procurement","Supply Chain","Procurement - Section 1","CC-637","POS-00440","Manager - Procurement","Procurement","G11","Managerial","BLD-100884","Manoj Iqbal","Al Khor Site","Qatar","Al Khor","Expatriate"
"BLD-100442","EMP000441","Sameer Hassan","Sameer","Male","Egyptian","1965-02-02","60","Married","Active","Permanent","Full Time","2017-10-26","2018-01-24",,,"8.2","Baladna Q.P.S.C. (Qatar)","Corporate","IT & Digital","Corporate","IT & Digital - Section 3","CC-289","POS-00441","Officer - IT & Digital","IT & Digital","G1","Staff","BLD-100646","Mona Khan","Al Khor Site","Qatar","Al Khor","Expatriate"
"BLD-100443","EMP000442","Vikram El-Sayed","Vikram","Male","Egyptian","1976-11-22","48","Single","Terminated","Permanent","Full Time","2011-09-30","2011-12-29","2025-05-25","Resignation - Relocation","13.7","Baladna Q.P.S.C. (Qatar)","Commercial","Sales & Distribution","Commercial","Sales & Distribution - Section 3","CC-310","POS-00442","Senior Manager - Sales & Distribution","Sales & Distribution","G10","Managerial","BLD-100199","Anil Khan","Al Rayyan Site","Qatar","Al Rayyan","Expatriate"
"BLD-100444","EMP000443","Amina Al-Kuwari","Amina","Female","Egyptian","1964-06-17","60","Married","Terminated","Permanent","Full Time","2016-04-10","2016-07-09","2025-02-06","Resignation - Personal Reasons","8.8","Baladna Q.P.S.C. (Qatar)","Supply Chain","Supply Chain & Logistics","Supply Chain","Supply Chain & Logistics - Section 2","CC-370","POS-00443","Assistant Manager - Supply Chain & Logistics","Supply Chain & Logistics","G12","Managerial","BLD-100766","Priya Farouk","Doha Site","Qatar","Doha","Expatriate"
"BLD-100445","EMP000444","Mona Sharma","Mona","Female","Pakistani","1978-01-06","47","Single","Active","Permanent","Full Time","2021-03-06","2021-06-04",,,"4.8","Baladna Q.P.S.C. (Qatar)","Commercial","Marketing","Commercial","Marketing - Section 2","CC-916","POS-00444","Manager - Marketing","Marketing","G11","Managerial","BLD-100303","Rakesh Kapoor","Doha Site","Qatar","Doha","Expatriate"
"BLD-100446","EMP000445","Rakesh Al-Marri","Rakesh","Male","Egyptian","1985-11-25","37","Married","Terminated","Permanent","Full Time","2016-07-28","2016-10-26","2023-02-21","Resignation - Better Opportunity","6.6","Baladna Egypt","Commercial","Sales & Distribution","Commercial","Sales & Distribution - Section 2","CC-310","POS-00445","Operator - Sales & Distribution","Sales & Distribution","G1","Staff","BLD-101227","Arjun Fernandes","Cairo Site","Egypt","Cairo","Local"
"BLD-100447","EMP000446","Pooja Mansour","Pooja","Female","Egyptian","1990-08-09","34","Married","Terminated","Permanent","Full Time","2017-12-15","2018-03-15","2025-04-14","Contract Non-Renewal - Company Decision","7.3","Baladna Egypt","Operations","Quality Assurance & Food Safety","Operations","Quality Assurance & Food Safety - Section 3","CC-564","POS-00446","Supervisor - Quality Assurance & Food Safety","Quality Assurance & Food Safety","G7","Supervisory","BLD-101220","Aisha Malik","Alexandria Site","Egypt","Alexandria","Local"
"BLD-100448","EMP000447","Noor Rai","Noor","Female","Sri Lankan","1963-04-11","62","Married","Active","Contract","Full Time","2017-09-28","2017-12-27",,,"8.3","Baladna Q.P.S.C. (Qatar)","Supply Chain","Procurement","Supply Chain","Procurement - Section 1","CC-637","POS-00447","Technician - Procurement","Procurement","G2","Staff","BLD-101443","Huda Al-Sayed","Al Khor Site","Qatar","Al Khor","Expatriate"
"BLD-100449","EMP000448","Ahmed Mansour","Ahmed","Male","Indian","1989-05-02","34","Married","Terminated","Permanent","Full Time","2018-06-25","2018-09-23","2023-12-06","End of Contract - Not Renewed by Employee","5.4","Baladna Q.P.S.C. (Qatar)","Supply Chain","Procurement","Supply Chain","Procurement - Section 3","CC-637","POS-00448","Coordinator - Procurement","Procurement","G1","Staff","BLD-101443","Huda Al-Sayed","Doha Site","Qatar","Doha","Expatriate"
"BLD-100450","EMP000449","Hassan Fernandes","Hassan","Male","Egyptian","1975-05-18","50","Other","Active","Contract","Full Time","2021-12-16","2022-03-16",,,"4","Baladna Egypt","Supply Chain","Supply Chain & Logistics","Supply Chain","Supply Chain & Logistics - Section 3","CC-370","POS-00449","Operator - Supply Chain & Logistics","Supply Chain & Logistics","G2","Staff","BLD-101410","Anil Fernandes","Alexandria Site","Egypt","Alexandria","Local"
"BLD-100451","EMP000450","Deepak Youssef","Deepak","Male","Indian","1968-07-04","57","Single","Active","Permanent","Full Time","2011-11-28","2012-02-26",,,"14.1","Baladna Q.P.S.C. (Qatar)","Corporate","Corporate & Executive Office","Corporate","Corporate & Executive Office - Section 1","CC-577","POS-00450","Technician - Corporate & Executive Office","Corporate & Executive Office","G3","Staff","BLD-100748","Mona Ahmed","Al Khor Site","Qatar","Al Khor","Expatriate"
"BLD-100452","EMP000451","Anita Ahmed","Anita","Female","Sri Lankan","1990-09-01","35","Married","Active","Permanent","Full Time","2012-08-29","2012-11-27",,,"13.3","Baladna Q.P.S.C. (Qatar)","Operations","R&D","Operations","R&D - Section 1","CC-118","POS-00451","Specialist - R&D","R&D","G6","Supervisory","BLD-101308","Salma Mansour","Doha Site","Qatar","Doha","Expatriate"
"BLD-100453","EMP000452","Salma Al-Kuwari","Salma","Female","Sri Lankan","1975-08-06","50","Married","Active","Permanent","Full Time","2020-08-24","2020-11-22",,,"5.4","Baladna Q.P.S.C. (Qatar)","Supply Chain","Supply Chain & Logistics","Supply Chain","Supply Chain & Logistics - Section 2","CC-370","POS-00452","Associate - Supply Chain & Logistics","Supply Chain & Logistics","G4","Staff","BLD-101092","Prakash Kapoor","Al Khor Site","Qatar","Al Khor","Expatriate"
"BLD-100454","EMP000453","Rajesh Youssef","Rajesh","Male","Jordanian","1987-09-11","36","Single","Terminated","Permanent","Full Time","2020-12-23","2021-03-23","2024-05-10","Resignation - Personal Reasons","3.4","Baladna Q.P.S.C. (Qatar)","Operations","Farm Operations","Operations","Farm Operations - Section 2","CC-662","POS-00453","Assistant - Farm Operations","Farm Operations","G2","Staff","BLD-100580","Noor Islam","Al Rayyan Site","Qatar","Al Rayyan","Expatriate"
"BLD-100455","EMP000454","Faisal Santos","Faisal","Male","Jordanian","1975-10-19","50","Married","Active","Permanent","Full Time","2019-04-22","2019-07-21",,,"6.7","Baladna Q.P.S.C. (Qatar)","Operations","Farm Operations","Operations","Farm Operations - Section 2","CC-662","POS-00454","Manager - Farm Operations","Farm Operations","G10","Managerial","BLD-100824","Kumar Islam","Al Khor Site","Qatar","Al Khor","Expatriate"
"BLD-100456","EMP000455","Krishna Thapa","Krishna","Male","Filipino","1984-10-24","41","Married","Active","Permanent","Full Time","2022-02-25","2022-05-26",,,"3.8","Baladna Q.P.S.C. (Qatar)","Operations","Farm Operations","Operations","Farm Operations - Section 1","CC-662","POS-00455","Senior Officer - Farm Operations","Farm Operations","G7","Supervisory","BLD-100331","Ahmed Cruz","Al Khor Site","Qatar","Al Khor","Expatriate"
"BLD-100457","EMP000456","Waleed Mansour","Waleed","Male","Qatari","1962-12-09","63","Single","Active","Permanent","Full Time","2016-01-30","2016-04-29",,,"9.9","Baladna Q.P.S.C. (Qatar)","Commercial","Marketing","Commercial","Marketing - Section 2","CC-916","POS-00456","Assistant - Marketing","Marketing","G2","Staff","BLD-100097","Juan Sharma","Doha Site","Qatar","Doha","Local"
"BLD-100458","EMP000457","Fatima Youssef","Fatima","Female","Egyptian","1968-12-04","57","Single","Active","Permanent","Full Time","2012-04-07","2012-07-06",,,"13.7","Baladna Egypt","Corporate","Finance","Corporate","Finance - Section 2","CC-502","POS-00457","Specialist - Finance","Finance","G9","Supervisory","BLD-101210","Reem El-Sayed","10th of Ramadan City Site","Egypt","10th of Ramadan City","Local"
"BLD-100459","EMP000458","Aisha El-Sayed","Aisha","Female","Jordanian","1964-06-23","59","Married","Terminated","Permanent","Full Time","2014-12-21","2015-03-21","2023-12-20","Resignation - Personal Reasons","9","Baladna Q.P.S.C. (Qatar)","Corporate","Finance","Corporate","Finance - Section 3","CC-502","POS-00458","Technician - Finance","Finance","G1","Staff","BLD-100516","Reem Islam","Doha Site","Qatar","Doha","Expatriate"
"BLD-100460","EMP000459","Juan El-Sayed","Juan","Male","Egyptian","1992-05-10","31","Married","Terminated","Permanent","Full Time","2014-01-29","2014-04-29","2023-08-28","End of Contract - Not Renewed by Employee","9.6","Baladna Egypt","Corporate","Finance","Corporate","Finance - Section 1","CC-502","POS-00459","Senior Officer - Finance","Finance","G7","Supervisory","BLD-100295","Noor Sharma","Alexandria Site","Egypt","Alexandria","Local"
"BLD-100461","EMP000460","Anil Cruz","Anil","Male","Egyptian","1981-02-23","43","Single","Terminated","Permanent","Part Time","2010-11-15","2011-02-13","2024-08-14","End of Contract - Not Renewed by Employee","13.7","Baladna Egypt","Corporate","Finance","Corporate","Finance - Section 2","CC-502","POS-00460","Officer - Finance","Finance","G3","Staff","BLD-101063","Grace Reyes","Cairo Site","Egypt","Cairo","Local"
"BLD-100462","EMP000461","Manoj Mansour","Manoj","Male","Egyptian","1966-02-05","59","Married","Terminated","Permanent","Full Time","2013-03-07","2013-06-05","2025-05-25","Termination - Performance","12.2","Baladna Egypt","Supply Chain","Supply Chain & Logistics","Supply Chain","Supply Chain & Logistics - Section 1","CC-370","POS-00461","Associate - Supply Chain & Logistics","Supply Chain & Logistics","G1","Staff","BLD-100753","Anil Islam","Cairo Site","Egypt","Cairo","Local"
"BLD-100463","EMP000462","Aisha Ahmed","Aisha","Female","Nepali","1984-02-27","41","Married","Active","Permanent","Full Time","2016-11-29","2017-02-27",,,"9.1","Baladna Q.P.S.C. (Qatar)","Operations","Quality Assurance & Food Safety","Operations","Quality Assurance & Food Safety - Section 2","CC-564","POS-00462","Supervisor - Quality Assurance & Food Safety","Quality Assurance & Food Safety","G8","Supervisory","BLD-101259","Manoj Al-Kuwari","Doha Site","Qatar","Doha","Expatriate"
"BLD-100464","EMP000463","Suresh Ahmed","Suresh","Male","Egyptian","1978-04-18","47","Single","Active","Permanent","Full Time","2015-07-31","2015-10-29",,,"10.4","Baladna Egypt","Corporate","Finance","Corporate","Finance - Section 1","CC-502","POS-00463","Senior Manager - Finance","Finance","G10","Managerial","BLD-101292","Noor Al-Sayed","10th of Ramadan City Site","Egypt","10th of Ramadan City","Local"
"BLD-100465","EMP000464","Bikram Farouk","Bikram","Male","Egyptian","1977-04-04","48","Single","Active","Permanent","Full Time","2021-02-05","2021-05-06",,,"4.9","Baladna Q.P.S.C. (Qatar)","Corporate","People & Culture","Corporate","People & Culture - Section 1","CC-310","POS-00464","Technician - People & Culture","People & Culture","G3","Staff","BLD-100896","Hind Youssef","Al Rayyan Site","Qatar","Al Rayyan","Expatriate"
"BLD-100466","EMP000465","Aisha Iqbal","Aisha","Female","Jordanian","1970-07-02","55","Married","Active","Permanent","Full Time","2020-11-24","2021-02-22",,,"5.1","Baladna Q.P.S.C. (Qatar)","Operations","Production","Operations","Production - Section 2","CC-956","POS-00465","Coordinator - Production","Production","G3","Staff","BLD-100483","Ahmed Khan","Al Khor Site","Qatar","Al Khor","Expatriate"
"BLD-100467","EMP000466","Rania Mansour","Rania","Female","Indian","1994-06-01","28","Single","Terminated","Permanent","Full Time","2018-03-20","2018-06-18","2023-03-25","Termination - Disciplinary","5","Baladna Q.P.S.C. (Qatar)","Corporate","People & Culture","Corporate","People & Culture - Section 3","CC-310","POS-00466","Associate - People & Culture","People & Culture","G5","Staff","BLD-100293","Hari Reyes","Doha Site","Qatar","Doha","Expatriate"
"BLD-100468","EMP000467","Prakash Ibrahim","Prakash","Male","Sri Lankan","1970-07-06","54","Single","Terminated","Contract","Full Time","2016-12-13","2017-03-13","2024-07-17","Resignation - Personal Reasons","7.6","Baladna Q.P.S.C. (Qatar)","Commercial","Sales & Distribution","Commercial","Sales & Distribution - Section 3","CC-310","POS-00467","Coordinator - Sales & Distribution","Sales & Distribution","G2","Staff","BLD-101064","Nadia Baig","Al Rayyan Site","Qatar","Al Rayyan","Expatriate"
"BLD-100469","EMP000468","Nadia Cruz","Nadia","Female","Indian","1998-02-03","26","Single","Terminated","Permanent","Full Time","2021-07-18","2021-10-16","2024-09-09","End of Contract - Not Renewed by Employee","3.1","Baladna Q.P.S.C. (Qatar)","Corporate","People & Culture","Corporate","People & Culture - Section 2","CC-310","POS-00468","Officer - People & Culture","People & Culture","G4","Staff","BLD-101164","Mona Thapa","Al Khor Site","Qatar","Al Khor","Expatriate"
"BLD-100470","EMP000469","Arjun Youssef","Arjun","Male","Egyptian","1956-02-13","69","Single","Terminated","Contract","Full Time","2010-01-07","2010-04-07","2025-05-11","Resignation - Relocation","15.3","Baladna Egypt","Operations","Quality Assurance & Food Safety","Operations","Quality Assurance & Food Safety - Section 3","CC-564","POS-00469","Assistant - Quality Assurance & Food Safety","Quality Assurance & Food Safety","G1","Staff","BLD-101262","Nadia Santos","10th of Ramadan City Site","Egypt","10th of Ramadan City","Local"
"BLD-100471","EMP000470","Faisal Sharma","Faisal","Male","Indian","1973-09-26","49","Married","Terminated","Permanent","Full Time","2014-07-28","2014-10-26","2023-05-10","Resignation - Relocation","8.8","Baladna Q.P.S.C. (Qatar)","Corporate","Finance","Corporate","Finance - Section 2","CC-502","POS-00470","Officer - Finance","Finance","G4","Staff","BLD-100367","Bishnu Pereira","Doha Site","Qatar","Doha","Expatriate"
"BLD-100472","EMP000471","Hari Mansour","Hari","Male","Egyptian","1984-08-10","41","Married","Active","Permanent","Full Time","2013-04-26","2013-07-25",,,"12.7","Baladna Egypt","Operations","Production","Operations","Production - Section 2","CC-956","POS-00471","Officer - Production","Production","G2","Staff","BLD-100616","Tariq Youssef","Alexandria Site","Egypt","Alexandria","Local"
"BLD-100473","EMP000472","Bishnu Al-Marri","Bishnu","Male","Jordanian","1989-01-22","34","Single","Terminated","Permanent","Full Time","2019-04-04","2019-07-03","2023-03-10","Contract Non-Renewal - Company Decision","3.9","Baladna Q.P.S.C. (Qatar)","Supply Chain","Supply Chain & Logistics","Supply Chain","Supply Chain & Logistics - Section 3","CC-370","POS-00472","Supervisor - Supply Chain & Logistics","Supply Chain & Logistics","G8","Supervisory","BLD-100578","Sanjay Abdullah","Doha Site","Qatar","Doha","Expatriate"
"BLD-100474","EMP000473","Faisal Al-Sayed","Faisal","Male","Egyptian","1999-07-16","26","Single","Active","Permanent","Full Time","2021-08-12","2021-11-10",,,"4.4","Baladna Egypt","Operations","Production","Operations","Production - Section 3","CC-956","POS-00473","Senior Technician - Production","Production","G7","Supervisory","BLD-100993","Faisal Chowdhury","10th of Ramadan City Site","Egypt","10th of Ramadan City","Local"
"BLD-100475","EMP000474","Tariq Mansour","Tariq","Male","Indian","1977-01-24","46","Married","Terminated","Permanent","Full Time","2014-11-01","2015-01-30","2023-07-17","Resignation - Personal Reasons","8.7","Baladna Q.P.S.C. (Qatar)","Operations","Production","Operations","Production - Section 1","CC-956","POS-00474","Specialist - Production","Production","G7","Supervisory","BLD-101480","Sanjay Cruz","Doha Site","Qatar","Doha","Expatriate"
"BLD-100476","EMP000475","Ravi Sharma","Ravi","Male","Sri Lankan","1973-02-06","52","Single","Terminated","Permanent","Full Time","2019-01-12","2019-04-12","2025-05-23","Resignation - Personal Reasons","6.4","Baladna Q.P.S.C. (Qatar)","Operations","Quality Assurance & Food Safety","Operations","Quality Assurance & Food Safety - Section 2","CC-564","POS-00475","Associate - Quality Assurance & Food Safety","Quality Assurance & Food Safety","G2","Staff","BLD-100408","Suresh Reyes","Al Khor Site","Qatar","Al Khor","Expatriate"
"BLD-100477","EMP000476","Krishna Reyes","Krishna","Male","Nepali","1994-09-01","31","Married","Active","Permanent","Full Time","2017-11-13","2018-02-11",,,"8.1","Baladna Q.P.S.C. (Qatar)","Operations","Engineering & Maintenance","Operations","Engineering & Maintenance - Section 1","CC-178","POS-00476","Operator - Engineering & Maintenance","Engineering & Maintenance","G1","Staff","BLD-100621","Anil Mahmoud","Al Khor Site","Qatar","Al Khor","Expatriate"
"BLD-100478","EMP000477","Mohamed Youssef","Mohamed","Male","Egyptian","1992-04-27","33","Single","Active","Permanent","Full Time","2015-10-14","2016-01-12",,,"10.2","Baladna Egypt","Commercial","Sales & Distribution","Commercial","Sales & Distribution - Section 2","CC-310","POS-00477","Associate - Sales & Distribution","Sales & Distribution","G1","Staff","BLD-100437","Vikram Santos","Alexandria Site","Egypt","Alexandria","Local"
"BLD-100479","EMP000478","Ahmed Farouk","Ahmed","Male","Jordanian","1989-02-07","36","Married","Terminated","Permanent","Full Time","2021-10-16","2022-01-14","2025-08-08","End of Contract - Not Renewed by Employee","3.8","Baladna Q.P.S.C. (Qatar)","Operations","Farm Operations","Operations","Farm Operations - Section 2","CC-662","POS-00478","Officer - Farm Operations","Farm Operations","G1","Staff","BLD-100456","Krishna Thapa","Al Rayyan Site","Qatar","Al Rayyan","Expatriate"
"BLD-100480","EMP000479","Nadia Reyes","Nadia","Female","Egyptian","1984-09-14","41","Married","Active","Temporary","Part Time","2022-04-08","2022-07-07",,,"3.7","Baladna Egypt","Corporate","Finance","Corporate","Finance - Section 1","CC-502","POS-00479","Manager - Finance","Finance","G10","Managerial","BLD-100109","Krishna Cruz","10th of Ramadan City Site","Egypt","10th of Ramadan City","Local"
"BLD-100481","EMP000480","Mohamed Khan","Mohamed","Male","Egyptian","1967-05-12","58","Married","Active","Permanent","Full Time","2010-03-12","2010-06-10",,,"15.8","Baladna Egypt","Operations","Production","Operations","Production - Section 1","CC-956","POS-00480","Team Lead - Production","Production","G8","Supervisory","BLD-100559","Sameer Reyes","Cairo Site","Egypt","Cairo","Local"
"BLD-100482","EMP000481","Khalid Kapoor","Khalid","Male","Nepali","1965-01-11","60","Married","Terminated","Permanent","Full Time","2018-08-20","2018-11-18","2025-11-02","End of Contract - Not Renewed by Employee","7.2","Baladna Q.P.S.C. (Qatar)","Corporate","IT & Digital","Corporate","IT & Digital - Section 2","CC-289","POS-00481","Senior Manager - IT & Digital","IT & Digital","G11","Managerial","BLD-101147","Deepak Gurung","Doha Site","Qatar","Doha","Expatriate"
"BLD-100483","EMP000482","Ahmed Khan","Ahmed","Male","Nepali","1987-06-02","38","Married","Active","Permanent","Full Time","2015-06-17","2015-09-15",,,"10.5","Baladna Q.P.S.C. (Qatar)","Operations","Production","Operations","Production - Section 1","CC-956","POS-00482","Specialist - Production","Production","G7","Supervisory","BLD-100394","Hari Abdullah","Al Rayyan Site","Qatar","Al Rayyan","Expatriate"
"BLD-100484","EMP000483","Anil Mahmoud","Anil","Male","Egyptian","1991-12-25","34","Married","Active","Permanent","Full Time","2016-09-05","2016-12-04",,,"9.3","Baladna Egypt","Commercial","Sales & Distribution","Commercial","Sales & Distribution - Section 2","CC-310","POS-00483","Assistant - Sales & Distribution","Sales & Distribution","G5","Staff","BLD-100437","Vikram Santos","10th of Ramadan City Site","Egypt","10th of Ramadan City","Local"
"BLD-100485","EMP000484","Prakash Reyes","Prakash","Male","Egyptian","1987-07-27","38","Married","Active","Temporary","Part Time","2016-03-27","2016-06-25",,,"9.8","Baladna Egypt","Commercial","Sales & Distribution","Commercial","Sales & Distribution - Section 1","CC-310","POS-00484","Coordinator - Sales & Distribution","Sales & Distribution","G5","Staff","BLD-100257","Rajesh Abdullah","Alexandria Site","Egypt","Alexandria","Local"
"BLD-100486","EMP000485","Rakesh Mahmoud","Rakesh","Male","Nepali","1976-05-26","47","Single","Terminated","Permanent","Full Time","2013-11-26","2014-02-24","2024-03-23","End of Contract - Not Renewed by Employee","10.3","Baladna Q.P.S.C. (Qatar)","Supply Chain","Procurement","Supply Chain","Procurement - Section 1","CC-637","POS-00485","Operator - Procurement","Procurement","G1","Staff","BLD-100221","Juan Malik","Al Khor Site","Qatar","Al Khor","Expatriate"
"BLD-100487","EMP000486","Waleed Devi","Waleed","Male","Filipino","1983-05-18","41","Married","Terminated","Permanent","Full Time","2016-01-10","2016-04-09","2025-01-10","Termination - Disciplinary","9","Baladna Q.P.S.C. (Qatar)","Corporate","Corporate & Executive Office","Corporate","Corporate & Executive Office - Section 3","CC-577","POS-00486","Coordinator - Corporate & Executive Office","Corporate & Executive Office","G4","Staff","BLD-101002","Sara Khan","Doha Site","Qatar","Doha","Expatriate"
"BLD-100488","EMP000487","Hari Al-Marri","Hari","Male","Indian","1965-02-11","60","Married","Active","Permanent","Full Time","2016-12-06","2017-03-06",,,"9.1","Baladna Q.P.S.C. (Qatar)","Commercial","Sales & Distribution","Commercial","Sales & Distribution - Section 1","CC-310","POS-00487","Assistant Manager - Sales & Distribution","Sales & Distribution","G10","Managerial","BLD-100199","Anil Khan","Al Khor Site","Qatar","Al Khor","Expatriate"
"BLD-100489","EMP000488","Vikram Mansour","Vikram","Male","Indian","1976-08-23","49","Married","Active","Permanent","Full Time","2012-04-06","2012-07-05",,,"13.7","Baladna Q.P.S.C. (Qatar)","Corporate","Finance","Corporate","Finance - Section 3","CC-502","POS-00488","Assistant - Finance","Finance","G5","Staff","BLD-101065","Mohamed Al-Sayed","Doha Site","Qatar","Doha","Expatriate"
"BLD-100490","EMP000489","Sameer Sharma","Sameer","Male","Bangladeshi","1979-01-08","46","Married","Active","Permanent","Full Time","2017-01-31","2017-05-01",,,"8.9","Baladna Q.P.S.C. (Qatar)","Operations","R&D","Operations","R&D - Section 1","CC-118","POS-00489","Manager - R&D","R&D","G10","Managerial","BLD-100824","Kumar Islam","Al Rayyan Site","Qatar","Al Rayyan","Expatriate"
"BLD-100491","EMP000490","Kumar Mansour","Kumar","Male","Pakistani","1999-09-26","24","Married","Terminated","Permanent","Full Time","2022-09-16","2022-12-15","2024-07-11","Resignation - Relocation","1.8","Baladna Q.P.S.C. (Qatar)","Operations","Production","Operations","Production - Section 1","CC-956","POS-00490","Officer - Production","Production","G1","Staff","BLD-100475","Tariq Mansour","Al Rayyan Site","Qatar","Al Rayyan","Expatriate"
"BLD-100492","EMP000491","Kavita Ahmed","Kavita","Female","Sudanese","1963-03-10","62","Married","Active","Permanent","Full Time","2017-06-13","2017-09-11",,,"8.6","Baladna Q.P.S.C. (Qatar)","Commercial","Marketing","Commercial","Marketing - Section 3","CC-916","POS-00491","Senior Technician - Marketing","Marketing","G9","Supervisory","BLD-100161","Tariq Kapoor","Doha Site","Qatar","Doha","Expatriate"
"BLD-100493","EMP000492","Hassan Sharma","Hassan","Male","Sri Lankan","1984-09-19","39","Married","Terminated","Permanent","Full Time","2011-08-05","2011-11-03","2023-10-16","Resignation - Better Opportunity","12.2","Baladna Q.P.S.C. (Qatar)","Operations","Production","Operations","Production - Section 3","CC-956","POS-00492","Coordinator - Production","Production","G4","Staff","BLD-100527","Arjun Kapoor","Doha Site","Qatar","Doha","Expatriate"
"BLD-100494","EMP000493","Ravi Youssef","Ravi","Male","Egyptian","1971-08-17","54","Single","Active","Permanent","Part Time","2015-01-18","2015-04-18",,,"11","Baladna Q.P.S.C. (Qatar)","Operations","Engineering & Maintenance","Operations","Engineering & Maintenance - Section 2","CC-178","POS-00493","Manager - Engineering & Maintenance","Engineering & Maintenance","G12","Managerial","BLD-100413","Ahmed Ibrahim","Doha Site","Qatar","Doha","Expatriate"
"BLD-100495","EMP000494","Krishna Youssef","Krishna","Male","Indian","1981-04-08","44","Married","Terminated","Permanent","Full Time","2012-07-03","2012-10-01","2025-06-16","Resignation - Relocation","13","Baladna Q.P.S.C. (Qatar)","Operations","Quality Assurance & Food Safety","Operations","Quality Assurance & Food Safety - Section 1","CC-564","POS-00494","Senior Officer - Quality Assurance & Food Safety","Quality Assurance & Food Safety","G6","Supervisory","BLD-100744","Vikram Hassan","Al Khor Site","Qatar","Al Khor","Expatriate"
"BLD-100496","EMP000495","Priya Devi","Priya","Female","Pakistani","1970-06-02","55","Married","Active","Permanent","Full Time","2021-03-27","2021-06-25",,,"4.8","Baladna Q.P.S.C. (Qatar)","Commercial","Marketing","Commercial","Marketing - Section 3","CC-916","POS-00495","Supervisor - Marketing","Marketing","G9","Supervisory","BLD-100140","Sunita Rai","Doha Site","Qatar","Doha","Expatriate"
"BLD-100497","EMP000496","Faisal Iqbal","Faisal","Male","Filipino","1982-09-19","40","Single","Terminated","Permanent","Full Time","2022-04-05","2022-07-04","2023-06-18","Resignation - Relocation","1.2","Baladna Q.P.S.C. (Qatar)","Operations","R&D","Operations","R&D - Section 2","CC-118","POS-00496","Operator - R&D","R&D","G2","Staff","BLD-100213","Dina Al-Marri","Al Khor Site","Qatar","Al Khor","Expatriate"
"BLD-100498","EMP000497","Vikram Mendoza","Vikram","Male","Egyptian","1999-01-18","26","Single","Active","Permanent","Full Time","2022-02-16","2022-05-17",,,"3.9","Baladna Egypt","Corporate","People & Culture","Corporate","People & Culture - Section 2","CC-310","POS-00497","Technician - People & Culture","People & Culture","G3","Staff","BLD-100553","Reem Ibrahim","Alexandria Site","Egypt","Alexandria","Local"
"BLD-100499","EMP000498","Kumar Iqbal","Kumar","Male","Egyptian","1991-05-10","34","Married","Active","Contract","Full Time","2021-06-10","2021-09-08",,,"4.6","Baladna Q.P.S.C. (Qatar)","Operations","R&D","Operations","R&D - Section 3","CC-118","POS-00498","Senior Manager - R&D","R&D","G12","Managerial","BLD-100199","Anil Khan","Al Khor Site","Qatar","Al Khor","Expatriate"
"BLD-100500","EMP000499","Bishnu Kapoor","Bishnu","Male","Indian","1975-12-20","50","Single","Active","Contract","Full Time","2022-07-10","2022-10-08",,,"3.5","Baladna Q.P.S.C. (Qatar)","Commercial","Marketing","Commercial","Marketing - Section 3","CC-916","POS-00499","Senior Manager - Marketing","Marketing","G10","Managerial","BLD-100375","Manoj Fernandes","Al Rayyan Site","Qatar","Al Rayyan","Expatriate"
"BLD-100501","EMP000500","Prakash Mansour","Prakash","Male","Egyptian","1985-01-16","40","Single","Active","Permanent","Full Time","2015-06-02","2015-08-31",,,"10.6","Baladna Egypt","Operations","Production","Operations","Production - Section 1","CC-956","POS-00500","Senior Officer - Production","Production","G7","Supervisory","BLD-101084","Mohamed Baig","Cairo Site","Egypt","Cairo","Local"
"BLD-100502","EMP000501","Sara Santos","Sara","Female","Pakistani","1976-12-01","48","Single","Terminated","Contract","Full Time","2021-08-26","2021-11-24","2025-06-01","Contract Non-Renewal - Company Decision","3.8","Baladna Q.P.S.C. (Qatar)","Corporate","People & Culture","Corporate","People & Culture - Section 2","CC-310","POS-00501","Senior Technician - People & Culture","People & Culture","G6","Supervisory","BLD-101274","Khalid Santos","Doha Site","Qatar","Doha","Expatriate"
"BLD-100503","EMP000502","Suresh Baig","Suresh","Male","Indian","1974-06-05","48","Married","Terminated","Permanent","Full Time","2018-03-03","2018-06-01","2023-05-25","Resignation - Better Opportunity","5.2","Baladna Q.P.S.C. (Qatar)","Commercial","Sales & Distribution","Commercial","Sales & Distribution - Section 1","CC-310","POS-00502","Supervisor - Sales & Distribution","Sales & Distribution","G7","Supervisory","BLD-100488","Hari Al-Marri","Al Rayyan Site","Qatar","Al Rayyan","Expatriate"
"BLD-100504","EMP000503","Rowena Kapoor","Rowena","Female","Bangladeshi","1983-06-19","42","Married","Active","Contract","Part Time","2016-07-01","2016-09-29",,,"9.5","Baladna Q.P.S.C. (Qatar)","Commercial","Marketing","Commercial","Marketing - Section 2","CC-916","POS-00503","Manager - Marketing","Marketing","G12","Managerial","BLD-100171","Huda Abdullah","Al Khor Site","Qatar","Al Khor","Expatriate"
"BLD-100505","EMP000504","Rajesh Malik","Rajesh","Male","Jordanian","1989-02-10","36","Single","Active","Permanent","Full Time","2010-09-08","2010-12-07",,,"15.3","Baladna Q.P.S.C. (Qatar)","Commercial","Marketing","Commercial","Marketing - Section 1","CC-916","POS-00504","Senior Manager - Marketing","Marketing","G10","Managerial","BLD-100303","Rakesh Kapoor","Al Khor Site","Qatar","Al Khor","Expatriate"
"BLD-100506","EMP000505","Bikram Devi","Bikram","Male","Egyptian","1987-12-16","38","Married","Active","Permanent","Full Time","2017-08-27","2017-11-25",,,"8.3","Baladna Egypt","Operations","Production","Operations","Production - Section 1","CC-956","POS-00505","Senior Technician - Production","Production","G9","Supervisory","BLD-100993","Faisal Chowdhury","10th of Ramadan City Site","Egypt","10th of Ramadan City","Local"
"BLD-100507","EMP000506","Prakash Mansour","Prakash","Male","Jordanian","1981-09-11","44","Married","Active","Temporary","Full Time","2018-07-16","2018-10-14",,,"7.5","Baladna Q.P.S.C. (Qatar)","Corporate","People & Culture","Corporate","People & Culture - Section 1","CC-310","POS-00506","Coordinator - People & Culture","People & Culture","G2","Staff","BLD-100853","Arjun Kapoor","Doha Site","Qatar","Doha","Expatriate"
"BLD-100508","EMP000507","Sameer Rai","Sameer","Male","Egyptian","1996-05-17","29","Married","Active","Contract","Full Time","2016-12-09","2017-03-09",,,"9.1","Baladna Egypt","Operations","Production","Operations","Production - Section 2","CC-956","POS-00507","Specialist - Production","Production","G9","Supervisory","BLD-100561","Ravi Farouk","Cairo Site","Egypt","Cairo","Local"
"BLD-100509","EMP000508","Rina Hassan","Rina","Female","Pakistani","1973-05-09","52","Married","Active","Contract","Full Time","2013-12-07","2014-03-07",,,"12.1","Baladna Q.P.S.C. (Qatar)","Supply Chain","Supply Chain & Logistics","Supply Chain","Supply Chain & Logistics - Section 3","CC-370","POS-00508","Team Lead - Supply Chain & Logistics","Supply Chain & Logistics","G6","Supervisory","BLD-100578","Sanjay Abdullah","Al Rayyan Site","Qatar","Al Rayyan","Expatriate"
"BLD-100510","EMP000509","Priya Ahmed","Priya","Female","Indian","1963-03-10","62","Other","Active","Permanent","Full Time","2017-12-30","2018-03-30",,,"8","Baladna Q.P.S.C. (Qatar)","Operations","Quality Assurance & Food Safety","Operations","Quality Assurance & Food Safety - Section 2","CC-564","POS-00509","Technician - Quality Assurance & Food Safety","Quality Assurance & Food Safety","G4","Staff","BLD-101337","Sameer Hassan","Doha Site","Qatar","Doha","Expatriate"
"BLD-100511","EMP000510","Rakesh Cruz","Rakesh","Male","Indian","1994-07-13","30","Single","Terminated","Permanent","Full Time","2020-01-28","2020-04-27","2025-01-05","End of Contract - Not Renewed by Employee","4.9","Baladna Q.P.S.C. (Qatar)","Supply Chain","Supply Chain & Logistics","Supply Chain","Supply Chain & Logistics - Section 2","CC-370","POS-00510","Senior Manager - Supply Chain & Logistics","Supply Chain & Logistics","G11","Managerial","BLD-101509","Suresh Reyes","Al Khor Site","Qatar","Al Khor","Expatriate"
"BLD-100512","EMP000511","Anita Pereira","Anita","Female","Egyptian","1981-01-21","44","Married","Active","Permanent","Full Time","2018-04-19","2018-07-18",,,"7.7","Baladna Egypt","Corporate","Finance","Corporate","Finance - Section 1","CC-502","POS-00511","Supervisor - Finance","Finance","G8","Supervisory","BLD-100157","Sameer Hassan","Cairo Site","Egypt","Cairo","Local"
"BLD-100513","EMP000512","Hari Al-Marri","Hari","Male","Nepali","1980-12-16","45","Married","Active","Permanent","Full Time","2013-06-25","2013-09-23",,,"12.5","Baladna Q.P.S.C. (Qatar)","Corporate","IT & Digital","Corporate","IT & Digital - Section 2","CC-289","POS-00512","Supervisor - IT & Digital","IT & Digital","G8","Supervisory","BLD-101014","Ali Baig","Al Khor Site","Qatar","Al Khor","Expatriate"
"BLD-100514","EMP000513","Aisha Mahmoud","Aisha","Female","Sri Lankan","1980-07-03","45","Married","Active","Permanent","Full Time","2010-05-03","2010-08-01",,,"15.7","Baladna Q.P.S.C. (Qatar)","Commercial","Sales & Distribution","Commercial","Sales & Distribution - Section 3","CC-310","POS-00513","Operator - Sales & Distribution","Sales & Distribution","G2","Staff","BLD-101034","Manoj Baig","Al Rayyan Site","Qatar","Al Rayyan","Expatriate"
"BLD-100515","EMP000514","Jose Cruz","Jose","Male","Bangladeshi","1977-09-16","47","Married","Terminated","Permanent","Part Time","2015-01-18","2015-04-18","2024-10-04","Resignation - Better Opportunity","9.7","Baladna Q.P.S.C. (Qatar)","Operations","R&D","Operations","R&D - Section 2","CC-118","POS-00514","Coordinator - R&D","R&D","G5","Staff","BLD-101008","Ramesh Devi","Doha Site","Qatar","Doha","Expatriate"
"BLD-100516","EMP000515","Reem Islam","Reem","Female","Nepali","1964-03-05","60","Other","Terminated","Permanent","Full Time","2015-07-03","2015-10-01","2024-05-23","Termination - Disciplinary","8.9","Baladna Q.P.S.C. (Qatar)","Corporate","Finance","Corporate","Finance - Section 1","CC-502","POS-00515","Senior Technician - Finance","Finance","G7","Supervisory","BLD-100386","Jose Islam","Doha Site","Qatar","Doha","Expatriate"
"BLD-100517","EMP000516","Kumar Ahmed","Kumar","Male","Sri Lankan","1982-02-26","43","Married","Active","Permanent","Full Time","2015-06-21","2015-09-19",,,"10.5","Baladna Q.P.S.C. (Qatar)","Operations","Engineering & Maintenance","Operations","Engineering & Maintenance - Section 1","CC-178","POS-00516","Operator - Engineering & Maintenance","Engineering & Maintenance","G1","Staff","BLD-100215","Vikram Abdullah","Doha Site","Qatar","Doha","Expatriate"
"BLD-100518","EMP000517","Hari Cruz","Hari","Male","Egyptian","1983-01-05","42","Single","Active","Permanent","Full Time","2014-09-29","2014-12-28",,,"11.3","Baladna Egypt","Operations","Quality Assurance & Food Safety","Operations","Quality Assurance & Food Safety - Section 3","CC-564","POS-00517","Associate - Quality Assurance & Food Safety","Quality Assurance & Food Safety","G4","Staff","BLD-100805","Krishna Farouk","10th of Ramadan City Site","Egypt","10th of Ramadan City","Local"
"BLD-100519","EMP000518","Rowena Khan","Rowena","Female","Egyptian","1992-09-24","33","Married","Active","Permanent","Full Time","2014-08-19","2014-11-17",,,"11.4","Baladna Egypt","Corporate","People & Culture","Corporate","People & Culture - Section 3","CC-310","POS-00518","Operator - People & Culture","People & Culture","G2","Staff","BLD-100383","Juan Santos","Alexandria Site","Egypt","Alexandria","Local"
"BLD-100520","EMP000519","Bikram Cruz","Bikram","Male","Indian","1982-03-17","43","Married","Active","Contract","Full Time","2020-03-01","2020-05-30",,,"5.8","Baladna Q.P.S.C. (Qatar)","Operations","Engineering & Maintenance","Operations","Engineering & Maintenance - Section 3","CC-178","POS-00519","Specialist - Engineering & Maintenance","Engineering & Maintenance","G7","Supervisory","BLD-100008","Ramesh Kapoor","Al Khor Site","Qatar","Al Khor","Expatriate"
"BLD-100521","EMP000520","Hari Abdullah","Hari","Male","Nepali","1993-10-02","30","Married","Terminated","Permanent","Full Time","2018-01-02","2018-04-02","2023-10-21","Termination - Disciplinary","5.8","Baladna Q.P.S.C. (Qatar)","Operations","Farm Operations","Operations","Farm Operations - Section 3","CC-662","POS-00520","Operator - Farm Operations","Farm Operations","G1","Staff","BLD-100961","Ravi Ahmed","Al Rayyan Site","Qatar","Al Rayyan","Expatriate"
"BLD-100522","EMP000521","Mohamed Khan","Mohamed","Male","Egyptian","1967-10-12","56","Married","Terminated","Temporary","Full Time","2013-03-01","2013-05-30","2023-12-09","End of Contract - Not Renewed by Employee","10.8","Baladna Egypt","Commercial","Sales & Distribution","Commercial","Sales & Distribution - Section 3","CC-310","POS-00521","Technician - Sales & Distribution","Sales & Distribution","G3","Staff","BLD-100917","Tariq Iqbal","Cairo Site","Egypt","Cairo","Local"
"BLD-100523","EMP000522","Krishna Iqbal","Krishna","Male","Indian","1970-10-25","54","Single","Terminated","Permanent","Full Time","2016-07-17","2016-10-15","2025-08-20","Resignation - Better Opportunity","9.1","Baladna Q.P.S.C. (Qatar)","Supply Chain","Supply Chain & Logistics","Supply Chain","Supply Chain & Logistics - Section 3","CC-370","POS-00522","Technician - Supply Chain & Logistics","Supply Chain & Logistics","G4","Staff","BLD-100093","Bishnu Iqbal","Al Khor Site","Qatar","Al Khor","Expatriate"
"BLD-100524","EMP000523","Deepak Pereira","Deepak","Male","Jordanian","1974-05-24","51","Single","Terminated","Permanent","Full Time","2021-11-22","2022-02-20","2025-09-03","End of Contract - Not Renewed by Employee","3.8","Baladna Q.P.S.C. (Qatar)","Supply Chain","Supply Chain & Logistics","Supply Chain","Supply Chain & Logistics - Section 3","CC-370","POS-00523","Coordinator - Supply Chain & Logistics","Supply Chain & Logistics","G1","Staff","BLD-100509","Rina Hassan","Al Khor Site","Qatar","Al Khor","Expatriate"
"BLD-100525","EMP000524","Kavita Ibrahim","Kavita","Female","Sudanese","2000-03-09","25","Single","Active","Permanent","Full Time","2021-03-27","2021-06-25",,,"4.8","Baladna Q.P.S.C. (Qatar)","Commercial","Sales & Distribution","Commercial","Sales & Distribution - Section 1","CC-310","POS-00524","Associate - Sales & Distribution","Sales & Distribution","G3","Staff","BLD-101158","Manoj Kapoor","Doha Site","Qatar","Doha","Expatriate"
"BLD-100526","EMP000525","Ahmed Devi","Ahmed","Male","Bangladeshi","1980-10-21","45","Single","Active","Permanent","Full Time","2022-05-18","2022-08-16",,,"3.6","Baladna Q.P.S.C. (Qatar)","Corporate","Finance","Corporate","Finance - Section 1","CC-502","POS-00525","Team Lead - Finance","Finance","G7","Supervisory","BLD-100229","Ravi Malik","Al Rayyan Site","Qatar","Al Rayyan","Expatriate"
"BLD-100527","EMP000526","Arjun Kapoor","Arjun","Male","Indian","1980-07-23","42","Married","Terminated","Permanent","Full Time","2012-03-15","2012-06-13","2023-01-05","Termination - Performance","10.8","Baladna Q.P.S.C. (Qatar)","Operations","Production","Operations","Production - Section 3","CC-956","POS-00526","Team Lead - Production","Production","G7","Supervisory","BLD-101154","Ali Ibrahim","Al Khor Site","Qatar","Al Khor","Expatriate"
"BLD-100528","EMP000527","Arjun Baig","Arjun","Male","Sri Lankan","1993-02-22","32","Married","Terminated","Permanent","Full Time","2013-06-16","2013-09-14","2025-03-04","Resignation - Relocation","11.7","Baladna Q.P.S.C. (Qatar)","Supply Chain","Procurement","Supply Chain","Procurement - Section 1","CC-637","POS-00527","Technician - Procurement","Procurement","G1","Staff","BLD-100768","Huda Sharma","Doha Site","Qatar","Doha","Expatriate"
"BLD-100529","EMP000528","Khalid Cruz","Khalid","Male","Nepali","1976-03-23","48","Married","Terminated","Permanent","Full Time","2021-04-07","2021-07-06","2024-11-03","Resignation - Personal Reasons","3.6","Baladna Q.P.S.C. (Qatar)","Commercial","Sales & Distribution","Commercial","Sales & Distribution - Section 2","CC-310","POS-00528","Supervisor - Sales & Distribution","Sales & Distribution","G6","Supervisory","BLD-101441","Sanjay Santos","Doha Site","Qatar","Doha","Expatriate"
"BLD-100530","EMP000529","Joy Youssef","Joy","Female","Egyptian","1999-09-12","26","Married","Active","Permanent","Full Time","2021-01-18","2021-04-18",,,"5","Baladna Q.P.S.C. (Qatar)","Corporate","Corporate & Executive Office","Corporate","Corporate & Executive Office - Section 2","CC-577","POS-00529","Operator - Corporate & Executive Office","Corporate & Executive Office","G4","Staff","BLD-100136","Rina Iqbal","Doha Site","Qatar","Doha","Expatriate"
"BLD-100531","EMP000530","Rajesh Iqbal","Rajesh","Male","Bangladeshi","1970-09-19","53","Married","Terminated","Permanent","Full Time","2020-08-06","2020-11-04","2024-04-17","Contract Non-Renewal - Company Decision","3.7","Baladna Q.P.S.C. (Qatar)","Commercial","Marketing","Commercial","Marketing - Section 3","CC-916","POS-00530","Specialist - Marketing","Marketing","G7","Supervisory","BLD-101021","Rakesh Islam","Al Rayyan Site","Qatar","Al Rayyan","Expatriate"
"BLD-100532","EMP000531","Bikram Al-Kuwari","Bikram","Male","Bangladeshi","1990-07-15","33","Single","Terminated","Temporary","Full Time","2020-06-19","2020-09-17","2023-10-16","Resignation - Personal Reasons","3.3","Baladna Q.P.S.C. (Qatar)","Supply Chain","Supply Chain & Logistics","Supply Chain","Supply Chain & Logistics - Section 2","CC-370","POS-00531","Senior Manager - Supply Chain & Logistics","Supply Chain & Logistics","G12","Managerial","BLD-101509","Suresh Reyes","Doha Site","Qatar","Doha","Expatriate"
"BLD-100533","EMP000532","Shobha Mendoza","Shobha","Female","Egyptian","1968-09-09","54","Single","Terminated","Permanent","Full Time","2014-07-14","2014-10-12","2023-02-16","Resignation - Personal Reasons","8.6","Baladna Egypt","Supply Chain","Supply Chain & Logistics","Supply Chain","Supply Chain & Logistics - Section 1","CC-370","POS-00532","Officer - Supply Chain & Logistics","Supply Chain & Logistics","G2","Staff","BLD-100753","Anil Islam","Cairo Site","Egypt","Cairo","Local"
"BLD-100534","EMP000533","Huda Khan","Huda","Female","Egyptian","1987-12-09","38","Married","Active","Permanent","Full Time","2018-07-29","2018-10-27",,,"7.4","Baladna Egypt","Corporate","People & Culture","Corporate","People & Culture - Section 1","CC-310","POS-00533","Associate - People & Culture","People & Culture","G2","Staff","BLD-100947","Manoj Fernandes","Cairo Site","Egypt","Cairo","Local"
"BLD-100535","EMP000534","Kumar Cruz","Kumar","Male","Filipino","1966-10-12","59","Single","Active","Permanent","Full Time","2014-06-07","2014-09-05",,,"11.6","Baladna Q.P.S.C. (Qatar)","Operations","Farm Operations","Operations","Farm Operations - Section 3","CC-662","POS-00534","Coordinator - Farm Operations","Farm Operations","G4","Staff","BLD-100456","Krishna Thapa","Doha Site","Qatar","Doha","Expatriate"
"BLD-100536","EMP000535","Omar Chowdhury","Omar","Male","Egyptian","1975-01-08","50","Married","Active","Permanent","Full Time","2021-06-05","2021-09-03",,,"4.6","Baladna Q.P.S.C. (Qatar)","Operations","Farm Operations","Operations","Farm Operations - Section 2","CC-662","POS-00535","Senior Technician - Farm Operations","Farm Operations","G9","Supervisory","BLD-100341","Anil Cruz","Al Khor Site","Qatar","Al Khor","Expatriate"
"BLD-100537","EMP000536","Bishnu Mansour","Bishnu","Male","Qatari","1991-11-17","34","Married","Active","Permanent","Full Time","2016-01-16","2016-04-15",,,"10","Baladna Q.P.S.C. (Qatar)","Operations","Production","Operations","Production - Section 1","CC-956","POS-00536","Supervisor - Production","Production","G8","Supervisory","BLD-101154","Ali Ibrahim","Al Khor Site","Qatar","Al Khor","Local"
"BLD-100538","EMP000537","Anita Gurung","Anita","Female","Nepali","1965-07-01","60","Married","Active","Permanent","Full Time","2019-02-26","2019-05-27",,,"6.8","Baladna Q.P.S.C. (Qatar)","Commercial","Marketing","Commercial","Marketing - Section 1","CC-916","POS-00537","Assistant Manager - Marketing","Marketing","G11","Managerial","BLD-100303","Rakesh Kapoor","Al Rayyan Site","Qatar","Al Rayyan","Expatriate"
"BLD-100539","EMP000538","Vikram Islam","Vikram","Male","Pakistani","1960-01-20","63","Single","Terminated","Permanent","Full Time","2012-04-17","2012-07-16","2023-02-22","Resignation - Personal Reasons","10.9","Baladna Q.P.S.C. (Qatar)","Corporate","Corporate & Executive Office","Corporate","Corporate & Executive Office - Section 1","CC-577","POS-00538","Assistant - Corporate & Executive Office","Corporate & Executive Office","G2","Staff","BLD-100320","Khalid Reyes","Doha Site","Qatar","Doha","Expatriate"
"BLD-100540","EMP000539","Bishnu El-Sayed","Bishnu","Male","Egyptian","1974-08-10","50","Married","Terminated","Permanent","Full Time","2019-02-03","2019-05-04","2024-08-10","End of Contract - Not Renewed by Employee","5.5","Baladna Egypt","Commercial","Sales & Distribution","Commercial","Sales & Distribution - Section 2","CC-310","POS-00539","Coordinator - Sales & Distribution","Sales & Distribution","G5","Staff","BLD-101459","Manoj Reyes","Cairo Site","Egypt","Cairo","Local"
"BLD-100541","EMP000540","Ali Youssef","Ali","Male","Egyptian","1986-09-25","39","Married","Active","Permanent","Full Time","2018-12-07","2019-03-07",,,"7.1","Baladna Egypt","Operations","Quality Assurance & Food Safety","Operations","Quality Assurance & Food Safety - Section 2","CC-564","POS-00540","Assistant - Quality Assurance & Food Safety","Quality Assurance & Food Safety","G4","Staff","BLD-100026","Yasmin Chowdhury","Cairo Site","Egypt","Cairo","Local"
"BLD-100542","EMP000541","Deepak Devi","Deepak","Male","Indian","1994-05-09","29","Single","Terminated","Contract","Full Time","2017-02-18","2017-05-19","2023-07-15","Resignation - Relocation","6.4","Baladna Q.P.S.C. (Qatar)","Corporate","Corporate & Executive Office","Corporate","Corporate & Executive Office - Section 3","CC-577","POS-00541","Technician - Corporate & Executive Office","Corporate & Executive Office","G1","Staff","BLD-100784","Manoj Pereira","Doha Site","Qatar","Doha","Expatriate"
"BLD-100543","EMP000542","Mohamed Islam","Mohamed","Male","Filipino","1971-10-18","51","Married","Terminated","Permanent","Full Time","2014-08-19","2014-11-17","2023-03-15","Termination - Redundancy","8.6","Baladna Q.P.S.C. (Qatar)","Corporate","Finance","Corporate","Finance - Section 2","CC-502","POS-00542","Team Lead - Finance","Finance","G8","Supervisory","BLD-100386","Jose Islam","Al Khor Site","Qatar","Al Khor","Expatriate"
"BLD-100544","EMP000543","Prakash Mendoza","Prakash","Male","Indian","1970-08-24","53","Single","Terminated","Permanent","Full Time","2014-07-18","2014-10-16","2024-01-26","Resignation - Better Opportunity","9.5","Baladna Q.P.S.C. (Qatar)","Commercial","Sales & Distribution","Commercial","Sales & Distribution - Section 1","CC-310","POS-00543","Associate - Sales & Distribution","Sales & Distribution","G1","Staff","BLD-101399","Anil Al-Kuwari","Al Khor Site","Qatar","Al Khor","Expatriate"
"BLD-100545","EMP000544","Ravi Santos","Ravi","Male","Qatari","1981-10-24","44","Married","Active","Permanent","Full Time","2015-02-05","2015-05-06",,,"10.9","Baladna Q.P.S.C. (Qatar)","Corporate","People & Culture","Corporate","People & Culture - Section 1","CC-310","POS-00544","Manager - People & Culture","People & Culture","G10","Managerial","BLD-101093","Reem Kapoor","Doha Site","Qatar","Doha","Local"
"BLD-100546","EMP000545","Priya Ibrahim","Priya","Female","Indian","1986-04-27","39","Married","Active","Permanent","Full Time","2013-04-08","2013-07-07",,,"12.7","Baladna Q.P.S.C. (Qatar)","Commercial","Sales & Distribution","Commercial","Sales & Distribution - Section 3","CC-310","POS-00545","Technician - Sales & Distribution","Sales & Distribution","G1","Staff","BLD-100220","Arjun Kapoor","Doha Site","Qatar","Doha","Expatriate"
"BLD-100547","EMP000546","Ramesh Iqbal","Ramesh","Male","Indian","1976-04-08","47","Single","Terminated","Temporary","Full Time","2010-04-09","2010-07-08","2023-06-29","Resignation - Relocation","13.2","Baladna Q.P.S.C. (Qatar)","Operations","Quality Assurance & Food Safety","Operations","Quality Assurance & Food Safety - Section 3","CC-564","POS-00546","Technician - Quality Assurance & Food Safety","Quality Assurance & Food Safety","G5","Staff","BLD-101163","Ali Santos","Doha Site","Qatar","Doha","Expatriate"
"BLD-100548","EMP000547","Cherry Sharma","Cherry","Female","Egyptian","1983-09-01","40","Married","Terminated","Permanent","Full Time","2019-01-05","2019-04-05","2023-10-11","Resignation - Relocation","4.8","Baladna Egypt","Supply Chain","Supply Chain & Logistics","Supply Chain","Supply Chain & Logistics - Section 1","CC-370","POS-00547","Coordinator - Supply Chain & Logistics","Supply Chain & Logistics","G2","Staff","BLD-101416","Ahmed Abdullah","Cairo Site","Egypt","Cairo","Local"
"BLD-100549","EMP000548","Suresh Mansour","Suresh","Male","Indian","1974-07-09","51","Single","Active","Permanent","Full Time","2011-09-23","2011-12-22",,,"14.3","Baladna Q.P.S.C. (Qatar)","Corporate","IT & Digital","Corporate","IT & Digital - Section 1","CC-289","POS-00548","Team Lead - IT & Digital","IT & Digital","G9","Supervisory","BLD-100009","Juan Al-Sayed","Al Khor Site","Qatar","Al Khor","Expatriate"
"BLD-100550","EMP000549","Bikram Mahmoud","Bikram","Male","Indian","1979-02-16","43","Single","Terminated","Permanent","Full Time","2019-10-22","2020-01-20","2023-01-15","Termination - Performance","3.2","Baladna Q.P.S.C. (Qatar)","Operations","Production","Operations","Production - Section 2","CC-956","POS-00549","Coordinator - Production","Production","G4","Staff","BLD-101468","Omar Al-Kuwari","Doha Site","Qatar","Doha","Expatriate"
"BLD-100551","EMP000550","Prakash Reyes","Prakash","Male","Filipino","1985-11-20","40","Married","Terminated","Permanent","Full Time","2022-09-15","2022-12-14","2025-12-14","Resignation - Personal Reasons","3.2","Baladna Q.P.S.C. (Qatar)","Supply Chain","Supply Chain & Logistics","Supply Chain","Supply Chain & Logistics - Section 2","CC-370","POS-00550","Senior Officer - Supply Chain & Logistics","Supply Chain & Logistics","G9","Supervisory","BLD-100930","Sanjay Rai","Doha Site","Qatar","Doha","Expatriate"
"BLD-100552","EMP000551","Mohamed Mansour","Mohamed","Male","Indian","1968-08-11","57","Married","Active","Permanent","Full Time","2015-03-24","2015-06-22",,,"10.8","Baladna Q.P.S.C. (Qatar)","Supply Chain","Supply Chain & Logistics","Supply Chain","Supply Chain & Logistics - Section 3","CC-370","POS-00551","Operator - Supply Chain & Logistics","Supply Chain & Logistics","G3","Staff","BLD-101302","Khalid Santos","Al Khor Site","Qatar","Al Khor","Expatriate"
"BLD-100553","EMP000552","Reem Ibrahim","Reem","Female","Egyptian","1987-11-07","37","Single","Terminated","Permanent","Full Time","2011-11-03","2012-02-01","2025-10-25","Resignation - Personal Reasons","14","Baladna Egypt","Corporate","People & Culture","Corporate","People & Culture - Section 2","CC-310","POS-00552","Specialist - People & Culture","People & Culture","G9","Supervisory","BLD-101013","Juan Malik","10th of Ramadan City Site","Egypt","10th of Ramadan City","Local"
"BLD-100554","EMP000553","Hassan Islam","Hassan","Male","Egyptian","1974-09-14","51","Married","Active","Permanent","Full Time","2013-04-15","2013-07-14",,,"12.7","Baladna Egypt","Corporate","Finance","Corporate","Finance - Section 1","CC-502","POS-00553","Coordinator - Finance","Finance","G1","Staff","BLD-100236","Suresh El-Sayed","Alexandria Site","Egypt","Alexandria","Local"
"BLD-100555","EMP000554","Hari Khan","Hari","Male","Pakistani","1972-06-09","53","Married","Active","Contract","Full Time","2015-02-28","2015-05-29",,,"10.8","Baladna Q.P.S.C. (Qatar)","Corporate","Finance","Corporate","Finance - Section 2","CC-502","POS-00554","Supervisor - Finance","Finance","G6","Supervisory","BLD-100218","Bikram Al-Kuwari","Doha Site","Qatar","Doha","Expatriate"
"BLD-100556","EMP000555","Vikram Sharma","Vikram","Male","Nepali","1962-03-11","63","Married","Active","Permanent","Full Time","2016-09-13","2016-12-12",,,"9.3","Baladna Q.P.S.C. (Qatar)","Commercial","Marketing","Commercial","Marketing - Section 2","CC-916","POS-00555","Coordinator - Marketing","Marketing","G2","Staff","BLD-100937","Dina Farouk","Doha Site","Qatar","Doha","Expatriate"
"BLD-100557","EMP000556","Hari Cruz","Hari","Male","Nepali","1963-09-25","62","Married","Active","Permanent","Full Time","2010-02-10","2010-05-11",,,"15.9","Baladna Q.P.S.C. (Qatar)","Operations","Farm Operations","Operations","Farm Operations - Section 3","CC-662","POS-00556","Senior Officer - Farm Operations","Farm Operations","G9","Supervisory","BLD-101247","Ahmed El-Sayed","Al Rayyan Site","Qatar","Al Rayyan","Expatriate"
"BLD-100558","EMP000557","Sameer Devi","Sameer","Male","Indian","1967-05-10","56","Married","Terminated","Permanent","Full Time","2016-02-07","2016-05-07","2024-01-30","Resignation - Personal Reasons","8","Baladna Q.P.S.C. (Qatar)","Corporate","Corporate & Executive Office","Corporate","Corporate & Executive Office - Section 3","CC-577","POS-00557","Operator - Corporate & Executive Office","Corporate & Executive Office","G1","Staff","BLD-100206","Rakesh Sharma","Al Rayyan Site","Qatar","Al Rayyan","Expatriate"
"BLD-100559","EMP000558","Sameer Reyes","Sameer","Male","Egyptian","1982-03-05","43","Single","Active","Permanent","Full Time","2015-02-14","2015-05-15",,,"10.9","Baladna Egypt","Operations","Production","Operations","Production - Section 1","CC-956","POS-00558","Senior Manager - Production","Production","G12","Managerial","BLD-100109","Krishna Cruz","10th of Ramadan City Site","Egypt","10th of Ramadan City","Local"
"BLD-100560","EMP000559","Omar Abdullah","Omar","Male","Bangladeshi","1985-02-23","39","Married","Terminated","Permanent","Full Time","2018-09-02","2018-12-01","2024-05-28","Resignation - Personal Reasons","5.7","Baladna Q.P.S.C. (Qatar)","Operations","Quality Assurance & Food Safety","Operations","Quality Assurance & Food Safety - Section 3","CC-564","POS-00559","Operator - Quality Assurance & Food Safety","Quality Assurance & Food Safety","G1","Staff","BLD-100912","Hari Al-Kuwari","Doha Site","Qatar","Doha","Expatriate"
"BLD-100561","EMP000560","Ravi Farouk","Ravi","Male","Egyptian","1976-02-01","49","Married","Terminated","Permanent","Full Time","2018-11-17","2019-02-15","2025-04-18","End of Contract - Not Renewed by Employee","6.4","Baladna Egypt","Operations","Production","Operations","Production - Section 3","CC-956","POS-00560","Senior Manager - Production","Production","G11","Managerial","BLD-100155","Sameer Abdullah","Cairo Site","Egypt","Cairo","Local"
"BLD-100562","EMP000561","Santosh Rai","Santosh","Male","Indian","1997-03-12","28","Married","Active","Permanent","Full Time","2019-12-27","2020-03-26",,,"6","Baladna Q.P.S.C. (Qatar)","Operations","Engineering & Maintenance","Operations","Engineering & Maintenance - Section 3","CC-178","POS-00561","Associate - Engineering & Maintenance","Engineering & Maintenance","G3","Staff","BLD-100319","Prakash Sharma","Doha Site","Qatar","Doha","Expatriate"
"BLD-100563","EMP000562","Kumar Islam","Kumar","Male","Egyptian","1988-09-15","36","Single","Terminated","Contract","Full Time","2017-02-10","2017-05-11","2025-01-27","Resignation - Personal Reasons","8","Baladna Q.P.S.C. (Qatar)","Operations","R&D","Operations","R&D - Section 2","CC-118","POS-00562","Assistant - R&D","R&D","G4","Staff","BLD-100701","Rowena Kapoor","Doha Site","Qatar","Doha","Expatriate"
"BLD-100564","EMP000563","Fatima Gurung","Fatima","Female","Egyptian","1981-12-17","43","Other","Terminated","Permanent","Full Time","2019-07-20","2019-10-18","2025-10-23","Resignation - Personal Reasons","6.3","Baladna Egypt","Corporate","People & Culture","Corporate","People & Culture - Section 1","CC-310","POS-00563","Operator - People & Culture","People & Culture","G2","Staff","BLD-101350","Omar Abdullah","Cairo Site","Egypt","Cairo","Local"
"BLD-100565","EMP000564","Ravi Cruz","Ravi","Male","Egyptian","1983-01-14","42","Single","Active","Temporary","Full Time","2013-01-02","2013-04-02",,,"13","Baladna Egypt","Corporate","Finance","Corporate","Finance - Section 1","CC-502","POS-00564","Assistant - Finance","Finance","G1","Staff","BLD-100460","Juan El-Sayed","Cairo Site","Egypt","Cairo","Local"
"BLD-100566","EMP000565","Sara Rai","Sara","Female","Pakistani","1962-07-12","62","Married","Terminated","Permanent","Full Time","2014-08-17","2014-11-15","2025-04-27","End of Contract - Not Renewed by Employee","10.7","Baladna Q.P.S.C. (Qatar)","Corporate","People & Culture","Corporate","People & Culture - Section 1","CC-310","POS-00565","Operator - People & Culture","People & Culture","G3","Staff","BLD-100625","Hind Mahmoud","Doha Site","Qatar","Doha","Expatriate"
"BLD-100567","EMP000566","Pooja Chowdhury","Pooja","Female","Egyptian","1974-06-17","48","Married","Terminated","Permanent","Part Time","2022-05-09","2022-08-07","2023-02-12","Termination - Redundancy","0.8","Baladna Egypt","Corporate","People & Culture","Corporate","People & Culture - Section 1","CC-310","POS-00566","Specialist - People & Culture","People & Culture","G6","Supervisory","BLD-100651","Sunita Youssef","10th of Ramadan City Site","Egypt","10th of Ramadan City","Local"
"BLD-100568","EMP000567","Suresh Islam","Suresh","Male","Jordanian","1965-08-20","58","Single","Terminated","Permanent","Full Time","2012-03-10","2012-06-08","2023-11-15","End of Contract - Not Renewed by Employee","11.7","Baladna Q.P.S.C. (Qatar)","Operations","Production","Operations","Production - Section 3","CC-956","POS-00567","Operator - Production","Production","G4","Staff","BLD-100704","Waleed Gurung","Doha Site","Qatar","Doha","Expatriate"
"BLD-100569","EMP000568","Fatima Cruz","Fatima","Female","Pakistani","1961-02-23","64","Married","Active","Permanent","Full Time","2015-10-10","2016-01-08",,,"10.2","Baladna Q.P.S.C. (Qatar)","Corporate","People & Culture","Corporate","People & Culture - Section 3","CC-310","POS-00568","Assistant - People & Culture","People & Culture","G3","Staff","BLD-101419","Cherry Ibrahim","Doha Site","Qatar","Doha","Expatriate"
"BLD-100570","EMP000569","Mona Khan","Mona","Female","Sri Lankan","1985-05-15","40","Married","Active","Contract","Full Time","2017-03-24","2017-06-22",,,"8.8","Baladna Q.P.S.C. (Qatar)","Commercial","Marketing","Commercial","Marketing - Section 3","CC-916","POS-00569","Associate - Marketing","Marketing","G1","Staff","BLD-100739","Yasmin Islam","Doha Site","Qatar","Doha","Expatriate"
"BLD-100571","EMP000570","Noor Al-Sayed","Noor","Female","Nepali","1996-06-08","26","Married","Terminated","Temporary","Full Time","2018-02-28","2018-05-29","2023-05-22","Termination - Disciplinary","5.2","Baladna Q.P.S.C. (Qatar)","Operations","R&D","Operations","R&D - Section 3","CC-118","POS-00570","Assistant - R&D","R&D","G3","Staff","BLD-100728","Bishnu Mansour","Doha Site","Qatar","Doha","Expatriate"
"BLD-100572","EMP000571","Bishnu Iqbal","Bishnu","Male","Jordanian","1980-12-14","45","Married","Active","Permanent","Full Time","2019-03-31","2019-06-29",,,"6.8","Baladna Egypt","Operations","Quality Assurance & Food Safety","Operations","Quality Assurance & Food Safety - Section 1","CC-564","POS-00571","Team Lead - Quality Assurance & Food Safety","Quality Assurance & Food Safety","G9","Supervisory","BLD-100086","Sameer Al-Marri","10th of Ramadan City Site","Egypt","10th of Ramadan City","Expatriate"
"BLD-100573","EMP000572","Ali Al-Kuwari","Ali","Male","Pakistani","1970-06-19","54","Single","Terminated","Permanent","Full Time","2018-05-02","2018-07-31","2024-11-23","Resignation - Better Opportunity","6.6","Baladna Q.P.S.C. (Qatar)","Operations","Farm Operations","Operations","Farm Operations - Section 1","CC-662","POS-00572","Operator - Farm Operations","Farm Operations","G1","Staff","BLD-100944","Prakash Kapoor","Al Khor Site","Qatar","Al Khor","Expatriate"
"BLD-100574","EMP000573","Kumar Sharma","Kumar","Male","Egyptian","1962-03-03","63","Married","Active","Permanent","Full Time","2015-10-10","2016-01-08",,,"10.2","Baladna Egypt","Commercial","Sales & Distribution","Commercial","Sales & Distribution - Section 3","CC-310","POS-00573","Officer - Sales & Distribution","Sales & Distribution","G5","Staff","BLD-101353","Ramesh Ibrahim","10th of Ramadan City Site","Egypt","10th of Ramadan City","Local"
"BLD-100575","EMP000574","Sanjay Ibrahim","Sanjay","Male","Pakistani","1968-11-11","57","Other","Active","Permanent","Full Time","2016-02-16","2016-05-16",,,"9.9","Baladna Q.P.S.C. (Qatar)","Operations","Engineering & Maintenance","Operations","Engineering & Maintenance - Section 1","CC-178","POS-00574","Operator - Engineering & Maintenance","Engineering & Maintenance","G4","Staff","BLD-101434","Bishnu El-Sayed","Al Khor Site","Qatar","Al Khor","Expatriate"
"BLD-100576","EMP000575","Dalia Al-Kuwari","Dalia","Female","Egyptian","1995-11-13","30","Single","Active","Permanent","Full Time","2020-12-14","2021-03-14",,,"5","Baladna Q.P.S.C. (Qatar)","Corporate","Finance","Corporate","Finance - Section 1","CC-502","POS-00575","Senior Manager - Finance","Finance","G10","Managerial","BLD-101297","Krishna Kapoor","Al Khor Site","Qatar","Al Khor","Expatriate"
"BLD-100577","EMP000576","Ahmed Chowdhury","Ahmed","Male","Filipino","1992-08-12","31","Married","Terminated","Permanent","Full Time","2017-05-28","2017-08-26","2023-12-26","Resignation - Relocation","6.6","Baladna Q.P.S.C. (Qatar)","Operations","Farm Operations","Operations","Farm Operations - Section 2","CC-662","POS-00576","Officer - Farm Operations","Farm Operations","G3","Staff","BLD-101321","Ahmed Malik","Al Khor Site","Qatar","Al Khor","Expatriate"
"BLD-100578","EMP000577","Sanjay Abdullah","Sanjay","Male","Nepali","2001-11-21","24","Single","Active","Permanent","Full Time","2022-01-10","2022-04-10",,,"4","Baladna Q.P.S.C. (Qatar)","Supply Chain","Supply Chain & Logistics","Supply Chain","Supply Chain & Logistics - Section 3","CC-370","POS-00577","Manager - Supply Chain & Logistics","Supply Chain & Logistics","G12","Managerial","BLD-101509","Suresh Reyes","Doha Site","Qatar","Doha","Expatriate"
"BLD-100579","EMP000578","Kumar Reyes","Kumar","Male","Indian","1990-05-19","35","Single","Active","Permanent","Full Time","2015-05-21","2015-08-19",,,"10.6","Baladna Q.P.S.C. (Qatar)","Operations","Quality Assurance & Food Safety","Operations","Quality Assurance & Food Safety - Section 3","CC-564","POS-00578","Assistant - Quality Assurance & Food Safety","Quality Assurance & Food Safety","G3","Staff","BLD-100735","Juan Al-Marri","Al Khor Site","Qatar","Al Khor","Expatriate"
"BLD-100580","EMP000579","Noor Islam","Noor","Female","Nepali","1982-09-21","43","Married","Active","Permanent","Full Time","2018-06-20","2018-09-18",,,"7.5","Baladna Q.P.S.C. (Qatar)","Operations","Farm Operations","Operations","Farm Operations - Section 3","CC-662","POS-00579","Senior Technician - Farm Operations","Farm Operations","G8","Supervisory","BLD-100724","Mohamed El-Sayed","Doha Site","Qatar","Doha","Expatriate"
"BLD-100581","EMP000580","Khalid Ahmed","Khalid","Male","Nepali","1963-09-13","62","Married","Active","Permanent","Full Time","2016-07-21","2016-10-19",,,"9.4","Baladna Q.P.S.C. (Qatar)","Commercial","Sales & Distribution","Commercial","Sales & Distribution - Section 3","CC-310","POS-00580","Officer - Sales & Distribution","Sales & Distribution","G1","Staff","BLD-100503","Suresh Baig","Doha Site","Qatar","Doha","Expatriate"
"BLD-100582","EMP000581","Santosh Islam","Santosh","Male","Indian","1969-12-01","55","Single","Terminated","Temporary","Full Time","2022-08-18","2022-11-16","2025-10-14","Contract Non-Renewal - Company Decision","3.2","Baladna Q.P.S.C. (Qatar)","Corporate","Corporate & Executive Office","Corporate","Corporate & Executive Office - Section 1","CC-577","POS-00581","Specialist - Corporate & Executive Office","Corporate & Executive Office","G8","Supervisory","BLD-100406","Tariq Pereira","Doha Site","Qatar","Doha","Expatriate"
"BLD-100583","EMP000582","Kumar El-Sayed","Kumar","Male","Egyptian","1988-03-09","37","Married","Active","Permanent","Full Time","2012-11-17","2013-02-15",,,"13.1","Baladna Egypt","Commercial","Sales & Distribution","Commercial","Sales & Distribution - Section 1","CC-310","POS-00582","Manager - Sales & Distribution","Sales & Distribution","G10","Managerial","BLD-100036","Waleed Gurung","Cairo Site","Egypt","Cairo","Local"
"BLD-100584","EMP000583","Prakash Farouk","Prakash","Male","Filipino","1985-03-01","40","Married","Active","Permanent","Full Time","2013-01-16","2013-04-16",,,"13","Baladna Q.P.S.C. (Qatar)","Operations","Engineering & Maintenance","Operations","Engineering & Maintenance - Section 1","CC-178","POS-00583","Supervisor - Engineering & Maintenance","Engineering & Maintenance","G6","Supervisory","BLD-100008","Ramesh Kapoor","Al Khor Site","Qatar","Al Khor","Expatriate"
"BLD-100585","EMP000584","Dalia Rai","Dalia","Female","Pakistani","1972-03-13","51","Married","Terminated","Contract","Full Time","2017-10-05","2018-01-03","2023-09-22","Contract Non-Renewal - Company Decision","6","Baladna Q.P.S.C. (Qatar)","Commercial","Sales & Distribution","Commercial","Sales & Distribution - Section 2","CC-310","POS-00584","Operator - Sales & Distribution","Sales & Distribution","G1","Staff","BLD-100935","Reem Youssef","Doha Site","Qatar","Doha","Expatriate"
"BLD-100586","EMP000585","Khalid Chowdhury","Khalid","Male","Qatari","1985-12-13","40","Single","Active","Permanent","Full Time","2013-10-11","2014-01-09",,,"12.2","Baladna Q.P.S.C. (Qatar)","Corporate","Finance","Corporate","Finance - Section 1","CC-502","POS-00585","Manager - Finance","Finance","G11","Managerial","BLD-101297","Krishna Kapoor","Al Khor Site","Qatar","Al Khor","Local"
"BLD-100587","EMP000586","Rajesh El-Sayed","Rajesh","Male","Indian","1998-09-26","27","Married","Active","Permanent","Full Time","2021-09-28","2021-12-27",,,"4.3","Baladna Q.P.S.C. (Qatar)","Operations","Production","Operations","Production - Section 1","CC-956","POS-00586","Technician - Production","Production","G3","Staff","BLD-100734","Omar Al-Kuwari","Al Khor Site","Qatar","Al Khor","Expatriate"
"BLD-100588","EMP000587","Kavita Ahmed","Kavita","Female","Egyptian","1989-04-25","36","Single","Terminated","Contract","Full Time","2012-10-12","2013-01-10","2025-07-28","Resignation - Better Opportunity","12.8","Baladna Egypt","Corporate","Finance","Corporate","Finance - Section 2","CC-502","POS-00587","Officer - Finance","Finance","G2","Staff","BLD-100460","Juan El-Sayed","Alexandria Site","Egypt","Alexandria","Local"
"BLD-100589","EMP000588","Faisal Baig","Faisal","Male","Filipino","1980-01-17","45","Single","Active","Permanent","Full Time","2021-01-10","2021-04-10",,,"5","Baladna Q.P.S.C. (Qatar)","Corporate","Corporate & Executive Office","Corporate","Corporate & Executive Office - Section 2","CC-577","POS-00588","Coordinator - Corporate & Executive Office","Corporate & Executive Office","G1","Staff","BLD-100745","Mona Al-Kuwari","Doha Site","Qatar","Doha","Expatriate"
"BLD-100590","EMP000589","Pooja Thapa","Pooja","Female","Qatari","2002-07-01","23","Married","Active","Permanent","Full Time","2022-09-27","2022-12-26",,,"3.3","Baladna Q.P.S.C. (Qatar)","Corporate","Finance","Corporate","Finance - Section 3","CC-502","POS-00589","Technician - Finance","Finance","G2","Staff","BLD-101488","Jose Malik","Doha Site","Qatar","Doha","Local"
"BLD-100591","EMP000590","Ali El-Sayed","Ali","Male","Pakistani","1984-02-13","41","Married","Active","Permanent","Full Time","2013-06-29","2013-09-27",,,"12.5","Baladna Q.P.S.C. (Qatar)","Operations","Quality Assurance & Food Safety","Operations","Quality Assurance & Food Safety - Section 3","CC-564","POS-00590","Associate - Quality Assurance & Food Safety","Quality Assurance & Food Safety","G1","Staff","BLD-101066","Kumar Mansour","Al Rayyan Site","Qatar","Al Rayyan","Expatriate"
"BLD-100592","EMP000591","Yasmin Cruz","Yasmin","Female","Egyptian","1983-12-01","42","Single","Active","Permanent","Full Time","2022-04-05","2022-07-04",,,"3.7","Baladna Egypt","Corporate","People & Culture","Corporate","People & Culture - Section 1","CC-310","POS-00591","Senior Officer - People & Culture","People & Culture","G6","Supervisory","BLD-100651","Sunita Youssef","Cairo Site","Egypt","Cairo","Local"
"BLD-100593","EMP000592","Santosh Mahmoud","Santosh","Male","Indian","1967-04-15","58","Single","Active","Permanent","Full Time","2016-08-29","2016-11-27",,,"9.3","Baladna Q.P.S.C. (Qatar)","Operations","R&D","Operations","R&D - Section 3","CC-118","POS-00592","Specialist - R&D","R&D","G6","Supervisory","BLD-100059","Noor Mansour","Al Khor Site","Qatar","Al Khor","Expatriate"
"BLD-100594","EMP000593","Rina Abdullah","Rina","Female","Filipino","1975-02-11","50","Married","Active","Permanent","Full Time","2020-05-15","2020-08-13",,,"5.6","Baladna Q.P.S.C. (Qatar)","Corporate","People & Culture","Corporate","People & Culture - Section 3","CC-310","POS-00593","Senior Technician - People & Culture","People & Culture","G6","Supervisory","BLD-100657","Waleed Mendoza","Doha Site","Qatar","Doha","Expatriate"
"BLD-100595","EMP000594","Vikram Al-Kuwari","Vikram","Male","Sudanese","1976-05-06","49","Married","Active","Permanent","Full Time","2015-08-10","2015-11-08",,,"10.4","Baladna Q.P.S.C. (Qatar)","Commercial","Sales & Distribution","Commercial","Sales & Distribution - Section 2","CC-310","POS-00594","Officer - Sales & Distribution","Sales & Distribution","G1","Staff","BLD-101399","Anil Al-Kuwari","Doha Site","Qatar","Doha","Expatriate"
"BLD-100596","EMP000595","Khalid El-Sayed","Khalid","Male","Sri Lankan","1984-07-15","41","Married","Active","Contract","Full Time","2013-08-26","2013-11-24",,,"12.3","Baladna Q.P.S.C. (Qatar)","Operations","Quality Assurance & Food Safety","Operations","Quality Assurance & Food Safety - Section 1","CC-564","POS-00595","Officer - Quality Assurance & Food Safety","Quality Assurance & Food Safety","G2","Staff","BLD-100677","Manoj Pereira","Doha Site","Qatar","Doha","Expatriate"
"BLD-100597","EMP000596","Jose Youssef","Jose","Male","Jordanian","1972-02-15","53","Single","Active","Permanent","Full Time","2015-11-03","2016-02-01",,,"10.2","Baladna Q.P.S.C. (Qatar)","Operations","Engineering & Maintenance","Operations","Engineering & Maintenance - Section 1","CC-178","POS-00596","Supervisor - Engineering & Maintenance","Engineering & Maintenance","G9","Supervisory","BLD-100494","Ravi Youssef","Doha Site","Qatar","Doha","Expatriate"
"BLD-100598","EMP000597","Bishnu Ahmed","Bishnu","Male","Indian","1981-03-16","44","Single","Active","Permanent","Full Time","2021-05-08","2021-08-06",,,"4.6","Baladna Q.P.S.C. (Qatar)","Operations","Engineering & Maintenance","Operations","Engineering & Maintenance - Section 3","CC-178","POS-00597","Senior Technician - Engineering & Maintenance","Engineering & Maintenance","G6","Supervisory","BLD-100008","Ramesh Kapoor","Al Rayyan Site","Qatar","Al Rayyan","Expatriate"
"BLD-100599","EMP000598","Pooja Thapa","Pooja","Female","Nepali","1967-12-07","58","Married","Active","Permanent","Full Time","2013-02-19","2013-05-20",,,"12.9","Baladna Q.P.S.C. (Qatar)","Corporate","Corporate & Executive Office","Corporate","Corporate & Executive Office - Section 3","CC-577","POS-00598","Senior Officer - Corporate & Executive Office","Corporate & Executive Office","G6","Supervisory","BLD-100154","Bishnu Mendoza","Al Rayyan Site","Qatar","Al Rayyan","Expatriate"
"BLD-100600","EMP000599","Arjun Cruz","Arjun","Male","Indian","1982-09-20","43","Married","Active","Permanent","Full Time","2017-05-18","2017-08-16",,,"8.6","Baladna Q.P.S.C. (Qatar)","Corporate","Finance","Corporate","Finance - Section 2","CC-502","POS-00599","Manager - Finance","Finance","G12","Managerial","BLD-101297","Krishna Kapoor","Doha Site","Qatar","Doha","Expatriate"
"BLD-100601","EMP000600","Dina Malik","Dina","Female","Indian","1961-10-24","64","Married","Terminated","Permanent","Full Time","2013-07-17","2013-10-15","2025-10-26","Resignation - Relocation","12.3","Baladna Q.P.S.C. (Qatar)","Operations","Quality Assurance & Food Safety","Operations","Quality Assurance & Food Safety - Section 2","CC-564","POS-00600","Associate - Quality Assurance & Food Safety","Quality Assurance & Food Safety","G2","Staff","BLD-100283","Krishna Islam","Doha Site","Qatar","Doha","Expatriate"
"BLD-100602","EMP000601","Layla Chowdhury","Layla","Female","Indian","1991-06-03","33","Married","Terminated","Contract","Full Time","2021-06-07","2021-09-05","2024-12-01","Contract Non-Renewal - Company Decision","3.5","Baladna Q.P.S.C. (Qatar)","Commercial","Marketing","Commercial","Marketing - Section 1","CC-916","POS-00601","Specialist - Marketing","Marketing","G6","Supervisory","BLD-100445","Mona Sharma","Al Khor Site","Qatar","Al Khor","Expatriate"
"BLD-100603","EMP000602","Sameer Malik","Sameer","Male","Pakistani","1992-12-25","30","Single","Terminated","Permanent","Full Time","2017-02-13","2017-05-14","2023-01-26","Resignation - Better Opportunity","5.9","Baladna Q.P.S.C. (Qatar)","Operations","Farm Operations","Operations","Farm Operations - Section 2","CC-662","POS-00602","Officer - Farm Operations","Farm Operations","G5","Staff","BLD-100353","Suresh Abdullah","Doha Site","Qatar","Doha","Expatriate"
"BLD-100604","EMP000603","Manoj Fernandes","Manoj","Male","Indian","1966-07-13","56","Married","Terminated","Permanent","Full Time","2020-08-01","2020-10-30","2023-03-31","Resignation - Personal Reasons","2.7","Baladna Q.P.S.C. (Qatar)","Commercial","Marketing","Commercial","Marketing - Section 1","CC-916","POS-00603","Team Lead - Marketing","Marketing","G6","Supervisory","BLD-100421","Huda Ahmed","Al Khor Site","Qatar","Al Khor","Expatriate"
"BLD-100605","EMP000604","Khalid Cruz","Khalid","Male","Pakistani","1969-03-02","56","Single","Active","Contract","Full Time","2013-08-09","2013-11-07",,,"12.4","Baladna Q.P.S.C. (Qatar)","Operations","Production","Operations","Production - Section 3","CC-956","POS-00604","Associate - Production","Production","G1","Staff","BLD-100862","Omar Gurung","Doha Site","Qatar","Doha","Expatriate"
"BLD-100606","EMP000605","Juan Abdullah","Juan","Male","Jordanian","1982-03-22","41","Married","Terminated","Permanent","Full Time","2010-01-12","2010-04-12","2023-05-07","End of Contract - Not Renewed by Employee","13.3","Baladna Q.P.S.C. (Qatar)","Operations","Production","Operations","Production - Section 3","CC-956","POS-00605","Technician - Production","Production","G5","Staff","BLD-100475","Tariq Mansour","Doha Site","Qatar","Doha","Expatriate"
"BLD-100607","EMP000606","Omar Santos","Omar","Male","Jordanian","1976-11-18","46","Single","Terminated","Permanent","Full Time","2020-06-05","2020-09-03","2023-09-10","Resignation - Better Opportunity","3.3","Baladna Egypt","Corporate","Finance","Corporate","Finance - Section 3","CC-502","POS-00606","Senior Manager - Finance","Finance","G11","Managerial","BLD-100155","Sameer Abdullah","10th of Ramadan City Site","Egypt","10th of Ramadan City","Expatriate"
"BLD-100608","EMP000607","Rania Cruz","Rania","Female","Sri Lankan","2002-05-08","23","Married","Active","Permanent","Full Time","2022-05-05","2022-08-03",,,"3.7","Baladna Q.P.S.C. (Qatar)","Operations","Quality Assurance & Food Safety","Operations","Quality Assurance & Food Safety - Section 1","CC-564","POS-00607","Specialist - Quality Assurance & Food Safety","Quality Assurance & Food Safety","G7","Supervisory","BLD-101369","Anil Gurung","Al Rayyan Site","Qatar","Al Rayyan","Expatriate"
"BLD-100609","EMP000608","Amina Baig","Amina","Female","Nepali","1971-12-03","52","Married","Terminated","Permanent","Full Time","2022-06-12","2022-09-10","2024-01-21","Termination - Redundancy","1.6","Baladna Q.P.S.C. (Qatar)","Corporate","People & Culture","Corporate","People & Culture - Section 3","CC-310","POS-00608","Associate - People & Culture","People & Culture","G1","Staff","BLD-100035","Noor Mahmoud","Al Khor Site","Qatar","Al Khor","Expatriate"
"BLD-100610","EMP000609","Sanjay Kapoor","Sanjay","Male","Sri Lankan","1980-05-18","42","Married","Terminated","Permanent","Full Time","2018-12-02","2019-03-02","2023-05-12","Resignation - Personal Reasons","4.4","Baladna Q.P.S.C. (Qatar)","Operations","Quality Assurance & Food Safety","Operations","Quality Assurance & Food Safety - Section 3","CC-564","POS-00609","Associate - Quality Assurance & Food Safety","Quality Assurance & Food Safety","G1","Staff","BLD-100618","Deepak Cruz","Al Khor Site","Qatar","Al Khor","Expatriate"
"BLD-100611","EMP000610","Hind Khan","Hind","Female","Sudanese","1976-07-03","49","Married","Terminated","Permanent","Full Time","2010-01-24","2010-04-24","2025-12-08","End of Contract - Not Renewed by Employee","15.9","Baladna Egypt","Corporate","People & Culture","Corporate","People & Culture - Section 1","CC-310","POS-00610","Assistant - People & Culture","People & Culture","G5","Staff","BLD-100044","Prakash Islam","Cairo Site","Egypt","Cairo","Expatriate"
"BLD-100612","EMP000611","Mohamed Rai","Mohamed","Male","Egyptian","1977-09-19","46","Married","Terminated","Permanent","Full Time","2011-03-20","2011-06-18","2024-01-22","Resignation - Personal Reasons","12.8","Baladna Egypt","Operations","Production","Operations","Production - Section 2","CC-956","POS-00611","Operator - Production","Production","G4","Staff","BLD-100868","Kumar Iqbal","Alexandria Site","Egypt","Alexandria","Local"
"BLD-100613","EMP000612","Hassan Pereira","Hassan","Male","Egyptian","1974-06-17","50","Married","Terminated","Permanent","Full Time","2021-04-15","2021-07-14","2024-08-26","Resignation - Personal Reasons","3.4","Baladna Egypt","Operations","Production","Operations","Production - Section 1","CC-956","POS-00612","Manager - Production","Production","G11","Managerial","BLD-100155","Sameer Abdullah","Cairo Site","Egypt","Cairo","Local"
"BLD-100614","EMP000613","Ali Thapa","Ali","Male","Sudanese","1964-10-02","61","Single","Active","Permanent","Full Time","2015-01-11","2015-04-11",,,"11","Baladna Q.P.S.C. (Qatar)","Operations","R&D","Operations","R&D - Section 2","CC-118","POS-00613","Officer - R&D","R&D","G3","Staff","BLD-100290","Bishnu Khan","Al Khor Site","Qatar","Al Khor","Expatriate"
"BLD-100615","EMP000614","Dina Reyes","Dina","Female","Indian","1983-06-11","42","Married","Active","Permanent","Full Time","2020-07-05","2020-10-03",,,"5.5","Baladna Q.P.S.C. (Qatar)","Corporate","People & Culture","Corporate","People & Culture - Section 3","CC-310","POS-00614","Team Lead - People & Culture","People & Culture","G7","Supervisory","BLD-100776","Dina Reyes","Doha Site","Qatar","Doha","Expatriate"
"BLD-100616","EMP000615","Tariq Youssef","Tariq","Male","Egyptian","1960-09-02","62","Single","Terminated","Permanent","Full Time","2014-11-15","2015-02-13","2023-07-11","End of Contract - Not Renewed by Employee","8.7","Baladna Egypt","Operations","Production","Operations","Production - Section 3","CC-956","POS-00615","Supervisor - Production","Production","G6","Supervisory","BLD-101084","Mohamed Baig","Alexandria Site","Egypt","Alexandria","Local"
"BLD-100617","EMP000616","Jose Ahmed","Jose","Male","Pakistani","1970-01-20","53","Married","Terminated","Permanent","Full Time","2016-12-26","2017-03-26","2023-03-30","Resignation - Relocation","6.3","Baladna Q.P.S.C. (Qatar)","Corporate","Corporate & Executive Office","Corporate","Corporate & Executive Office - Section 3","CC-577","POS-00616","Officer - Corporate & Executive Office","Corporate & Executive Office","G3","Staff","BLD-101192","Rajesh Ahmed","Al Khor Site","Qatar","Al Khor","Expatriate"
"BLD-100618","EMP000617","Deepak Cruz","Deepak","Male","Indian","1977-05-11","45","Married","Terminated","Permanent","Full Time","2017-07-31","2017-10-29","2023-03-20","Resignation - Relocation","5.6","Baladna Q.P.S.C. (Qatar)","Operations","Quality Assurance & Food Safety","Operations","Quality Assurance & Food Safety - Section 1","CC-564","POS-00617","Senior Officer - Quality Assurance & Food Safety","Quality Assurance & Food Safety","G6","Supervisory","BLD-100744","Vikram Hassan","Al Khor Site","Qatar","Al Khor","Expatriate"
"BLD-100619","EMP000618","Hassan Rai","Hassan","Male","Nepali","1971-01-20","51","Single","Terminated","Contract","Full Time","2015-01-02","2015-04-02","2023-01-14","Resignation - Personal Reasons","8","Baladna Q.P.S.C. (Qatar)","Operations","Quality Assurance & Food Safety","Operations","Quality Assurance & Food Safety - Section 1","CC-564","POS-00618","Senior Technician - Quality Assurance & Food Safety","Quality Assurance & Food Safety","G6","Supervisory","BLD-100744","Vikram Hassan","Doha Site","Qatar","Doha","Expatriate"
"BLD-100620","EMP000619","Anil Al-Sayed","Anil","Male","Sudanese","1977-05-03","48","Married","Terminated","Contract","Full Time","2017-03-25","2017-06-23","2025-11-19","Termination - Redundancy","8.7","Baladna Q.P.S.C. (Qatar)","Supply Chain","Supply Chain & Logistics","Supply Chain","Supply Chain & Logistics - Section 3","CC-370","POS-00619","Technician - Supply Chain & Logistics","Supply Chain & Logistics","G1","Staff","BLD-101201","Santosh Devi","Doha Site","Qatar","Doha","Expatriate"
"BLD-100621","EMP000620","Anil Mahmoud","Anil","Male","Pakistani","1996-07-05","29","Married","Active","Contract","Full Time","2016-12-15","2017-03-15",,,"9","Baladna Q.P.S.C. (Qatar)","Operations","Engineering & Maintenance","Operations","Engineering & Maintenance - Section 2","CC-178","POS-00620","Specialist - Engineering & Maintenance","Engineering & Maintenance","G9","Supervisory","BLD-100494","Ravi Youssef","Doha Site","Qatar","Doha","Expatriate"
"BLD-100622","EMP000621","Vikram Santos","Vikram","Male","Nepali","1982-09-17","43","Single","Active","Permanent","Full Time","2016-02-23","2016-05-23",,,"9.9","Baladna Q.P.S.C. (Qatar)","Operations","Quality Assurance & Food Safety","Operations","Quality Assurance & Food Safety - Section 1","CC-564","POS-00621","Technician - Quality Assurance & Food Safety","Quality Assurance & Food Safety","G1","Staff","BLD-100797","Rajesh Farouk","Al Khor Site","Qatar","Al Khor","Expatriate"
"BLD-100623","EMP000622","Omar Devi","Omar","Male","Jordanian","1996-04-22","29","Single","Active","Contract","Full Time","2016-05-18","2016-08-16",,,"9.6","Baladna Q.P.S.C. (Qatar)","Corporate","Finance","Corporate","Finance - Section 1","CC-502","POS-00622","Coordinator - Finance","Finance","G4","Staff","BLD-101485","Deepak Cruz","Doha Site","Qatar","Doha","Expatriate"
"BLD-100624","EMP000623","Ravi Sharma","Ravi","Male","Egyptian","1965-08-12","58","Single","Terminated","Contract","Full Time","2018-03-25","2018-06-23","2024-05-06","Termination - Performance","6.1","Baladna Egypt","Corporate","Finance","Corporate","Finance - Section 3","CC-502","POS-00623","Assistant - Finance","Finance","G2","Staff","BLD-100370","Ravi Islam","Alexandria Site","Egypt","Alexandria","Local"
"BLD-100625","EMP000624","Hind Mahmoud","Hind","Female","Bangladeshi","1972-04-25","53","Single","Active","Permanent","Full Time","2016-05-02","2016-07-31",,,"9.7","Baladna Q.P.S.C. (Qatar)","Corporate","People & Culture","Corporate","People & Culture - Section 2","CC-310","POS-00624","Senior Officer - People & Culture","People & Culture","G9","Supervisory","BLD-100349","Khalid Thapa","Doha Site","Qatar","Doha","Expatriate"
"BLD-100626","EMP000625","Juan Santos","Juan","Male","Indian","1956-04-13","69","Married","Active","Permanent","Full Time","2010-01-05","2010-04-05",,,"16","Baladna Q.P.S.C. (Qatar)","Supply Chain","Procurement","Supply Chain","Procurement - Section 2","CC-637","POS-00625","Assistant Manager - Procurement","Procurement","G10","Managerial","BLD-100763","Mohamed Rai","Al Khor Site","Qatar","Al Khor","Expatriate"
"BLD-100627","EMP000626","Rakesh Youssef","Rakesh","Male","Pakistani","1978-10-03","47","Married","Active","Permanent","Full Time","2015-03-06","2015-06-04",,,"10.8","Baladna Q.P.S.C. (Qatar)","Operations","Production","Operations","Production - Section 1","CC-956","POS-00626","Senior Officer - Production","Production","G9","Supervisory","BLD-100394","Hari Abdullah","Al Rayyan Site","Qatar","Al Rayyan","Expatriate"
"BLD-100628","EMP000627","Rowena Ibrahim","Rowena","Female","Indian","1987-01-21","36","Single","Terminated","Permanent","Full Time","2013-07-13","2013-10-11","2023-10-26","Termination - Redundancy","10.3","Baladna Q.P.S.C. (Qatar)","Corporate","IT & Digital","Corporate","IT & Digital - Section 3","CC-289","POS-00627","Specialist - IT & Digital","IT & Digital","G6","Supervisory","BLD-101014","Ali Baig","Al Rayyan Site","Qatar","Al Rayyan","Expatriate"
"BLD-100629","EMP000628","Faisal Santos","Faisal","Male","Indian","1980-10-13","42","Single","Terminated","Temporary","Full Time","2016-07-22","2016-10-20","2023-01-29","Resignation - Personal Reasons","6.5","Baladna Q.P.S.C. (Qatar)","Corporate","People & Culture","Corporate","People & Culture - Section 1","CC-310","POS-00628","Coordinator - People & Culture","People & Culture","G3","Staff","BLD-101419","Cherry Ibrahim","Al Khor Site","Qatar","Al Khor","Expatriate"
"BLD-100630","EMP000629","Bishnu Sharma","Bishnu","Male","Sudanese","1982-09-10","41","Single","Terminated","Permanent","Full Time","2020-04-24","2020-07-23","2023-11-03","Termination - Redundancy","3.5","Baladna Q.P.S.C. (Qatar)","Commercial","Marketing","Commercial","Marketing - Section 3","CC-916","POS-00629","Team Lead - Marketing","Marketing","G6","Supervisory","BLD-100500","Bishnu Kapoor","Doha Site","Qatar","Doha","Expatriate"
"BLD-100631","EMP000630","Manoj Abdullah","Manoj","Male","Egyptian","1983-08-10","40","Single","Terminated","Permanent","Full Time","2015-01-05","2015-04-05","2024-02-29","Resignation - Personal Reasons","9.1","Baladna Egypt","Supply Chain","Supply Chain & Logistics","Supply Chain","Supply Chain & Logistics - Section 3","CC-370","POS-00630","Operator - Supply Chain & Logistics","Supply Chain & Logistics","G2","Staff","BLD-100957","Mohamed Mansour","10th of Ramadan City Site","Egypt","10th of Ramadan City","Local"
"BLD-100632","EMP000631","Juan Islam","Juan","Male","Nepali","1991-03-15","32","Married","Terminated","Permanent","Full Time","2020-01-12","2020-04-11","2023-04-27","Contract Non-Renewal - Company Decision","3.3","Baladna Q.P.S.C. (Qatar)","Corporate","IT & Digital","Corporate","IT & Digital - Section 3","CC-289","POS-00631","Operator - IT & Digital","IT & Digital","G3","Staff","BLD-100802","Jose Chowdhury","Doha Site","Qatar","Doha","Expatriate"
"BLD-100633","EMP000632","Jose Hassan","Jose","Male","Egyptian","1960-08-06","65","Single","Active","Contract","Full Time","2014-08-30","2014-11-28",,,"11.3","Baladna Egypt","Corporate","Finance","Corporate","Finance - Section 3","CC-502","POS-00632","Officer - Finance","Finance","G3","Staff","BLD-101151","Sunita Al-Marri","10th of Ramadan City Site","Egypt","10th of Ramadan City","Local"
"BLD-100634","EMP000633","Pooja Malik","Pooja","Female","Jordanian","1980-07-26","45","Married","Active","Permanent","Full Time","2011-07-13","2011-10-11",,,"14.5","Baladna Q.P.S.C. (Qatar)","Corporate","IT & Digital","Corporate","IT & Digital - Section 1","CC-289","POS-00633","Senior Officer - IT & Digital","IT & Digital","G6","Supervisory","BLD-101150","Ravi Devi","Al Rayyan Site","Qatar","Al Rayyan","Expatriate"
"BLD-100635","EMP000634","Sanjay Farouk","Sanjay","Male","Egyptian","1968-06-05","57","Single","Active","Permanent","Full Time","2017-04-19","2017-07-18",,,"8.7","Baladna Egypt","Operations","Production","Operations","Production - Section 3","CC-956","POS-00634","Associate - Production","Production","G4","Staff","BLD-100506","Bikram Devi","Cairo Site","Egypt","Cairo","Local"
"BLD-100636","EMP000635","Hassan Sharma","Hassan","Male","Nepali","1974-07-16","51","Single","Terminated","Permanent","Full Time","2016-12-20","2017-03-20","2025-11-28","Resignation - Relocation","8.9","Baladna Q.P.S.C. (Qatar)","Operations","Farm Operations","Operations","Farm Operations - Section 2","CC-662","POS-00635","Coordinator - Farm Operations","Farm Operations","G2","Staff","BLD-100536","Omar Chowdhury","Al Rayyan Site","Qatar","Al Rayyan","Expatriate"
"BLD-100637","EMP000636","Noor Baig","Noor","Female","Pakistani","1967-09-05","58","Married","Active","Permanent","Full Time","2016-03-09","2016-06-07",,,"9.8","Baladna Q.P.S.C. (Qatar)","Corporate","People & Culture","Corporate","People & Culture - Section 2","CC-310","POS-00636","Supervisor - People & Culture","People & Culture","G7","Supervisory","BLD-100776","Dina Reyes","Al Rayyan Site","Qatar","Al Rayyan","Expatriate"
"BLD-100638","EMP000637","Rowena Chowdhury","Rowena","Female","Egyptian","1961-10-22","64","Single","Active","Permanent","Full Time","2013-03-06","2013-06-04",,,"12.8","Baladna Egypt","Operations","Production","Operations","Production - Section 2","CC-956","POS-00637","Senior Technician - Production","Production","G8","Supervisory","BLD-101081","Manoj Fernandes","Cairo Site","Egypt","Cairo","Local"
"BLD-100639","EMP000638","Yasmin Reyes","Yasmin","Female","Nepali","1983-06-09","39","Single","Terminated","Permanent","Full Time","2018-12-18","2019-03-18","2023-05-18","Resignation - Better Opportunity","4.4","Baladna Q.P.S.C. (Qatar)","Commercial","Sales & Distribution","Commercial","Sales & Distribution - Section 1","CC-310","POS-00638","Officer - Sales & Distribution","Sales & Distribution","G5","Staff","BLD-100935","Reem Youssef","Doha Site","Qatar","Doha","Expatriate"
"BLD-100640","EMP000639","Waleed Iqbal","Waleed","Male","Bangladeshi","1990-07-08","32","Married","Terminated","Permanent","Full Time","2021-04-05","2021-07-04","2023-03-18","Resignation - Personal Reasons","1.9","Baladna Q.P.S.C. (Qatar)","Corporate","Corporate & Executive Office","Corporate","Corporate & Executive Office - Section 3","CC-577","POS-00639","Coordinator - Corporate & Executive Office","Corporate & Executive Office","G4","Staff","BLD-100121","Khalid Baig","Doha Site","Qatar","Doha","Expatriate"
"BLD-100641","EMP000640","Omar Mendoza","Omar","Male","Qatari","1975-01-13","50","Married","Active","Permanent","Full Time","2018-08-29","2018-11-27",,,"7.3","Baladna Q.P.S.C. (Qatar)","Corporate","People & Culture","Corporate","People & Culture - Section 3","CC-310","POS-00640","Operator - People & Culture","People & Culture","G4","Staff","BLD-101419","Cherry Ibrahim","Al Rayyan Site","Qatar","Al Rayyan","Local"
"BLD-100642","EMP000641","Ahmed Sharma","Ahmed","Male","Egyptian","1970-12-23","55","Married","Active","Contract","Full Time","2017-06-10","2017-09-08",,,"8.6","Baladna Q.P.S.C. (Qatar)","Supply Chain","Supply Chain & Logistics","Supply Chain","Supply Chain & Logistics - Section 3","CC-370","POS-00641","Associate - Supply Chain & Logistics","Supply Chain & Logistics","G5","Staff","BLD-100905","Sanjay El-Sayed","Doha Site","Qatar","Doha","Expatriate"
"BLD-100643","EMP000642","Ravi Devi","Ravi","Male","Pakistani","1970-04-17","53","Single","Terminated","Permanent","Full Time","2020-05-05","2020-08-03","2023-09-10","Resignation - Relocation","3.3","Baladna Q.P.S.C. (Qatar)","Corporate","IT & Digital","Corporate","IT & Digital - Section 1","CC-289","POS-00642","Supervisor - IT & Digital","IT & Digital","G7","Supervisory","BLD-101150","Ravi Devi","Doha Site","Qatar","Doha","Expatriate"
"BLD-100644","EMP000643","Ramesh Kapoor","Ramesh","Male","Egyptian","1982-02-12","43","Married","Active","Permanent","Full Time","2015-11-29","2016-02-27",,,"10.1","Baladna Egypt","Commercial","Sales & Distribution","Commercial","Sales & Distribution - Section 2","CC-310","POS-00643","Coordinator - Sales & Distribution","Sales & Distribution","G1","Staff","BLD-101052","Mohamed Mahmoud","Cairo Site","Egypt","Cairo","Local"
"BLD-100645","EMP000644","Omar Abdullah","Omar","Male","Indian","1979-11-01","44","Married","Terminated","Permanent","Full Time","2013-10-24","2014-01-22","2024-04-07","Resignation - Better Opportunity","10.5","Baladna Q.P.S.C. (Qatar)","Operations","Farm Operations","Operations","Farm Operations - Section 3","CC-662","POS-00644","Technician - Farm Operations","Farm Operations","G1","Staff","BLD-100124","Sameer Kapoor","Doha Site","Qatar","Doha","Expatriate"
"BLD-100646","EMP000645","Mona Khan","Mona","Female","Pakistani","1984-01-03","41","Married","Active","Permanent","Full Time","2019-06-22","2019-09-20",,,"6.5","Baladna Q.P.S.C. (Qatar)","Corporate","IT & Digital","Corporate","IT & Digital - Section 2","CC-289","POS-00645","Supervisor - IT & Digital","IT & Digital","G8","Supervisory","BLD-100743","Arjun Malik","Al Khor Site","Qatar","Al Khor","Expatriate"
"BLD-100647","EMP000646","Ramesh El-Sayed","Ramesh","Male","Nepali","1981-03-09","42","Married","Terminated","Permanent","Full Time","2012-04-17","2012-07-16","2023-08-17","Contract Non-Renewal - Company Decision","11.3","Baladna Q.P.S.C. (Qatar)","Commercial","Marketing","Commercial","Marketing - Section 3","CC-916","POS-00646","Operator - Marketing","Marketing","G2","Staff","BLD-100692","Ahmed Kapoor","Doha Site","Qatar","Doha","Expatriate"
"BLD-100648","EMP000647","Salma Al-Marri","Salma","Female","Nepali","1966-11-16","59","Other","Active","Permanent","Full Time","2013-04-08","2013-07-07",,,"12.7","Baladna Q.P.S.C. (Qatar)","Operations","R&D","Operations","R&D - Section 1","CC-118","POS-00647","Associate - R&D","R&D","G4","Staff","BLD-100327","Arjun Santos","Al Khor Site","Qatar","Al Khor","Expatriate"
"BLD-100649","EMP000648","Juan Youssef","Juan","Male","Egyptian","1993-04-04","32","Married","Active","Permanent","Full Time","2019-01-16","2019-04-16",,,"7","Baladna Egypt","Supply Chain","Supply Chain & Logistics","Supply Chain","Supply Chain & Logistics - Section 2","CC-370","POS-00648","Coordinator - Supply Chain & Logistics","Supply Chain & Logistics","G3","Staff","BLD-100983","Aisha Mendoza","10th of Ramadan City Site","Egypt","10th of Ramadan City","Local"
"BLD-100650","EMP000649","Huda Sharma","Huda","Female","Bangladeshi","1987-04-02","38","Married","Active","Permanent","Full Time","2013-10-05","2014-01-03",,,"12.2","Baladna Q.P.S.C. (Qatar)","Corporate","Corporate & Executive Office","Corporate","Corporate & Executive Office - Section 1","CC-577","POS-00649","Coordinator - Corporate & Executive Office","Corporate & Executive Office","G5","Staff","BLD-101312","Anil Al-Sayed","Doha Site","Qatar","Doha","Expatriate"
"BLD-100651","EMP000650","Sunita Youssef","Sunita","Female","Egyptian","1974-02-14","49","Single","Terminated","Permanent","Full Time","2015-04-29","2015-07-28","2023-06-08","Resignation - Personal Reasons","8.1","Baladna Egypt","Corporate","People & Culture","Corporate","People & Culture - Section 3","CC-310","POS-00650","Manager - People & Culture","People & Culture","G10","Managerial","BLD-101307","Mariam Khan","10th of Ramadan City Site","Egypt","10th of Ramadan City","Local"
"BLD-100652","EMP000651","Lubna Farouk","Lubna","Female","Egyptian","1973-07-24","50","Married","Terminated","Permanent","Full Time","2019-07-28","2019-10-26","2024-03-22","Resignation - Better Opportunity","4.7","Baladna Egypt","Corporate","People & Culture","Corporate","People & Culture - Section 3","CC-310","POS-00651","Associate - People & Culture","People & Culture","G4","Staff","BLD-100653","Reem Pereira","Cairo Site","Egypt","Cairo","Local"
"BLD-100653","EMP000652","Reem Pereira","Reem","Female","Egyptian","1965-01-09","58","Married","Terminated","Permanent","Part Time","2017-10-24","2018-01-22","2023-12-27","End of Contract - Not Renewed by Employee","6.2","Baladna Egypt","Corporate","People & Culture","Corporate","People & Culture - Section 3","CC-310","POS-00652","Specialist - People & Culture","People & Culture","G6","Supervisory","BLD-100347","Ahmed Santos","Cairo Site","Egypt","Cairo","Local"
"BLD-100654","EMP000653","Jose Ahmed","Jose","Male","Bangladeshi","1966-09-07","59","Married","Active","Permanent","Full Time","2016-10-15","2017-01-13",,,"9.2","Baladna Q.P.S.C. (Qatar)","Corporate","Finance","Corporate","Finance - Section 2","CC-502","POS-00653","Technician - Finance","Finance","G5","Staff","BLD-101428","Manoj Fernandes","Doha Site","Qatar","Doha","Expatriate"
"BLD-100655","EMP000654","Kavita Al-Sayed","Kavita","Female","Indian","1978-01-27","47","Single","Active","Permanent","Full Time","2015-11-12","2016-02-10",,,"10.1","Baladna Q.P.S.C. (Qatar)","Supply Chain","Procurement","Supply Chain","Procurement - Section 2","CC-637","POS-00654","Coordinator - Procurement","Procurement","G4","Staff","BLD-100814","Ali Ibrahim","Doha Site","Qatar","Doha","Expatriate"
"BLD-100656","EMP000655","Bishnu Farouk","Bishnu","Male","Pakistani","1984-10-02","38","Married","Terminated","Permanent","Full Time","2018-01-10","2018-04-10","2023-04-23","End of Contract - Not Renewed by Employee","5.3","Baladna Q.P.S.C. (Qatar)","Operations","Engineering & Maintenance","Operations","Engineering & Maintenance - Section 2","CC-178","POS-00655","Associate - Engineering & Maintenance","Engineering & Maintenance","G1","Staff","BLD-100158","Manoj Farouk","Doha Site","Qatar","Doha","Expatriate"
"BLD-100657","EMP000656","Waleed Mendoza","Waleed","Male","Indian","1967-07-26","58","Single","Active","Permanent","Full Time","2015-05-31","2015-08-29",,,"10.6","Baladna Q.P.S.C. (Qatar)","Corporate","People & Culture","Corporate","People & Culture - Section 3","CC-310","POS-00656","Manager - People & Culture","People & Culture","G10","Managerial","BLD-100700","Prakash Mendoza","Doha Site","Qatar","Doha","Expatriate"
"BLD-100658","EMP000657","Ali Ibrahim","Ali","Male","Qatari","1969-12-27","53","Single","Terminated","Permanent","Full Time","2010-01-05","2010-04-05","2023-06-22","Resignation - Better Opportunity","13.5","Baladna Q.P.S.C. (Qatar)","Corporate","People & Culture","Corporate","People & Culture - Section 2","CC-310","POS-00657","Technician - People & Culture","People & Culture","G5","Staff","BLD-100416","Arjun Islam","Doha Site","Qatar","Doha","Local"
"BLD-100659","EMP000658","Faisal Reyes","Faisal","Male","Sri Lankan","1999-10-17","26","Single","Active","Permanent","Full Time","2019-05-23","2019-08-21",,,"6.6","Baladna Q.P.S.C. (Qatar)","Commercial","Sales & Distribution","Commercial","Sales & Distribution - Section 3","CC-310","POS-00658","Team Lead - Sales & Distribution","Sales & Distribution","G6","Supervisory","BLD-100205","Hari Chowdhury","Doha Site","Qatar","Doha","Expatriate"
"BLD-100660","EMP000659","Ravi Hassan","Ravi","Male","Sudanese","1966-11-25","58","Single","Terminated","Permanent","Full Time","2010-09-05","2010-12-04","2025-01-31","Resignation - Relocation","14.4","Baladna Q.P.S.C. (Qatar)","Commercial","Sales & Distribution","Commercial","Sales & Distribution - Section 3","CC-310","POS-00659","Coordinator - Sales & Distribution","Sales & Distribution","G5","Staff","BLD-100356","Ramesh El-Sayed","Doha Site","Qatar","Doha","Expatriate"
"BLD-100661","EMP000660","Cherry Ahmed","Cherry","Female","Sudanese","1972-09-07","53","Married","Active","Permanent","Full Time","2016-01-15","2016-04-14",,,"10","Baladna Q.P.S.C. (Qatar)","Operations","R&D","Operations","R&D - Section 2","CC-118","POS-00660","Technician - R&D","R&D","G1","Staff","BLD-101491","Bishnu Cruz","Al Khor Site","Qatar","Al Khor","Expatriate"
"BLD-100662","EMP000661","Vikram Rai","Vikram","Male","Egyptian","1971-11-05","54","Single","Terminated","Permanent","Full Time","2022-08-08","2022-11-06","2025-12-22","Resignation - Personal Reasons","3.4","Baladna Egypt","Corporate","People & Culture","Corporate","People & Culture - Section 1","CC-310","POS-00661","Associate - People & Culture","People & Culture","G4","Staff","BLD-100947","Manoj Fernandes","Cairo Site","Egypt","Cairo","Local"
"BLD-100663","EMP000662","Salma Ibrahim","Salma","Female","Nepali","1982-03-19","41","Married","Terminated","Permanent","Full Time","2014-08-24","2014-11-22","2023-11-29","Resignation - Better Opportunity","9.3","Baladna Q.P.S.C. (Qatar)","Corporate","IT & Digital","Corporate","IT & Digital - Section 3","CC-289","POS-00662","Senior Manager - IT & Digital","IT & Digital","G10","Managerial","BLD-101199","Ramesh Islam","Al Rayyan Site","Qatar","Al Rayyan","Expatriate"
"BLD-100664","EMP000663","Rowena Mansour","Rowena","Female","Qatari","1989-02-03","36","Married","Active","Permanent","Full Time","2016-03-07","2016-06-05",,,"9.8","Baladna Q.P.S.C. (Qatar)","Corporate","IT & Digital","Corporate","IT & Digital - Section 1","CC-289","POS-00663","Technician - IT & Digital","IT & Digital","G5","Staff","BLD-100335","Ali Islam","Doha Site","Qatar","Doha","Local"
"BLD-100665","EMP000664","Ahmed Baig","Ahmed","Male","Bangladeshi","1969-02-03","56","Married","Active","Permanent","Full Time","2011-03-16","2011-06-14",,,"14.8","Baladna Q.P.S.C. (Qatar)","Operations","Quality Assurance & Food Safety","Operations","Quality Assurance & Food Safety - Section 2","CC-564","POS-00664","Senior Manager - Quality Assurance & Food Safety","Quality Assurance & Food Safety","G12","Managerial","BLD-100413","Ahmed Ibrahim","Doha Site","Qatar","Doha","Expatriate"
"BLD-100666","EMP000665","Amina Gurung","Amina","Female","Sudanese","1968-10-19","57","Married","Active","Permanent","Full Time","2020-08-05","2020-11-03",,,"5.4","Baladna Egypt","Corporate","People & Culture","Corporate","People & Culture - Section 1","CC-310","POS-00665","Officer - People & Culture","People & Culture","G4","Staff","BLD-101041","Layla Reyes","10th of Ramadan City Site","Egypt","10th of Ramadan City","Expatriate"
"BLD-100667","EMP000666","Ahmed Kapoor","Ahmed","Male","Egyptian","1972-02-23","51","Single","Terminated","Permanent","Full Time","2020-01-10","2020-04-09","2023-09-05","Resignation - Relocation","3.7","Baladna Egypt","Operations","Production","Operations","Production - Section 1","CC-956","POS-00666","Associate - Production","Production","G1","Staff","BLD-100501","Prakash Mansour","10th of Ramadan City Site","Egypt","10th of Ramadan City","Local"
"BLD-100668","EMP000667","Kumar Mahmoud","Kumar","Male","Egyptian","1971-10-15","51","Married","Terminated","Permanent","Full Time","2013-07-20","2013-10-18","2023-09-05","End of Contract - Not Renewed by Employee","10.1","Baladna Q.P.S.C. (Qatar)","Supply Chain","Procurement","Supply Chain","Procurement - Section 2","CC-637","POS-00667","Technician - Procurement","Procurement","G4","Staff","BLD-101125","Faisal Iqbal","Al Rayyan Site","Qatar","Al Rayyan","Expatriate"
"BLD-100669","EMP000668","Rowena Chowdhury","Rowena","Female","Egyptian","1976-08-02","49","Married","Active","Permanent","Full Time","2016-04-07","2016-07-06",,,"9.7","Baladna Q.P.S.C. (Qatar)","Operations","Quality Assurance & Food Safety","Operations","Quality Assurance & Food Safety - Section 2","CC-564","POS-00668","Officer - Quality Assurance & Food Safety","Quality Assurance & Food Safety","G1","Staff","BLD-100705","Pooja Farouk","Al Khor Site","Qatar","Al Khor","Expatriate"
"BLD-100670","EMP000669","Manoj Mahmoud","Manoj","Male","Egyptian","1978-02-14","47","Married","Active","Contract","Full Time","2021-10-23","2022-01-21",,,"4.2","Baladna Egypt","Operations","Production","Operations","Production - Section 1","CC-956","POS-00669","Supervisor - Production","Production","G9","Supervisory","BLD-101084","Mohamed Baig","10th of Ramadan City Site","Egypt","10th of Ramadan City","Local"
"BLD-100671","EMP000670","Kumar Kapoor","Kumar","Male","Pakistani","1983-09-12","41","Married","Terminated","Permanent","Full Time","2020-12-12","2021-03-12","2025-04-27","End of Contract - Not Renewed by Employee","4.4","Baladna Q.P.S.C. (Qatar)","Operations","Farm Operations","Operations","Farm Operations - Section 1","CC-662","POS-00670","Senior Technician - Farm Operations","Farm Operations","G8","Supervisory","BLD-100724","Mohamed El-Sayed","Doha Site","Qatar","Doha","Expatriate"
"BLD-100672","EMP000671","Rakesh Baig","Rakesh","Male","Egyptian","1961-07-25","64","Married","Active","Contract","Full Time","2010-07-04","2010-10-02",,,"15.5","Baladna Egypt","Commercial","Sales & Distribution","Commercial","Sales & Distribution - Section 3","CC-310","POS-00671","Assistant Manager - Sales & Distribution","Sales & Distribution","G12","Managerial","BLD-101292","Noor Al-Sayed","10th of Ramadan City Site","Egypt","10th of Ramadan City","Local"
"BLD-100673","EMP000672","Jose Malik","Jose","Male","Egyptian","1991-08-10","34","Single","Active","Permanent","Full Time","2016-05-30","2016-08-28",,,"9.6","Baladna Egypt","Commercial","Sales & Distribution","Commercial","Sales & Distribution - Section 3","CC-310","POS-00672","Supervisor - Sales & Distribution","Sales & Distribution","G9","Supervisory","BLD-100951","Yasmin Sharma","Cairo Site","Egypt","Cairo","Local"
"BLD-100674","EMP000673","Suresh Rai","Suresh","Male","Egyptian","1973-02-22","52","Married","Active","Permanent","Full Time","2015-09-17","2015-12-16",,,"10.3","Baladna Egypt","Operations","Quality Assurance & Food Safety","Operations","Quality Assurance & Food Safety - Section 1","CC-564","POS-00673","Officer - Quality Assurance & Food Safety","Quality Assurance & Food Safety","G1","Staff","BLD-100026","Yasmin Chowdhury","Cairo Site","Egypt","Cairo","Local"
"BLD-100675","EMP000674","Rowena Chowdhury","Rowena","Female","Bangladeshi","1969-07-15","56","Married","Active","Contract","Full Time","2013-03-13","2013-06-11",,,"12.8","Baladna Q.P.S.C. (Qatar)","Commercial","Marketing","Commercial","Marketing - Section 1","CC-916","POS-00674","Senior Officer - Marketing","Marketing","G9","Supervisory","BLD-100800","Sameer Ibrahim","Doha Site","Qatar","Doha","Expatriate"
"BLD-100676","EMP000675","Suresh Iqbal","Suresh","Male","Egyptian","1993-10-22","32","Single","Active","Permanent","Full Time","2013-10-01","2013-12-30",,,"12.2","Baladna Egypt","Commercial","Sales & Distribution","Commercial","Sales & Distribution - Section 2","CC-310","POS-00675","Manager - Sales & Distribution","Sales & Distribution","G10","Managerial","BLD-101292","Noor Al-Sayed","Cairo Site","Egypt","Cairo","Local"
"BLD-100677","EMP000676","Manoj Pereira","Manoj","Male","Filipino","1984-02-14","41","Married","Terminated","Permanent","Full Time","2014-07-12","2014-10-10","2025-11-21","Termination - Performance","11.4","Baladna Q.P.S.C. (Qatar)","Operations","Quality Assurance & Food Safety","Operations","Quality Assurance & Food Safety - Section 3","CC-564","POS-00676","Senior Technician - Quality Assurance & Food Safety","Quality Assurance & Food Safety","G6","Supervisory","BLD-101369","Anil Gurung","Doha Site","Qatar","Doha","Expatriate"
"BLD-100678","EMP000677","Ali Mendoza","Ali","Male","Bangladeshi","1969-12-15","56","Married","Active","Permanent","Full Time","2022-07-04","2022-10-02",,,"3.5","Baladna Q.P.S.C. (Qatar)","Corporate","IT & Digital","Corporate","IT & Digital - Section 3","CC-289","POS-00677","Officer - IT & Digital","IT & Digital","G1","Staff","BLD-100168","Lubna Mansour","Al Khor Site","Qatar","Al Khor","Expatriate"
"BLD-100679","EMP000678","Amina Mansour","Amina","Female","Filipino","1978-05-05","47","Single","Active","Permanent","Full Time","2012-09-10","2012-12-09",,,"13.3","Baladna Q.P.S.C. (Qatar)","Commercial","Marketing","Commercial","Marketing - Section 3","CC-916","POS-00678","Team Lead - Marketing","Marketing","G9","Supervisory","BLD-101053","Nadia Mendoza","Al Khor Site","Qatar","Al Khor","Expatriate"
"BLD-100680","EMP000679","Lubna Farouk","Lubna","Female","Egyptian","1992-08-04","31","Single","Terminated","Permanent","Full Time","2013-07-30","2013-10-28","2024-04-17","Resignation - Better Opportunity","10.7","Baladna Egypt","Corporate","Finance","Corporate","Finance - Section 3","CC-502","POS-00679","Technician - Finance","Finance","G2","Staff","BLD-100066","Prakash Ibrahim","Alexandria Site","Egypt","Alexandria","Local"
"BLD-100681","EMP000680","Ramesh Iqbal","Ramesh","Male","Filipino","1979-10-17","45","Single","Terminated","Permanent","Part Time","2015-04-18","2015-07-17","2025-01-26","Resignation - Better Opportunity","9.8","Baladna Q.P.S.C. (Qatar)","Operations","Farm Operations","Operations","Farm Operations - Section 3","CC-662","POS-00680","Operator - Farm Operations","Farm Operations","G4","Staff","BLD-100944","Prakash Kapoor","Al Khor Site","Qatar","Al Khor","Expatriate"
"BLD-100682","EMP000681","Prakash Ibrahim","Prakash","Male","Indian","1990-12-11","32","Single","Terminated","Permanent","Full Time","2019-03-16","2019-06-14","2023-11-13","Resignation - Relocation","4.7","Baladna Q.P.S.C. (Qatar)","Supply Chain","Procurement","Supply Chain","Procurement - Section 1","CC-637","POS-00681","Assistant - Procurement","Procurement","G2","Staff","BLD-100123","Ramesh Al-Kuwari","Al Rayyan Site","Qatar","Al Rayyan","Expatriate"
"BLD-100683","EMP000682","Anita Hassan","Anita","Female","Nepali","1975-08-03","50","Single","Active","Permanent","Full Time","2019-01-18","2019-04-18",,,"7","Baladna Q.P.S.C. (Qatar)","Corporate","Finance","Corporate","Finance - Section 1","CC-502","POS-00682","Associate - Finance","Finance","G3","Staff","BLD-100192","Nadia Al-Marri","Al Rayyan Site","Qatar","Al Rayyan","Expatriate"
"BLD-100684","EMP000683","Bishnu Thapa","Bishnu","Male","Pakistani","1968-06-02","56","Single","Terminated","Permanent","Full Time","2020-07-05","2020-10-03","2024-10-05","Resignation - Better Opportunity","4.3","Baladna Q.P.S.C. (Qatar)","Operations","Quality Assurance & Food Safety","Operations","Quality Assurance & Food Safety - Section 3","CC-564","POS-00683","Coordinator - Quality Assurance & Food Safety","Quality Assurance & Food Safety","G5","Staff","BLD-100731","Amina Farouk","Doha Site","Qatar","Doha","Expatriate"
"BLD-100685","EMP000684","Anil Thapa","Anil","Male","Indian","1970-09-20","55","Single","Active","Permanent","Full Time","2021-03-15","2021-06-13",,,"4.8","Baladna Q.P.S.C. (Qatar)","Operations","Engineering & Maintenance","Operations","Engineering & Maintenance - Section 3","CC-178","POS-00684","Officer - Engineering & Maintenance","Engineering & Maintenance","G2","Staff","BLD-101471","Ravi Chowdhury","Al Khor Site","Qatar","Al Khor","Expatriate"
"BLD-100686","EMP000685","Reem Al-Marri","Reem","Female","Pakistani","1980-10-23","42","Single","Terminated","Permanent","Full Time","2016-02-27","2016-05-27","2023-04-20","Resignation - Better Opportunity","7.1","Baladna Q.P.S.C. (Qatar)","Operations","R&D","Operations","R&D - Section 3","CC-118","POS-00685","Coordinator - R&D","R&D","G5","Staff","BLD-101212","Layla Chowdhury","Al Khor Site","Qatar","Al Khor","Expatriate"
"BLD-100687","EMP000686","Sara Hassan","Sara","Female","Indian","1982-10-14","43","Single","Active","Permanent","Full Time","2010-05-10","2010-08-08",,,"15.6","Baladna Q.P.S.C. (Qatar)","Operations","R&D","Operations","R&D - Section 3","CC-118","POS-00686","Technician - R&D","R&D","G5","Staff","BLD-100728","Bishnu Mansour","Al Khor Site","Qatar","Al Khor","Expatriate"
"BLD-100688","EMP000687","Ahmed Santos","Ahmed","Male","Nepali","1966-11-03","57","Married","Terminated","Temporary","Full Time","2011-06-16","2011-09-14","2024-06-18","End of Contract - Not Renewed by Employee","13","Baladna Q.P.S.C. (Qatar)","Operations","Quality Assurance & Food Safety","Operations","Quality Assurance & Food Safety - Section 2","CC-564","POS-00687","Operator - Quality Assurance & Food Safety","Quality Assurance & Food Safety","G2","Staff","BLD-101066","Kumar Mansour","Al Khor Site","Qatar","Al Khor","Expatriate"
"BLD-100689","EMP000688","Faisal Mansour","Faisal","Male","Indian","1970-12-26","55","Married","Active","Permanent","Full Time","2018-10-10","2019-01-08",,,"7.2","Baladna Q.P.S.C. (Qatar)","Supply Chain","Supply Chain & Logistics","Supply Chain","Supply Chain & Logistics - Section 2","CC-370","POS-00688","Coordinator - Supply Chain & Logistics","Supply Chain & Logistics","G1","Staff","BLD-100509","Rina Hassan","Doha Site","Qatar","Doha","Expatriate"
"BLD-100690","EMP000689","Faisal Al-Marri","Faisal","Male","Egyptian","1968-04-17","57","Married","Active","Contract","Full Time","2015-02-09","2015-05-10",,,"10.9","Baladna Egypt","Supply Chain","Supply Chain & Logistics","Supply Chain","Supply Chain & Logistics - Section 2","CC-370","POS-00689","Senior Officer - Supply Chain & Logistics","Supply Chain & Logistics","G7","Supervisory","BLD-100338","Sanjay Devi","Cairo Site","Egypt","Cairo","Local"
"BLD-100691","EMP000690","Cherry Gurung","Cherry","Female","Sri Lankan","1961-02-18","64","Married","Active","Permanent","Full Time","2013-07-08","2013-10-06",,,"12.5","Baladna Q.P.S.C. (Qatar)","Operations","R&D","Operations","R&D - Section 3","CC-118","POS-00690","Assistant - R&D","R&D","G3","Staff","BLD-100290","Bishnu Khan","Doha Site","Qatar","Doha","Expatriate"
"BLD-100692","EMP000691","Ahmed Kapoor","Ahmed","Male","Jordanian","1966-12-03","59","Married","Active","Permanent","Part Time","2016-07-06","2016-10-04",,,"9.5","Baladna Q.P.S.C. (Qatar)","Commercial","Marketing","Commercial","Marketing - Section 1","CC-916","POS-00691","Specialist - Marketing","Marketing","G8","Supervisory","BLD-100800","Sameer Ibrahim","Doha Site","Qatar","Doha","Expatriate"
"BLD-100693","EMP000692","Suresh Al-Sayed","Suresh","Male","Jordanian","1974-04-24","51","Married","Terminated","Permanent","Full Time","2013-12-21","2014-03-21","2025-06-11","Resignation - Relocation","11.5","Baladna Q.P.S.C. (Qatar)","Corporate","IT & Digital","Corporate","IT & Digital - Section 2","CC-289","POS-00692","Operator - IT & Digital","IT & Digital","G4","Staff","BLD-100191","Rina Malik","Doha Site","Qatar","Doha","Expatriate"
"BLD-100694","EMP000693","Deepak Islam","Deepak","Male","Pakistani","1981-04-11","42","Married","Terminated","Permanent","Full Time","2011-06-19","2011-09-17","2023-11-24","Termination - Performance","12.4","Baladna Q.P.S.C. (Qatar)","Operations","Engineering & Maintenance","Operations","Engineering & Maintenance - Section 2","CC-178","POS-00693","Coordinator - Engineering & Maintenance","Engineering & Maintenance","G1","Staff","BLD-100215","Vikram Abdullah","Doha Site","Qatar","Doha","Expatriate"
"BLD-100695","EMP000694","Khalid Cruz","Khalid","Male","Egyptian","1965-10-21","60","Single","Active","Permanent","Full Time","2018-04-20","2018-07-19",,,"7.7","Baladna Egypt","Operations","Production","Operations","Production - Section 3","CC-956","POS-00694","Manager - Production","Production","G10","Managerial","BLD-100036","Waleed Gurung","Alexandria Site","Egypt","Alexandria","Local"
"BLD-100696","EMP000695","Anita Gurung","Anita","Female","Egyptian","1963-09-16","61","Married","Terminated","Temporary","Full Time","2012-12-13","2013-03-13","2025-06-07","Termination - Redundancy","12.5","Baladna Q.P.S.C. (Qatar)","Corporate","People & Culture","Corporate","People & Culture - Section 1","CC-310","POS-00695","Technician - People & Culture","People & Culture","G3","Staff","BLD-100594","Rina Abdullah","Al Rayyan Site","Qatar","Al Rayyan","Expatriate"
"BLD-100697","EMP000696","Sunita Al-Marri","Sunita","Female","Filipino","1972-06-13","53","Married","Active","Contract","Full Time","2010-10-26","2011-01-24",,,"15.2","Baladna Q.P.S.C. (Qatar)","Commercial","Sales & Distribution","Commercial","Sales & Distribution - Section 2","CC-310","POS-00696","Senior Manager - Sales & Distribution","Sales & Distribution","G11","Managerial","BLD-101199","Ramesh Islam","Al Rayyan Site","Qatar","Al Rayyan","Expatriate"
"BLD-100698","EMP000697","Mohamed Al-Kuwari","Mohamed","Male","Egyptian","1987-11-11","37","Single","Terminated","Permanent","Full Time","2015-08-20","2015-11-18","2025-06-02","Resignation - Personal Reasons","9.8","Baladna Egypt","Corporate","People & Culture","Corporate","People & Culture - Section 1","CC-310","POS-00697","Assistant - People & Culture","People & Culture","G1","Staff","BLD-100653","Reem Pereira","Cairo Site","Egypt","Cairo","Local"
"BLD-100699","EMP000698","Juan Thapa","Juan","Male","Bangladeshi","1986-10-27","39","Single","Terminated","Contract","Full Time","2019-10-28","2020-01-26","2025-11-05","Resignation - Relocation","6","Baladna Q.P.S.C. (Qatar)","Supply Chain","Supply Chain & Logistics","Supply Chain","Supply Chain & Logistics - Section 3","CC-370","POS-00698","Coordinator - Supply Chain & Logistics","Supply Chain & Logistics","G4","Staff","BLD-101201","Santosh Devi","Doha Site","Qatar","Doha","Expatriate"
"BLD-100700","EMP000699","Prakash Mendoza","Prakash","Male","Pakistani","1983-08-14","42","Married","Terminated","Permanent","Full Time","2020-04-06","2020-07-05","2025-11-13","Termination - Redundancy","5.6","Baladna Q.P.S.C. (Qatar)","Corporate","People & Culture","Corporate","People & Culture - Section 3","CC-310","POS-00699","Director - People & Culture","People & Culture","G14","Executive","BLD-100001","Yousef Al-Attiyah","Doha Site","Qatar","Doha","Expatriate"
"BLD-100701","EMP000700","Rowena Kapoor","Rowena","Female","Indian","1964-03-05","61","Married","Active","Permanent","Full Time","2014-03-10","2014-06-08",,,"11.8","Baladna Q.P.S.C. (Qatar)","Operations","R&D","Operations","R&D - Section 1","CC-118","POS-00700","Senior Technician - R&D","R&D","G6","Supervisory","BLD-101208","Rina Ibrahim","Al Khor Site","Qatar","Al Khor","Expatriate"
"BLD-100702","EMP000701","Hari Pereira","Hari","Male","Indian","1971-11-03","54","Married","Active","Permanent","Full Time","2013-03-13","2013-06-11",,,"12.8","Baladna Q.P.S.C. (Qatar)","Commercial","Sales & Distribution","Commercial","Sales & Distribution - Section 1","CC-310","POS-00701","Assistant - Sales & Distribution","Sales & Distribution","G4","Staff","BLD-101399","Anil Al-Kuwari","Doha Site","Qatar","Doha","Expatriate"
"BLD-100703","EMP000702","Sunita Cruz","Sunita","Female","Egyptian","1969-09-24","56","Married","Active","Permanent","Full Time","2021-09-04","2021-12-03",,,"4.3","Baladna Egypt","Operations","Quality Assurance & Food Safety","Operations","Quality Assurance & Food Safety - Section 1","CC-564","POS-00702","Senior Officer - Quality Assurance & Food Safety","Quality Assurance & Food Safety","G8","Supervisory","BLD-100714","Sameer Al-Sayed","Cairo Site","Egypt","Cairo","Local"
"BLD-100704","EMP000703","Waleed Gurung","Waleed","Male","Qatari","1981-02-10","44","Married","Active","Permanent","Full Time","2013-07-12","2013-10-10",,,"12.5","Baladna Q.P.S.C. (Qatar)","Operations","Production","Operations","Production - Section 1","CC-956","POS-00703","Supervisor - Production","Production","G7","Supervisory","BLD-101070","Vikram Pereira","Doha Site","Qatar","Doha","Local"
"BLD-100705","EMP000704","Pooja Farouk","Pooja","Female","Jordanian","1999-01-24","26","Married","Active","Permanent","Full Time","2019-05-17","2019-08-15",,,"6.6","Baladna Q.P.S.C. (Qatar)","Operations","Quality Assurance & Food Safety","Operations","Quality Assurance & Food Safety - Section 2","CC-564","POS-00704","Specialist - Quality Assurance & Food Safety","Quality Assurance & Food Safety","G6","Supervisory","BLD-100665","Ahmed Baig","Doha Site","Qatar","Doha","Expatriate"
"BLD-100706","EMP000705","Yasmin Al-Sayed","Yasmin","Female","Jordanian","1982-08-07","43","Single","Active","Permanent","Full Time","2018-06-22","2018-09-20",,,"7.5","Baladna Q.P.S.C. (Qatar)","Commercial","Marketing","Commercial","Marketing - Section 1","CC-916","POS-00705","Associate - Marketing","Marketing","G2","Staff","BLD-100097","Juan Sharma","Al Khor Site","Qatar","Al Khor","Expatriate"
"BLD-100707","EMP000706","Waleed Santos","Waleed","Male","Pakistani","1991-06-05","32","Single","Terminated","Permanent","Full Time","2017-07-22","2017-10-20","2024-05-11","Resignation - Better Opportunity","6.8","Baladna Q.P.S.C. (Qatar)","Supply Chain","Procurement","Supply Chain","Procurement - Section 2","CC-637","POS-00706","Operator - Procurement","Procurement","G1","Staff","BLD-100096","Anil Thapa","Al Khor Site","Qatar","Al Khor","Expatriate"
"BLD-100708","EMP000707","Ramesh Khan","Ramesh","Male","Egyptian","1980-02-26","45","Married","Active","Permanent","Full Time","2010-04-12","2010-07-11",,,"15.7","Baladna Egypt","Supply Chain","Supply Chain & Logistics","Supply Chain","Supply Chain & Logistics - Section 3","CC-370","POS-00707","Operator - Supply Chain & Logistics","Supply Chain & Logistics","G3","Staff","BLD-100773","Priya Mendoza","Cairo Site","Egypt","Cairo","Local"
"BLD-100709","EMP000708","Rakesh Youssef","Rakesh","Male","Nepali","1975-03-02","50","Other","Active","Permanent","Full Time","2021-10-12","2022-01-10",,,"4.2","Baladna Q.P.S.C. (Qatar)","Operations","Production","Operations","Production - Section 3","CC-956","POS-00708","Senior Officer - Production","Production","G7","Supervisory","BLD-100225","Omar Malik","Doha Site","Qatar","Doha","Expatriate"
"BLD-100710","EMP000709","Bishnu Farouk","Bishnu","Male","Indian","1988-06-26","37","Married","Active","Permanent","Full Time","2013-06-14","2013-09-12",,,"12.5","Baladna Q.P.S.C. (Qatar)","Corporate","IT & Digital","Corporate","IT & Digital - Section 3","CC-289","POS-00709","Supervisor - IT & Digital","IT & Digital","G6","Supervisory","BLD-100151","Ali Cruz","Al Khor Site","Qatar","Al Khor","Expatriate"
"BLD-100711","EMP000710","Mohamed Mendoza","Mohamed","Male","Nepali","1981-09-24","42","Married","Terminated","Permanent","Full Time","2020-03-17","2020-06-15","2023-11-09","Resignation - Relocation","3.6","Baladna Q.P.S.C. (Qatar)","Supply Chain","Procurement","Supply Chain","Procurement - Section 1","CC-637","POS-00710","Officer - Procurement","Procurement","G2","Staff","BLD-100094","Bikram Youssef","Doha Site","Qatar","Doha","Expatriate"
"BLD-100712","EMP000711","Santosh Al-Kuwari","Santosh","Male","Jordanian","1970-02-15","55","Married","Terminated","Permanent","Full Time","2017-09-08","2017-12-07","2025-02-16","Contract Non-Renewal - Company Decision","7.4","Baladna Q.P.S.C. (Qatar)","Operations","Quality Assurance & Food Safety","Operations","Quality Assurance & Food Safety - Section 2","CC-564","POS-00711","Officer - Quality Assurance & Food Safety","Quality Assurance & Food Safety","G1","Staff","BLD-100408","Suresh Reyes","Doha Site","Qatar","Doha","Expatriate"
"BLD-100713","EMP000712","Deepak Fernandes","Deepak","Male","Egyptian","1971-12-14","54","Married","Active","Permanent","Full Time","2010-07-03","2010-10-01",,,"15.5","Baladna Egypt","Operations","Quality Assurance & Food Safety","Operations","Quality Assurance & Food Safety - Section 3","CC-564","POS-00712","Technician - Quality Assurance & Food Safety","Quality Assurance & Food Safety","G1","Staff","BLD-101262","Nadia Santos","Cairo Site","Egypt","Cairo","Local"
"BLD-100714","EMP000713","Sameer Al-Sayed","Sameer","Male","Egyptian","1989-03-27","36","Married","Active","Permanent","Full Time","2015-09-10","2015-12-09",,,"10.3","Baladna Egypt","Operations","Quality Assurance & Food Safety","Operations","Quality Assurance & Food Safety - Section 1","CC-564","POS-00713","Manager - Quality Assurance & Food Safety","Quality Assurance & Food Safety","G10","Managerial","BLD-101128","Rakesh Cruz","10th of Ramadan City Site","Egypt","10th of Ramadan City","Local"
"BLD-100715","EMP000714","Jose Fernandes","Jose","Male","Nepali","1997-03-10","28","Married","Active","Permanent","Full Time","2022-07-30","2022-10-28",,,"3.4","Baladna Q.P.S.C. (Qatar)","Supply Chain","Procurement","Supply Chain","Procurement - Section 2","CC-637","POS-00714","Manager - Procurement","Procurement","G10","Managerial","BLD-100884","Manoj Iqbal","Doha Site","Qatar","Doha","Expatriate"
"BLD-100716","EMP000715","Krishna Cruz","Krishna","Male","Indian","1974-08-08","50","Single","Terminated","Permanent","Full Time","2010-06-11","2010-09-09","2025-03-08","Resignation - Personal Reasons","14.7","Baladna Q.P.S.C. (Qatar)","Commercial","Sales & Distribution","Commercial","Sales & Distribution - Section 1","CC-310","POS-00715","Associate - Sales & Distribution","Sales & Distribution","G5","Staff","BLD-101112","Rina Fernandes","Doha Site","Qatar","Doha","Expatriate"
"BLD-100717","EMP000716","Mohamed Abdullah","Mohamed","Male","Filipino","1970-04-06","55","Single","Active","Contract","Full Time","2022-01-27","2022-04-27",,,"3.9","Baladna Q.P.S.C. (Qatar)","Supply Chain","Procurement","Supply Chain","Procurement - Section 3","CC-637","POS-00716","Coordinator - Procurement","Procurement","G5","Staff","BLD-100869","Santosh Baig","Doha Site","Qatar","Doha","Expatriate"
"BLD-100718","EMP000717","Manoj Sharma","Manoj","Male","Egyptian","1987-12-23","38","Single","Active","Contract","Full Time","2016-07-09","2016-10-07",,,"9.5","Baladna Egypt","Commercial","Sales & Distribution","Commercial","Sales & Distribution - Section 2","CC-310","POS-00717","Operator - Sales & Distribution","Sales & Distribution","G4","Staff","BLD-100362","Ali Hassan","10th of Ramadan City Site","Egypt","10th of Ramadan City","Local"
"BLD-100719","EMP000718","Khalid Pereira","Khalid","Male","Indian","1995-06-08","30","Single","Active","Permanent","Full Time","2020-04-21","2020-07-20",,,"5.7","Baladna Q.P.S.C. (Qatar)","Supply Chain","Supply Chain & Logistics","Supply Chain","Supply Chain & Logistics - Section 3","CC-370","POS-00718","Specialist - Supply Chain & Logistics","Supply Chain & Logistics","G7","Supervisory","BLD-100837","Ali Gurung","Doha Site","Qatar","Doha","Expatriate"
"BLD-100720","EMP000719","Hassan Rai","Hassan","Male","Sri Lankan","1967-08-26","55","Married","Terminated","Permanent","Full Time","2019-03-27","2019-06-25","2023-06-01","Resignation - Better Opportunity","4.2","Baladna Q.P.S.C. (Qatar)","Corporate","IT & Digital","Corporate","IT & Digital - Section 1","CC-289","POS-00719","Operator - IT & Digital","IT & Digital","G1","Staff","BLD-101360","Dalia Al-Kuwari","Al Rayyan Site","Qatar","Al Rayyan","Expatriate"
"BLD-100721","EMP000720","Hari Al-Marri","Hari","Male","Sri Lankan","1960-12-20","62","Single","Terminated","Permanent","Full Time","2012-04-23","2012-07-22","2023-05-11","Termination - Disciplinary","11","Baladna Q.P.S.C. (Qatar)","Operations","Production","Operations","Production - Section 1","CC-956","POS-00720","Specialist - Production","Production","G9","Supervisory","BLD-100182","Juan Hassan","Al Khor Site","Qatar","Al Khor","Expatriate"
"BLD-100722","EMP000721","Jose Malik","Jose","Male","Egyptian","1976-07-13","49","Single","Active","Permanent","Full Time","2019-06-20","2019-09-18",,,"6.5","Baladna Egypt","Operations","Production","Operations","Production - Section 3","CC-956","POS-00721","Supervisor - Production","Production","G9","Supervisory","BLD-100561","Ravi Farouk","Cairo Site","Egypt","Cairo","Local"
"BLD-100723","EMP000722","Fatima Al-Kuwari","Fatima","Female","Indian","1973-08-26","50","Married","Terminated","Permanent","Full Time","2022-02-10","2022-05-11","2023-10-29","Resignation - Better Opportunity","1.7","Baladna Q.P.S.C. (Qatar)","Commercial","Marketing","Commercial","Marketing - Section 3","CC-916","POS-00722","Operator - Marketing","Marketing","G5","Staff","BLD-101425","Ahmed Mahmoud","Al Khor Site","Qatar","Al Khor","Expatriate"
"BLD-100724","EMP000723","Mohamed El-Sayed","Mohamed","Male","Pakistani","1964-06-21","59","Married","Terminated","Permanent","Full Time","2014-03-09","2014-06-07","2024-05-11","Resignation - Personal Reasons","10.2","Baladna Q.P.S.C. (Qatar)","Operations","Farm Operations","Operations","Farm Operations - Section 2","CC-662","POS-00723","Assistant Manager - Farm Operations","Farm Operations","G10","Managerial","BLD-100824","Kumar Islam","Doha Site","Qatar","Doha","Expatriate"
"BLD-100725","EMP000724","Rajesh Al-Marri","Rajesh","Male","Bangladeshi","1998-12-19","27","Single","Active","Permanent","Full Time","2022-06-12","2022-09-10",,,"3.6","Baladna Q.P.S.C. (Qatar)","Corporate","Corporate & Executive Office","Corporate","Corporate & Executive Office - Section 1","CC-577","POS-00724","Specialist - Corporate & Executive Office","Corporate & Executive Office","G6","Supervisory","BLD-101136","Deepak Mahmoud","Al Khor Site","Qatar","Al Khor","Expatriate"
"BLD-100726","EMP000725","Faisal Islam","Faisal","Male","Pakistani","1985-07-13","40","Married","Active","Permanent","Full Time","2014-01-13","2014-04-13",,,"12","Baladna Q.P.S.C. (Qatar)","Operations","Farm Operations","Operations","Farm Operations - Section 1","CC-662","POS-00725","Technician - Farm Operations","Farm Operations","G1","Staff","BLD-101366","Cherry Khan","Doha Site","Qatar","Doha","Expatriate"
"BLD-100727","EMP000726","Yasmin Rai","Yasmin","Female","Indian","1992-12-08","33","Married","Active","Temporary","Full Time","2016-07-20","2016-10-18",,,"9.4","Baladna Q.P.S.C. (Qatar)","Operations","R&D","Operations","R&D - Section 1","CC-118","POS-00726","Senior Technician - R&D","R&D","G6","Supervisory","BLD-100087","Anil Hassan","Doha Site","Qatar","Doha","Expatriate"
"BLD-100728","EMP000727","Bishnu Mansour","Bishnu","Male","Sri Lankan","1972-08-15","50","Single","Terminated","Permanent","Full Time","2010-04-25","2010-07-24","2023-07-30","Resignation - Relocation","13.3","Baladna Q.P.S.C. (Qatar)","Operations","R&D","Operations","R&D - Section 2","CC-118","POS-00727","Team Lead - R&D","R&D","G8","Supervisory","BLD-100878","Mona Abdullah","Al Khor Site","Qatar","Al Khor","Expatriate"
"BLD-100729","EMP000728","Manoj Fernandes","Manoj","Male","Egyptian","1988-10-19","37","Married","Active","Permanent","Full Time","2020-08-30","2020-11-28",,,"5.3","Baladna Egypt","Supply Chain","Supply Chain & Logistics","Supply Chain","Supply Chain & Logistics - Section 2","CC-370","POS-00728","Team Lead - Supply Chain & Logistics","Supply Chain & Logistics","G9","Supervisory","BLD-101241","Prakash Kapoor","10th of Ramadan City Site","Egypt","10th of Ramadan City","Local"
"BLD-100730","EMP000729","Lubna Devi","Lubna","Female","Indian","1981-11-23","44","Married","Active","Permanent","Full Time","2011-03-23","2011-06-21",,,"14.8","Baladna Q.P.S.C. (Qatar)","Operations","Production","Operations","Production - Section 1","CC-956","POS-00729","Team Lead - Production","Production","G7","Supervisory","BLD-101154","Ali Ibrahim","Doha Site","Qatar","Doha","Expatriate"
"BLD-100731","EMP000730","Amina Farouk","Amina","Female","Nepali","1995-09-10","30","Single","Active","Permanent","Full Time","2017-02-14","2017-05-15",,,"8.9","Baladna Q.P.S.C. (Qatar)","Operations","Quality Assurance & Food Safety","Operations","Quality Assurance & Food Safety - Section 2","CC-564","POS-00730","Specialist - Quality Assurance & Food Safety","Quality Assurance & Food Safety","G9","Supervisory","BLD-100994","Omar Sharma","Al Rayyan Site","Qatar","Al Rayyan","Expatriate"
"BLD-100732","EMP000731","Anil Mahmoud","Anil","Male","Egyptian","1982-03-09","43","Married","Active","Permanent","Full Time","2010-10-31","2011-01-29",,,"15.2","Baladna Egypt","Operations","Quality Assurance & Food Safety","Operations","Quality Assurance & Food Safety - Section 3","CC-564","POS-00731","Associate - Quality Assurance & Food Safety","Quality Assurance & Food Safety","G2","Staff","BLD-100907","Dalia Baig","10th of Ramadan City Site","Egypt","10th of Ramadan City","Local"
"BLD-100733","EMP000732","Suresh Al-Kuwari","Suresh","Male","Jordanian","1979-01-11","46","Single","Active","Permanent","Full Time","2021-08-14","2021-11-12",,,"4.4","Baladna Egypt","Operations","Quality Assurance & Food Safety","Operations","Quality Assurance & Food Safety - Section 3","CC-564","POS-00732","Operator - Quality Assurance & Food Safety","Quality Assurance & Food Safety","G1","Staff","BLD-100859","Waleed Baig","Cairo Site","Egypt","Cairo","Expatriate"
"BLD-100734","EMP000733","Omar Al-Kuwari","Omar","Male","Indian","1974-06-26","51","Married","Active","Permanent","Full Time","2016-10-15","2017-01-13",,,"9.2","Baladna Q.P.S.C. (Qatar)","Operations","Production","Operations","Production - Section 2","CC-956","POS-00733","Senior Technician - Production","Production","G8","Supervisory","BLD-100137","Mohamed Al-Kuwari","Doha Site","Qatar","Doha","Expatriate"
"BLD-100735","EMP000734","Juan Al-Marri","Juan","Male","Filipino","1970-03-25","55","Other","Active","Permanent","Full Time","2014-02-12","2014-05-13",,,"11.9","Baladna Q.P.S.C. (Qatar)","Operations","Quality Assurance & Food Safety","Operations","Quality Assurance & Food Safety - Section 1","CC-564","POS-00734","Supervisor - Quality Assurance & Food Safety","Quality Assurance & Food Safety","G8","Supervisory","BLD-101483","Tariq El-Sayed","Doha Site","Qatar","Doha","Expatriate"
"BLD-100736","EMP000735","Hari Ahmed","Hari","Male","Bangladeshi","1991-07-21","31","Married","Terminated","Permanent","Full Time","2018-01-29","2018-04-29","2023-03-19","Contract Non-Renewal - Company Decision","5.1","Baladna Q.P.S.C. (Qatar)","Corporate","Finance","Corporate","Finance - Section 1","CC-502","POS-00735","Coordinator - Finance","Finance","G5","Staff","BLD-100360","Suresh Baig","Doha Site","Qatar","Doha","Expatriate"
"BLD-100737","EMP000736","Cherry Ibrahim","Cherry","Female","Pakistani","1982-07-19","41","Married","Terminated","Permanent","Full Time","2017-06-09","2017-09-07","2024-07-04","Resignation - Better Opportunity","7.1","Baladna Q.P.S.C. (Qatar)","Operations","R&D","Operations","R&D - Section 3","CC-118","POS-00736","Assistant Manager - R&D","R&D","G10","Managerial","BLD-100375","Manoj Fernandes","Al Khor Site","Qatar","Al Khor","Expatriate"
"BLD-100738","EMP000737","Noor Iqbal","Noor","Female","Filipino","1988-11-27","37","Single","Active","Permanent","Full Time","2019-07-11","2019-10-09",,,"6.5","Baladna Q.P.S.C. (Qatar)","Commercial","Marketing","Commercial","Marketing - Section 2","CC-916","POS-00737","Assistant Manager - Marketing","Marketing","G12","Managerial","BLD-100303","Rakesh Kapoor","Doha Site","Qatar","Doha","Expatriate"
"BLD-100739","EMP000738","Yasmin Islam","Yasmin","Female","Filipino","1986-08-22","38","Single","Terminated","Permanent","Full Time","2019-05-28","2019-08-26","2025-05-08","Resignation - Personal Reasons","5.9","Baladna Q.P.S.C. (Qatar)","Commercial","Marketing","Commercial","Marketing - Section 2","CC-916","POS-00738","Senior Officer - Marketing","Marketing","G9","Supervisory","BLD-101252","Ramesh Sharma","Al Khor Site","Qatar","Al Khor","Expatriate"
"BLD-100740","EMP000739","Deepak Mendoza","Deepak","Male","Bangladeshi","1986-07-15","38","Single","Terminated","Permanent","Full Time","2011-04-03","2011-07-02","2024-12-25","Resignation - Relocation","13.7","Baladna Q.P.S.C. (Qatar)","Operations","Farm Operations","Operations","Farm Operations - Section 3","CC-662","POS-00739","Technician - Farm Operations","Farm Operations","G3","Staff","BLD-100979","Sanjay Ibrahim","Doha Site","Qatar","Doha","Expatriate"
"BLD-100741","EMP000740","Priya Cruz","Priya","Female","Nepali","1964-11-25","61","Married","Active","Permanent","Full Time","2013-12-06","2014-03-06",,,"12.1","Baladna Q.P.S.C. (Qatar)","Operations","Production","Operations","Production - Section 3","CC-956","POS-00740","Coordinator - Production","Production","G1","Staff","BLD-100431","Ramesh Devi","Al Khor Site","Qatar","Al Khor","Expatriate"
"BLD-100742","EMP000741","Tariq El-Sayed","Tariq","Male","Indian","1997-11-01","28","Married","Active","Permanent","Full Time","2017-08-18","2017-11-16",,,"8.4","Baladna Q.P.S.C. (Qatar)","Operations","Engineering & Maintenance","Operations","Engineering & Maintenance - Section 1","CC-178","POS-00741","Operator - Engineering & Maintenance","Engineering & Maintenance","G3","Staff","BLD-100243","Hassan Youssef","Al Rayyan Site","Qatar","Al Rayyan","Expatriate"
"BLD-100743","EMP000742","Arjun Malik","Arjun","Male","Indian","1996-06-16","29","Married","Active","Permanent","Full Time","2018-12-08","2019-03-08",,,"7.1","Baladna Q.P.S.C. (Qatar)","Corporate","IT & Digital","Corporate","IT & Digital - Section 2","CC-289","POS-00742","Senior Manager - IT & Digital","IT & Digital","G11","Managerial","BLD-101199","Ramesh Islam","Doha Site","Qatar","Doha","Expatriate"
"BLD-100744","EMP000743","Vikram Hassan","Vikram","Male","Nepali","1995-07-26","30","Married","Active","Permanent","Full Time","2016-07-18","2016-10-16",,,"9.5","Baladna Q.P.S.C. (Qatar)","Operations","Quality Assurance & Food Safety","Operations","Quality Assurance & Food Safety - Section 1","CC-564","POS-00743","Manager - Quality Assurance & Food Safety","Quality Assurance & Food Safety","G11","Managerial","BLD-101093","Reem Kapoor","Doha Site","Qatar","Doha","Expatriate"
"BLD-100745","EMP000744","Mona Al-Kuwari","Mona","Female","Indian","1983-02-10","42","Single","Active","Permanent","Full Time","2020-05-10","2020-08-08",,,"5.6","Baladna Q.P.S.C. (Qatar)","Corporate","Corporate & Executive Office","Corporate","Corporate & Executive Office - Section 3","CC-577","POS-00744","Team Lead - Corporate & Executive Office","Corporate & Executive Office","G8","Supervisory","BLD-101178","Hari Al-Marri","Al Khor Site","Qatar","Al Khor","Expatriate"
"BLD-100746","EMP000745","Yasmin Youssef","Yasmin","Female","Indian","1968-12-03","56","Married","Terminated","Permanent","Full Time","2018-09-16","2018-12-15","2024-12-31","Resignation - Better Opportunity","6.3","Baladna Q.P.S.C. (Qatar)","Corporate","People & Culture","Corporate","People & Culture - Section 1","CC-310","POS-00745","Senior Manager - People & Culture","People & Culture","G12","Managerial","BLD-101093","Reem Kapoor","Doha Site","Qatar","Doha","Expatriate"
"BLD-100747","EMP000746","Waleed Kapoor","Waleed","Male","Egyptian","1990-08-03","35","Single","Active","Permanent","Full Time","2018-08-12","2018-11-10",,,"7.4","Baladna Egypt","Corporate","Finance","Corporate","Finance - Section 2","CC-502","POS-00746","Associate - Finance","Finance","G2","Staff","BLD-101186","Maria Pereira","10th of Ramadan City Site","Egypt","10th of Ramadan City","Local"
"BLD-100748","EMP000747","Mona Ahmed","Mona","Female","Jordanian","1977-06-15","46","Married","Terminated","Permanent","Full Time","2011-05-15","2011-08-13","2023-06-25","Resignation - Personal Reasons","12.1","Baladna Q.P.S.C. (Qatar)","Corporate","Corporate & Executive Office","Corporate","Corporate & Executive Office - Section 1","CC-577","POS-00747","Supervisor - Corporate & Executive Office","Corporate & Executive Office","G6","Supervisory","BLD-101143","Noor Abdullah","Doha Site","Qatar","Doha","Expatriate"
"BLD-100749","EMP000748","Jose Mansour","Jose","Male","Egyptian","1980-06-26","45","Other","Active","Contract","Full Time","2018-01-26","2018-04-26",,,"7.9","Baladna Egypt","Commercial","Sales & Distribution","Commercial","Sales & Distribution - Section 3","CC-310","POS-00748","Senior Technician - Sales & Distribution","Sales & Distribution","G6","Supervisory","BLD-100265","Sanjay Islam","Cairo Site","Egypt","Cairo","Local"
"BLD-100750","EMP000749","Tariq Malik","Tariq","Male","Egyptian","1975-05-25","50","Single","Active","Permanent","Full Time","2012-02-17","2012-05-17",,,"13.9","Baladna Q.P.S.C. (Qatar)","Operations","Quality Assurance & Food Safety","Operations","Quality Assurance & Food Safety - Section 2","CC-564","POS-00749","Coordinator - Quality Assurance & Food Safety","Quality Assurance & Food Safety","G1","Staff","BLD-100495","Krishna Youssef","Doha Site","Qatar","Doha","Expatriate"
"BLD-100751","EMP000750","Cherry Santos","Cherry","Female","Indian","1973-02-05","50","Married","Terminated","Permanent","Full Time","2010-08-28","2010-11-26","2023-05-12","Resignation - Personal Reasons","12.7","Baladna Q.P.S.C. (Qatar)","Operations","R&D","Operations","R&D - Section 2","CC-118","POS-00750","Associate - R&D","R&D","G1","Staff","BLD-101305","Sunita Thapa","Al Rayyan Site","Qatar","Al Rayyan","Expatriate"
"BLD-100752","EMP000751","Deepak Mendoza","Deepak","Male","Filipino","1985-08-25","40","Married","Active","Permanent","Full Time","2012-05-14","2012-08-12",,,"13.6","Baladna Q.P.S.C. (Qatar)","Corporate","Corporate & Executive Office","Corporate","Corporate & Executive Office - Section 2","CC-577","POS-00751","Coordinator - Corporate & Executive Office","Corporate & Executive Office","G2","Staff","BLD-101192","Rajesh Ahmed","Doha Site","Qatar","Doha","Expatriate"
"BLD-100753","EMP000752","Anil Islam","Anil","Male","Jordanian","1966-12-20","59","Married","Active","Permanent","Full Time","2010-03-13","2010-06-11",,,"15.8","Baladna Egypt","Supply Chain","Supply Chain & Logistics","Supply Chain","Supply Chain & Logistics - Section 3","CC-370","POS-00752","Senior Officer - Supply Chain & Logistics","Supply Chain & Logistics","G8","Supervisory","BLD-100338","Sanjay Devi","10th of Ramadan City Site","Egypt","10th of Ramadan City","Expatriate"
"BLD-100754","EMP000753","Priya Baig","Priya","Female","Egyptian","1967-12-14","58","Married","Active","Permanent","Full Time","2017-07-20","2017-10-18",,,"8.4","Baladna Q.P.S.C. (Qatar)","Supply Chain","Procurement","Supply Chain","Procurement - Section 2","CC-637","POS-00753","Supervisor - Procurement","Procurement","G6","Supervisory","BLD-100141","Lubna Al-Kuwari","Doha Site","Qatar","Doha","Expatriate"
"BLD-100755","EMP000754","Rowena Al-Kuwari","Rowena","Female","Nepali","1992-06-27","30","Married","Terminated","Permanent","Full Time","2014-09-16","2014-12-15","2023-03-13","End of Contract - Not Renewed by Employee","8.5","Baladna Q.P.S.C. (Qatar)","Supply Chain","Procurement","Supply Chain","Procurement - Section 2","CC-637","POS-00754","Operator - Procurement","Procurement","G4","Staff","BLD-100427","Deepak Devi","Doha Site","Qatar","Doha","Expatriate"
"BLD-100756","EMP000755","Bishnu Reyes","Bishnu","Male","Indian","1967-07-06","56","Married","Terminated","Permanent","Full Time","2017-09-04","2017-12-03","2024-05-01","Resignation - Better Opportunity","6.7","Baladna Q.P.S.C. (Qatar)","Operations","Quality Assurance & Food Safety","Operations","Quality Assurance & Food Safety - Section 3","CC-564","POS-00755","Senior Officer - Quality Assurance & Food Safety","Quality Assurance & Food Safety","G7","Supervisory","BLD-101369","Anil Gurung","Doha Site","Qatar","Doha","Expatriate"
"BLD-100757","EMP000756","Santosh Mahmoud","Santosh","Male","Indian","1990-07-09","35","Single","Active","Permanent","Full Time","2016-10-13","2017-01-11",,,"9.2","Baladna Q.P.S.C. (Qatar)","Corporate","People & Culture","Corporate","People & Culture - Section 3","CC-310","POS-00756","Assistant - People & Culture","People & Culture","G2","Staff","BLD-101153","Krishna Santos","Doha Site","Qatar","Doha","Expatriate"
"BLD-100758","EMP000757","Kumar Thapa","Kumar","Male","Indian","1962-07-17","63","Single","Active","Temporary","Full Time","2014-03-30","2014-06-28",,,"11.8","Baladna Q.P.S.C. (Qatar)","Supply Chain","Supply Chain & Logistics","Supply Chain","Supply Chain & Logistics - Section 1","CC-370","POS-00757","Supervisor - Supply Chain & Logistics","Supply Chain & Logistics","G9","Supervisory","BLD-100930","Sanjay Rai","Al Khor Site","Qatar","Al Khor","Expatriate"
"BLD-100759","EMP000758","Hari Youssef","Hari","Male","Bangladeshi","1992-04-27","33","Married","Active","Permanent","Full Time","2013-01-09","2013-04-09",,,"13","Baladna Q.P.S.C. (Qatar)","Corporate","People & Culture","Corporate","People & Culture - Section 1","CC-310","POS-00758","Coordinator - People & Culture","People & Culture","G3","Staff","BLD-101153","Krishna Santos","Doha Site","Qatar","Doha","Expatriate"
"BLD-100760","EMP000759","Sameer Rai","Sameer","Male","Filipino","1980-08-12","45","Single","Active","Permanent","Full Time","2014-04-05","2014-07-04",,,"11.7","Baladna Q.P.S.C. (Qatar)","Corporate","People & Culture","Corporate","People & Culture - Section 3","CC-310","POS-00759","Coordinator - People & Culture","People & Culture","G5","Staff","BLD-100385","Manoj Pereira","Al Rayyan Site","Qatar","Al Rayyan","Expatriate"
"BLD-100761","EMP000760","Manoj Youssef","Manoj","Male","Indian","1974-09-11","49","Married","Terminated","Permanent","Full Time","2015-05-23","2015-08-21","2024-03-13","Termination - Redundancy","8.8","Baladna Q.P.S.C. (Qatar)","Corporate","People & Culture","Corporate","People & Culture - Section 2","CC-310","POS-00760","Senior Technician - People & Culture","People & Culture","G7","Supervisory","BLD-100545","Ravi Santos","Al Rayyan Site","Qatar","Al Rayyan","Expatriate"
"BLD-100762","EMP000761","Juan Mendoza","Juan","Male","Egyptian","1987-10-04","35","Married","Terminated","Permanent","Full Time","2020-03-05","2020-06-03","2023-04-29","End of Contract - Not Renewed by Employee","3.1","Baladna Egypt","Corporate","Finance","Corporate","Finance - Section 3","CC-502","POS-00761","Senior Technician - Finance","Finance","G8","Supervisory","BLD-100480","Nadia Reyes","Cairo Site","Egypt","Cairo","Local"
"BLD-100763","EMP000762","Mohamed Rai","Mohamed","Male","Sudanese","1996-07-11","29","Married","Active","Contract","Full Time","2020-09-29","2020-12-28",,,"5.3","Baladna Q.P.S.C. (Qatar)","Supply Chain","Procurement","Supply Chain","Procurement - Section 2","CC-637","POS-00762","Director - Procurement","Procurement","G13","Executive","BLD-100001","Yousef Al-Attiyah","Al Khor Site","Qatar","Al Khor","Expatriate"
"BLD-100764","EMP000763","Jose Al-Marri","Jose","Male","Filipino","1981-06-06","42","Married","Terminated","Permanent","Full Time","2013-10-21","2014-01-19","2024-05-22","End of Contract - Not Renewed by Employee","10.6","Baladna Q.P.S.C. (Qatar)","Operations","Production","Operations","Production - Section 2","CC-956","POS-00763","Technician - Production","Production","G2","Staff","BLD-100734","Omar Al-Kuwari","Al Khor Site","Qatar","Al Khor","Expatriate"
"BLD-100765","EMP000764","Waleed Mansour","Waleed","Male","Indian","1980-03-12","45","Married","Active","Permanent","Full Time","2015-02-07","2015-05-08",,,"10.9","Baladna Q.P.S.C. (Qatar)","Corporate","Corporate & Executive Office","Corporate","Corporate & Executive Office - Section 1","CC-577","POS-00764","Coordinator - Corporate & Executive Office","Corporate & Executive Office","G1","Staff","BLD-100317","Aisha Farouk","Al Khor Site","Qatar","Al Khor","Expatriate"
"BLD-100766","EMP000765","Priya Farouk","Priya","Female","Indian","1961-04-04","64","Single","Active","Contract","Full Time","2015-04-08","2015-07-07",,,"10.7","Baladna Q.P.S.C. (Qatar)","Supply Chain","Supply Chain & Logistics","Supply Chain","Supply Chain & Logistics - Section 1","CC-370","POS-00765","Vice President - Supply Chain & Logistics","Supply Chain & Logistics","G14","Executive","BLD-100001","Yousef Al-Attiyah","Al Khor Site","Qatar","Al Khor","Expatriate"
"BLD-100767","EMP000766","Layla Devi","Layla","Female","Bangladeshi","1969-12-24","55","Single","Terminated","Permanent","Full Time","2011-09-01","2011-11-30","2025-03-15","Resignation - Relocation","13.5","Baladna Q.P.S.C. (Qatar)","Corporate","IT & Digital","Corporate","IT & Digital - Section 3","CC-289","POS-00766","Technician - IT & Digital","IT & Digital","G3","Staff","BLD-100634","Pooja Malik","Al Khor Site","Qatar","Al Khor","Expatriate"
"BLD-100768","EMP000767","Huda Sharma","Huda","Female","Indian","1996-12-01","26","Married","Terminated","Permanent","Full Time","2020-09-01","2020-11-30","2023-01-09","Resignation - Better Opportunity","2.4","Baladna Q.P.S.C. (Qatar)","Supply Chain","Procurement","Supply Chain","Procurement - Section 3","CC-637","POS-00767","Team Lead - Procurement","Procurement","G7","Supervisory","BLD-101045","Dalia Gurung","Al Khor Site","Qatar","Al Khor","Expatriate"
"BLD-100769","EMP000768","Tariq Rai","Tariq","Male","Bangladeshi","1957-12-09","68","Married","Active","Contract","Full Time","2010-02-01","2010-05-02",,,"15.9","Baladna Q.P.S.C. (Qatar)","Supply Chain","Supply Chain & Logistics","Supply Chain","Supply Chain & Logistics - Section 3","CC-370","POS-00768","Assistant - Supply Chain & Logistics","Supply Chain & Logistics","G5","Staff","BLD-100093","Bishnu Iqbal","Doha Site","Qatar","Doha","Expatriate"
"BLD-100770","EMP000769","Hassan Sharma","Hassan","Male","Qatari","1985-08-08","37","Single","Terminated","Permanent","Full Time","2022-09-03","2022-12-02","2023-02-19","Resignation - Relocation","0.5","Baladna Q.P.S.C. (Qatar)","Corporate","People & Culture","Corporate","People & Culture - Section 2","CC-310","POS-00769","Officer - People & Culture","People & Culture","G1","Staff","BLD-101164","Mona Thapa","Doha Site","Qatar","Doha","Local"
"BLD-100771","EMP000770","Yasmin Gurung","Yasmin","Female","Egyptian","1973-01-12","51","Single","Terminated","Permanent","Full Time","2015-11-30","2016-02-28","2024-01-23","Termination - Disciplinary","8.1","Baladna Q.P.S.C. (Qatar)","Corporate","Finance","Corporate","Finance - Section 2","CC-502","POS-00770","Technician - Finance","Finance","G5","Staff","BLD-101065","Mohamed Al-Sayed","Al Khor Site","Qatar","Al Khor","Expatriate"
"BLD-100772","EMP000771","Ramesh Malik","Ramesh","Male","Sudanese","1995-09-02","30","Single","Active","Permanent","Full Time","2020-09-04","2020-12-03",,,"5.3","Baladna Q.P.S.C. (Qatar)","Operations","Farm Operations","Operations","Farm Operations - Section 1","CC-662","POS-00771","Senior Technician - Farm Operations","Farm Operations","G7","Supervisory","BLD-100055","Anil Fernandes","Doha Site","Qatar","Doha","Expatriate"
"BLD-100773","EMP000772","Priya Mendoza","Priya","Female","Egyptian","1988-12-27","37","Married","Active","Permanent","Full Time","2016-05-19","2016-08-17",,,"9.6","Baladna Egypt","Supply Chain","Supply Chain & Logistics","Supply Chain","Supply Chain & Logistics - Section 2","CC-370","POS-00772","Supervisor - Supply Chain & Logistics","Supply Chain & Logistics","G7","Supervisory","BLD-100338","Sanjay Devi","Cairo Site","Egypt","Cairo","Local"
"BLD-100774","EMP000773","Santosh El-Sayed","Santosh","Male","Nepali","1965-01-06","60","Married","Active","Permanent","Full Time","2018-08-16","2018-11-14",,,"7.4","Baladna Q.P.S.C. (Qatar)","Commercial","Marketing","Commercial","Marketing - Section 2","CC-916","POS-00773","Operator - Marketing","Marketing","G1","Staff","BLD-100496","Priya Devi","Doha Site","Qatar","Doha","Expatriate"
"BLD-100775","EMP000774","Juan Ibrahim","Juan","Male","Indian","1995-01-04","28","Married","Terminated","Permanent","Full Time","2016-10-12","2017-01-10","2023-05-09","Resignation - Relocation","6.6","Baladna Q.P.S.C. (Qatar)","Commercial","Sales & Distribution","Commercial","Sales & Distribution - Section 3","CC-310","POS-00774","Technician - Sales & Distribution","Sales & Distribution","G1","Staff","BLD-100831","Hari Al-Kuwari","Al Khor Site","Qatar","Al Khor","Expatriate"
"BLD-100776","EMP000775","Dina Reyes","Dina","Female","Qatari","1973-08-04","52","Married","Active","Permanent","Full Time","2014-01-16","2014-04-16",,,"12","Baladna Q.P.S.C. (Qatar)","Corporate","People & Culture","Corporate","People & Culture - Section 2","CC-310","POS-00775","Assistant Manager - People & Culture","People & Culture","G12","Managerial","BLD-100700","Prakash Mendoza","Al Khor Site","Qatar","Al Khor","Local"
"BLD-100777","EMP000776","Waleed Youssef","Waleed","Male","Sudanese","1994-07-05","31","Married","Active","Contract","Full Time","2019-12-09","2020-03-08",,,"6.1","Baladna Q.P.S.C. (Qatar)","Operations","Quality Assurance & Food Safety","Operations","Quality Assurance & Food Safety - Section 3","CC-564","POS-00776","Operator - Quality Assurance & Food Safety","Quality Assurance & Food Safety","G2","Staff","BLD-101066","Kumar Mansour","Al Khor Site","Qatar","Al Khor","Expatriate"
"BLD-100778","EMP000777","Khalid Pereira","Khalid","Male","Filipino","1962-05-05","63","Married","Terminated","Permanent","Full Time","2010-11-13","2011-02-11","2025-11-04","End of Contract - Not Renewed by Employee","15","Baladna Q.P.S.C. (Qatar)","Corporate","People & Culture","Corporate","People & Culture - Section 3","CC-310","POS-00777","Technician - People & Culture","People & Culture","G4","Staff","BLD-100853","Arjun Kapoor","Al Rayyan Site","Qatar","Al Rayyan","Expatriate"
"BLD-100779","EMP000778","Bikram Al-Kuwari","Bikram","Male","Egyptian","1976-02-09","49","Single","Active","Permanent","Full Time","2020-06-15","2020-09-13",,,"5.5","Baladna Q.P.S.C. (Qatar)","Supply Chain","Procurement","Supply Chain","Procurement - Section 2","CC-637","POS-00778","Specialist - Procurement","Procurement","G6","Supervisory","BLD-100902","Noor Islam","Doha Site","Qatar","Doha","Expatriate"
"BLD-100780","EMP000779","Deepak Gurung","Deepak","Male","Sri Lankan","1969-12-27","54","Married","Terminated","Permanent","Full Time","2011-10-09","2012-01-07","2024-03-26","Resignation - Personal Reasons","12.5","Baladna Q.P.S.C. (Qatar)","Corporate","Corporate & Executive Office","Corporate","Corporate & Executive Office - Section 1","CC-577","POS-00779","Associate - Corporate & Executive Office","Corporate & Executive Office","G1","Staff","BLD-100989","Aisha Malik","Al Khor Site","Qatar","Al Khor","Expatriate"
"BLD-100781","EMP000780","Krishna Thapa","Krishna","Male","Egyptian","1965-03-25","60","Married","Active","Permanent","Full Time","2019-09-20","2019-12-19",,,"6.3","Baladna Egypt","Commercial","Sales & Distribution","Commercial","Sales & Distribution - Section 1","CC-310","POS-00780","Senior Technician - Sales & Distribution","Sales & Distribution","G6","Supervisory","BLD-100951","Yasmin Sharma","Cairo Site","Egypt","Cairo","Local"
"BLD-100782","EMP000781","Khalid Santos","Khalid","Male","Indian","1995-10-01","30","Married","Active","Permanent","Full Time","2017-01-31","2017-05-01",,,"8.9","Baladna Q.P.S.C. (Qatar)","Operations","Farm Operations","Operations","Farm Operations - Section 3","CC-662","POS-00781","Team Lead - Farm Operations","Farm Operations","G8","Supervisory","BLD-100341","Anil Cruz","Doha Site","Qatar","Doha","Expatriate"
"BLD-100783","EMP000782","Ramesh Rai","Ramesh","Male","Sri Lankan","1980-01-07","45","Married","Active","Permanent","Full Time","2013-03-09","2013-06-07",,,"12.8","Baladna Q.P.S.C. (Qatar)","Corporate","Finance","Corporate","Finance - Section 2","CC-502","POS-00782","Officer - Finance","Finance","G1","Staff","BLD-101264","Sanjay Gurung","Doha Site","Qatar","Doha","Expatriate"
"BLD-100784","EMP000783","Manoj Pereira","Manoj","Male","Indian","1990-10-20","34","Married","Terminated","Permanent","Full Time","2013-11-01","2014-01-30","2024-11-30","Resignation - Relocation","11.1","Baladna Q.P.S.C. (Qatar)","Corporate","Corporate & Executive Office","Corporate","Corporate & Executive Office - Section 3","CC-577","POS-00783","Senior Officer - Corporate & Executive Office","Corporate & Executive Office","G6","Supervisory","BLD-101012","Sameer Islam","Doha Site","Qatar","Doha","Expatriate"
"BLD-100785","EMP000784","Faisal Cruz","Faisal","Male","Indian","1967-04-27","55","Married","Terminated","Permanent","Full Time","2018-12-29","2019-03-29","2023-02-15","End of Contract - Not Renewed by Employee","4.1","Baladna Q.P.S.C. (Qatar)","Corporate","Corporate & Executive Office","Corporate","Corporate & Executive Office - Section 2","CC-577","POS-00784","Senior Officer - Corporate & Executive Office","Corporate & Executive Office","G7","Supervisory","BLD-101136","Deepak Mahmoud","Doha Site","Qatar","Doha","Expatriate"
"BLD-100786","EMP000785","Deepak Mahmoud","Deepak","Male","Nepali","1963-03-04","62","Single","Active","Permanent","Full Time","2010-09-02","2010-12-01",,,"15.3","Baladna Q.P.S.C. (Qatar)","Operations","Production","Operations","Production - Section 2","CC-956","POS-00785","Team Lead - Production","Production","G6","Supervisory","BLD-100394","Hari Abdullah","Doha Site","Qatar","Doha","Expatriate"
"BLD-100787","EMP000786","Sanjay Ibrahim","Sanjay","Male","Bangladeshi","1965-08-04","58","Married","Terminated","Permanent","Full Time","2012-02-05","2012-05-05","2023-08-21","End of Contract - Not Renewed by Employee","11.5","Baladna Q.P.S.C. (Qatar)","Commercial","Sales & Distribution","Commercial","Sales & Distribution - Section 1","CC-310","POS-00786","Technician - Sales & Distribution","Sales & Distribution","G3","Staff","BLD-100529","Khalid Cruz","Doha Site","Qatar","Doha","Expatriate"
"BLD-100788","EMP000787","Anil Al-Sayed","Anil","Male","Pakistani","1979-08-11","46","Married","Active","Permanent","Full Time","2019-05-15","2019-08-13",,,"6.6","Baladna Q.P.S.C. (Qatar)","Operations","Production","Operations","Production - Section 3","CC-956","POS-00787","Coordinator - Production","Production","G2","Staff","BLD-100209","Rania Al-Kuwari","Doha Site","Qatar","Doha","Expatriate"
"BLD-100789","EMP000788","Sameer Iqbal","Sameer","Male","Egyptian","1994-06-01","31","Single","Active","Permanent","Full Time","2021-09-07","2021-12-06",,,"4.3","Baladna Egypt","Corporate","People & Culture","Corporate","People & Culture - Section 2","CC-310","POS-00788","Manager - People & Culture","People & Culture","G10","Managerial","BLD-101307","Mariam Khan","10th of Ramadan City Site","Egypt","10th of Ramadan City","Local"
"BLD-100790","EMP000789","Suresh Devi","Suresh","Male","Indian","1978-01-17","45","Married","Terminated","Contract","Full Time","2010-04-20","2010-07-19","2023-09-15","Resignation - Personal Reasons","13.4","Baladna Q.P.S.C. (Qatar)","Operations","Engineering & Maintenance","Operations","Engineering & Maintenance - Section 1","CC-178","POS-00789","Assistant Manager - Engineering & Maintenance","Engineering & Maintenance","G10","Managerial","BLD-100413","Ahmed Ibrahim","Al Khor Site","Qatar","Al Khor","Expatriate"
"BLD-100791","EMP000790","Vikram Islam","Vikram","Male","Nepali","1979-11-15","43","Married","Terminated","Permanent","Full Time","2013-10-22","2014-01-20","2023-01-28","Resignation - Relocation","9.3","Baladna Q.P.S.C. (Qatar)","Commercial","Marketing","Commercial","Marketing - Section 2","CC-916","POS-00790","Coordinator - Marketing","Marketing","G2","Staff","BLD-101482","Reem Ibrahim","Doha Site","Qatar","Doha","Expatriate"
"BLD-100792","EMP000791","Khalid Chowdhury","Khalid","Male","Nepali","1985-04-04","39","Married","Terminated","Permanent","Full Time","2013-08-06","2013-11-04","2024-07-17","Resignation - Personal Reasons","10.9","Baladna Q.P.S.C. (Qatar)","Operations","Quality Assurance & Food Safety","Operations","Quality Assurance & Food Safety - Section 2","CC-564","POS-00791","Technician - Quality Assurance & Food Safety","Quality Assurance & Food Safety","G3","Staff","BLD-100283","Krishna Islam","Al Khor Site","Qatar","Al Khor","Expatriate"
"BLD-100793","EMP000792","Prakash Islam","Prakash","Male","Egyptian","1972-07-14","53","Married","Active","Permanent","Full Time","2013-02-04","2013-05-05",,,"12.9","Baladna Egypt","Commercial","Sales & Distribution","Commercial","Sales & Distribution - Section 1","CC-310","POS-00792","Assistant - Sales & Distribution","Sales & Distribution","G3","Staff","BLD-101040","Prakash Pereira","Cairo Site","Egypt","Cairo","Local"
"BLD-100794","EMP000793","Anil Al-Kuwari","Anil","Male","Nepali","1983-12-27","42","Married","Active","Contract","Full Time","2016-06-01","2016-08-30",,,"9.6","Baladna Q.P.S.C. (Qatar)","Supply Chain","Supply Chain & Logistics","Supply Chain","Supply Chain & Logistics - Section 3","CC-370","POS-00793","Technician - Supply Chain & Logistics","Supply Chain & Logistics","G4","Staff","BLD-101092","Prakash Kapoor","Al Rayyan Site","Qatar","Al Rayyan","Expatriate"
"BLD-100795","EMP000794","Hassan Reyes","Hassan","Male","Egyptian","1971-05-18","54","Single","Active","Permanent","Full Time","2017-05-16","2017-08-14",,,"8.6","Baladna Egypt","Corporate","Finance","Corporate","Finance - Section 3","CC-502","POS-00794","Specialist - Finance","Finance","G6","Supervisory","BLD-100256","Vikram Abdullah","Cairo Site","Egypt","Cairo","Local"
"BLD-100796","EMP000795","Reem Fernandes","Reem","Female","Sri Lankan","1969-05-09","54","Married","Terminated","Contract","Full Time","2018-08-20","2018-11-18","2023-09-27","Resignation - Relocation","5.1","Baladna Q.P.S.C. (Qatar)","Supply Chain","Procurement","Supply Chain","Procurement - Section 2","CC-637","POS-00795","Assistant - Procurement","Procurement","G4","Staff","BLD-100150","Hari Hassan","Al Khor Site","Qatar","Al Khor","Expatriate"
"BLD-100797","EMP000796","Rajesh Farouk","Rajesh","Male","Indian","1986-12-22","39","Married","Active","Permanent","Full Time","2011-03-22","2011-06-20",,,"14.8","Baladna Q.P.S.C. (Qatar)","Operations","Quality Assurance & Food Safety","Operations","Quality Assurance & Food Safety - Section 3","CC-564","POS-00796","Team Lead - Quality Assurance & Food Safety","Quality Assurance & Food Safety","G7","Supervisory","BLD-100665","Ahmed Baig","Al Khor Site","Qatar","Al Khor","Expatriate"
"BLD-100798","EMP000797","Bikram El-Sayed","Bikram","Male","Egyptian","1974-05-18","50","Other","Terminated","Permanent","Full Time","2018-07-29","2018-10-27","2024-09-23","Termination - Disciplinary","6.2","Baladna Egypt","Supply Chain","Supply Chain & Logistics","Supply Chain","Supply Chain & Logistics - Section 1","CC-370","POS-00797","Assistant - Supply Chain & Logistics","Supply Chain & Logistics","G2","Staff","BLD-101239","Prakash Gurung","10th of Ramadan City Site","Egypt","10th of Ramadan City","Local"
"BLD-100799","EMP000798","Omar Thapa","Omar","Male","Indian","1992-09-09","33","Single","Active","Permanent","Full Time","2016-07-07","2016-10-05",,,"9.5","Baladna Q.P.S.C. (Qatar)","Corporate","Finance","Corporate","Finance - Section 1","CC-502","POS-00798","Assistant Manager - Finance","Finance","G10","Managerial","BLD-101297","Krishna Kapoor","Doha Site","Qatar","Doha","Expatriate"
"BLD-100800","EMP000799","Sameer Ibrahim","Sameer","Male","Jordanian","1980-07-04","45","Single","Active","Permanent","Full Time","2022-09-24","2022-12-23",,,"3.3","Baladna Q.P.S.C. (Qatar)","Commercial","Marketing","Commercial","Marketing - Section 3","CC-916","POS-00799","Senior Manager - Marketing","Marketing","G12","Managerial","BLD-100375","Manoj Fernandes","Al Khor Site","Qatar","Al Khor","Expatriate"
"BLD-100801","EMP000800","Bikram Hassan","Bikram","Male","Egyptian","1977-10-07","46","Married","Terminated","Temporary","Full Time","2019-04-07","2019-07-06","2023-12-18","Resignation - Better Opportunity","4.7","Baladna Egypt","Corporate","Finance","Corporate","Finance - Section 2","CC-502","POS-00800","Operator - Finance","Finance","G1","Staff","BLD-100066","Prakash Ibrahim","10th of Ramadan City Site","Egypt","10th of Ramadan City","Local"
"BLD-100802","EMP000801","Jose Chowdhury","Jose","Male","Pakistani","1988-04-19","37","Married","Active","Permanent","Full Time","2014-08-07","2014-11-05",,,"11.4","Baladna Q.P.S.C. (Qatar)","Corporate","IT & Digital","Corporate","IT & Digital - Section 2","CC-289","POS-00801","Team Lead - IT & Digital","IT & Digital","G6","Supervisory","BLD-100009","Juan Al-Sayed","Doha Site","Qatar","Doha","Expatriate"
"BLD-100803","EMP000802","Ravi Kapoor","Ravi","Male","Bangladeshi","1981-03-07","43","Married","Terminated","Permanent","Full Time","2013-08-05","2013-11-03","2024-10-22","Resignation - Personal Reasons","11.2","Baladna Q.P.S.C. (Qatar)","Commercial","Sales & Distribution","Commercial","Sales & Distribution - Section 3","CC-310","POS-00802","Associate - Sales & Distribution","Sales & Distribution","G1","Staff","BLD-101399","Anil Al-Kuwari","Doha Site","Qatar","Doha","Expatriate"
"BLD-100804","EMP000803","Suresh Khan","Suresh","Male","Indian","1966-02-12","59","Married","Active","Permanent","Full Time","2018-10-29","2019-01-27",,,"7.2","Baladna Q.P.S.C. (Qatar)","Commercial","Sales & Distribution","Commercial","Sales & Distribution - Section 2","CC-310","POS-00803","Senior Manager - Sales & Distribution","Sales & Distribution","G12","Managerial","BLD-100171","Huda Abdullah","Doha Site","Qatar","Doha","Expatriate"
"BLD-100805","EMP000804","Krishna Farouk","Krishna","Male","Sudanese","1961-11-05","61","Single","Terminated","Permanent","Full Time","2011-10-17","2012-01-15","2023-09-11","End of Contract - Not Renewed by Employee","11.9","Baladna Egypt","Operations","Quality Assurance & Food Safety","Operations","Quality Assurance & Food Safety - Section 2","CC-564","POS-00804","Senior Technician - Quality Assurance & Food Safety","Quality Assurance & Food Safety","G7","Supervisory","BLD-100086","Sameer Al-Marri","Cairo Site","Egypt","Cairo","Expatriate"
"BLD-100806","EMP000805","Rakesh Mansour","Rakesh","Male","Egyptian","1996-03-25","29","Married","Active","Permanent","Full Time","2020-09-15","2020-12-14",,,"5.3","Baladna Egypt","Corporate","Finance","Corporate","Finance - Section 3","CC-502","POS-00805","Assistant Manager - Finance","Finance","G11","Managerial","BLD-100036","Waleed Gurung","Cairo Site","Egypt","Cairo","Local"
"BLD-100807","EMP000806","Suresh Gurung","Suresh","Male","Egyptian","1987-03-19","37","Single","Terminated","Permanent","Full Time","2016-12-02","2017-03-02","2024-04-11","Resignation - Personal Reasons","7.4","Baladna Q.P.S.C. (Qatar)","Operations","Production","Operations","Production - Section 1","CC-956","POS-00806","Assistant - Production","Production","G5","Staff","BLD-100730","Lubna Devi","Doha Site","Qatar","Doha","Expatriate"
"BLD-100808","EMP000807","Rajesh Mansour","Rajesh","Male","Egyptian","1974-10-01","48","Married","Terminated","Permanent","Full Time","2017-10-07","2018-01-05","2023-04-09","Resignation - Personal Reasons","5.5","Baladna Q.P.S.C. (Qatar)","Corporate","IT & Digital","Corporate","IT & Digital - Section 3","CC-289","POS-00807","Senior Technician - IT & Digital","IT & Digital","G7","Supervisory","BLD-101150","Ravi Devi","Doha Site","Qatar","Doha","Expatriate"
"BLD-100809","EMP000808","Reem Thapa","Reem","Female","Jordanian","1986-07-18","39","Single","Active","Contract","Full Time","2011-08-12","2011-11-10",,,"14.4","Baladna Q.P.S.C. (Qatar)","Commercial","Marketing","Commercial","Marketing - Section 2","CC-916","POS-00808","Operator - Marketing","Marketing","G1","Staff","BLD-100107","Aisha Thapa","Al Khor Site","Qatar","Al Khor","Expatriate"
"BLD-100810","EMP000809","Anil Reyes","Anil","Male","Nepali","1964-07-10","61","Single","Active","Permanent","Full Time","2016-11-24","2017-02-22",,,"9.1","Baladna Q.P.S.C. (Qatar)","Operations","Farm Operations","Operations","Farm Operations - Section 3","CC-662","POS-00809","Senior Officer - Farm Operations","Farm Operations","G9","Supervisory","BLD-100055","Anil Fernandes","Doha Site","Qatar","Doha","Expatriate"
"BLD-100811","EMP000810","Bikram Baig","Bikram","Male","Filipino","1991-08-04","34","Married","Active","Permanent","Full Time","2020-09-18","2020-12-17",,,"5.3","Baladna Q.P.S.C. (Qatar)","Commercial","Marketing","Commercial","Marketing - Section 3","CC-916","POS-00810","Assistant - Marketing","Marketing","G1","Staff","BLD-100602","Layla Chowdhury","Doha Site","Qatar","Doha","Expatriate"
"BLD-100812","EMP000811","Rina Thapa","Rina","Female","Nepali","1969-09-05","55","Single","Terminated","Permanent","Full Time","2013-05-31","2013-08-29","2024-12-21","End of Contract - Not Renewed by Employee","11.6","Baladna Q.P.S.C. (Qatar)","Operations","Quality Assurance & Food Safety","Operations","Quality Assurance & Food Safety - Section 1","CC-564","POS-00811","Coordinator - Quality Assurance & Food Safety","Quality Assurance & Food Safety","G1","Staff","BLD-101066","Kumar Mansour","Doha Site","Qatar","Doha","Expatriate"
"BLD-100813","EMP000812","Hind Khan","Hind","Female","Indian","1986-09-19","38","Single","Terminated","Permanent","Full Time","2015-07-11","2015-10-09","2024-12-25","End of Contract - Not Renewed by Employee","9.5","Baladna Q.P.S.C. (Qatar)","Operations","R&D","Operations","R&D - Section 2","CC-118","POS-00812","Manager - R&D","R&D","G10","Managerial","BLD-101509","Suresh Reyes","Doha Site","Qatar","Doha","Expatriate"
"BLD-100814","EMP000813","Ali Ibrahim","Ali","Male","Nepali","1976-11-17","49","Married","Active","Permanent","Full Time","2012-01-21","2012-04-20",,,"13.9","Baladna Q.P.S.C. (Qatar)","Supply Chain","Procurement","Supply Chain","Procurement - Section 2","CC-637","POS-00813","Specialist - Procurement","Procurement","G7","Supervisory","BLD-101231","Arjun Khan","Al Khor Site","Qatar","Al Khor","Expatriate"
"BLD-100815","EMP000814","Suresh Gurung","Suresh","Male","Egyptian","1965-05-10","60","Single","Active","Permanent","Full Time","2012-03-19","2012-06-17",,,"13.8","Baladna Q.P.S.C. (Qatar)","Operations","Farm Operations","Operations","Farm Operations - Section 3","CC-662","POS-00814","Supervisor - Farm Operations","Farm Operations","G6","Supervisory","BLD-101247","Ahmed El-Sayed","Al Khor Site","Qatar","Al Khor","Expatriate"
"BLD-100816","EMP000815","Bishnu Kapoor","Bishnu","Male","Filipino","1971-02-06","54","Married","Active","Contract","Full Time","2014-09-29","2014-12-28",,,"11.3","Baladna Q.P.S.C. (Qatar)","Corporate","IT & Digital","Corporate","IT & Digital - Section 2","CC-289","POS-00815","Associate - IT & Digital","IT & Digital","G2","Staff","BLD-100802","Jose Chowdhury","Doha Site","Qatar","Doha","Expatriate"
"BLD-100817","EMP000816","Hari Thapa","Hari","Male","Egyptian","1980-07-15","45","Married","Active","Permanent","Full Time","2020-06-21","2020-09-19",,,"5.5","Baladna Q.P.S.C. (Qatar)","Corporate","IT & Digital","Corporate","IT & Digital - Section 1","CC-289","POS-00816","Technician - IT & Digital","IT & Digital","G1","Staff","BLD-101382","Rania Iqbal","Doha Site","Qatar","Doha","Expatriate"
"BLD-100818","EMP000817","Hassan Malik","Hassan","Male","Filipino","1977-06-13","46","Married","Terminated","Permanent","Full Time","2017-03-14","2017-06-12","2024-04-07","End of Contract - Not Renewed by Employee","7.1","Baladna Q.P.S.C. (Qatar)","Corporate","IT & Digital","Corporate","IT & Digital - Section 1","CC-289","POS-00817","Team Lead - IT & Digital","IT & Digital","G9","Supervisory","BLD-100842","Anita Fernandes","Al Khor Site","Qatar","Al Khor","Expatriate"
"BLD-100819","EMP000818","Jose Kapoor","Jose","Male","Sudanese","1970-03-22","54","Married","Terminated","Permanent","Full Time","2011-01-29","2011-04-29","2024-05-10","Resignation - Better Opportunity","13.3","Baladna Q.P.S.C. (Qatar)","Operations","Production","Operations","Production - Section 1","CC-956","POS-00818","Coordinator - Production","Production","G1","Staff","BLD-100786","Deepak Mahmoud","Doha Site","Qatar","Doha","Expatriate"
"BLD-100820","EMP000819","Manoj Abdullah","Manoj","Male","Egyptian","1993-02-04","32","Single","Active","Permanent","Full Time","2018-08-27","2018-11-25",,,"7.3","Baladna Egypt","Corporate","Finance","Corporate","Finance - Section 1","CC-502","POS-00819","Specialist - Finance","Finance","G7","Supervisory","BLD-101497","Mariam Chowdhury","10th of Ramadan City Site","Egypt","10th of Ramadan City","Local"
"BLD-100821","EMP000820","Tariq Gurung","Tariq","Male","Filipino","1985-03-22","40","Married","Active","Contract","Full Time","2011-02-21","2011-05-22",,,"14.9","Baladna Q.P.S.C. (Qatar)","Operations","Quality Assurance & Food Safety","Operations","Quality Assurance & Food Safety - Section 3","CC-564","POS-00820","Operator - Quality Assurance & Food Safety","Quality Assurance & Food Safety","G3","Staff","BLD-100735","Juan Al-Marri","Doha Site","Qatar","Doha","Expatriate"
"BLD-100822","EMP000821","Ali El-Sayed","Ali","Male","Egyptian","1970-05-23","54","Married","Terminated","Temporary","Full Time","2011-01-17","2011-04-17","2024-06-14","Resignation - Relocation","13.4","Baladna Q.P.S.C. (Qatar)","Supply Chain","Procurement","Supply Chain","Procurement - Section 2","CC-637","POS-00821","Technician - Procurement","Procurement","G4","Staff","BLD-100221","Juan Malik","Doha Site","Qatar","Doha","Expatriate"
"BLD-100823","EMP000822","Santosh Pereira","Santosh","Male","Egyptian","1995-07-10","27","Married","Terminated","Permanent","Full Time","2017-10-21","2018-01-19","2023-04-20","Resignation - Personal Reasons","5.5","Baladna Q.P.S.C. (Qatar)","Operations","Quality Assurance & Food Safety","Operations","Quality Assurance & Food Safety - Section 1","CC-564","POS-00822","Associate - Quality Assurance & Food Safety","Quality Assurance & Food Safety","G1","Staff","BLD-101291","Reem Mahmoud","Doha Site","Qatar","Doha","Expatriate"
"BLD-100824","EMP000823","Kumar Islam","Kumar","Male","Egyptian","1977-06-09","48","Married","Active","Temporary","Full Time","2014-06-09","2014-09-07",,,"11.6","Baladna Q.P.S.C. (Qatar)","Operations","Farm Operations","Operations","Farm Operations - Section 2","CC-662","POS-00823","Director - Farm Operations","Farm Operations","G13","Executive","BLD-100001","Yousef Al-Attiyah","Al Rayyan Site","Qatar","Al Rayyan","Expatriate"
"BLD-100825","EMP000824","Manoj Farouk","Manoj","Male","Nepali","2001-03-16","24","Married","Active","Permanent","Full Time","2021-10-28","2022-01-26",,,"4.2","Baladna Q.P.S.C. (Qatar)","Operations","Engineering & Maintenance","Operations","Engineering & Maintenance - Section 2","CC-178","POS-00824","Associate - Engineering & Maintenance","Engineering & Maintenance","G2","Staff","BLD-100115","Hassan Kapoor","Doha Site","Qatar","Doha","Expatriate"
"BLD-100826","EMP000825","Santosh Gurung","Santosh","Male","Egyptian","1977-07-26","48","Single","Active","Contract","Full Time","2022-06-07","2022-09-05",,,"3.6","Baladna Egypt","Operations","Production","Operations","Production - Section 3","CC-956","POS-00825","Supervisor - Production","Production","G7","Supervisory","BLD-100561","Ravi Farouk","10th of Ramadan City Site","Egypt","10th of Ramadan City","Local"
"BLD-100827","EMP000826","Maria Hassan","Maria","Female","Filipino","1993-10-24","32","Married","Active","Permanent","Full Time","2017-03-05","2017-06-03",,,"8.8","Baladna Q.P.S.C. (Qatar)","Corporate","Corporate & Executive Office","Corporate","Corporate & Executive Office - Section 2","CC-577","POS-00826","Technician - Corporate & Executive Office","Corporate & Executive Office","G3","Staff","BLD-100980","Arjun Cruz","Al Khor Site","Qatar","Al Khor","Expatriate"
"BLD-100828","EMP000827","Bishnu Mahmoud","Bishnu","Male","Nepali","2000-09-04","23","Married","Terminated","Contract","Full Time","2020-12-20","2021-03-20","2024-05-13","Resignation - Personal Reasons","3.4","Baladna Q.P.S.C. (Qatar)","Operations","Farm Operations","Operations","Farm Operations - Section 3","CC-662","POS-00827","Operator - Farm Operations","Farm Operations","G1","Staff","BLD-100241","Ali Mansour","Al Khor Site","Qatar","Al Khor","Expatriate"
"BLD-100829","EMP000828","Noor Baig","Noor","Female","Egyptian","1980-09-05","44","Married","Terminated","Permanent","Full Time","2022-02-01","2022-05-02","2024-11-09","Resignation - Relocation","2.8","Baladna Q.P.S.C. (Qatar)","Commercial","Marketing","Commercial","Marketing - Section 2","CC-916","POS-00828","Operator - Marketing","Marketing","G5","Staff","BLD-100604","Manoj Fernandes","Al Khor Site","Qatar","Al Khor","Expatriate"
"BLD-100830","EMP000829","Sameer Kapoor","Sameer","Male","Nepali","1992-02-11","31","Single","Terminated","Contract","Full Time","2013-01-24","2013-04-24","2023-03-18","Resignation - Relocation","10.1","Baladna Q.P.S.C. (Qatar)","Operations","Production","Operations","Production - Section 3","CC-956","POS-00829","Coordinator - Production","Production","G1","Staff","BLD-101468","Omar Al-Kuwari","Al Khor Site","Qatar","Al Khor","Expatriate"
"BLD-100831","EMP000830","Hari Al-Kuwari","Hari","Male","Filipino","1970-06-11","55","Married","Active","Contract","Full Time","2017-08-11","2017-11-09",,,"8.4","Baladna Q.P.S.C. (Qatar)","Commercial","Sales & Distribution","Commercial","Sales & Distribution - Section 1","CC-310","POS-00830","Senior Technician - Sales & Distribution","Sales & Distribution","G8","Supervisory","BLD-100697","Sunita Al-Marri","Doha Site","Qatar","Doha","Expatriate"
"BLD-100832","EMP000831","Vikram Rai","Vikram","Male","Indian","1984-04-03","41","Single","Terminated","Temporary","Full Time","2022-01-05","2022-04-05","2025-06-20","Resignation - Better Opportunity","3.5","Baladna Q.P.S.C. (Qatar)","Operations","Farm Operations","Operations","Farm Operations - Section 3","CC-662","POS-00831","Team Lead - Farm Operations","Farm Operations","G6","Supervisory","BLD-100142","Santosh El-Sayed","Al Khor Site","Qatar","Al Khor","Expatriate"
"BLD-100833","EMP000832","Hari Sharma","Hari","Male","Jordanian","1978-01-08","47","Single","Active","Permanent","Full Time","2018-04-02","2018-07-01",,,"7.7","Baladna Q.P.S.C. (Qatar)","Corporate","Corporate & Executive Office","Corporate","Corporate & Executive Office - Section 1","CC-577","POS-00832","Coordinator - Corporate & Executive Office","Corporate & Executive Office","G2","Staff","BLD-100317","Aisha Farouk","Doha Site","Qatar","Doha","Expatriate"
"BLD-100834","EMP000833","Ali Mahmoud","Ali","Male","Bangladeshi","1968-10-04","57","Married","Active","Permanent","Full Time","2022-05-21","2022-08-19",,,"3.6","Baladna Q.P.S.C. (Qatar)","Supply Chain","Supply Chain & Logistics","Supply Chain","Supply Chain & Logistics - Section 1","CC-370","POS-00833","Operator - Supply Chain & Logistics","Supply Chain & Logistics","G1","Staff","BLD-100758","Kumar Thapa","Doha Site","Qatar","Doha","Expatriate"
"BLD-100835","EMP000834","Sanjay Cruz","Sanjay","Male","Egyptian","1989-11-26","36","Married","Active","Permanent","Full Time","2015-12-02","2016-03-01",,,"10.1","Baladna Egypt","Operations","Production","Operations","Production - Section 1","CC-956","POS-00834","Supervisor - Production","Production","G9","Supervisory","BLD-101084","Mohamed Baig","Cairo Site","Egypt","Cairo","Local"
"BLD-100836","EMP000835","Vikram Youssef","Vikram","Male","Egyptian","1967-07-20","56","Married","Terminated","Permanent","Full Time","2012-03-21","2012-06-19","2023-09-03","Resignation - Personal Reasons","11.5","Baladna Q.P.S.C. (Qatar)","Corporate","Finance","Corporate","Finance - Section 2","CC-502","POS-00835","Supervisor - Finance","Finance","G8","Supervisory","BLD-100600","Arjun Cruz","Al Khor Site","Qatar","Al Khor","Expatriate"
"BLD-100837","EMP000836","Ali Gurung","Ali","Male","Indian","1968-01-07","55","Married","Terminated","Permanent","Full Time","2021-04-18","2021-07-17","2023-07-03","Resignation - Personal Reasons","2.2","Baladna Q.P.S.C. (Qatar)","Supply Chain","Supply Chain & Logistics","Supply Chain","Supply Chain & Logistics - Section 3","CC-370","POS-00836","Senior Manager - Supply Chain & Logistics","Supply Chain & Logistics","G11","Managerial","BLD-100766","Priya Farouk","Al Rayyan Site","Qatar","Al Rayyan","Expatriate"
"BLD-100838","EMP000837","Tariq Gurung","Tariq","Male","Qatari","1971-03-15","54","Single","Active","Permanent","Full Time","2021-11-08","2022-02-06",,,"4.1","Baladna Q.P.S.C. (Qatar)","Operations","Farm Operations","Operations","Farm Operations - Section 3","CC-662","POS-00837","Technician - Farm Operations","Farm Operations","G3","Staff","BLD-100222","Tariq Pereira","Al Khor Site","Qatar","Al Khor","Local"
"BLD-100839","EMP000838","Hind Farouk","Hind","Female","Egyptian","1964-01-09","61","Married","Active","Permanent","Full Time","2018-12-02","2019-03-02",,,"7.1","Baladna Q.P.S.C. (Qatar)","Corporate","People & Culture","Corporate","People & Culture - Section 2","CC-310","POS-00838","Assistant - People & Culture","People & Culture","G5","Staff","BLD-100035","Noor Mahmoud","Doha Site","Qatar","Doha","Expatriate"
"BLD-100840","EMP000839","Joy Fernandes","Joy","Female","Jordanian","1991-03-08","34","Single","Active","Permanent","Full Time","2020-05-05","2020-08-03",,,"5.7","Baladna Egypt","Operations","Quality Assurance & Food Safety","Operations","Quality Assurance & Food Safety - Section 2","CC-564","POS-00839","Operator - Quality Assurance & Food Safety","Quality Assurance & Food Safety","G5","Staff","BLD-100447","Pooja Mansour","10th of Ramadan City Site","Egypt","10th of Ramadan City","Expatriate"
"BLD-100841","EMP000840","Hind Thapa","Hind","Female","Egyptian","1986-07-09","37","Married","Terminated","Permanent","Full Time","2011-05-14","2011-08-12","2024-01-03","Resignation - Personal Reasons","12.6","Baladna Egypt","Operations","Production","Operations","Production - Section 1","CC-956","POS-00840","Associate - Production","Production","G2","Staff","BLD-101352","Ali Thapa","10th of Ramadan City Site","Egypt","10th of Ramadan City","Local"
"BLD-100842","EMP000841","Anita Fernandes","Anita","Female","Qatari","1993-08-03","32","Single","Active","Permanent","Full Time","2017-04-22","2017-07-21",,,"8.7","Baladna Q.P.S.C. (Qatar)","Corporate","IT & Digital","Corporate","IT & Digital - Section 1","CC-289","POS-00841","Senior Manager - IT & Digital","IT & Digital","G12","Managerial","BLD-101147","Deepak Gurung","Doha Site","Qatar","Doha","Local"
"BLD-100843","EMP000842","Cherry Iqbal","Cherry","Female","Bangladeshi","1994-04-03","31","Single","Active","Permanent","Full Time","2018-09-10","2018-12-09",,,"7.3","Baladna Q.P.S.C. (Qatar)","Commercial","Marketing","Commercial","Marketing - Section 2","CC-916","POS-00842","Officer - Marketing","Marketing","G1","Staff","BLD-100107","Aisha Thapa","Doha Site","Qatar","Doha","Expatriate"
"BLD-100844","EMP000843","Priya Ahmed","Priya","Female","Pakistani","1980-03-08","42","Married","Terminated","Permanent","Full Time","2011-01-15","2011-04-15","2023-01-31","Resignation - Personal Reasons","12","Baladna Q.P.S.C. (Qatar)","Corporate","IT & Digital","Corporate","IT & Digital - Section 2","CC-289","POS-00843","Specialist - IT & Digital","IT & Digital","G9","Supervisory","BLD-101358","Anil Mendoza","Al Khor Site","Qatar","Al Khor","Expatriate"
"BLD-100845","EMP000844","Rowena Baig","Rowena","Female","Pakistani","1980-09-01","43","Married","Terminated","Contract","Full Time","2017-12-05","2018-03-05","2023-12-30","Termination - Disciplinary","6.1","Baladna Q.P.S.C. (Qatar)","Operations","R&D","Operations","R&D - Section 3","CC-118","POS-00844","Technician - R&D","R&D","G1","Staff","BLD-100593","Santosh Mahmoud","Doha Site","Qatar","Doha","Expatriate"
"BLD-100846","EMP000845","Tariq Santos","Tariq","Male","Qatari","1967-11-27","56","Other","Terminated","Permanent","Full Time","2020-07-19","2020-10-17","2024-06-30","Resignation - Relocation","3.9","Baladna Q.P.S.C. (Qatar)","Operations","Engineering & Maintenance","Operations","Engineering & Maintenance - Section 1","CC-178","POS-00845","Associate - Engineering & Maintenance","Engineering & Maintenance","G4","Staff","BLD-101436","Juan Ibrahim","Doha Site","Qatar","Doha","Local"
"BLD-100847","EMP000846","Tariq Sharma","Tariq","Male","Indian","1977-06-03","45","Married","Terminated","Permanent","Full Time","2020-12-29","2021-03-29","2023-05-23","Termination - Performance","2.4","Baladna Q.P.S.C. (Qatar)","Operations","Production","Operations","Production - Section 1","CC-956","POS-00846","Officer - Production","Production","G3","Staff","BLD-101504","Ravi El-Sayed","Doha Site","Qatar","Doha","Expatriate"
"BLD-100848","EMP000847","Lubna Santos","Lubna","Female","Nepali","1992-07-17","33","Married","Active","Temporary","Full Time","2021-01-15","2021-04-15",,,"5","Baladna Q.P.S.C. (Qatar)","Corporate","IT & Digital","Corporate","IT & Digital - Section 1","CC-289","POS-00847","Technician - IT & Digital","IT & Digital","G3","Staff","BLD-101223","Sameer Devi","Doha Site","Qatar","Doha","Expatriate"
"BLD-100849","EMP000848","Krishna Devi","Krishna","Male","Nepali","1967-02-14","56","Single","Terminated","Permanent","Full Time","2016-08-06","2016-11-04","2023-02-22","End of Contract - Not Renewed by Employee","6.5","Baladna Q.P.S.C. (Qatar)","Commercial","Sales & Distribution","Commercial","Sales & Distribution - Section 2","CC-310","POS-00848","Supervisor - Sales & Distribution","Sales & Distribution","G7","Supervisory","BLD-100804","Suresh Khan","Al Rayyan Site","Qatar","Al Rayyan","Expatriate"
"BLD-100850","EMP000849","Arjun Hassan","Arjun","Male","Jordanian","1998-05-16","27","Married","Active","Permanent","Full Time","2022-05-02","2022-07-31",,,"3.7","Baladna Q.P.S.C. (Qatar)","Supply Chain","Procurement","Supply Chain","Procurement - Section 3","CC-637","POS-00849","Manager - Procurement","Procurement","G10","Managerial","BLD-100763","Mohamed Rai","Doha Site","Qatar","Doha","Expatriate"
"BLD-100851","EMP000850","Mohamed Rai","Mohamed","Male","Egyptian","1993-11-06","32","Married","Terminated","Permanent","Full Time","2015-04-26","2015-07-25","2025-12-09","Resignation - Better Opportunity","10.6","Baladna Q.P.S.C. (Qatar)","Operations","Engineering & Maintenance","Operations","Engineering & Maintenance - Section 2","CC-178","POS-00850","Supervisor - Engineering & Maintenance","Engineering & Maintenance","G7","Supervisory","BLD-100008","Ramesh Kapoor","Doha Site","Qatar","Doha","Expatriate"
"BLD-100852","EMP000851","Manoj Santos","Manoj","Male","Jordanian","1970-02-24","55","Married","Terminated","Permanent","Full Time","2022-01-30","2022-04-30","2025-05-24","Resignation - Relocation","3.3","Baladna Q.P.S.C. (Qatar)","Commercial","Sales & Distribution","Commercial","Sales & Distribution - Section 3","CC-310","POS-00851","Coordinator - Sales & Distribution","Sales & Distribution","G1","Staff","BLD-101112","Rina Fernandes","Al Khor Site","Qatar","Al Khor","Expatriate"
"BLD-100853","EMP000852","Arjun Kapoor","Arjun","Male","Nepali","1968-08-09","57","Married","Active","Permanent","Full Time","2017-08-22","2017-11-20",,,"8.4","Baladna Q.P.S.C. (Qatar)","Corporate","People & Culture","Corporate","People & Culture - Section 1","CC-310","POS-00852","Team Lead - People & Culture","People & Culture","G7","Supervisory","BLD-101401","Tariq Khan","Doha Site","Qatar","Doha","Expatriate"
"BLD-100854","EMP000853","Suresh Iqbal","Suresh","Male","Sri Lankan","1989-05-16","36","Married","Active","Permanent","Full Time","2019-02-18","2019-05-19",,,"6.9","Baladna Q.P.S.C. (Qatar)","Supply Chain","Procurement","Supply Chain","Procurement - Section 3","CC-637","POS-00853","Operator - Procurement","Procurement","G2","Staff","BLD-100221","Juan Malik","Doha Site","Qatar","Doha","Expatriate"
"BLD-100855","EMP000854","Rina Youssef","Rina","Female","Egyptian","1997-05-06","28","Married","Active","Permanent","Full Time","2019-06-03","2019-09-01",,,"6.6","Baladna Q.P.S.C. (Qatar)","Corporate","Finance","Corporate","Finance - Section 3","CC-502","POS-00854","Specialist - Finance","Finance","G8","Supervisory","BLD-100386","Jose Islam","Doha Site","Qatar","Doha","Expatriate"
"BLD-100856","EMP000855","Bikram Islam","Bikram","Male","Egyptian","1967-04-04","56","Single","Terminated","Permanent","Full Time","2021-07-14","2021-10-12","2023-04-29","Contract Non-Renewal - Company Decision","1.8","Baladna Egypt","Operations","Production","Operations","Production - Section 3","CC-956","POS-00855","Specialist - Production","Production","G9","Supervisory","BLD-100613","Hassan Pereira","Cairo Site","Egypt","Cairo","Local"
"BLD-100857","EMP000856","Krishna Reyes","Krishna","Male","Pakistani","1974-06-11","48","Married","Terminated","Permanent","Full Time","2021-03-31","2021-06-29","2023-04-08","Termination - Redundancy","2","Baladna Q.P.S.C. (Qatar)","Operations","Quality Assurance & Food Safety","Operations","Quality Assurance & Food Safety - Section 1","CC-564","POS-00856","Operator - Quality Assurance & Food Safety","Quality Assurance & Food Safety","G1","Staff","BLD-100756","Bishnu Reyes","Al Khor Site","Qatar","Al Khor","Expatriate"
"BLD-100858","EMP000857","Mohamed Islam","Mohamed","Male","Egyptian","1968-11-13","57","Married","Active","Permanent","Full Time","2022-01-14","2022-04-14",,,"4","Baladna Egypt","Operations","Production","Operations","Production - Section 2","CC-956","POS-00857","Officer - Production","Production","G4","Staff","BLD-100418","Arjun Santos","10th of Ramadan City Site","Egypt","10th of Ramadan City","Local"
"BLD-100859","EMP000858","Waleed Baig","Waleed","Male","Egyptian","1992-07-22","33","Married","Active","Permanent","Full Time","2016-09-26","2016-12-25",,,"9.3","Baladna Egypt","Operations","Quality Assurance & Food Safety","Operations","Quality Assurance & Food Safety - Section 1","CC-564","POS-00858","Senior Officer - Quality Assurance & Food Safety","Quality Assurance & Food Safety","G6","Supervisory","BLD-100714","Sameer Al-Sayed","10th of Ramadan City Site","Egypt","10th of Ramadan City","Local"
"BLD-100860","EMP000859","Bishnu Al-Marri","Bishnu","Male","Pakistani","1969-04-24","56","Married","Active","Permanent","Full Time","2010-06-05","2010-09-03",,,"15.6","Baladna Q.P.S.C. (Qatar)","Commercial","Sales & Distribution","Commercial","Sales & Distribution - Section 2","CC-310","POS-00859","Senior Manager - Sales & Distribution","Sales & Distribution","G12","Managerial","BLD-100700","Prakash Mendoza","Doha Site","Qatar","Doha","Expatriate"
"BLD-100861","EMP000860","Pooja Chowdhury","Pooja","Female","Egyptian","1989-04-17","36","Married","Active","Permanent","Full Time","2010-02-03","2010-05-04",,,"15.9","Baladna Q.P.S.C. (Qatar)","Corporate","Corporate & Executive Office","Corporate","Corporate & Executive Office - Section 3","CC-577","POS-00860","Head of Department - Corporate & Executive Office","Corporate & Executive Office","G13","Executive","BLD-100001","Yousef Al-Attiyah","Al Khor Site","Qatar","Al Khor","Expatriate"
"BLD-100862","EMP000861","Omar Gurung","Omar","Male","Qatari","1989-02-09","36","Married","Active","Permanent","Full Time","2011-10-28","2012-01-26",,,"14.2","Baladna Q.P.S.C. (Qatar)","Operations","Production","Operations","Production - Section 3","CC-956","POS-00861","Senior Technician - Production","Production","G9","Supervisory","BLD-101154","Ali Ibrahim","Doha Site","Qatar","Doha","Local"
"BLD-100863","EMP000862","Anil Devi","Anil","Male","Indian","1995-08-26","30","Married","Active","Permanent","Full Time","2021-07-05","2021-10-03",,,"4.5","Baladna Q.P.S.C. (Qatar)","Corporate","Finance","Corporate","Finance - Section 2","CC-502","POS-00862","Officer - Finance","Finance","G3","Staff","BLD-100940","Anita Mahmoud","Doha Site","Qatar","Doha","Expatriate"
"BLD-100864","EMP000863","Khalid Baig","Khalid","Male","Jordanian","1979-12-16","46","Single","Active","Permanent","Part Time","2010-03-09","2010-06-07",,,"15.8","Baladna Q.P.S.C. (Qatar)","Supply Chain","Procurement","Supply Chain","Procurement - Section 3","CC-637","POS-00863","Supervisor - Procurement","Procurement","G7","Supervisory","BLD-100038","Ali Devi","Al Khor Site","Qatar","Al Khor","Expatriate"
"BLD-100865","EMP000864","Bikram Islam","Bikram","Male","Pakistani","1984-09-09","39","Married","Terminated","Permanent","Full Time","2021-12-08","2022-03-08","2024-07-21","Resignation - Better Opportunity","2.6","Baladna Q.P.S.C. (Qatar)","Operations","Quality Assurance & Food Safety","Operations","Quality Assurance & Food Safety - Section 1","CC-564","POS-00864","Operator - Quality Assurance & Food Safety","Quality Assurance & Food Safety","G1","Staff","BLD-100408","Suresh Reyes","Doha Site","Qatar","Doha","Expatriate"
"BLD-100866","EMP000865","Dina Khan","Dina","Female","Indian","1977-07-22","46","Married","Terminated","Permanent","Full Time","2018-07-11","2018-10-09","2024-02-15","End of Contract - Not Renewed by Employee","5.6","Baladna Q.P.S.C. (Qatar)","Operations","Quality Assurance & Food Safety","Operations","Quality Assurance & Food Safety - Section 2","CC-564","POS-00865","Assistant - Quality Assurance & Food Safety","Quality Assurance & Food Safety","G3","Staff","BLD-100618","Deepak Cruz","Doha Site","Qatar","Doha","Expatriate"
"BLD-100867","EMP000866","Waleed Gurung","Waleed","Male","Pakistani","1987-08-15","38","Single","Active","Permanent","Full Time","2010-04-08","2010-07-07",,,"15.7","Baladna Q.P.S.C. (Qatar)","Operations","Quality Assurance & Food Safety","Operations","Quality Assurance & Food Safety - Section 3","CC-564","POS-00866","Senior Technician - Quality Assurance & Food Safety","Quality Assurance & Food Safety","G6","Supervisory","BLD-100994","Omar Sharma","Doha Site","Qatar","Doha","Expatriate"
"BLD-100868","EMP000867","Kumar Iqbal","Kumar","Male","Egyptian","1989-10-19","36","Married","Active","Contract","Full Time","2012-11-23","2013-02-21",,,"13.1","Baladna Egypt","Operations","Production","Operations","Production - Section 3","CC-956","POS-00867","Team Lead - Production","Production","G8","Supervisory","BLD-100559","Sameer Reyes","10th of Ramadan City Site","Egypt","10th of Ramadan City","Local"
"BLD-100869","EMP000868","Santosh Baig","Santosh","Male","Filipino","1972-07-15","53","Married","Active","Permanent","Full Time","2013-09-01","2013-11-30",,,"12.3","Baladna Q.P.S.C. (Qatar)","Supply Chain","Procurement","Supply Chain","Procurement - Section 1","CC-637","POS-00868","Senior Technician - Procurement","Procurement","G6","Supervisory","BLD-101289","Ali Kapoor","Al Khor Site","Qatar","Al Khor","Expatriate"
"BLD-100870","EMP000869","Kumar Thapa","Kumar","Male","Indian","2002-08-03","23","Single","Active","Permanent","Full Time","2022-01-24","2022-04-24",,,"3.9","Baladna Q.P.S.C. (Qatar)","Commercial","Sales & Distribution","Commercial","Sales & Distribution - Section 3","CC-310","POS-00869","Supervisor - Sales & Distribution","Sales & Distribution","G7","Supervisory","BLD-101446","Khalid Sharma","Doha Site","Qatar","Doha","Expatriate"
"BLD-100871","EMP000870","Deepak Santos","Deepak","Male","Indian","1957-07-20","67","Single","Terminated","Contract","Full Time","2011-08-04","2011-11-02","2025-04-19","Resignation - Relocation","13.7","Baladna Q.P.S.C. (Qatar)","Operations","Engineering & Maintenance","Operations","Engineering & Maintenance - Section 3","CC-178","POS-00870","Assistant - Engineering & Maintenance","Engineering & Maintenance","G3","Staff","BLD-100014","Sanjay Baig","Al Khor Site","Qatar","Al Khor","Expatriate"
"BLD-100872","EMP000871","Tariq Rai","Tariq","Male","Egyptian","1983-08-04","40","Married","Terminated","Permanent","Full Time","2014-02-14","2014-05-15","2024-04-25","Resignation - Personal Reasons","10.2","Baladna Q.P.S.C. (Qatar)","Operations","Engineering & Maintenance","Operations","Engineering & Maintenance - Section 1","CC-178","POS-00871","Officer - Engineering & Maintenance","Engineering & Maintenance","G3","Staff","BLD-101161","Ramesh Al-Sayed","Doha Site","Qatar","Doha","Expatriate"
"BLD-100873","EMP000872","Mariam Mansour","Mariam","Female","Egyptian","1961-10-14","64","Married","Active","Permanent","Full Time","2014-12-29","2015-03-29",,,"11","Baladna Egypt","Corporate","Finance","Corporate","Finance - Section 3","CC-502","POS-00872","Operator - Finance","Finance","G5","Staff","BLD-100895","Rina Malik","10th of Ramadan City Site","Egypt","10th of Ramadan City","Local"
"BLD-100874","EMP000873","Krishna Cruz","Krishna","Male","Pakistani","1969-01-27","56","Married","Active","Permanent","Full Time","2021-03-27","2021-06-25",,,"4.8","Baladna Q.P.S.C. (Qatar)","Operations","Production","Operations","Production - Section 1","CC-956","POS-00873","Technician - Production","Production","G1","Staff","BLD-100420","Sameer Cruz","Doha Site","Qatar","Doha","Expatriate"
"BLD-100875","EMP000874","Dina Al-Marri","Dina","Female","Egyptian","1970-12-06","55","Married","Active","Permanent","Full Time","2016-04-11","2016-07-10",,,"9.7","Baladna Q.P.S.C. (Qatar)","Operations","R&D","Operations","R&D - Section 1","CC-118","POS-00874","Assistant - R&D","R&D","G1","Staff","BLD-100701","Rowena Kapoor","Al Khor Site","Qatar","Al Khor","Expatriate"
"BLD-100876","EMP000875","Priya Farouk","Priya","Female","Egyptian","1997-06-23","26","Single","Terminated","Permanent","Full Time","2022-08-12","2022-11-10","2024-06-10","Termination - Performance","1.8","Baladna Egypt","Supply Chain","Supply Chain & Logistics","Supply Chain","Supply Chain & Logistics - Section 2","CC-370","POS-00875","Technician - Supply Chain & Logistics","Supply Chain & Logistics","G4","Staff","BLD-100773","Priya Mendoza","Cairo Site","Egypt","Cairo","Local"
"BLD-100877","EMP000876","Santosh Gurung","Santosh","Male","Egyptian","1970-02-09","55","Married","Active","Permanent","Full Time","2017-05-03","2017-08-01",,,"8.7","Baladna Egypt","Supply Chain","Supply Chain & Logistics","Supply Chain","Supply Chain & Logistics - Section 3","CC-370","POS-00876","Assistant - Supply Chain & Logistics","Supply Chain & Logistics","G2","Staff","BLD-100139","Rajesh Ibrahim","10th of Ramadan City Site","Egypt","10th of Ramadan City","Local"
"BLD-100878","EMP000877","Mona Abdullah","Mona","Female","Jordanian","1989-03-08","36","Married","Active","Permanent","Full Time","2016-04-03","2016-07-02",,,"9.7","Baladna Q.P.S.C. (Qatar)","Operations","R&D","Operations","R&D - Section 2","CC-118","POS-00877","Senior Manager - R&D","R&D","G10","Managerial","BLD-100303","Rakesh Kapoor","Doha Site","Qatar","Doha","Expatriate"
"BLD-100879","EMP000878","Mohamed El-Sayed","Mohamed","Male","Nepali","1982-05-19","42","Single","Terminated","Contract","Full Time","2014-07-02","2014-09-30","2025-04-19","Resignation - Relocation","10.8","Baladna Q.P.S.C. (Qatar)","Corporate","Corporate & Executive Office","Corporate","Corporate & Executive Office - Section 3","CC-577","POS-00878","Operator - Corporate & Executive Office","Corporate & Executive Office","G4","Staff","BLD-100784","Manoj Pereira","Al Rayyan Site","Qatar","Al Rayyan","Expatriate"
"BLD-100880","EMP000879","Hari Al-Marri","Hari","Male","Sudanese","1975-04-06","50","Married","Active","Contract","Full Time","2014-12-04","2015-03-04",,,"11.1","Baladna Q.P.S.C. (Qatar)","Corporate","IT & Digital","Corporate","IT & Digital - Section 2","CC-289","POS-00879","Coordinator - IT & Digital","IT & Digital","G5","Staff","BLD-101024","Amina Fernandes","Doha Site","Qatar","Doha","Expatriate"
"BLD-100881","EMP000880","Grace Ahmed","Grace","Female","Egyptian","1973-07-06","50","Single","Terminated","Permanent","Full Time","2017-06-20","2017-09-18","2023-11-19","End of Contract - Not Renewed by Employee","6.4","Baladna Egypt","Corporate","Finance","Corporate","Finance - Section 3","CC-502","POS-00880","Officer - Finance","Finance","G3","Staff","BLD-100895","Rina Malik","10th of Ramadan City Site","Egypt","10th of Ramadan City","Local"
"BLD-100882","EMP000881","Anita Al-Marri","Anita","Female","Sudanese","1988-10-26","37","Married","Active","Permanent","Full Time","2020-05-24","2020-08-22",,,"5.6","Baladna Egypt","Corporate","People & Culture","Corporate","People & Culture - Section 3","CC-310","POS-00881","Operator - People & Culture","People & Culture","G2","Staff","BLD-101350","Omar Abdullah","10th of Ramadan City Site","Egypt","10th of Ramadan City","Expatriate"
"BLD-100883","EMP000882","Juan Santos","Juan","Male","Sri Lankan","1982-11-05","43","Married","Active","Permanent","Full Time","2017-05-17","2017-08-15",,,"8.6","Baladna Q.P.S.C. (Qatar)","Operations","Farm Operations","Operations","Farm Operations - Section 1","CC-662","POS-00882","Operator - Farm Operations","Farm Operations","G1","Staff","BLD-100222","Tariq Pereira","Al Khor Site","Qatar","Al Khor","Expatriate"
"BLD-100884","EMP000883","Manoj Iqbal","Manoj","Male","Nepali","1979-03-03","46","Single","Active","Permanent","Full Time","2021-02-11","2021-05-12",,,"4.9","Baladna Q.P.S.C. (Qatar)","Supply Chain","Procurement","Supply Chain","Procurement - Section 3","CC-637","POS-00883","Vice President - Procurement","Procurement","G14","Executive","BLD-100001","Yousef Al-Attiyah","Al Rayyan Site","Qatar","Al Rayyan","Expatriate"
"BLD-100885","EMP000884","Deepak Cruz","Deepak","Male","Pakistani","1995-11-23","30","Married","Active","Temporary","Full Time","2016-12-17","2017-03-17",,,"9","Baladna Q.P.S.C. (Qatar)","Supply Chain","Supply Chain & Logistics","Supply Chain","Supply Chain & Logistics - Section 3","CC-370","POS-00884","Assistant - Supply Chain & Logistics","Supply Chain & Logistics","G2","Staff","BLD-100509","Rina Hassan","Al Khor Site","Qatar","Al Khor","Expatriate"
"BLD-100886","EMP000885","Jose Farouk","Jose","Male","Egyptian","1967-09-03","58","Married","Active","Permanent","Full Time","2013-06-06","2013-09-04",,,"12.6","Baladna Egypt","Operations","Quality Assurance & Food Safety","Operations","Quality Assurance & Food Safety - Section 2","CC-564","POS-00885","Officer - Quality Assurance & Food Safety","Quality Assurance & Food Safety","G3","Staff","BLD-100051","Rajesh Kapoor","Cairo Site","Egypt","Cairo","Local"
"BLD-100887","EMP000886","Kumar Thapa","Kumar","Male","Indian","1969-09-25","56","Single","Active","Contract","Full Time","2013-06-09","2013-09-07",,,"12.6","Baladna Q.P.S.C. (Qatar)","Operations","Production","Operations","Production - Section 3","CC-956","POS-00886","Team Lead - Production","Production","G6","Supervisory","BLD-100137","Mohamed Al-Kuwari","Al Khor Site","Qatar","Al Khor","Expatriate"
"BLD-100888","EMP000887","Anil Ibrahim","Anil","Male","Jordanian","1977-11-13","48","Married","Terminated","Permanent","Full Time","2010-03-23","2010-06-21","2025-12-14","Resignation - Personal Reasons","15.7","Baladna Q.P.S.C. (Qatar)","Supply Chain","Procurement","Supply Chain","Procurement - Section 3","CC-637","POS-00887","Operator - Procurement","Procurement","G1","Staff","BLD-100864","Khalid Baig","Al Rayyan Site","Qatar","Al Rayyan","Expatriate"
"BLD-100889","EMP000888","Cherry Santos","Cherry","Female","Egyptian","1978-07-21","47","Married","Active","Permanent","Full Time","2020-02-18","2020-05-18",,,"5.9","Baladna Q.P.S.C. (Qatar)","Corporate","Finance","Corporate","Finance - Section 1","CC-502","POS-00888","Specialist - Finance","Finance","G8","Supervisory","BLD-101364","Manoj Rai","Doha Site","Qatar","Doha","Expatriate"
"BLD-100890","EMP000889","Tariq Al-Marri","Tariq","Male","Filipino","1967-09-11","55","Single","Terminated","Permanent","Full Time","2016-01-04","2016-04-03","2023-05-02","Resignation - Personal Reasons","7.3","Baladna Q.P.S.C. (Qatar)","Supply Chain","Supply Chain & Logistics","Supply Chain","Supply Chain & Logistics - Section 2","CC-370","POS-00889","Assistant - Supply Chain & Logistics","Supply Chain & Logistics","G3","Staff","BLD-100261","Yasmin Devi","Al Khor Site","Qatar","Al Khor","Expatriate"
"BLD-100891","EMP000890","Ahmed Malik","Ahmed","Male","Sri Lankan","1972-12-03","53","Single","Active","Contract","Part Time","2010-11-10","2011-02-08",,,"15.1","Baladna Q.P.S.C. (Qatar)","Corporate","Finance","Corporate","Finance - Section 1","CC-502","POS-00890","Manager - Finance","Finance","G11","Managerial","BLD-101297","Krishna Kapoor","Doha Site","Qatar","Doha","Expatriate"
"BLD-100892","EMP000891","Suresh Mahmoud","Suresh","Male","Nepali","1997-01-15","28","Single","Active","Permanent","Full Time","2020-07-21","2020-10-19",,,"5.4","Baladna Q.P.S.C. (Qatar)","Supply Chain","Supply Chain & Logistics","Supply Chain","Supply Chain & Logistics - Section 2","CC-370","POS-00891","Associate - Supply Chain & Logistics","Supply Chain & Logistics","G2","Staff","BLD-100509","Rina Hassan","Al Rayyan Site","Qatar","Al Rayyan","Expatriate"
"BLD-100893","EMP000892","Rania Al-Kuwari","Rania","Female","Egyptian","1965-02-26","60","Married","Active","Permanent","Full Time","2015-10-15","2016-01-13",,,"10.2","Baladna Q.P.S.C. (Qatar)","Commercial","Marketing","Commercial","Marketing - Section 1","CC-916","POS-00892","Operator - Marketing","Marketing","G2","Staff","BLD-101412","Hassan Pereira","Doha Site","Qatar","Doha","Expatriate"
"BLD-100894","EMP000893","Yasmin Iqbal","Yasmin","Female","Pakistani","1987-05-08","38","Married","Terminated","Permanent","Full Time","2011-11-29","2012-02-27","2025-11-30","End of Contract - Not Renewed by Employee","14","Baladna Q.P.S.C. (Qatar)","Supply Chain","Procurement","Supply Chain","Procurement - Section 2","CC-637","POS-00893","Senior Technician - Procurement","Procurement","G6","Supervisory","BLD-100276","Jose Pereira","Doha Site","Qatar","Doha","Expatriate"
"BLD-100895","EMP000894","Rina Malik","Rina","Female","Egyptian","1969-11-03","56","Married","Active","Permanent","Full Time","2013-04-11","2013-07-10",,,"12.7","Baladna Egypt","Corporate","Finance","Corporate","Finance - Section 1","CC-502","POS-00894","Senior Officer - Finance","Finance","G9","Supervisory","BLD-100295","Noor Sharma","Alexandria Site","Egypt","Alexandria","Local"
"BLD-100896","EMP000895","Hind Youssef","Hind","Female","Filipino","1975-01-03","50","Married","Active","Permanent","Full Time","2011-11-03","2012-02-01",,,"14.2","Baladna Q.P.S.C. (Qatar)","Corporate","People & Culture","Corporate","People & Culture - Section 1","CC-310","POS-00895","Team Lead - People & Culture","People & Culture","G9","Supervisory","BLD-100657","Waleed Mendoza","Doha Site","Qatar","Doha","Expatriate"
"BLD-100897","EMP000896","Yasmin Malik","Yasmin","Female","Sri Lankan","1966-04-21","59","Single","Active","Permanent","Full Time","2017-03-09","2017-06-07",,,"8.8","Baladna Q.P.S.C. (Qatar)","Operations","R&D","Operations","R&D - Section 3","CC-118","POS-00896","Senior Manager - R&D","R&D","G10","Managerial","BLD-100303","Rakesh Kapoor","Doha Site","Qatar","Doha","Expatriate"
"BLD-100898","EMP000897","Rania Cruz","Rania","Female","Egyptian","1988-10-17","37","Single","Active","Permanent","Full Time","2016-11-24","2017-02-22",,,"9.1","Baladna Egypt","Corporate","People & Culture","Corporate","People & Culture - Section 3","CC-310","POS-00897","Assistant - People & Culture","People & Culture","G1","Staff","BLD-100592","Yasmin Cruz","Cairo Site","Egypt","Cairo","Local"
"BLD-100899","EMP000898","Rowena Thapa","Rowena","Female","Bangladeshi","1959-10-01","64","Single","Terminated","Permanent","Full Time","2013-05-22","2013-08-20","2024-05-22","End of Contract - Not Renewed by Employee","11","Baladna Q.P.S.C. (Qatar)","Supply Chain","Supply Chain & Logistics","Supply Chain","Supply Chain & Logistics - Section 1","CC-370","POS-00898","Officer - Supply Chain & Logistics","Supply Chain & Logistics","G4","Staff","BLD-100093","Bishnu Iqbal","Doha Site","Qatar","Doha","Expatriate"
"BLD-100900","EMP000899","Juan Khan","Juan","Male","Egyptian","1976-10-26","47","Single","Terminated","Permanent","Full Time","2016-10-11","2017-01-09","2024-03-27","Resignation - Better Opportunity","7.5","Baladna Egypt","Corporate","Finance","Corporate","Finance - Section 1","CC-502","POS-00899","Coordinator - Finance","Finance","G1","Staff","BLD-101280","Santosh Reyes","10th of Ramadan City Site","Egypt","10th of Ramadan City","Local"
"BLD-100901","EMP000900","Ahmed Pereira","Ahmed","Male","Jordanian","1985-09-23","37","Married","Terminated","Permanent","Full Time","2019-10-04","2020-01-02","2023-05-28","Resignation - Relocation","3.6","Baladna Q.P.S.C. (Qatar)","Corporate","Finance","Corporate","Finance - Section 3","CC-502","POS-00900","Associate - Finance","Finance","G4","Staff","BLD-101180","Reem Farouk","Al Rayyan Site","Qatar","Al Rayyan","Expatriate"
"BLD-100902","EMP000901","Noor Islam","Noor","Female","Jordanian","1992-05-25","33","Married","Active","Permanent","Full Time","2019-09-30","2019-12-29",,,"6.3","Baladna Q.P.S.C. (Qatar)","Supply Chain","Procurement","Supply Chain","Procurement - Section 3","CC-637","POS-00901","Senior Manager - Procurement","Procurement","G10","Managerial","BLD-100763","Mohamed Rai","Doha Site","Qatar","Doha","Expatriate"
"BLD-100903","EMP000902","Omar Cruz","Omar","Male","Egyptian","1980-06-24","44","Married","Terminated","Permanent","Full Time","2013-04-07","2013-07-06","2025-03-04","Resignation - Personal Reasons","11.9","Baladna Q.P.S.C. (Qatar)","Corporate","Corporate & Executive Office","Corporate","Corporate & Executive Office - Section 2","CC-577","POS-00902","Operator - Corporate & Executive Office","Corporate & Executive Office","G3","Staff","BLD-100391","Rowena Pereira","Doha Site","Qatar","Doha","Expatriate"
"BLD-100904","EMP000903","Shobha Reyes","Shobha","Female","Indian","1989-12-22","36","Married","Active","Permanent","Full Time","2016-05-25","2016-08-23",,,"9.6","Baladna Q.P.S.C. (Qatar)","Corporate","Corporate & Executive Office","Corporate","Corporate & Executive Office - Section 2","CC-577","POS-00903","Technician - Corporate & Executive Office","Corporate & Executive Office","G4","Staff","BLD-100016","Rajesh Sharma","Al Khor Site","Qatar","Al Khor","Expatriate"
"BLD-100905","EMP000904","Sanjay El-Sayed","Sanjay","Male","Filipino","1971-05-10","54","Married","Active","Permanent","Full Time","2021-09-08","2021-12-07",,,"4.3","Baladna Q.P.S.C. (Qatar)","Supply Chain","Supply Chain & Logistics","Supply Chain","Supply Chain & Logistics - Section 1","CC-370","POS-00904","Team Lead - Supply Chain & Logistics","Supply Chain & Logistics","G7","Supervisory","BLD-100444","Amina Al-Kuwari","Al Khor Site","Qatar","Al Khor","Expatriate"
"BLD-100906","EMP000905","Khalid Farouk","Khalid","Male","Indian","1967-05-25","58","Married","Active","Permanent","Full Time","2021-12-17","2022-03-17",,,"4","Baladna Q.P.S.C. (Qatar)","Corporate","People & Culture","Corporate","People & Culture - Section 2","CC-310","POS-00905","Technician - People & Culture","People & Culture","G4","Staff","BLD-100035","Noor Mahmoud","Doha Site","Qatar","Doha","Expatriate"
"BLD-100907","EMP000906","Dalia Baig","Dalia","Female","Egyptian","1999-01-26","24","Married","Terminated","Permanent","Full Time","2022-08-13","2022-11-11","2023-05-07","Resignation - Personal Reasons","0.7","Baladna Egypt","Operations","Quality Assurance & Food Safety","Operations","Quality Assurance & Food Safety - Section 1","CC-564","POS-00906","Specialist - Quality Assurance & Food Safety","Quality Assurance & Food Safety","G6","Supervisory","BLD-101465","Ahmed Farouk","Alexandria Site","Egypt","Alexandria","Local"
"BLD-100908","EMP000907","Rania Kapoor","Rania","Female","Sri Lankan","1978-11-24","47","Single","Active","Contract","Full Time","2020-03-16","2020-06-14",,,"5.8","Baladna Q.P.S.C. (Qatar)","Corporate","Corporate & Executive Office","Corporate","Corporate & Executive Office - Section 1","CC-577","POS-00907","Manager - Corporate & Executive Office","Corporate & Executive Office","G11","Managerial","BLD-100861","Pooja Chowdhury","Doha Site","Qatar","Doha","Expatriate"
"BLD-100909","EMP000908","Faisal Islam","Faisal","Male","Egyptian","1993-05-18","30","Married","Terminated","Permanent","Full Time","2014-11-28","2015-02-26","2023-08-29","Resignation - Relocation","8.8","Baladna Egypt","Operations","Production","Operations","Production - Section 2","CC-956","POS-00908","Coordinator - Production","Production","G1","Staff","BLD-100363","Kavita Chowdhury","10th of Ramadan City Site","Egypt","10th of Ramadan City","Local"
"BLD-100910","EMP000909","Arjun Mendoza","Arjun","Male","Pakistani","1986-02-19","39","Married","Active","Permanent","Full Time","2015-03-11","2015-06-09",,,"10.8","Baladna Q.P.S.C. (Qatar)","Operations","R&D","Operations","R&D - Section 3","CC-118","POS-00909","Officer - R&D","R&D","G2","Staff","BLD-101212","Layla Chowdhury","Doha Site","Qatar","Doha","Expatriate"
"BLD-100911","EMP000910","Ramesh Islam","Ramesh","Male","Indian","1977-10-24","48","Married","Active","Permanent","Full Time","2017-12-06","2018-03-06",,,"8.1","Baladna Q.P.S.C. (Qatar)","Operations","Farm Operations","Operations","Farm Operations - Section 3","CC-662","POS-00910","Officer - Farm Operations","Farm Operations","G1","Staff","BLD-101138","Manoj Ibrahim","Doha Site","Qatar","Doha","Expatriate"
"BLD-100912","EMP000911","Hari Al-Kuwari","Hari","Male","Indian","1965-09-14","60","Married","Active","Permanent","Full Time","2010-02-22","2010-05-23",,,"15.9","Baladna Q.P.S.C. (Qatar)","Operations","Quality Assurance & Food Safety","Operations","Quality Assurance & Food Safety - Section 3","CC-564","POS-00911","Specialist - Quality Assurance & Food Safety","Quality Assurance & Food Safety","G7","Supervisory","BLD-100744","Vikram Hassan","Doha Site","Qatar","Doha","Expatriate"
"BLD-100913","EMP000912","Nadia Fernandes","Nadia","Female","Indian","1969-08-19","54","Married","Terminated","Permanent","Full Time","2013-09-26","2013-12-25","2024-07-14","Resignation - Relocation","10.8","Baladna Q.P.S.C. (Qatar)","Operations","R&D","Operations","R&D - Section 1","CC-118","POS-00912","Assistant - R&D","R&D","G3","Staff","BLD-101491","Bishnu Cruz","Doha Site","Qatar","Doha","Expatriate"
"BLD-100914","EMP000913","Krishna Fernandes","Krishna","Male","Nepali","1980-04-02","45","Married","Active","Permanent","Full Time","2014-11-08","2015-02-06",,,"11.1","Baladna Q.P.S.C. (Qatar)","Operations","Engineering & Maintenance","Operations","Engineering & Maintenance - Section 3","CC-178","POS-00913","Senior Technician - Engineering & Maintenance","Engineering & Maintenance","G6","Supervisory","BLD-100790","Suresh Devi","Al Khor Site","Qatar","Al Khor","Expatriate"
"BLD-100915","EMP000914","Ahmed Iqbal","Ahmed","Male","Sri Lankan","2001-09-13","24","Married","Active","Permanent","Full Time","2022-07-03","2022-10-01",,,"3.5","Baladna Q.P.S.C. (Qatar)","Commercial","Sales & Distribution","Commercial","Sales & Distribution - Section 1","CC-310","POS-00914","Team Lead - Sales & Distribution","Sales & Distribution","G9","Supervisory","BLD-100804","Suresh Khan","Doha Site","Qatar","Doha","Expatriate"
"BLD-100916","EMP000915","Sunita Baig","Sunita","Female","Sri Lankan","1967-04-12","58","Other","Active","Permanent","Full Time","2017-09-20","2017-12-19",,,"8.3","Baladna Q.P.S.C. (Qatar)","Supply Chain","Procurement","Supply Chain","Procurement - Section 1","CC-637","POS-00915","Manager - Procurement","Procurement","G10","Managerial","BLD-100884","Manoj Iqbal","Doha Site","Qatar","Doha","Expatriate"
"BLD-100917","EMP000916","Tariq Iqbal","Tariq","Male","Egyptian","1964-05-26","61","Other","Active","Permanent","Full Time","2016-07-14","2016-10-12",,,"9.5","Baladna Egypt","Commercial","Sales & Distribution","Commercial","Sales & Distribution - Section 1","CC-310","POS-00916","Supervisor - Sales & Distribution","Sales & Distribution","G6","Supervisory","BLD-100951","Yasmin Sharma","10th of Ramadan City Site","Egypt","10th of Ramadan City","Local"
"BLD-100918","EMP000917","Rakesh Chowdhury","Rakesh","Male","Nepali","1976-08-17","48","Married","Terminated","Permanent","Full Time","2014-08-19","2014-11-17","2024-12-12","Resignation - Better Opportunity","10.3","Baladna Q.P.S.C. (Qatar)","Operations","Production","Operations","Production - Section 3","CC-956","POS-00917","Supervisor - Production","Production","G9","Supervisory","BLD-100394","Hari Abdullah","Doha Site","Qatar","Doha","Expatriate"
"BLD-100919","EMP000918","Ramesh Santos","Ramesh","Male","Jordanian","1957-12-17","66","Married","Terminated","Permanent","Full Time","2011-02-14","2011-05-15","2024-04-15","Resignation - Better Opportunity","13.2","Baladna Q.P.S.C. (Qatar)","Supply Chain","Supply Chain & Logistics","Supply Chain","Supply Chain & Logistics - Section 1","CC-370","POS-00918","Specialist - Supply Chain & Logistics","Supply Chain & Logistics","G9","Supervisory","BLD-100837","Ali Gurung","Al Rayyan Site","Qatar","Al Rayyan","Expatriate"
"BLD-100920","EMP000919","Arjun Iqbal","Arjun","Male","Egyptian","1978-02-18","47","Married","Active","Contract","Part Time","2013-04-23","2013-07-22",,,"12.7","Baladna Q.P.S.C. (Qatar)","Operations","Farm Operations","Operations","Farm Operations - Section 1","CC-662","POS-00919","Officer - Farm Operations","Farm Operations","G1","Staff","BLD-100073","Krishna Sharma","Al Khor Site","Qatar","Al Khor","Expatriate"
"BLD-100921","EMP000920","Hassan Rai","Hassan","Male","Sudanese","1986-02-14","37","Single","Terminated","Permanent","Full Time","2014-04-10","2014-07-09","2023-12-28","Resignation - Personal Reasons","9.7","Baladna Q.P.S.C. (Qatar)","Operations","Production","Operations","Production - Section 1","CC-956","POS-00920","Officer - Production","Production","G2","Staff","BLD-100709","Rakesh Youssef","Al Rayyan Site","Qatar","Al Rayyan","Expatriate"
"BLD-100922","EMP000921","Grace Fernandes","Grace","Female","Nepali","1994-06-19","29","Other","Terminated","Permanent","Full Time","2018-09-18","2018-12-17","2023-12-05","Resignation - Relocation","5.2","Baladna Q.P.S.C. (Qatar)","Commercial","Marketing","Commercial","Marketing - Section 3","CC-916","POS-00921","Officer - Marketing","Marketing","G2","Staff","BLD-100380","Dalia Mendoza","Al Khor Site","Qatar","Al Khor","Expatriate"
"BLD-100923","EMP000922","Vikram Islam","Vikram","Male","Bangladeshi","1968-09-23","55","Single","Terminated","Permanent","Full Time","2019-03-24","2019-06-22","2024-05-04","Resignation - Personal Reasons","5.1","Baladna Q.P.S.C. (Qatar)","Corporate","Finance","Corporate","Finance - Section 1","CC-502","POS-00922","Senior Manager - Finance","Finance","G11","Managerial","BLD-101297","Krishna Kapoor","Al Khor Site","Qatar","Al Khor","Expatriate"
"BLD-100924","EMP000923","Prakash Thapa","Prakash","Male","Pakistani","1967-07-02","58","Married","Active","Temporary","Full Time","2017-03-07","2017-06-05",,,"8.8","Baladna Q.P.S.C. (Qatar)","Supply Chain","Procurement","Supply Chain","Procurement - Section 3","CC-637","POS-00923","Associate - Procurement","Procurement","G1","Staff","BLD-101074","Omar Iqbal","Doha Site","Qatar","Doha","Expatriate"
"BLD-100925","EMP000924","Mohamed Chowdhury","Mohamed","Male","Sri Lankan","1971-08-16","54","Single","Active","Contract","Full Time","2016-10-18","2017-01-16",,,"9.2","Baladna Q.P.S.C. (Qatar)","Supply Chain","Procurement","Supply Chain","Procurement - Section 1","CC-637","POS-00924","Supervisor - Procurement","Procurement","G6","Supervisory","BLD-101231","Arjun Khan","Al Khor Site","Qatar","Al Khor","Expatriate"
"BLD-100926","EMP000925","Kavita Sharma","Kavita","Female","Bangladeshi","1970-06-23","55","Single","Active","Permanent","Part Time","2019-12-15","2020-03-14",,,"6","Baladna Q.P.S.C. (Qatar)","Operations","R&D","Operations","R&D - Section 2","CC-118","POS-00925","Senior Technician - R&D","R&D","G6","Supervisory","BLD-101005","Rania Santos","Al Khor Site","Qatar","Al Khor","Expatriate"
"BLD-100927","EMP000926","Anil Chowdhury","Anil","Male","Qatari","1966-12-04","59","Single","Active","Permanent","Full Time","2014-07-10","2014-10-08",,,"11.5","Baladna Q.P.S.C. (Qatar)","Corporate","People & Culture","Corporate","People & Culture - Section 1","CC-310","POS-00926","Officer - People & Culture","People & Culture","G1","Staff","BLD-100105","Rowena Islam","Doha Site","Qatar","Doha","Local"
"BLD-100928","EMP000927","Dina Chowdhury","Dina","Female","Egyptian","1975-09-14","50","Married","Active","Permanent","Full Time","2011-09-09","2011-12-08",,,"14.3","Baladna Q.P.S.C. (Qatar)","Corporate","Finance","Corporate","Finance - Section 2","CC-502","POS-00927","Supervisor - Finance","Finance","G9","Supervisory","BLD-101304","Nadia Youssef","Doha Site","Qatar","Doha","Expatriate"
"BLD-100929","EMP000928","Juan Kapoor","Juan","Male","Pakistani","1985-02-15","38","Other","Terminated","Permanent","Full Time","2021-09-03","2021-12-02","2023-08-10","Resignation - Better Opportunity","1.9","Baladna Q.P.S.C. (Qatar)","Operations","Engineering & Maintenance","Operations","Engineering & Maintenance - Section 1","CC-178","POS-00928","Specialist - Engineering & Maintenance","Engineering & Maintenance","G9","Supervisory","BLD-100494","Ravi Youssef","Al Khor Site","Qatar","Al Khor","Expatriate"
"BLD-100930","EMP000929","Sanjay Rai","Sanjay","Male","Indian","1991-08-20","34","Married","Active","Permanent","Full Time","2017-01-02","2017-04-02",,,"9","Baladna Q.P.S.C. (Qatar)","Supply Chain","Supply Chain & Logistics","Supply Chain","Supply Chain & Logistics - Section 1","CC-370","POS-00929","Assistant Manager - Supply Chain & Logistics","Supply Chain & Logistics","G11","Managerial","BLD-100766","Priya Farouk","Al Khor Site","Qatar","Al Khor","Expatriate"
"BLD-100931","EMP000930","Bikram Hassan","Bikram","Male","Filipino","1976-05-21","49","Single","Active","Permanent","Full Time","2013-07-18","2013-10-16",,,"12.5","Baladna Q.P.S.C. (Qatar)","Operations","Farm Operations","Operations","Farm Operations - Section 2","CC-662","POS-00930","Senior Manager - Farm Operations","Farm Operations","G11","Managerial","BLD-100199","Anil Khan","Al Khor Site","Qatar","Al Khor","Expatriate"
"BLD-100932","EMP000931","Mona Chowdhury","Mona","Female","Egyptian","1963-10-21","59","Married","Terminated","Contract","Full Time","2012-11-13","2013-02-11","2023-05-11","Resignation - Relocation","10.5","Baladna Egypt","Corporate","Finance","Corporate","Finance - Section 2","CC-502","POS-00931","Technician - Finance","Finance","G5","Staff","BLD-100066","Prakash Ibrahim","10th of Ramadan City Site","Egypt","10th of Ramadan City","Local"
"BLD-100933","EMP000932","Manoj Baig","Manoj","Male","Egyptian","1978-11-15","46","Married","Terminated","Permanent","Full Time","2011-07-18","2011-10-16","2024-12-17","Resignation - Personal Reasons","13.4","Baladna Egypt","Supply Chain","Supply Chain & Logistics","Supply Chain","Supply Chain & Logistics - Section 1","CC-370","POS-00932","Coordinator - Supply Chain & Logistics","Supply Chain & Logistics","G4","Staff","BLD-100983","Aisha Mendoza","Cairo Site","Egypt","Cairo","Local"
"BLD-100934","EMP000933","Jose El-Sayed","Jose","Male","Nepali","1981-03-08","44","Single","Terminated","Permanent","Full Time","2013-09-29","2013-12-28","2025-12-02","Resignation - Personal Reasons","12.2","Baladna Q.P.S.C. (Qatar)","Operations","Engineering & Maintenance","Operations","Engineering & Maintenance - Section 1","CC-178","POS-00933","Associate - Engineering & Maintenance","Engineering & Maintenance","G1","Staff","BLD-100851","Mohamed Rai","Doha Site","Qatar","Doha","Expatriate"
"BLD-100935","EMP000934","Reem Youssef","Reem","Female","Sri Lankan","1977-08-18","46","Married","Terminated","Permanent","Full Time","2011-06-06","2011-09-04","2024-01-16","Resignation - Relocation","12.6","Baladna Q.P.S.C. (Qatar)","Commercial","Sales & Distribution","Commercial","Sales & Distribution - Section 1","CC-310","POS-00934","Senior Officer - Sales & Distribution","Sales & Distribution","G9","Supervisory","BLD-100804","Suresh Khan","Al Khor Site","Qatar","Al Khor","Expatriate"
"BLD-100936","EMP000935","Manoj Kapoor","Manoj","Male","Qatari","1978-04-17","47","Single","Active","Permanent","Full Time","2014-01-22","2014-04-22",,,"11.9","Baladna Q.P.S.C. (Qatar)","Corporate","Finance","Corporate","Finance - Section 1","CC-502","POS-00935","Associate - Finance","Finance","G1","Staff","BLD-100516","Reem Islam","Doha Site","Qatar","Doha","Local"
"BLD-100937","EMP000936","Dina Farouk","Dina","Female","Jordanian","1969-02-03","56","Married","Active","Contract","Full Time","2018-03-24","2018-06-22",,,"7.8","Baladna Q.P.S.C. (Qatar)","Commercial","Marketing","Commercial","Marketing - Section 3","CC-916","POS-00936","Team Lead - Marketing","Marketing","G8","Supervisory","BLD-101252","Ramesh Sharma","Doha Site","Qatar","Doha","Expatriate"
"BLD-100938","EMP000937","Arjun Mahmoud","Arjun","Male","Filipino","1965-05-08","60","Single","Terminated","Permanent","Full Time","2015-03-19","2015-06-17","2025-08-13","Resignation - Better Opportunity","10.4","Baladna Q.P.S.C. (Qatar)","Commercial","Sales & Distribution","Commercial","Sales & Distribution - Section 3","CC-310","POS-00937","Coordinator - Sales & Distribution","Sales & Distribution","G1","Staff","BLD-100227","Bishnu Al-Marri","Doha Site","Qatar","Doha","Expatriate"
"BLD-100939","EMP000938","Rajesh Fernandes","Rajesh","Male","Egyptian","1978-08-07","45","Married","Terminated","Permanent","Full Time","2014-01-09","2014-04-09","2023-09-16","Resignation - Better Opportunity","9.7","Baladna Q.P.S.C. (Qatar)","Commercial","Sales & Distribution","Commercial","Sales & Distribution - Section 1","CC-310","POS-00938","Coordinator - Sales & Distribution","Sales & Distribution","G2","Staff","BLD-100356","Ramesh El-Sayed","Al Khor Site","Qatar","Al Khor","Expatriate"
"BLD-100940","EMP000939","Anita Mahmoud","Anita","Female","Jordanian","1995-09-08","28","Married","Terminated","Permanent","Full Time","2016-03-06","2016-06-04","2023-12-03","Resignation - Relocation","7.7","Baladna Q.P.S.C. (Qatar)","Corporate","Finance","Corporate","Finance - Section 1","CC-502","POS-00939","Senior Officer - Finance","Finance","G6","Supervisory","BLD-100250","Rajesh Reyes","Al Khor Site","Qatar","Al Khor","Expatriate"
"BLD-100941","EMP000940","Kavita Chowdhury","Kavita","Female","Egyptian","1967-06-10","56","Single","Terminated","Contract","Full Time","2021-05-25","2021-08-23","2024-01-27","Resignation - Better Opportunity","2.7","Baladna Egypt","Corporate","Finance","Corporate","Finance - Section 2","CC-502","POS-00940","Officer - Finance","Finance","G4","Staff","BLD-100236","Suresh El-Sayed","10th of Ramadan City Site","Egypt","10th of Ramadan City","Local"
"BLD-100942","EMP000941","Sanjay Fernandes","Sanjay","Male","Nepali","1984-02-01","41","Married","Terminated","Permanent","Full Time","2014-12-29","2015-03-29","2025-06-03","Resignation - Relocation","10.4","Baladna Q.P.S.C. (Qatar)","Supply Chain","Procurement","Supply Chain","Procurement - Section 1","CC-637","POS-00941","Senior Technician - Procurement","Procurement","G6","Supervisory","BLD-100902","Noor Islam","Doha Site","Qatar","Doha","Expatriate"
"BLD-100943","EMP000942","Faisal Al-Sayed","Faisal","Male","Egyptian","1996-01-19","29","Married","Terminated","Permanent","Full Time","2019-08-04","2019-11-02","2025-08-28","End of Contract - Not Renewed by Employee","6.1","Baladna Egypt","Supply Chain","Supply Chain & Logistics","Supply Chain","Supply Chain & Logistics - Section 3","CC-370","POS-00942","Assistant - Supply Chain & Logistics","Supply Chain & Logistics","G2","Staff","BLD-100072","Jose Reyes","Cairo Site","Egypt","Cairo","Local"
"BLD-100944","EMP000943","Prakash Kapoor","Prakash","Male","Sri Lankan","1993-08-22","32","Married","Active","Permanent","Full Time","2016-01-13","2016-04-12",,,"10","Baladna Q.P.S.C. (Qatar)","Operations","Farm Operations","Operations","Farm Operations - Section 1","CC-662","POS-00943","Senior Officer - Farm Operations","Farm Operations","G6","Supervisory","BLD-100931","Bikram Hassan","Doha Site","Qatar","Doha","Expatriate"
"BLD-100945","EMP000944","Deepak El-Sayed","Deepak","Male","Pakistani","1982-06-24","41","Single","Terminated","Permanent","Full Time","2013-02-02","2013-05-03","2023-07-17","End of Contract - Not Renewed by Employee","10.5","Baladna Q.P.S.C. (Qatar)","Operations","Production","Operations","Production - Section 3","CC-956","POS-00944","Operator - Production","Production","G1","Staff","BLD-100127","Ravi Iqbal","Doha Site","Qatar","Doha","Expatriate"
"BLD-100946","EMP000945","Dina Mahmoud","Dina","Female","Sudanese","1962-11-23","62","Married","Terminated","Permanent","Full Time","2010-04-19","2010-07-18","2025-02-02","Resignation - Personal Reasons","14.8","Baladna Q.P.S.C. (Qatar)","Supply Chain","Procurement","Supply Chain","Procurement - Section 3","CC-637","POS-00945","Specialist - Procurement","Procurement","G7","Supervisory","BLD-101219","Santosh Mansour","Al Khor Site","Qatar","Al Khor","Expatriate"
"BLD-100947","EMP000946","Manoj Fernandes","Manoj","Male","Egyptian","1963-01-04","62","Single","Terminated","Permanent","Full Time","2014-07-29","2014-10-27","2025-12-05","Termination - Redundancy","11.4","Baladna Egypt","Corporate","People & Culture","Corporate","People & Culture - Section 2","CC-310","POS-00946","Supervisor - People & Culture","People & Culture","G9","Supervisory","BLD-100347","Ahmed Santos","Alexandria Site","Egypt","Alexandria","Local"
"BLD-100948","EMP000947","Hassan Chowdhury","Hassan","Male","Filipino","1969-06-09","56","Single","Active","Permanent","Full Time","2011-10-14","2012-01-12",,,"14.2","Baladna Q.P.S.C. (Qatar)","Operations","Production","Operations","Production - Section 3","CC-956","POS-00947","Technician - Production","Production","G3","Staff","BLD-100483","Ahmed Khan","Al Khor Site","Qatar","Al Khor","Expatriate"
"BLD-100949","EMP000948","Fatima Reyes","Fatima","Female","Egyptian","1974-11-23","51","Married","Active","Permanent","Full Time","2017-11-28","2018-02-26",,,"8.1","Baladna Egypt","Corporate","Finance","Corporate","Finance - Section 2","CC-502","POS-00948","Specialist - Finance","Finance","G8","Supervisory","BLD-101270","Shobha Thapa","Cairo Site","Egypt","Cairo","Local"
"BLD-100950","EMP000949","Nadia Al-Marri","Nadia","Female","Qatari","1961-10-22","63","Married","Terminated","Permanent","Full Time","2013-09-13","2013-12-12","2025-05-29","Resignation - Personal Reasons","11.7","Baladna Q.P.S.C. (Qatar)","Operations","Quality Assurance & Food Safety","Operations","Quality Assurance & Food Safety - Section 3","CC-564","POS-00949","Assistant - Quality Assurance & Food Safety","Quality Assurance & Food Safety","G1","Staff","BLD-101163","Ali Santos","Al Khor Site","Qatar","Al Khor","Local"
"BLD-100951","EMP000950","Yasmin Sharma","Yasmin","Female","Egyptian","1962-05-23","63","Married","Active","Permanent","Full Time","2010-04-08","2010-07-07",,,"15.7","Baladna Egypt","Commercial","Sales & Distribution","Commercial","Sales & Distribution - Section 2","CC-310","POS-00950","Manager - Sales & Distribution","Sales & Distribution","G10","Managerial","BLD-101292","Noor Al-Sayed","10th of Ramadan City Site","Egypt","10th of Ramadan City","Local"
"BLD-100952","EMP000951","Santosh Baig","Santosh","Male","Egyptian","1968-03-23","57","Married","Terminated","Permanent","Full Time","2020-03-01","2020-05-30","2025-08-17","Resignation - Relocation","5.5","Baladna Egypt","Supply Chain","Supply Chain & Logistics","Supply Chain","Supply Chain & Logistics - Section 3","CC-370","POS-00951","Assistant - Supply Chain & Logistics","Supply Chain & Logistics","G1","Staff","BLD-100957","Mohamed Mansour","10th of Ramadan City Site","Egypt","10th of Ramadan City","Local"
"BLD-100953","EMP000952","Ali Gurung","Ali","Male","Egyptian","1980-06-09","45","Married","Active","Permanent","Full Time","2018-08-12","2018-11-10",,,"7.4","Baladna Egypt","Supply Chain","Supply Chain & Logistics","Supply Chain","Supply Chain & Logistics - Section 2","CC-370","POS-00952","Associate - Supply Chain & Logistics","Supply Chain & Logistics","G2","Staff","BLD-101115","Krishna Youssef","10th of Ramadan City Site","Egypt","10th of Ramadan City","Local"
"BLD-100954","EMP000953","Kavita Mahmoud","Kavita","Female","Nepali","1991-08-08","31","Single","Terminated","Permanent","Full Time","2014-05-01","2014-07-30","2023-06-18","End of Contract - Not Renewed by Employee","9.1","Baladna Q.P.S.C. (Qatar)","Supply Chain","Procurement","Supply Chain","Procurement - Section 2","CC-637","POS-00953","Associate - Procurement","Procurement","G1","Staff","BLD-100083","Ali Al-Kuwari","Al Khor Site","Qatar","Al Khor","Expatriate"
"BLD-100955","EMP000954","Omar Ibrahim","Omar","Male","Jordanian","1982-02-16","43","Single","Terminated","Permanent","Full Time","2011-02-14","2011-05-15","2025-10-26","Resignation - Better Opportunity","14.7","Baladna Q.P.S.C. (Qatar)","Operations","R&D","Operations","R&D - Section 3","CC-118","POS-00954","Technician - R&D","R&D","G4","Staff","BLD-101212","Layla Chowdhury","Doha Site","Qatar","Doha","Expatriate"
"BLD-100956","EMP000955","Ravi Santos","Ravi","Male","Egyptian","1993-10-11","31","Married","Terminated","Contract","Full Time","2013-11-23","2014-02-21","2025-05-31","Termination - Redundancy","11.5","Baladna Egypt","Operations","Production","Operations","Production - Section 2","CC-956","POS-00955","Associate - Production","Production","G1","Staff","BLD-100508","Sameer Rai","10th of Ramadan City Site","Egypt","10th of Ramadan City","Local"
"BLD-100957","EMP000956","Mohamed Mansour","Mohamed","Male","Egyptian","1971-01-09","52","Married","Terminated","Permanent","Full Time","2018-10-15","2019-01-13","2023-11-22","Resignation - Better Opportunity","5.1","Baladna Egypt","Supply Chain","Supply Chain & Logistics","Supply Chain","Supply Chain & Logistics - Section 2","CC-370","POS-00956","Senior Officer - Supply Chain & Logistics","Supply Chain & Logistics","G6","Supervisory","BLD-101241","Prakash Kapoor","Alexandria Site","Egypt","Alexandria","Local"
"BLD-100958","EMP000957","Hassan Mahmoud","Hassan","Male","Pakistani","1972-09-19","51","Married","Terminated","Permanent","Full Time","2018-04-13","2018-07-12","2024-05-19","Resignation - Better Opportunity","6.1","Baladna Q.P.S.C. (Qatar)","Commercial","Marketing","Commercial","Marketing - Section 1","CC-916","POS-00957","Supervisor - Marketing","Marketing","G7","Supervisory","BLD-100505","Rajesh Malik","Doha Site","Qatar","Doha","Expatriate"
"BLD-100959","EMP000958","Anil Chowdhury","Anil","Male","Sudanese","1968-09-06","57","Single","Active","Permanent","Full Time","2016-11-26","2017-02-24",,,"9.1","Baladna Egypt","Corporate","People & Culture","Corporate","People & Culture - Section 3","CC-310","POS-00958","Coordinator - People & Culture","People & Culture","G1","Staff","BLD-101104","Juan Gurung","10th of Ramadan City Site","Egypt","10th of Ramadan City","Expatriate"
"BLD-100960","EMP000959","Rajesh Thapa","Rajesh","Male","Egyptian","1968-10-08","57","Married","Active","Permanent","Full Time","2011-09-13","2011-12-12",,,"14.3","Baladna Q.P.S.C. (Qatar)","Corporate","Corporate & Executive Office","Corporate","Corporate & Executive Office - Section 1","CC-577","POS-00959","Officer - Corporate & Executive Office","Corporate & Executive Office","G3","Staff","BLD-100582","Santosh Islam","Doha Site","Qatar","Doha","Expatriate"
"BLD-100961","EMP000960","Ravi Ahmed","Ravi","Male","Filipino","1999-08-14","26","Single","Active","Permanent","Full Time","2019-09-16","2019-12-15",,,"6.3","Baladna Q.P.S.C. (Qatar)","Operations","Farm Operations","Operations","Farm Operations - Section 1","CC-662","POS-00960","Senior Technician - Farm Operations","Farm Operations","G8","Supervisory","BLD-100724","Mohamed El-Sayed","Doha Site","Qatar","Doha","Expatriate"
"BLD-100962","EMP000961","Layla Malik","Layla","Female","Pakistani","1962-01-07","63","Married","Active","Permanent","Full Time","2013-03-18","2013-06-16",,,"12.8","Baladna Q.P.S.C. (Qatar)","Corporate","IT & Digital","Corporate","IT & Digital - Section 1","CC-289","POS-00961","Associate - IT & Digital","IT & Digital","G2","Staff","BLD-100134","Arjun Mendoza","Al Khor Site","Qatar","Al Khor","Expatriate"
"BLD-100963","EMP000962","Santosh Mendoza","Santosh","Male","Egyptian","1997-03-21","27","Single","Terminated","Contract","Full Time","2021-08-09","2021-11-07","2024-06-29","Resignation - Relocation","2.9","Baladna Egypt","Corporate","Finance","Corporate","Finance - Section 1","CC-502","POS-00962","Supervisor - Finance","Finance","G6","Supervisory","BLD-101328","Ali Ahmed","Alexandria Site","Egypt","Alexandria","Local"
"BLD-100964","EMP000963","Faisal Al-Sayed","Faisal","Male","Filipino","1977-05-10","46","Single","Terminated","Permanent","Full Time","2012-02-21","2012-05-21","2024-02-10","End of Contract - Not Renewed by Employee","12","Baladna Q.P.S.C. (Qatar)","Operations","Quality Assurance & Food Safety","Operations","Quality Assurance & Food Safety - Section 3","CC-564","POS-00963","Assistant - Quality Assurance & Food Safety","Quality Assurance & Food Safety","G2","Staff","BLD-100495","Krishna Youssef","Al Rayyan Site","Qatar","Al Rayyan","Expatriate"
"BLD-100965","EMP000964","Shobha El-Sayed","Shobha","Female","Sudanese","1958-04-23","65","Single","Terminated","Permanent","Full Time","2011-07-08","2011-10-06","2023-12-11","End of Contract - Not Renewed by Employee","12.4","Baladna Q.P.S.C. (Qatar)","Operations","Quality Assurance & Food Safety","Operations","Quality Assurance & Food Safety - Section 3","CC-564","POS-00964","Associate - Quality Assurance & Food Safety","Quality Assurance & Food Safety","G1","Staff","BLD-100756","Bishnu Reyes","Al Khor Site","Qatar","Al Khor","Expatriate"
"BLD-100966","EMP000965","Manoj Rai","Manoj","Male","Jordanian","1970-01-05","55","Single","Active","Permanent","Full Time","2011-03-08","2011-06-06",,,"14.8","Baladna Q.P.S.C. (Qatar)","Operations","Production","Operations","Production - Section 2","CC-956","POS-00965","Associate - Production","Production","G1","Staff","BLD-100329","Santosh Cruz","Doha Site","Qatar","Doha","Expatriate"
"BLD-100967","EMP000966","Nadia Mahmoud","Nadia","Female","Egyptian","1972-04-12","52","Married","Terminated","Permanent","Full Time","2017-09-03","2017-12-02","2024-12-05","Resignation - Relocation","7.3","Baladna Egypt","Supply Chain","Supply Chain & Logistics","Supply Chain","Supply Chain & Logistics - Section 1","CC-370","POS-00966","Technician - Supply Chain & Logistics","Supply Chain & Logistics","G3","Staff","BLD-100072","Jose Reyes","Cairo Site","Egypt","Cairo","Local"
"BLD-100968","EMP000967","Krishna Santos","Krishna","Male","Egyptian","1983-11-13","39","Single","Terminated","Permanent","Full Time","2018-10-14","2019-01-12","2023-09-07","Resignation - Relocation","4.9","Baladna Egypt","Operations","Production","Operations","Production - Section 1","CC-956","POS-00967","Supervisor - Production","Production","G6","Supervisory","BLD-100993","Faisal Chowdhury","Cairo Site","Egypt","Cairo","Local"
"BLD-100969","EMP000968","Juan Malik","Juan","Male","Egyptian","1958-02-12","65","Married","Terminated","Permanent","Full Time","2011-04-17","2011-07-16","2023-09-19","Termination - Disciplinary","12.4","Baladna Q.P.S.C. (Qatar)","Operations","Farm Operations","Operations","Farm Operations - Section 3","CC-662","POS-00968","Operator - Farm Operations","Farm Operations","G5","Staff","BLD-100961","Ravi Ahmed","Al Rayyan Site","Qatar","Al Rayyan","Expatriate"
"BLD-100970","EMP000969","Santosh Iqbal","Santosh","Male","Nepali","1974-06-25","51","Married","Active","Permanent","Full Time","2021-08-09","2021-11-07",,,"4.4","Baladna Q.P.S.C. (Qatar)","Operations","Production","Operations","Production - Section 2","CC-956","POS-00969","Coordinator - Production","Production","G2","Staff","BLD-100704","Waleed Gurung","Doha Site","Qatar","Doha","Expatriate"
"BLD-100971","EMP000970","Aisha Islam","Aisha","Female","Egyptian","1965-09-01","60","Married","Active","Contract","Full Time","2018-12-16","2019-03-16",,,"7","Baladna Egypt","Corporate","Finance","Corporate","Finance - Section 1","CC-502","POS-00970","Assistant - Finance","Finance","G3","Staff","BLD-100370","Ravi Islam","Alexandria Site","Egypt","Alexandria","Local"
"BLD-100972","EMP000971","Jose Santos","Jose","Male","Egyptian","1993-11-23","32","Single","Active","Contract","Full Time","2014-01-09","2014-04-09",,,"12","Baladna Q.P.S.C. (Qatar)","Corporate","Finance","Corporate","Finance - Section 2","CC-502","POS-00971","Assistant - Finance","Finance","G4","Staff","BLD-101065","Mohamed Al-Sayed","Doha Site","Qatar","Doha","Expatriate"
"BLD-100973","EMP000972","Bikram Mendoza","Bikram","Male","Egyptian","1994-02-10","31","Single","Active","Contract","Full Time","2019-01-10","2019-04-10",,,"7","Baladna Q.P.S.C. (Qatar)","Operations","Farm Operations","Operations","Farm Operations - Section 1","CC-662","POS-00972","Officer - Farm Operations","Farm Operations","G2","Staff","BLD-100557","Hari Cruz","Al Khor Site","Qatar","Al Khor","Expatriate"
"BLD-100974","EMP000973","Dina Ahmed","Dina","Female","Egyptian","1985-01-13","38","Married","Terminated","Contract","Full Time","2012-03-07","2012-06-05","2023-07-05","Termination - Performance","11.3","Baladna Egypt","Corporate","Finance","Corporate","Finance - Section 3","CC-502","POS-00973","Coordinator - Finance","Finance","G2","Staff","BLD-101025","Santosh Fernandes","Cairo Site","Egypt","Cairo","Local"
"BLD-100975","EMP000974","Manoj Abdullah","Manoj","Male","Egyptian","1961-12-17","64","Single","Active","Contract","Full Time","2014-04-20","2014-07-19",,,"11.7","Baladna Egypt","Corporate","People & Culture","Corporate","People & Culture - Section 2","CC-310","POS-00974","Technician - People & Culture","People & Culture","G5","Staff","BLD-101339","Rania Baig","Cairo Site","Egypt","Cairo","Local"
"BLD-100976","EMP000975","Sunita Sharma","Sunita","Female","Egyptian","1970-03-21","55","Married","Active","Permanent","Full Time","2013-05-29","2013-08-27",,,"12.6","Baladna Egypt","Corporate","Finance","Corporate","Finance - Section 3","CC-502","POS-00975","Senior Manager - Finance","Finance","G10","Managerial","BLD-101128","Rakesh Cruz","Cairo Site","Egypt","Cairo","Local"
"BLD-100977","EMP000976","Manoj Cruz","Manoj","Male","Bangladeshi","1986-08-07","39","Married","Active","Permanent","Full Time","2012-11-12","2013-02-10",,,"13.1","Baladna Q.P.S.C. (Qatar)","Operations","Quality Assurance & Food Safety","Operations","Quality Assurance & Food Safety - Section 3","CC-564","POS-00976","Associate - Quality Assurance & Food Safety","Quality Assurance & Food Safety","G1","Staff","BLD-100283","Krishna Islam","Doha Site","Qatar","Doha","Expatriate"
"BLD-100978","EMP000977","Mohamed Sharma","Mohamed","Male","Indian","1978-10-09","45","Married","Terminated","Permanent","Full Time","2017-04-29","2017-07-28","2024-02-13","Contract Non-Renewal - Company Decision","6.8","Baladna Q.P.S.C. (Qatar)","Operations","Production","Operations","Production - Section 1","CC-956","POS-00977","Technician - Production","Production","G1","Staff","BLD-100709","Rakesh Youssef","Doha Site","Qatar","Doha","Expatriate"
"BLD-100979","EMP000978","Sanjay Ibrahim","Sanjay","Male","Nepali","1965-06-12","60","Other","Terminated","Permanent","Full Time","2018-12-15","2019-03-15","2025-07-12","Resignation - Personal Reasons","6.6","Baladna Q.P.S.C. (Qatar)","Operations","Farm Operations","Operations","Farm Operations - Section 2","CC-662","POS-00978","Senior Technician - Farm Operations","Farm Operations","G6","Supervisory","BLD-100331","Ahmed Cruz","Doha Site","Qatar","Doha","Expatriate"
"BLD-100980","EMP000979","Arjun Cruz","Arjun","Male","Indian","1972-10-17","53","Married","Active","Permanent","Full Time","2011-07-22","2011-10-20",,,"14.4","Baladna Q.P.S.C. (Qatar)","Corporate","Corporate & Executive Office","Corporate","Corporate & Executive Office - Section 1","CC-577","POS-00979","Senior Officer - Corporate & Executive Office","Corporate & Executive Office","G6","Supervisory","BLD-101178","Hari Al-Marri","Doha Site","Qatar","Doha","Expatriate"
"BLD-100981","EMP000980","Hassan Baig","Hassan","Male","Jordanian","1965-06-03","60","Married","Active","Permanent","Full Time","2012-08-02","2012-10-31",,,"13.4","Baladna Q.P.S.C. (Qatar)","Commercial","Sales & Distribution","Commercial","Sales & Distribution - Section 1","CC-310","POS-00980","Manager - Sales & Distribution","Sales & Distribution","G11","Managerial","BLD-101509","Suresh Reyes","Al Rayyan Site","Qatar","Al Rayyan","Expatriate"
"BLD-100982","EMP000981","Waleed Mendoza","Waleed","Male","Egyptian","1970-09-19","55","Married","Active","Permanent","Full Time","2017-10-20","2018-01-18",,,"8.2","Baladna Egypt","Supply Chain","Supply Chain & Logistics","Supply Chain","Supply Chain & Logistics - Section 1","CC-370","POS-00981","Supervisor - Supply Chain & Logistics","Supply Chain & Logistics","G8","Supervisory","BLD-101241","Prakash Kapoor","Cairo Site","Egypt","Cairo","Local"
"BLD-100983","EMP000982","Aisha Mendoza","Aisha","Female","Egyptian","1974-07-20","51","Married","Active","Permanent","Full Time","2022-01-17","2022-04-17",,,"4","Baladna Egypt","Supply Chain","Supply Chain & Logistics","Supply Chain","Supply Chain & Logistics - Section 3","CC-370","POS-00982","Senior Technician - Supply Chain & Logistics","Supply Chain & Logistics","G6","Supervisory","BLD-101241","Prakash Kapoor","Alexandria Site","Egypt","Alexandria","Local"
"BLD-100984","EMP000983","Rania Khan","Rania","Female","Qatari","1990-03-13","33","Single","Terminated","Permanent","Full Time","2016-04-22","2016-07-21","2023-09-11","Resignation - Relocation","7.4","Baladna Q.P.S.C. (Qatar)","Commercial","Marketing","Commercial","Marketing - Section 3","CC-916","POS-00983","Operator - Marketing","Marketing","G4","Staff","BLD-101412","Hassan Pereira","Al Rayyan Site","Qatar","Al Rayyan","Local"
"BLD-100985","EMP000984","Fatima Mansour","Fatima","Female","Filipino","1991-08-10","32","Married","Terminated","Permanent","Full Time","2012-08-04","2012-11-02","2023-10-24","Resignation - Relocation","11.2","Baladna Q.P.S.C. (Qatar)","Corporate","People & Culture","Corporate","People & Culture - Section 2","CC-310","POS-00984","Assistant - People & Culture","People & Culture","G1","Staff","BLD-100385","Manoj Pereira","Doha Site","Qatar","Doha","Expatriate"
"BLD-100986","EMP000985","Waleed Mahmoud","Waleed","Male","Indian","1986-07-19","36","Married","Terminated","Permanent","Full Time","2011-10-30","2012-01-28","2023-01-12","End of Contract - Not Renewed by Employee","11.2","Baladna Q.P.S.C. (Qatar)","Commercial","Sales & Distribution","Commercial","Sales & Distribution - Section 1","CC-310","POS-00985","Officer - Sales & Distribution","Sales & Distribution","G1","Staff","BLD-101390","Omar Chowdhury","Doha Site","Qatar","Doha","Expatriate"
"BLD-100987","EMP000986","Ali Mansour","Ali","Male","Qatari","1970-10-20","52","Single","Terminated","Permanent","Full Time","2011-05-28","2011-08-26","2023-06-06","End of Contract - Not Renewed by Employee","12","Baladna Q.P.S.C. (Qatar)","Operations","Engineering & Maintenance","Operations","Engineering & Maintenance - Section 3","CC-178","POS-00986","Coordinator - Engineering & Maintenance","Engineering & Maintenance","G4","Staff","BLD-100584","Prakash Farouk","Al Khor Site","Qatar","Al Khor","Local"
"BLD-100988","EMP000987","Arjun Al-Kuwari","Arjun","Male","Nepali","1985-01-13","39","Single","Terminated","Permanent","Full Time","2019-11-16","2020-02-14","2024-11-06","Resignation - Better Opportunity","5","Baladna Q.P.S.C. (Qatar)","Corporate","IT & Digital","Corporate","IT & Digital - Section 2","CC-289","POS-00987","Coordinator - IT & Digital","IT & Digital","G4","Staff","BLD-101382","Rania Iqbal","Doha Site","Qatar","Doha","Expatriate"
"BLD-100989","EMP000988","Aisha Malik","Aisha","Female","Indian","1964-03-27","61","Married","Active","Contract","Full Time","2011-11-12","2012-02-10",,,"14.1","Baladna Q.P.S.C. (Qatar)","Corporate","Corporate & Executive Office","Corporate","Corporate & Executive Office - Section 3","CC-577","POS-00988","Team Lead - Corporate & Executive Office","Corporate & Executive Office","G7","Supervisory","BLD-100406","Tariq Pereira","Al Khor Site","Qatar","Al Khor","Expatriate"
"BLD-100990","EMP000989","Jose Rai","Jose","Male","Indian","1994-02-16","31","Single","Terminated","Permanent","Full Time","2018-12-04","2019-03-04","2025-10-23","Termination - Performance","6.9","Baladna Q.P.S.C. (Qatar)","Operations","Engineering & Maintenance","Operations","Engineering & Maintenance - Section 2","CC-178","POS-00989","Operator - Engineering & Maintenance","Engineering & Maintenance","G5","Staff","BLD-100158","Manoj Farouk","Al Khor Site","Qatar","Al Khor","Expatriate"
"BLD-100991","EMP000990","Ali Pereira","Ali","Male","Sudanese","1984-01-22","39","Married","Terminated","Permanent","Part Time","2019-03-06","2019-06-04","2023-05-07","Resignation - Relocation","4.2","Baladna Egypt","Corporate","People & Culture","Corporate","People & Culture - Section 3","CC-310","POS-00990","Technician - People & Culture","People & Culture","G1","Staff","BLD-101338","Hassan El-Sayed","Cairo Site","Egypt","Cairo","Expatriate"
"BLD-100992","EMP000991","Rakesh Islam","Rakesh","Male","Egyptian","1978-04-07","47","Other","Active","Permanent","Full Time","2018-08-28","2018-11-26",,,"7.3","Baladna Q.P.S.C. (Qatar)","Corporate","Corporate & Executive Office","Corporate","Corporate & Executive Office - Section 1","CC-577","POS-00991","Senior Officer - Corporate & Executive Office","Corporate & Executive Office","G6","Supervisory","BLD-100154","Bishnu Mendoza","Al Khor Site","Qatar","Al Khor","Expatriate"
"BLD-100993","EMP000992","Faisal Chowdhury","Faisal","Male","Egyptian","1975-05-26","50","Single","Active","Permanent","Full Time","2021-06-25","2021-09-23",,,"4.5","Baladna Egypt","Operations","Production","Operations","Production - Section 2","CC-956","POS-00992","Assistant Manager - Production","Production","G10","Managerial","BLD-100109","Krishna Cruz","10th of Ramadan City Site","Egypt","10th of Ramadan City","Local"
"BLD-100994","EMP000993","Omar Sharma","Omar","Male","Sri Lankan","2001-06-18","24","Married","Active","Permanent","Full Time","2022-09-30","2022-12-29",,,"3.3","Baladna Q.P.S.C. (Qatar)","Operations","Quality Assurance & Food Safety","Operations","Quality Assurance & Food Safety - Section 1","CC-564","POS-00993","Manager - Quality Assurance & Food Safety","Quality Assurance & Food Safety","G12","Managerial","BLD-100375","Manoj Fernandes","Al Khor Site","Qatar","Al Khor","Expatriate"
"BLD-100995","EMP000994","Ramesh Fernandes","Ramesh","Male","Sri Lankan","1977-10-08","48","Single","Active","Permanent","Full Time","2013-11-26","2014-02-24",,,"12.1","Baladna Q.P.S.C. (Qatar)","Supply Chain","Supply Chain & Logistics","Supply Chain","Supply Chain & Logistics - Section 2","CC-370","POS-00994","Assistant - Supply Chain & Logistics","Supply Chain & Logistics","G5","Staff","BLD-101302","Khalid Santos","Doha Site","Qatar","Doha","Expatriate"
"BLD-100996","EMP000995","Sara Mendoza","Sara","Female","Qatari","1974-12-14","49","Married","Terminated","Permanent","Full Time","2016-11-13","2017-02-11","2024-01-02","Termination - Performance","7.1","Baladna Q.P.S.C. (Qatar)","Commercial","Marketing","Commercial","Marketing - Section 1","CC-916","POS-00995","Assistant - Marketing","Marketing","G4","Staff","BLD-101124","Nadia Iqbal","Doha Site","Qatar","Doha","Local"
"BLD-100997","EMP000996","Sameer Al-Kuwari","Sameer","Male","Indian","1963-05-09","62","Married","Terminated","Permanent","Full Time","2017-09-21","2017-12-20","2025-11-26","Resignation - Personal Reasons","8.2","Baladna Q.P.S.C. (Qatar)","Operations","Engineering & Maintenance","Operations","Engineering & Maintenance - Section 1","CC-178","POS-00996","Technician - Engineering & Maintenance","Engineering & Maintenance","G1","Staff","BLD-100018","Ramesh Gurung","Doha Site","Qatar","Doha","Expatriate"
"BLD-100998","EMP000997","Khalid Islam","Khalid","Male","Pakistani","1970-09-22","53","Married","Terminated","Permanent","Full Time","2021-10-25","2022-01-23","2023-10-22","Resignation - Better Opportunity","2","Baladna Q.P.S.C. (Qatar)","Corporate","IT & Digital","Corporate","IT & Digital - Section 3","CC-289","POS-00997","Assistant - IT & Digital","IT & Digital","G4","Staff","BLD-100513","Hari Al-Marri","Al Rayyan Site","Qatar","Al Rayyan","Expatriate"
"BLD-100999","EMP000998","Rakesh Mansour","Rakesh","Male","Egyptian","1973-02-21","52","Single","Active","Permanent","Full Time","2018-08-12","2018-11-10",,,"7.4","Baladna Egypt","Operations","Quality Assurance & Food Safety","Operations","Quality Assurance & Food Safety - Section 3","CC-564","POS-00998","Associate - Quality Assurance & Food Safety","Quality Assurance & Food Safety","G1","Staff","BLD-100447","Pooja Mansour","10th of Ramadan City Site","Egypt","10th of Ramadan City","Local"
"BLD-101000","EMP000999","Aisha Al-Sayed","Aisha","Female","Nepali","1969-09-06","56","Married","Active","Contract","Full Time","2017-12-01","2018-03-01",,,"8.1","Baladna Q.P.S.C. (Qatar)","Corporate","IT & Digital","Corporate","IT & Digital - Section 1","CC-289","POS-00999","Senior Officer - IT & Digital","IT & Digital","G6","Supervisory","BLD-100009","Juan Al-Sayed","Al Khor Site","Qatar","Al Khor","Expatriate"
"BLD-101001","EMP001000","Grace Pereira","Grace","Female","Egyptian","1989-12-08","36","Married","Active","Permanent","Full Time","2021-09-09","2021-12-08",,,"4.3","Baladna Egypt","Operations","Production","Operations","Production - Section 3","CC-956","POS-01000","Assistant Manager - Production","Production","G11","Managerial","BLD-100036","Waleed Gurung","Cairo Site","Egypt","Cairo","Local"
"BLD-101002","EMP001001","Sara Khan","Sara","Female","Nepali","1983-06-14","40","Married","Terminated","Contract","Full Time","2017-08-29","2017-11-27","2024-01-19","End of Contract - Not Renewed by Employee","6.4","Baladna Q.P.S.C. (Qatar)","Corporate","Corporate & Executive Office","Corporate","Corporate & Executive Office - Section 3","CC-577","POS-01001","Specialist - Corporate & Executive Office","Corporate & Executive Office","G7","Supervisory","BLD-101012","Sameer Islam","Al Khor Site","Qatar","Al Khor","Expatriate"
"BLD-101003","EMP001002","Krishna Baig","Krishna","Male","Egyptian","1984-05-23","39","Married","Terminated","Permanent","Full Time","2014-06-02","2014-08-31","2023-09-26","End of Contract - Not Renewed by Employee","9.3","Baladna Egypt","Operations","Quality Assurance & Food Safety","Operations","Quality Assurance & Food Safety - Section 2","CC-564","POS-01002","Associate - Quality Assurance & Food Safety","Quality Assurance & Food Safety","G4","Staff","BLD-100051","Rajesh Kapoor","10th of Ramadan City Site","Egypt","10th of Ramadan City","Local"
"BLD-101004","EMP001003","Layla Rai","Layla","Female","Sri Lankan","1990-01-08","35","Single","Terminated","Permanent","Full Time","2012-02-16","2012-05-16","2025-06-29","Resignation - Better Opportunity","13.4","Baladna Q.P.S.C. (Qatar)","Corporate","People & Culture","Corporate","People & Culture - Section 1","CC-310","POS-01003","Operator - People & Culture","People & Culture","G2","Staff","BLD-101164","Mona Thapa","Al Khor Site","Qatar","Al Khor","Expatriate"
"BLD-101005","EMP001004","Rania Santos","Rania","Female","Indian","1995-04-23","28","Single","Terminated","Permanent","Full Time","2017-12-19","2018-03-19","2023-06-08","Resignation - Relocation","5.5","Baladna Q.P.S.C. (Qatar)","Operations","R&D","Operations","R&D - Section 2","CC-118","POS-01004","Assistant Manager - R&D","R&D","G11","Managerial","BLD-101147","Deepak Gurung","Al Khor Site","Qatar","Al Khor","Expatriate"
"BLD-101006","EMP001005","Juan Fernandes","Juan","Male","Egyptian","1975-06-13","50","Other","Active","Permanent","Full Time","2014-05-05","2014-08-03",,,"11.7","Baladna Egypt","Supply Chain","Supply Chain & Logistics","Supply Chain","Supply Chain & Logistics - Section 1","CC-370","POS-01005","Operator - Supply Chain & Logistics","Supply Chain & Logistics","G1","Staff","BLD-100753","Anil Islam","10th of Ramadan City Site","Egypt","10th of Ramadan City","Local"
"BLD-101007","EMP001006","Waleed Pereira","Waleed","Male","Pakistani","2000-10-08","22","Single","Terminated","Permanent","Full Time","2020-10-23","2021-01-21","2023-09-07","Resignation - Relocation","2.9","Baladna Q.P.S.C. (Qatar)","Corporate","Corporate & Executive Office","Corporate","Corporate & Executive Office - Section 2","CC-577","POS-01006","Officer - Corporate & Executive Office","Corporate & Executive Office","G2","Staff","BLD-100207","Rina Rai","Doha Site","Qatar","Doha","Expatriate"
"BLD-101008","EMP001007","Ramesh Devi","Ramesh","Male","Indian","1979-08-17","45","Single","Terminated","Permanent","Full Time","2021-02-10","2021-05-11","2024-12-22","Resignation - Relocation","3.9","Baladna Q.P.S.C. (Qatar)","Operations","R&D","Operations","R&D - Section 1","CC-118","POS-01007","Supervisor - R&D","R&D","G8","Supervisory","BLD-100499","Kumar Iqbal","Al Khor Site","Qatar","Al Khor","Expatriate"
"BLD-101009","EMP001008","Deepak Al-Kuwari","Deepak","Male","Egyptian","1991-10-27","34","Single","Active","Permanent","Full Time","2013-11-22","2014-02-20",,,"12.1","Baladna Q.P.S.C. (Qatar)","Operations","R&D","Operations","R&D - Section 3","CC-118","POS-01008","Senior Manager - R&D","R&D","G10","Managerial","BLD-100303","Rakesh Kapoor","Doha Site","Qatar","Doha","Expatriate"
"BLD-101010","EMP001009","Cherry Devi","Cherry","Female","Indian","1977-06-26","48","Other","Active","Permanent","Full Time","2019-09-15","2019-12-14",,,"6.3","Baladna Q.P.S.C. (Qatar)","Corporate","Finance","Corporate","Finance - Section 3","CC-502","POS-01009","Assistant - Finance","Finance","G1","Staff","BLD-100928","Dina Chowdhury","Doha Site","Qatar","Doha","Expatriate"
"BLD-101011","EMP001010","Suresh Farouk","Suresh","Male","Sri Lankan","1975-09-10","49","Married","Terminated","Permanent","Full Time","2019-11-11","2020-02-09","2024-09-17","Resignation - Better Opportunity","4.9","Baladna Q.P.S.C. (Qatar)","Corporate","IT & Digital","Corporate","IT & Digital - Section 3","CC-289","POS-01010","Coordinator - IT & Digital","IT & Digital","G5","Staff","BLD-101243","Waleed Chowdhury","Al Rayyan Site","Qatar","Al Rayyan","Expatriate"
"BLD-101012","EMP001011","Sameer Islam","Sameer","Male","Jordanian","1989-10-07","36","Married","Active","Permanent","Full Time","2018-03-09","2018-06-07",,,"7.8","Baladna Q.P.S.C. (Qatar)","Corporate","Corporate & Executive Office","Corporate","Corporate & Executive Office - Section 1","CC-577","POS-01011","Senior Manager - Corporate & Executive Office","Corporate & Executive Office","G12","Managerial","BLD-100861","Pooja Chowdhury","Al Khor Site","Qatar","Al Khor","Expatriate"
"BLD-101013","EMP001012","Juan Malik","Juan","Male","Egyptian","1982-10-06","43","Single","Active","Permanent","Full Time","2019-06-08","2019-09-06",,,"6.6","Baladna Egypt","Corporate","People & Culture","Corporate","People & Culture - Section 3","CC-310","POS-01012","Manager - People & Culture","People & Culture","G12","Managerial","BLD-101307","Mariam Khan","Cairo Site","Egypt","Cairo","Local"
"BLD-101014","EMP001013","Ali Baig","Ali","Male","Pakistani","1984-09-14","41","Married","Active","Permanent","Full Time","2019-03-03","2019-06-01",,,"6.8","Baladna Q.P.S.C. (Qatar)","Corporate","IT & Digital","Corporate","IT & Digital - Section 1","CC-289","POS-01013","Senior Manager - IT & Digital","IT & Digital","G12","Managerial","BLD-101199","Ramesh Islam","Al Rayyan Site","Qatar","Al Rayyan","Expatriate"
"BLD-101015","EMP001014","Manoj Cruz","Manoj","Male","Qatari","1975-03-09","49","Married","Terminated","Permanent","Full Time","2010-09-02","2010-12-01","2024-08-30","Resignation - Better Opportunity","14","Baladna Q.P.S.C. (Qatar)","Operations","Quality Assurance & Food Safety","Operations","Quality Assurance & Food Safety - Section 3","CC-564","POS-01014","Operator - Quality Assurance & Food Safety","Quality Assurance & Food Safety","G4","Staff","BLD-100735","Juan Al-Marri","Doha Site","Qatar","Doha","Local"
"BLD-101016","EMP001015","Bikram Fernandes","Bikram","Male","Egyptian","1998-04-18","27","Other","Active","Permanent","Full Time","2018-03-30","2018-06-28",,,"7.8","Baladna Egypt","Corporate","People & Culture","Corporate","People & Culture - Section 2","CC-310","POS-01015","Officer - People & Culture","People & Culture","G1","Staff","BLD-100044","Prakash Islam","10th of Ramadan City Site","Egypt","10th of Ramadan City","Local"
"BLD-101017","EMP001016","Krishna Abdullah","Krishna","Male","Filipino","1980-05-07","45","Single","Active","Permanent","Full Time","2021-09-22","2021-12-21",,,"4.3","Baladna Q.P.S.C. (Qatar)","Supply Chain","Supply Chain & Logistics","Supply Chain","Supply Chain & Logistics - Section 3","CC-370","POS-01016","Associate - Supply Chain & Logistics","Supply Chain & Logistics","G3","Staff","BLD-101374","Layla Ahmed","Al Khor Site","Qatar","Al Khor","Expatriate"
"BLD-101018","EMP001017","Priya Farouk","Priya","Female","Indian","1978-04-19","47","Single","Active","Permanent","Full Time","2017-08-14","2017-11-12",,,"8.4","Baladna Q.P.S.C. (Qatar)","Corporate","Corporate & Executive Office","Corporate","Corporate & Executive Office - Section 3","CC-577","POS-01017","Senior Manager - Corporate & Executive Office","Corporate & Executive Office","G11","Managerial","BLD-100861","Pooja Chowdhury","Doha Site","Qatar","Doha","Expatriate"
"BLD-101019","EMP001018","Ahmed Kapoor","Ahmed","Male","Nepali","1973-01-24","52","Single","Terminated","Permanent","Full Time","2017-10-10","2018-01-08","2025-10-04","End of Contract - Not Renewed by Employee","8","Baladna Q.P.S.C. (Qatar)","Commercial","Sales & Distribution","Commercial","Sales & Distribution - Section 1","CC-310","POS-01018","Associate - Sales & Distribution","Sales & Distribution","G4","Staff","BLD-100870","Kumar Thapa","Al Khor Site","Qatar","Al Khor","Expatriate"
"BLD-101020","EMP001019","Krishna Al-Marri","Krishna","Male","Indian","1969-06-17","55","Married","Terminated","Permanent","Full Time","2010-03-21","2010-06-19","2025-06-16","Resignation - Personal Reasons","15.2","Baladna Q.P.S.C. (Qatar)","Operations","Production","Operations","Production - Section 3","CC-956","POS-01019","Assistant - Production","Production","G1","Staff","BLD-100527","Arjun Kapoor","Doha Site","Qatar","Doha","Expatriate"
"BLD-101021","EMP001020","Rakesh Islam","Rakesh","Male","Sri Lankan","1973-10-03","52","Married","Active","Permanent","Full Time","2020-12-17","2021-03-17",,,"5","Baladna Q.P.S.C. (Qatar)","Commercial","Marketing","Commercial","Marketing - Section 1","CC-916","POS-01020","Assistant Manager - Marketing","Marketing","G11","Managerial","BLD-100171","Huda Abdullah","Al Khor Site","Qatar","Al Khor","Expatriate"
"BLD-101022","EMP001021","Ramesh Gurung","Ramesh","Male","Egyptian","1983-08-18","40","Married","Terminated","Permanent","Full Time","2021-03-12","2021-06-10","2023-10-19","Termination - Performance","2.6","Baladna Egypt","Operations","Quality Assurance & Food Safety","Operations","Quality Assurance & Food Safety - Section 2","CC-564","POS-01021","Coordinator - Quality Assurance & Food Safety","Quality Assurance & Food Safety","G1","Staff","BLD-100447","Pooja Mansour","10th of Ramadan City Site","Egypt","10th of Ramadan City","Local"
"BLD-101023","EMP001022","Khalid Devi","Khalid","Male","Indian","1977-08-09","48","Married","Active","Permanent","Full Time","2016-08-18","2016-11-16",,,"9.4","Baladna Q.P.S.C. (Qatar)","Supply Chain","Supply Chain & Logistics","Supply Chain","Supply Chain & Logistics - Section 1","CC-370","POS-01022","Technician - Supply Chain & Logistics","Supply Chain & Logistics","G2","Staff","BLD-100905","Sanjay El-Sayed","Doha Site","Qatar","Doha","Expatriate"
"BLD-101024","EMP001023","Amina Fernandes","Amina","Female","Qatari","1966-06-17","59","Married","Active","Permanent","Full Time","2013-10-09","2014-01-07",,,"12.2","Baladna Q.P.S.C. (Qatar)","Corporate","IT & Digital","Corporate","IT & Digital - Section 3","CC-289","POS-01023","Senior Technician - IT & Digital","IT & Digital","G7","Supervisory","BLD-100663","Salma Ibrahim","Doha Site","Qatar","Doha","Local"
"BLD-101025","EMP001024","Santosh Fernandes","Santosh","Male","Egyptian","1991-08-12","33","Other","Terminated","Permanent","Full Time","2017-03-14","2017-06-12","2024-12-23","End of Contract - Not Renewed by Employee","7.8","Baladna Egypt","Corporate","Finance","Corporate","Finance - Section 3","CC-502","POS-01024","Senior Technician - Finance","Finance","G9","Supervisory","BLD-100256","Vikram Abdullah","Cairo Site","Egypt","Cairo","Local"
"BLD-101026","EMP001025","Khalid Al-Marri","Khalid","Male","Nepali","1994-10-25","28","Married","Terminated","Permanent","Full Time","2015-08-16","2015-11-14","2023-03-05","Resignation - Relocation","7.6","Baladna Q.P.S.C. (Qatar)","Operations","R&D","Operations","R&D - Section 2","CC-118","POS-01025","Assistant - R&D","R&D","G1","Staff","BLD-100290","Bishnu Khan","Doha Site","Qatar","Doha","Expatriate"
"BLD-101027","EMP001026","Amina Devi","Amina","Female","Egyptian","1968-12-08","57","Married","Active","Permanent","Full Time","2021-08-23","2021-11-21",,,"4.4","Baladna Egypt","Corporate","Finance","Corporate","Finance - Section 1","CC-502","POS-01026","Operator - Finance","Finance","G1","Staff","BLD-100820","Manoj Abdullah","Cairo Site","Egypt","Cairo","Local"
"BLD-101028","EMP001027","Sara Hassan","Sara","Female","Indian","1984-12-13","41","Single","Active","Permanent","Full Time","2017-01-18","2017-04-18",,,"9","Baladna Q.P.S.C. (Qatar)","Corporate","People & Culture","Corporate","People & Culture - Section 1","CC-310","POS-01027","Specialist - People & Culture","People & Culture","G7","Supervisory","BLD-100746","Yasmin Youssef","Doha Site","Qatar","Doha","Expatriate"
"BLD-101029","EMP001028","Joy El-Sayed","Joy","Female","Indian","1988-10-05","34","Other","Terminated","Permanent","Full Time","2022-03-16","2022-06-14","2023-06-06","Resignation - Relocation","1.2","Baladna Q.P.S.C. (Qatar)","Commercial","Marketing","Commercial","Marketing - Section 2","CC-916","POS-01028","Operator - Marketing","Marketing","G4","Staff","BLD-101412","Hassan Pereira","Doha Site","Qatar","Doha","Expatriate"
"BLD-101030","EMP001029","Yasmin Mendoza","Yasmin","Female","Filipino","1981-10-16","44","Other","Active","Permanent","Part Time","2014-07-25","2014-10-23",,,"11.4","Baladna Q.P.S.C. (Qatar)","Operations","R&D","Operations","R&D - Section 1","CC-118","POS-01029","Senior Manager - R&D","R&D","G12","Managerial","BLD-100171","Huda Abdullah","Doha Site","Qatar","Doha","Expatriate"
"BLD-101031","EMP001030","Waleed Sharma","Waleed","Male","Egyptian","1978-06-18","47","Single","Active","Permanent","Full Time","2018-06-21","2018-09-19",,,"7.5","Baladna Egypt","Commercial","Sales & Distribution","Commercial","Sales & Distribution - Section 3","CC-310","POS-01030","Associate - Sales & Distribution","Sales & Distribution","G5","Staff","BLD-100917","Tariq Iqbal","Cairo Site","Egypt","Cairo","Local"
"BLD-101032","EMP001031","Tariq Pereira","Tariq","Male","Filipino","1986-04-03","39","Married","Active","Permanent","Full Time","2010-07-25","2010-10-23",,,"15.4","Baladna Q.P.S.C. (Qatar)","Supply Chain","Supply Chain & Logistics","Supply Chain","Supply Chain & Logistics - Section 1","CC-370","POS-01031","Operator - Supply Chain & Logistics","Supply Chain & Logistics","G5","Staff","BLD-100473","Bishnu Al-Marri","Al Khor Site","Qatar","Al Khor","Expatriate"
"BLD-101033","EMP001032","Hassan Cruz","Hassan","Male","Pakistani","1991-04-15","34","Married","Active","Permanent","Full Time","2022-07-02","2022-09-30",,,"3.5","Baladna Q.P.S.C. (Qatar)","Corporate","People & Culture","Corporate","People & Culture - Section 1","CC-310","POS-01032","Senior Technician - People & Culture","People & Culture","G8","Supervisory","BLD-100776","Dina Reyes","Al Khor Site","Qatar","Al Khor","Expatriate"
"BLD-101034","EMP001033","Manoj Baig","Manoj","Male","Indian","1956-08-12","67","Married","Terminated","Permanent","Full Time","2010-01-25","2010-04-25","2023-08-24","Resignation - Personal Reasons","13.6","Baladna Q.P.S.C. (Qatar)","Commercial","Sales & Distribution","Commercial","Sales & Distribution - Section 1","CC-310","POS-01033","Specialist - Sales & Distribution","Sales & Distribution","G6","Supervisory","BLD-101265","Suresh Hassan","Doha Site","Qatar","Doha","Expatriate"
"BLD-101035","EMP001034","Rakesh Sharma","Rakesh","Male","Egyptian","1976-08-14","47","Married","Terminated","Contract","Full Time","2018-07-24","2018-10-22","2024-03-29","Resignation - Personal Reasons","5.7","Baladna Egypt","Operations","Production","Operations","Production - Section 2","CC-956","POS-01034","Officer - Production","Production","G3","Staff","BLD-100269","Faisal Ibrahim","Cairo Site","Egypt","Cairo","Local"
"BLD-101036","EMP001035","Sara Abdullah","Sara","Female","Indian","1990-04-16","33","Married","Terminated","Permanent","Full Time","2011-11-15","2012-02-13","2023-04-21","End of Contract - Not Renewed by Employee","11.4","Baladna Q.P.S.C. (Qatar)","Corporate","Finance","Corporate","Finance - Section 2","CC-502","POS-01035","Assistant - Finance","Finance","G5","Staff","BLD-100192","Nadia Al-Marri","Al Khor Site","Qatar","Al Khor","Expatriate"
"BLD-101037","EMP001036","Waleed Mahmoud","Waleed","Male","Pakistani","1956-09-20","67","Married","Terminated","Permanent","Full Time","2010-08-29","2010-11-27","2023-10-22","Resignation - Personal Reasons","13.1","Baladna Q.P.S.C. (Qatar)","Corporate","People & Culture","Corporate","People & Culture - Section 1","CC-310","POS-01036","Officer - People & Culture","People & Culture","G1","Staff","BLD-100637","Noor Baig","Doha Site","Qatar","Doha","Expatriate"
"BLD-101038","EMP001037","Bikram Mendoza","Bikram","Male","Bangladeshi","2001-06-10","24","Married","Active","Permanent","Full Time","2021-07-07","2021-10-05",,,"4.5","Baladna Q.P.S.C. (Qatar)","Operations","Farm Operations","Operations","Farm Operations - Section 2","CC-662","POS-01037","Associate - Farm Operations","Farm Operations","G1","Staff","BLD-100175","Sanjay Kapoor","Doha Site","Qatar","Doha","Expatriate"
"BLD-101039","EMP001038","Deepak Abdullah","Deepak","Male","Indian","1975-07-06","50","Married","Active","Permanent","Full Time","2020-04-13","2020-07-12",,,"5.7","Baladna Q.P.S.C. (Qatar)","Corporate","Corporate & Executive Office","Corporate","Corporate & Executive Office - Section 2","CC-577","POS-01038","Senior Technician - Corporate & Executive Office","Corporate & Executive Office","G8","Supervisory","BLD-101018","Priya Farouk","Doha Site","Qatar","Doha","Expatriate"
"BLD-101040","EMP001039","Prakash Pereira","Prakash","Male","Egyptian","1972-12-20","53","Single","Active","Permanent","Full Time","2018-04-16","2018-07-15",,,"7.7","Baladna Egypt","Commercial","Sales & Distribution","Commercial","Sales & Distribution - Section 3","CC-310","POS-01039","Supervisor - Sales & Distribution","Sales & Distribution","G8","Supervisory","BLD-100583","Kumar El-Sayed","Cairo Site","Egypt","Cairo","Local"
"BLD-101041","EMP001040","Layla Reyes","Layla","Female","Egyptian","1973-11-06","52","Other","Active","Contract","Full Time","2012-10-10","2013-01-08",,,"13.2","Baladna Egypt","Corporate","People & Culture","Corporate","People & Culture - Section 2","CC-310","POS-01040","Team Lead - People & Culture","People & Culture","G9","Supervisory","BLD-101013","Juan Malik","10th of Ramadan City Site","Egypt","10th of Ramadan City","Local"
"BLD-101042","EMP001041","Faisal Mansour","Faisal","Male","Indian","1989-12-13","36","Married","Active","Permanent","Full Time","2013-01-09","2013-04-09",,,"13","Baladna Q.P.S.C. (Qatar)","Operations","Farm Operations","Operations","Farm Operations - Section 3","CC-662","POS-01041","Supervisor - Farm Operations","Farm Operations","G7","Supervisory","BLD-100055","Anil Fernandes","Al Khor Site","Qatar","Al Khor","Expatriate"
"BLD-101043","EMP001042","Khalid El-Sayed","Khalid","Male","Indian","1973-07-04","52","Married","Active","Permanent","Full Time","2019-02-26","2019-05-27",,,"6.8","Baladna Q.P.S.C. (Qatar)","Supply Chain","Procurement","Supply Chain","Procurement - Section 1","CC-637","POS-01042","Technician - Procurement","Procurement","G3","Staff","BLD-101074","Omar Iqbal","Doha Site","Qatar","Doha","Expatriate"
"BLD-101044","EMP001043","Sanjay Khan","Sanjay","Male","Filipino","1997-01-22","27","Single","Terminated","Permanent","Full Time","2019-10-05","2020-01-03","2024-07-28","Resignation - Relocation","4.8","Baladna Q.P.S.C. (Qatar)","Supply Chain","Procurement","Supply Chain","Procurement - Section 3","CC-637","POS-01043","Associate - Procurement","Procurement","G1","Staff","BLD-100083","Ali Al-Kuwari","Doha Site","Qatar","Doha","Expatriate"
"BLD-101045","EMP001044","Dalia Gurung","Dalia","Female","Nepali","1980-06-09","45","Married","Active","Permanent","Full Time","2017-08-29","2017-11-27",,,"8.3","Baladna Q.P.S.C. (Qatar)","Supply Chain","Procurement","Supply Chain","Procurement - Section 3","CC-637","POS-01044","Manager - Procurement","Procurement","G11","Managerial","BLD-100763","Mohamed Rai","Doha Site","Qatar","Doha","Expatriate"
"BLD-101046","EMP001045","Prakash El-Sayed","Prakash","Male","Filipino","1999-05-14","23","Married","Terminated","Temporary","Full Time","2019-09-23","2019-12-22","2023-01-25","End of Contract - Not Renewed by Employee","3.3","Baladna Q.P.S.C. (Qatar)","Supply Chain","Procurement","Supply Chain","Procurement - Section 2","CC-637","POS-01045","Associate - Procurement","Procurement","G1","Staff","BLD-100942","Sanjay Fernandes","Doha Site","Qatar","Doha","Expatriate"
"BLD-101047","EMP001046","Pooja Reyes","Pooja","Female","Indian","2001-12-03","22","Married","Terminated","Permanent","Full Time","2022-01-24","2022-04-24","2024-02-09","Contract Non-Renewal - Company Decision","2","Baladna Q.P.S.C. (Qatar)","Corporate","Finance","Corporate","Finance - Section 1","CC-502","POS-01046","Coordinator - Finance","Finance","G3","Staff","BLD-100358","Sara Sharma","Al Khor Site","Qatar","Al Khor","Expatriate"
"BLD-101048","EMP001047","Cherry Reyes","Cherry","Female","Egyptian","1968-03-12","57","Married","Active","Permanent","Full Time","2018-10-10","2019-01-08",,,"7.2","Baladna Egypt","Corporate","People & Culture","Corporate","People & Culture - Section 3","CC-310","POS-01047","Team Lead - People & Culture","People & Culture","G7","Supervisory","BLD-100271","Rajesh Baig","10th of Ramadan City Site","Egypt","10th of Ramadan City","Local"
"BLD-101049","EMP001048","Noor Reyes","Noor","Female","Indian","1999-03-24","26","Married","Active","Permanent","Full Time","2019-09-23","2019-12-22",,,"6.3","Baladna Q.P.S.C. (Qatar)","Corporate","IT & Digital","Corporate","IT & Digital - Section 2","CC-289","POS-01048","Technician - IT & Digital","IT & Digital","G2","Staff","BLD-101400","Omar Thapa","Al Khor Site","Qatar","Al Khor","Expatriate"
"BLD-101050","EMP001049","Faisal Fernandes","Faisal","Male","Pakistani","1981-01-16","42","Single","Terminated","Permanent","Full Time","2013-05-10","2013-08-08","2023-09-13","Resignation - Better Opportunity","10.3","Baladna Q.P.S.C. (Qatar)","Operations","R&D","Operations","R&D - Section 1","CC-118","POS-01049","Senior Officer - R&D","R&D","G7","Supervisory","BLD-100499","Kumar Iqbal","Al Khor Site","Qatar","Al Khor","Expatriate"
"BLD-101051","EMP001050","Reem Santos","Reem","Female","Sudanese","1988-10-12","37","Married","Active","Permanent","Full Time","2022-07-03","2022-10-01",,,"3.5","Baladna Q.P.S.C. (Qatar)","Supply Chain","Procurement","Supply Chain","Procurement - Section 1","CC-637","POS-01050","Associate - Procurement","Procurement","G1","Staff","BLD-100340","Rakesh Fernandes","Doha Site","Qatar","Doha","Expatriate"
"BLD-101052","EMP001051","Mohamed Mahmoud","Mohamed","Male","Egyptian","1987-03-24","38","Married","Active","Permanent","Part Time","2025-12-22","2026-03-22",,,"0","Baladna Egypt","Commercial","Sales & Distribution","Commercial","Sales & Distribution - Section 3","CC-310","POS-01051","Senior Technician - Sales & Distribution","Sales & Distribution","G8","Supervisory","BLD-100100","Tariq Islam","10th of Ramadan City Site","Egypt","10th of Ramadan City","Local"
"BLD-101053","EMP001052","Nadia Mendoza","Nadia","Female","Filipino","2001-04-10","24","Married","Active","Contract","Full Time","2024-02-14","2024-05-14",,,"1.9","Baladna Q.P.S.C. (Qatar)","Commercial","Marketing","Commercial","Marketing - Section 2","CC-916","POS-01052","Senior Manager - Marketing","Marketing","G11","Managerial","BLD-100171","Huda Abdullah","Doha Site","Qatar","Doha","Expatriate"
"BLD-101054","EMP001053","Salma Malik","Salma","Female","Sri Lankan","1976-09-20","48","Married","Terminated","Permanent","Full Time","2023-08-15","2023-11-13","2025-02-27","End of Contract - Not Renewed by Employee","1.5","Baladna Q.P.S.C. (Qatar)","Supply Chain","Supply Chain & Logistics","Supply Chain","Supply Chain & Logistics - Section 1","CC-370","POS-01053","Coordinator - Supply Chain & Logistics","Supply Chain & Logistics","G2","Staff","BLD-100093","Bishnu Iqbal","Doha Site","Qatar","Doha","Expatriate"
"BLD-101055","EMP001054","Waleed Abdullah","Waleed","Male","Nepali","1982-07-15","42","Single","Terminated","Permanent","Full Time","2024-01-26","2024-04-25","2025-07-08","Resignation - Better Opportunity","1.4","Baladna Q.P.S.C. (Qatar)","Operations","R&D","Operations","R&D - Section 1","CC-118","POS-01054","Associate - R&D","R&D","G4","Staff","BLD-100327","Arjun Santos","Doha Site","Qatar","Doha","Expatriate"
"BLD-101056","EMP001055","Nadia Kapoor","Nadia","Female","Indian","1970-03-13","55","Married","Active","Permanent","Full Time","2024-05-09","2024-08-07",,,"1.6","Baladna Q.P.S.C. (Qatar)","Operations","Quality Assurance & Food Safety","Operations","Quality Assurance & Food Safety - Section 2","CC-564","POS-01055","Associate - Quality Assurance & Food Safety","Quality Assurance & Food Safety","G4","Staff","BLD-100735","Juan Al-Marri","Doha Site","Qatar","Doha","Expatriate"
"BLD-101057","EMP001056","Rajesh Fernandes","Rajesh","Male","Egyptian","1984-09-03","41","Married","Active","Permanent","Full Time","2025-09-11","2025-12-10",,,"0.3","Baladna Egypt","Operations","Quality Assurance & Food Safety","Operations","Quality Assurance & Food Safety - Section 2","CC-564","POS-01056","Manager - Quality Assurance & Food Safety","Quality Assurance & Food Safety","G10","Managerial","BLD-101128","Rakesh Cruz","10th of Ramadan City Site","Egypt","10th of Ramadan City","Local"
"BLD-101058","EMP001057","Hari Youssef","Hari","Male","Filipino","1972-11-21","53","Married","Terminated","Permanent","Full Time","2023-07-09","2023-10-07","2025-11-23","End of Contract - Not Renewed by Employee","2.4","Baladna Q.P.S.C. (Qatar)","Supply Chain","Supply Chain & Logistics","Supply Chain","Supply Chain & Logistics - Section 2","CC-370","POS-01057","Technician - Supply Chain & Logistics","Supply Chain & Logistics","G5","Staff","BLD-100551","Prakash Reyes","Al Khor Site","Qatar","Al Khor","Expatriate"
"BLD-101059","EMP001058","Bikram Thapa","Bikram","Male","Egyptian","1987-10-02","38","Married","Active","Contract","Full Time","2025-11-05","2026-02-03",,,"0.2","Baladna Egypt","Supply Chain","Supply Chain & Logistics","Supply Chain","Supply Chain & Logistics - Section 2","CC-370","POS-01058","Assistant - Supply Chain & Logistics","Supply Chain & Logistics","G4","Staff","BLD-100729","Manoj Fernandes","Cairo Site","Egypt","Cairo","Local"
"BLD-101060","EMP001059","Vikram Devi","Vikram","Male","Pakistani","1976-09-25","49","Married","Active","Permanent","Full Time","2024-04-01","2024-06-30",,,"1.7","Baladna Q.P.S.C. (Qatar)","Operations","Farm Operations","Operations","Farm Operations - Section 3","CC-662","POS-01059","Assistant - Farm Operations","Farm Operations","G4","Staff","BLD-100979","Sanjay Ibrahim","Doha Site","Qatar","Doha","Expatriate"
"BLD-101061","EMP001060","Lubna Devi","Lubna","Female","Qatari","1971-01-26","54","Married","Terminated","Permanent","Full Time","2023-09-12","2023-12-11","2025-11-16","End of Contract - Not Renewed by Employee","2.2","Baladna Q.P.S.C. (Qatar)","Operations","R&D","Operations","R&D - Section 1","CC-118","POS-01060","Assistant - R&D","R&D","G3","Staff","BLD-100327","Arjun Santos","Al Khor Site","Qatar","Al Khor","Local"
"BLD-101062","EMP001061","Ravi Fernandes","Ravi","Male","Pakistani","1990-04-09","35","Single","Active","Contract","Full Time","2025-08-10","2025-11-08",,,"0.4","Baladna Q.P.S.C. (Qatar)","Operations","R&D","Operations","R&D - Section 3","CC-118","POS-01061","Senior Technician - R&D","R&D","G8","Supervisory","BLD-100490","Sameer Sharma","Al Khor Site","Qatar","Al Khor","Expatriate"
"BLD-101063","EMP001062","Grace Reyes","Grace","Female","Egyptian","1999-09-07","26","Single","Active","Permanent","Full Time","2024-04-14","2024-07-13",,,"1.7","Baladna Egypt","Corporate","Finance","Corporate","Finance - Section 1","CC-502","POS-01062","Senior Officer - Finance","Finance","G9","Supervisory","BLD-101270","Shobha Thapa","Cairo Site","Egypt","Cairo","Local"
"BLD-101064","EMP001063","Nadia Baig","Nadia","Female","Qatari","1983-02-18","41","Married","Terminated","Permanent","Full Time","2024-10-22","2025-01-20","2025-02-09","Resignation - Relocation","0.3","Baladna Q.P.S.C. (Qatar)","Commercial","Sales & Distribution","Commercial","Sales & Distribution - Section 3","CC-310","POS-01063","Specialist - Sales & Distribution","Sales & Distribution","G9","Supervisory","BLD-100981","Hassan Baig","Al Khor Site","Qatar","Al Khor","Local"
"BLD-101065","EMP001064","Mohamed Al-Sayed","Mohamed","Male","Indian","1997-11-02","28","Married","Active","Permanent","Full Time","2024-12-19","2025-03-19",,,"1","Baladna Q.P.S.C. (Qatar)","Corporate","Finance","Corporate","Finance - Section 3","CC-502","POS-01064","Senior Officer - Finance","Finance","G6","Supervisory","BLD-100600","Arjun Cruz","Al Khor Site","Qatar","Al Khor","Expatriate"
"BLD-101066","EMP001065","Kumar Mansour","Kumar","Male","Indian","1978-12-04","47","Married","Active","Permanent","Full Time","2023-10-22","2024-01-20",,,"2.2","Baladna Q.P.S.C. (Qatar)","Operations","Quality Assurance & Food Safety","Operations","Quality Assurance & Food Safety - Section 1","CC-564","POS-01065","Specialist - Quality Assurance & Food Safety","Quality Assurance & Food Safety","G8","Supervisory","BLD-100994","Omar Sharma","Doha Site","Qatar","Doha","Expatriate"
"BLD-101067","EMP001066","Sanjay Kapoor","Sanjay","Male","Nepali","1978-12-12","47","Single","Active","Permanent","Full Time","2024-11-06","2025-02-04",,,"1.1","Baladna Q.P.S.C. (Qatar)","Corporate","People & Culture","Corporate","People & Culture - Section 3","CC-310","POS-01066","Team Lead - People & Culture","People & Culture","G8","Supervisory","BLD-100545","Ravi Santos","Doha Site","Qatar","Doha","Expatriate"
"BLD-101068","EMP001067","Anil Baig","Anil","Male","Egyptian","1977-02-08","48","Married","Active","Permanent","Full Time","2025-09-15","2025-12-14",,,"0.3","Baladna Egypt","Corporate","People & Culture","Corporate","People & Culture - Section 1","CC-310","POS-01067","Technician - People & Culture","People & Culture","G1","Staff","BLD-101350","Omar Abdullah","Alexandria Site","Egypt","Alexandria","Local"
"BLD-101069","EMP001068","Dina Thapa","Dina","Female","Sudanese","1974-04-11","51","Single","Active","Permanent","Full Time","2025-01-16","2025-04-16",,,"1","Baladna Egypt","Operations","Production","Operations","Production - Section 3","CC-956","POS-01068","Specialist - Production","Production","G9","Supervisory","BLD-100613","Hassan Pereira","Cairo Site","Egypt","Cairo","Expatriate"
"BLD-101070","EMP001069","Vikram Pereira","Vikram","Male","Sri Lankan","1981-04-13","44","Married","Active","Permanent","Full Time","2025-08-22","2025-11-20",,,"0.4","Baladna Q.P.S.C. (Qatar)","Operations","Production","Operations","Production - Section 2","CC-956","POS-01069","Senior Manager - Production","Production","G11","Managerial","BLD-100824","Kumar Islam","Doha Site","Qatar","Doha","Expatriate"
"BLD-101071","EMP001070","Santosh Al-Kuwari","Santosh","Male","Jordanian","1978-01-25","47","Married","Terminated","Contract","Full Time","2024-09-01","2024-11-30","2025-06-06","Resignation - Relocation","0.8","Baladna Egypt","Commercial","Sales & Distribution","Commercial","Sales & Distribution - Section 1","CC-310","POS-01070","Officer - Sales & Distribution","Sales & Distribution","G1","Staff","BLD-101040","Prakash Pereira","Cairo Site","Egypt","Cairo","Expatriate"
"BLD-101072","EMP001071","Bishnu Al-Sayed","Bishnu","Male","Pakistani","1998-12-24","26","Single","Terminated","Permanent","Full Time","2024-07-10","2024-10-08","2025-10-03","Contract Non-Renewal - Company Decision","1.2","Baladna Q.P.S.C. (Qatar)","Corporate","IT & Digital","Corporate","IT & Digital - Section 2","CC-289","POS-01071","Assistant - IT & Digital","IT & Digital","G2","Staff","BLD-100646","Mona Khan","Doha Site","Qatar","Doha","Expatriate"
"BLD-101073","EMP001072","Maria Khan","Maria","Female","Indian","1976-07-01","49","Married","Active","Permanent","Full Time","2025-06-06","2025-09-04",,,"0.6","Baladna Q.P.S.C. (Qatar)","Commercial","Marketing","Commercial","Marketing - Section 2","CC-916","POS-01072","Supervisor - Marketing","Marketing","G6","Supervisory","BLD-100161","Tariq Kapoor","Doha Site","Qatar","Doha","Expatriate"
"BLD-101074","EMP001073","Omar Iqbal","Omar","Male","Jordanian","1969-09-13","56","Married","Active","Permanent","Full Time","2023-01-11","2023-04-11",,,"3","Baladna Q.P.S.C. (Qatar)","Supply Chain","Procurement","Supply Chain","Procurement - Section 3","CC-637","POS-01073","Senior Officer - Procurement","Procurement","G6","Supervisory","BLD-100626","Juan Santos","Doha Site","Qatar","Doha","Expatriate"
"BLD-101075","EMP001074","Sara Baig","Sara","Female","Egyptian","1975-02-11","50","Single","Active","Permanent","Full Time","2025-06-04","2025-09-02",,,"0.6","Baladna Egypt","Supply Chain","Supply Chain & Logistics","Supply Chain","Supply Chain & Logistics - Section 1","CC-370","POS-01074","Operator - Supply Chain & Logistics","Supply Chain & Logistics","G1","Staff","BLD-100729","Manoj Fernandes","Cairo Site","Egypt","Cairo","Local"
"BLD-101076","EMP001075","Mariam Farouk","Mariam","Female","Egyptian","1975-07-07","49","Single","Terminated","Permanent","Full Time","2024-03-16","2024-06-14","2024-11-27","Resignation - Relocation","0.7","Baladna Egypt","Corporate","People & Culture","Corporate","People & Culture - Section 3","CC-310","POS-01075","Associate - People & Culture","People & Culture","G1","Staff","BLD-100947","Manoj Fernandes","Cairo Site","Egypt","Cairo","Local"
"BLD-101077","EMP001076","Reem Al-Sayed","Reem","Female","Sri Lankan","1976-05-10","49","Married","Active","Contract","Full Time","2023-03-07","2023-06-05",,,"2.8","Baladna Q.P.S.C. (Qatar)","Corporate","People & Culture","Corporate","People & Culture - Section 2","CC-310","POS-01076","Associate - People & Culture","People & Culture","G2","Staff","BLD-100637","Noor Baig","Doha Site","Qatar","Doha","Expatriate"
"BLD-101078","EMP001077","Maria Malik","Maria","Female","Bangladeshi","1987-11-16","38","Single","Terminated","Permanent","Full Time","2024-01-12","2024-04-11","2025-12-20","Resignation - Relocation","1.9","Baladna Q.P.S.C. (Qatar)","Operations","R&D","Operations","R&D - Section 2","CC-118","POS-01077","Associate - R&D","R&D","G3","Staff","BLD-101122","Waleed Cruz","Doha Site","Qatar","Doha","Expatriate"
"BLD-101079","EMP001078","Sanjay Devi","Sanjay","Male","Sri Lankan","1990-03-02","35","Other","Active","Permanent","Full Time","2024-07-01","2024-09-29",,,"1.5","Baladna Q.P.S.C. (Qatar)","Operations","Quality Assurance & Food Safety","Operations","Quality Assurance & Food Safety - Section 3","CC-564","POS-01078","Senior Technician - Quality Assurance & Food Safety","Quality Assurance & Food Safety","G9","Supervisory","BLD-101369","Anil Gurung","Doha Site","Qatar","Doha","Expatriate"
"BLD-101080","EMP001079","Yasmin Chowdhury","Yasmin","Female","Indian","1975-02-23","49","Married","Terminated","Permanent","Full Time","2023-12-22","2024-03-21","2024-04-07","Contract Non-Renewal - Company Decision","0.3","Baladna Q.P.S.C. (Qatar)","Supply Chain","Supply Chain & Logistics","Supply Chain","Supply Chain & Logistics - Section 1","CC-370","POS-01079","Operator - Supply Chain & Logistics","Supply Chain & Logistics","G1","Staff","BLD-100905","Sanjay El-Sayed","Doha Site","Qatar","Doha","Expatriate"
"BLD-101081","EMP001080","Manoj Fernandes","Manoj","Male","Egyptian","2001-08-17","24","Married","Active","Temporary","Full Time","2023-09-15","2023-12-14",,,"2.3","Baladna Egypt","Operations","Production","Operations","Production - Section 2","CC-956","POS-01080","Assistant Manager - Production","Production","G10","Managerial","BLD-100155","Sameer Abdullah","Cairo Site","Egypt","Cairo","Local"
"BLD-101082","EMP001081","Suresh Mendoza","Suresh","Male","Pakistani","1985-02-15","40","Married","Active","Permanent","Full Time","2025-08-04","2025-11-02",,,"0.4","Baladna Q.P.S.C. (Qatar)","Commercial","Sales & Distribution","Commercial","Sales & Distribution - Section 3","CC-310","POS-01081","Coordinator - Sales & Distribution","Sales & Distribution","G2","Staff","BLD-101034","Manoj Baig","Al Khor Site","Qatar","Al Khor","Expatriate"
"BLD-101083","EMP001082","Fatima Devi","Fatima","Female","Egyptian","1985-03-15","40","Single","Active","Temporary","Full Time","2024-09-10","2024-12-09",,,"1.3","Baladna Egypt","Operations","Quality Assurance & Food Safety","Operations","Quality Assurance & Food Safety - Section 2","CC-564","POS-01082","Officer - Quality Assurance & Food Safety","Quality Assurance & Food Safety","G1","Staff","BLD-101123","Sameer Gurung","10th of Ramadan City Site","Egypt","10th of Ramadan City","Local"
"BLD-101084","EMP001083","Mohamed Baig","Mohamed","Male","Egyptian","1994-01-06","31","Single","Active","Permanent","Full Time","2023-04-17","2023-07-16",,,"2.7","Baladna Egypt","Operations","Production","Operations","Production - Section 3","CC-956","POS-01083","Manager - Production","Production","G10","Managerial","BLD-100109","Krishna Cruz","10th of Ramadan City Site","Egypt","10th of Ramadan City","Local"
"BLD-101085","EMP001084","Hari Chowdhury","Hari","Male","Filipino","2003-04-12","22","Married","Active","Permanent","Full Time","2025-10-20","2026-01-18",,,"0.2","Baladna Q.P.S.C. (Qatar)","Corporate","Corporate & Executive Office","Corporate","Corporate & Executive Office - Section 3","CC-577","POS-01084","Senior Officer - Corporate & Executive Office","Corporate & Executive Office","G9","Supervisory","BLD-101018","Priya Farouk","Doha Site","Qatar","Doha","Expatriate"
"BLD-101086","EMP001085","Nadia El-Sayed","Nadia","Female","Egyptian","1977-07-17","45","Married","Terminated","Permanent","Full Time","2023-05-01","2023-07-30","2023-05-18","Resignation - Better Opportunity","0","Baladna Egypt","Supply Chain","Supply Chain & Logistics","Supply Chain","Supply Chain & Logistics - Section 2","CC-370","POS-01085","Senior Technician - Supply Chain & Logistics","Supply Chain & Logistics","G9","Supervisory","BLD-100338","Sanjay Devi","10th of Ramadan City Site","Egypt","10th of Ramadan City","Local"
"BLD-101087","EMP001086","Mariam Rai","Mariam","Female","Nepali","1974-01-27","51","Single","Active","Permanent","Full Time","2024-10-04","2025-01-02",,,"1.2","Baladna Q.P.S.C. (Qatar)","Corporate","IT & Digital","Corporate","IT & Digital - Section 2","CC-289","POS-01086","Specialist - IT & Digital","IT & Digital","G6","Supervisory","BLD-100842","Anita Fernandes","Doha Site","Qatar","Doha","Expatriate"
"BLD-101088","EMP001087","Juan Reyes","Juan","Male","Pakistani","2002-10-10","22","Single","Terminated","Permanent","Full Time","2024-08-14","2024-11-12","2025-09-29","Resignation - Relocation","1.1","Baladna Q.P.S.C. (Qatar)","Supply Chain","Supply Chain & Logistics","Supply Chain","Supply Chain & Logistics - Section 2","CC-370","POS-01087","Associate - Supply Chain & Logistics","Supply Chain & Logistics","G1","Staff","BLD-100551","Prakash Reyes","Al Khor Site","Qatar","Al Khor","Expatriate"
"BLD-101089","EMP001088","Lubna Chowdhury","Lubna","Female","Qatari","1984-08-19","38","Married","Terminated","Permanent","Full Time","2023-01-11","2023-04-11","2023-07-22","End of Contract - Not Renewed by Employee","0.5","Baladna Q.P.S.C. (Qatar)","Commercial","Sales & Distribution","Commercial","Sales & Distribution - Section 1","CC-310","POS-01088","Coordinator - Sales & Distribution","Sales & Distribution","G2","Staff","BLD-100227","Bishnu Al-Marri","Al Rayyan Site","Qatar","Al Rayyan","Local"
"BLD-101090","EMP001089","Tariq Youssef","Tariq","Male","Indian","2002-11-24","23","Single","Active","Contract","Full Time","2025-05-09","2025-08-07",,,"0.6","Baladna Q.P.S.C. (Qatar)","Commercial","Sales & Distribution","Commercial","Sales & Distribution - Section 1","CC-310","POS-01089","Associate - Sales & Distribution","Sales & Distribution","G5","Staff","BLD-100935","Reem Youssef","Doha Site","Qatar","Doha","Expatriate"
"BLD-101091","EMP001090","Omar El-Sayed","Omar","Male","Egyptian","1970-12-01","55","Married","Active","Temporary","Full Time","2023-03-20","2023-06-18",,,"2.8","Baladna Egypt","Operations","Production","Operations","Production - Section 2","CC-956","POS-01090","Associate - Production","Production","G3","Staff","BLD-100291","Waleed Hassan","Alexandria Site","Egypt","Alexandria","Local"
"BLD-101092","EMP001091","Prakash Kapoor","Prakash","Male","Bangladeshi","1993-08-13","32","Single","Terminated","Permanent","Full Time","2023-02-08","2023-05-09","2025-08-17","Resignation - Better Opportunity","2.5","Baladna Q.P.S.C. (Qatar)","Supply Chain","Supply Chain & Logistics","Supply Chain","Supply Chain & Logistics - Section 2","CC-370","POS-01091","Senior Technician - Supply Chain & Logistics","Supply Chain & Logistics","G9","Supervisory","BLD-100930","Sanjay Rai","Doha Site","Qatar","Doha","Expatriate"
"BLD-101093","EMP001092","Reem Kapoor","Reem","Female","Indian","1983-10-15","39","Married","Terminated","Contract","Full Time","2023-01-13","2023-04-13","2023-06-04","Resignation - Better Opportunity","0.4","Baladna Q.P.S.C. (Qatar)","Corporate","People & Culture","Corporate","People & Culture - Section 3","CC-310","POS-01092","Vice President - People & Culture","People & Culture","G14","Executive","BLD-100001","Yousef Al-Attiyah","Doha Site","Qatar","Doha","Expatriate"
"BLD-101094","EMP001093","Santosh Abdullah","Santosh","Male","Filipino","1976-06-17","49","Married","Active","Permanent","Full Time","2023-11-01","2024-01-30",,,"2.2","Baladna Q.P.S.C. (Qatar)","Operations","Farm Operations","Operations","Farm Operations - Section 3","CC-662","POS-01093","Senior Technician - Farm Operations","Farm Operations","G8","Supervisory","BLD-100455","Faisal Santos","Doha Site","Qatar","Doha","Expatriate"
"BLD-101095","EMP001094","Rina Abdullah","Rina","Female","Egyptian","1993-08-16","31","Single","Terminated","Permanent","Full Time","2025-02-26","2025-05-27","2025-07-27","Contract Non-Renewal - Company Decision","0.4","Baladna Q.P.S.C. (Qatar)","Operations","Production","Operations","Production - Section 1","CC-956","POS-01094","Technician - Production","Production","G5","Staff","BLD-100627","Rakesh Youssef","Al Khor Site","Qatar","Al Khor","Expatriate"
"BLD-101096","EMP001095","Waleed Kapoor","Waleed","Male","Egyptian","1973-09-27","52","Other","Active","Permanent","Full Time","2025-09-01","2025-11-30",,,"0.3","Baladna Q.P.S.C. (Qatar)","Commercial","Marketing","Commercial","Marketing - Section 1","CC-916","POS-01095","Coordinator - Marketing","Marketing","G3","Staff","BLD-101482","Reem Ibrahim","Doha Site","Qatar","Doha","Expatriate"
"BLD-101097","EMP001096","Khalid Mahmoud","Khalid","Male","Egyptian","1972-01-26","52","Married","Terminated","Permanent","Full Time","2023-10-12","2024-01-10","2024-09-24","Resignation - Better Opportunity","1","Baladna Q.P.S.C. (Qatar)","Corporate","IT & Digital","Corporate","IT & Digital - Section 1","CC-289","POS-01096","Assistant - IT & Digital","IT & Digital","G1","Staff","BLD-100628","Rowena Ibrahim","Al Khor Site","Qatar","Al Khor","Expatriate"
"BLD-101098","EMP001097","Waleed Thapa","Waleed","Male","Bangladeshi","1973-09-23","52","Married","Active","Permanent","Full Time","2023-10-13","2024-01-11",,,"2.2","Baladna Q.P.S.C. (Qatar)","Commercial","Marketing","Commercial","Marketing - Section 1","CC-916","POS-01097","Coordinator - Marketing","Marketing","G2","Staff","BLD-101073","Maria Khan","Doha Site","Qatar","Doha","Expatriate"
"BLD-101099","EMP001098","Bishnu Islam","Bishnu","Male","Egyptian","1977-05-07","48","Other","Active","Permanent","Full Time","2025-01-01","2025-04-01",,,"1","Baladna Q.P.S.C. (Qatar)","Supply Chain","Supply Chain & Logistics","Supply Chain","Supply Chain & Logistics - Section 1","CC-370","POS-01098","Assistant - Supply Chain & Logistics","Supply Chain & Logistics","G1","Staff","BLD-100551","Prakash Reyes","Al Khor Site","Qatar","Al Khor","Expatriate"
"BLD-101100","EMP001099","Ravi Fernandes","Ravi","Male","Egyptian","1977-09-01","47","Married","Terminated","Permanent","Full Time","2024-10-10","2025-01-08","2025-08-14","Resignation - Relocation","0.8","Baladna Egypt","Commercial","Sales & Distribution","Commercial","Sales & Distribution - Section 1","CC-310","POS-01099","Associate - Sales & Distribution","Sales & Distribution","G4","Staff","BLD-100257","Rajesh Abdullah","Cairo Site","Egypt","Cairo","Local"
"BLD-101101","EMP001100","Rina Youssef","Rina","Female","Pakistani","1987-06-08","38","Married","Active","Permanent","Full Time","2024-03-01","2024-05-30",,,"1.8","Baladna Q.P.S.C. (Qatar)","Corporate","People & Culture","Corporate","People & Culture - Section 3","CC-310","POS-01100","Coordinator - People & Culture","People & Culture","G1","Staff","BLD-100637","Noor Baig","Al Khor Site","Qatar","Al Khor","Expatriate"
"BLD-101102","EMP001101","Bishnu Farouk","Bishnu","Male","Indian","1988-03-12","36","Single","Terminated","Permanent","Full Time","2023-07-17","2023-10-15","2024-08-03","End of Contract - Not Renewed by Employee","1","Baladna Q.P.S.C. (Qatar)","Supply Chain","Supply Chain & Logistics","Supply Chain","Supply Chain & Logistics - Section 3","CC-370","POS-01101","Coordinator - Supply Chain & Logistics","Supply Chain & Logistics","G1","Staff","BLD-100093","Bishnu Iqbal","Al Khor Site","Qatar","Al Khor","Expatriate"
"BLD-101103","EMP001102","Hind Santos","Hind","Female","Jordanian","1992-09-19","33","Married","Active","Permanent","Full Time","2024-08-13","2024-11-11",,,"1.4","Baladna Q.P.S.C. (Qatar)","Corporate","IT & Digital","Corporate","IT & Digital - Section 3","CC-289","POS-01102","Officer - IT & Digital","IT & Digital","G4","Staff","BLD-100335","Ali Islam","Doha Site","Qatar","Doha","Expatriate"
"BLD-101104","EMP001103","Juan Gurung","Juan","Male","Egyptian","1985-03-06","40","Married","Active","Permanent","Full Time","2023-07-03","2023-10-01",,,"2.5","Baladna Egypt","Corporate","People & Culture","Corporate","People & Culture - Section 2","CC-310","POS-01103","Senior Technician - People & Culture","People & Culture","G6","Supervisory","BLD-101013","Juan Malik","Cairo Site","Egypt","Cairo","Local"
"BLD-101105","EMP001104","Fatima Malik","Fatima","Female","Egyptian","1982-01-17","43","Married","Active","Permanent","Full Time","2023-11-04","2024-02-02",,,"2.2","Baladna Egypt","Corporate","People & Culture","Corporate","People & Culture - Section 1","CC-310","POS-01104","Assistant Manager - People & Culture","People & Culture","G10","Managerial","BLD-101292","Noor Al-Sayed","10th of Ramadan City Site","Egypt","10th of Ramadan City","Local"
"BLD-101106","EMP001105","Mariam Rai","Mariam","Female","Qatari","2004-12-24","20","Single","Terminated","Permanent","Part Time","2024-10-21","2025-01-19","2025-05-28","Resignation - Better Opportunity","0.6","Baladna Q.P.S.C. (Qatar)","Corporate","Finance","Corporate","Finance - Section 2","CC-502","POS-01105","Operator - Finance","Finance","G4","Staff","BLD-101065","Mohamed Al-Sayed","Al Khor Site","Qatar","Al Khor","Local"
"BLD-101107","EMP001106","Lubna Pereira","Lubna","Female","Indian","1988-12-15","35","Single","Terminated","Permanent","Full Time","2024-02-20","2024-05-20","2024-08-01","Termination - Disciplinary","0.4","Baladna Q.P.S.C. (Qatar)","Corporate","IT & Digital","Corporate","IT & Digital - Section 1","CC-289","POS-01106","Assistant - IT & Digital","IT & Digital","G1","Staff","BLD-101403","Ahmed Santos","Doha Site","Qatar","Doha","Expatriate"
"BLD-101108","EMP001107","Mohamed Kapoor","Mohamed","Male","Egyptian","1986-03-21","39","Single","Active","Permanent","Full Time","2025-05-11","2025-08-09",,,"0.6","Baladna Q.P.S.C. (Qatar)","Operations","Farm Operations","Operations","Farm Operations - Section 2","CC-662","POS-01107","Specialist - Farm Operations","Farm Operations","G7","Supervisory","BLD-100331","Ahmed Cruz","Doha Site","Qatar","Doha","Expatriate"
"BLD-101109","EMP001108","Santosh Malik","Santosh","Male","Sri Lankan","1999-06-25","26","Other","Active","Permanent","Full Time","2025-09-19","2025-12-18",,,"0.3","Baladna Q.P.S.C. (Qatar)","Supply Chain","Procurement","Supply Chain","Procurement - Section 3","CC-637","POS-01108","Supervisor - Procurement","Procurement","G9","Supervisory","BLD-101231","Arjun Khan","Al Rayyan Site","Qatar","Al Rayyan","Expatriate"
"BLD-101110","EMP001109","Bishnu Ibrahim","Bishnu","Male","Indian","2005-06-26","20","Single","Active","Permanent","Full Time","2025-09-08","2025-12-07",,,"0.3","Baladna Q.P.S.C. (Qatar)","Corporate","Corporate & Executive Office","Corporate","Corporate & Executive Office - Section 1","CC-577","POS-01109","Coordinator - Corporate & Executive Office","Corporate & Executive Office","G5","Staff","BLD-100206","Rakesh Sharma","Al Khor Site","Qatar","Al Khor","Expatriate"
"BLD-101111","EMP001110","Hassan Pereira","Hassan","Male","Nepali","1980-04-06","45","Single","Active","Permanent","Full Time","2025-07-06","2025-10-04",,,"0.5","Baladna Q.P.S.C. (Qatar)","Operations","Farm Operations","Operations","Farm Operations - Section 2","CC-662","POS-01110","Technician - Farm Operations","Farm Operations","G1","Staff","BLD-101108","Mohamed Kapoor","Doha Site","Qatar","Doha","Expatriate"
"BLD-101112","EMP001111","Rina Fernandes","Rina","Female","Nepali","1999-07-05","26","Married","Active","Permanent","Full Time","2024-06-13","2024-09-11",,,"1.5","Baladna Q.P.S.C. (Qatar)","Commercial","Sales & Distribution","Commercial","Sales & Distribution - Section 2","CC-310","POS-01111","Specialist - Sales & Distribution","Sales & Distribution","G6","Supervisory","BLD-101265","Suresh Hassan","Al Khor Site","Qatar","Al Khor","Expatriate"
"BLD-101113","EMP001112","Ahmed Thapa","Ahmed","Male","Sudanese","1971-01-10","54","Married","Terminated","Permanent","Full Time","2023-10-08","2024-01-06","2025-08-27","Termination - Performance","1.9","Baladna Q.P.S.C. (Qatar)","Operations","Quality Assurance & Food Safety","Operations","Quality Assurance & Food Safety - Section 2","CC-564","POS-01112","Associate - Quality Assurance & Food Safety","Quality Assurance & Food Safety","G4","Staff","BLD-101337","Sameer Hassan","Doha Site","Qatar","Doha","Expatriate"
"BLD-101114","EMP001113","Maria Thapa","Maria","Female","Filipino","1992-09-23","32","Married","Terminated","Permanent","Full Time","2024-03-09","2024-06-07","2025-06-28","Resignation - Relocation","1.3","Baladna Q.P.S.C. (Qatar)","Supply Chain","Procurement","Supply Chain","Procurement - Section 1","CC-637","POS-01113","Officer - Procurement","Procurement","G5","Staff","BLD-100925","Mohamed Chowdhury","Al Rayyan Site","Qatar","Al Rayyan","Expatriate"
"BLD-101115","EMP001114","Krishna Youssef","Krishna","Male","Egyptian","1999-05-26","26","Other","Active","Permanent","Full Time","2024-03-08","2024-06-06",,,"1.8","Baladna Egypt","Supply Chain","Supply Chain & Logistics","Supply Chain","Supply Chain & Logistics - Section 1","CC-370","POS-01114","Supervisor - Supply Chain & Logistics","Supply Chain & Logistics","G8","Supervisory","BLD-100338","Sanjay Devi","Cairo Site","Egypt","Cairo","Local"
"BLD-101116","EMP001115","Grace Mahmoud","Grace","Female","Jordanian","1995-06-26","30","Married","Active","Permanent","Full Time","2025-02-16","2025-05-17",,,"0.9","Baladna Q.P.S.C. (Qatar)","Operations","R&D","Operations","R&D - Section 2","CC-118","POS-01115","Technician - R&D","R&D","G5","Staff","BLD-101122","Waleed Cruz","Al Khor Site","Qatar","Al Khor","Expatriate"
"BLD-101117","EMP001116","Tariq Abdullah","Tariq","Male","Jordanian","1994-03-11","31","Married","Active","Permanent","Full Time","2025-03-10","2025-06-08",,,"0.8","Baladna Q.P.S.C. (Qatar)","Commercial","Sales & Distribution","Commercial","Sales & Distribution - Section 2","CC-310","POS-01116","Coordinator - Sales & Distribution","Sales & Distribution","G1","Staff","BLD-101399","Anil Al-Kuwari","Doha Site","Qatar","Doha","Expatriate"
"BLD-101118","EMP001117","Omar Cruz","Omar","Male","Nepali","1994-11-22","30","Other","Terminated","Permanent","Full Time","2024-03-24","2024-06-22","2025-04-08","Termination - Performance","1","Baladna Q.P.S.C. (Qatar)","Supply Chain","Procurement","Supply Chain","Procurement - Section 3","CC-637","POS-01117","Operator - Procurement","Procurement","G3","Staff","BLD-100779","Bikram Al-Kuwari","Al Khor Site","Qatar","Al Khor","Expatriate"
"BLD-101119","EMP001118","Ravi Sharma","Ravi","Male","Jordanian","1977-05-16","48","Married","Terminated","Permanent","Full Time","2023-04-24","2023-07-23","2025-12-30","End of Contract - Not Renewed by Employee","2.7","Baladna Q.P.S.C. (Qatar)","Supply Chain","Procurement","Supply Chain","Procurement - Section 3","CC-637","POS-01118","Coordinator - Procurement","Procurement","G1","Staff","BLD-100397","Ahmed Rai","Doha Site","Qatar","Doha","Expatriate"
"BLD-101120","EMP001119","Hind Youssef","Hind","Female","Egyptian","1978-05-17","47","Single","Active","Permanent","Full Time","2025-11-17","2026-02-15",,,"0.1","Baladna Q.P.S.C. (Qatar)","Commercial","Marketing","Commercial","Marketing - Section 2","CC-916","POS-01119","Assistant - Marketing","Marketing","G2","Staff","BLD-100013","Aisha Iqbal","Al Khor Site","Qatar","Al Khor","Expatriate"
"BLD-101121","EMP001120","Arjun Khan","Arjun","Male","Indian","1981-12-23","42","Single","Terminated","Permanent","Full Time","2023-06-25","2023-09-23","2024-01-19","Termination - Redundancy","0.6","Baladna Q.P.S.C. (Qatar)","Operations","Quality Assurance & Food Safety","Operations","Quality Assurance & Food Safety - Section 2","CC-564","POS-01120","Technician - Quality Assurance & Food Safety","Quality Assurance & Food Safety","G1","Staff","BLD-101066","Kumar Mansour","Al Khor Site","Qatar","Al Khor","Expatriate"
"BLD-101122","EMP001121","Waleed Cruz","Waleed","Male","Filipino","1980-03-19","45","Single","Terminated","Permanent","Full Time","2025-04-05","2025-07-04","2025-10-25","Resignation - Personal Reasons","0.6","Baladna Q.P.S.C. (Qatar)","Operations","R&D","Operations","R&D - Section 3","CC-118","POS-01121","Specialist - R&D","R&D","G6","Supervisory","BLD-100268","Ravi Al-Sayed","Doha Site","Qatar","Doha","Expatriate"
"BLD-101123","EMP001122","Sameer Gurung","Sameer","Male","Egyptian","1972-09-25","51","Single","Terminated","Permanent","Full Time","2023-07-23","2023-10-21","2024-08-15","End of Contract - Not Renewed by Employee","1.1","Baladna Egypt","Operations","Quality Assurance & Food Safety","Operations","Quality Assurance & Food Safety - Section 2","CC-564","POS-01122","Team Lead - Quality Assurance & Food Safety","Quality Assurance & Food Safety","G8","Supervisory","BLD-101220","Aisha Malik","Cairo Site","Egypt","Cairo","Local"
"BLD-101124","EMP001123","Nadia Iqbal","Nadia","Female","Filipino","2004-05-20","21","Married","Active","Temporary","Full Time","2024-04-25","2024-07-24",,,"1.7","Baladna Q.P.S.C. (Qatar)","Commercial","Marketing","Commercial","Marketing - Section 3","CC-916","POS-01123","Senior Officer - Marketing","Marketing","G7","Supervisory","BLD-100505","Rajesh Malik","Doha Site","Qatar","Doha","Expatriate"
"BLD-101125","EMP001124","Faisal Iqbal","Faisal","Male","Sudanese","2003-02-17","22","Married","Active","Permanent","Full Time","2023-09-26","2023-12-25",,,"2.3","Baladna Q.P.S.C. (Qatar)","Supply Chain","Procurement","Supply Chain","Procurement - Section 3","CC-637","POS-01124","Senior Officer - Procurement","Procurement","G8","Supervisory","BLD-100715","Jose Fernandes","Doha Site","Qatar","Doha","Expatriate"
"BLD-101126","EMP001125","Anil Kapoor","Anil","Male","Nepali","1981-06-05","44","Married","Active","Permanent","Full Time","2024-05-23","2024-08-21",,,"1.6","Baladna Q.P.S.C. (Qatar)","Commercial","Marketing","Commercial","Marketing - Section 1","CC-916","POS-01125","Senior Manager - Marketing","Marketing","G11","Managerial","BLD-100171","Huda Abdullah","Al Khor Site","Qatar","Al Khor","Expatriate"
"BLD-101127","EMP001126","Anita Thapa","Anita","Female","Egyptian","1978-12-15","47","Single","Active","Permanent","Full Time","2024-01-12","2024-04-11",,,"2","Baladna Egypt","Corporate","Finance","Corporate","Finance - Section 2","CC-502","POS-01126","Operator - Finance","Finance","G3","Staff","BLD-101063","Grace Reyes","Cairo Site","Egypt","Cairo","Local"
"BLD-101128","EMP001127","Rakesh Cruz","Rakesh","Male","Egyptian","1994-09-26","31","Married","Active","Permanent","Full Time","2024-03-20","2024-06-18",,,"1.8","Baladna Egypt","Operations","Quality Assurance & Food Safety","Operations","Quality Assurance & Food Safety - Section 2","CC-564","POS-01127","Chief Officer - Quality Assurance & Food Safety","Quality Assurance & Food Safety","G13","Executive","BLD-100001","Yousef Al-Attiyah","10th of Ramadan City Site","Egypt","10th of Ramadan City","Local"
"BLD-101129","EMP001128","Reem El-Sayed","Reem","Female","Egyptian","1995-06-24","30","Married","Active","Contract","Full Time","2024-09-25","2024-12-24",,,"1.3","Baladna Egypt","Commercial","Sales & Distribution","Commercial","Sales & Distribution - Section 1","CC-310","POS-01128","Team Lead - Sales & Distribution","Sales & Distribution","G6","Supervisory","BLD-100583","Kumar El-Sayed","Cairo Site","Egypt","Cairo","Local"
"BLD-101130","EMP001129","Ravi Pereira","Ravi","Male","Egyptian","1981-11-24","44","Single","Active","Permanent","Full Time","2025-07-26","2025-10-24",,,"0.4","Baladna Egypt","Operations","Quality Assurance & Food Safety","Operations","Quality Assurance & Food Safety - Section 1","CC-564","POS-01129","Operator - Quality Assurance & Food Safety","Quality Assurance & Food Safety","G2","Staff","BLD-101507","Khalid Al-Marri","10th of Ramadan City Site","Egypt","10th of Ramadan City","Local"
"BLD-101131","EMP001130","Grace Mansour","Grace","Female","Egyptian","1974-08-21","51","Married","Active","Permanent","Full Time","2024-08-03","2024-11-01",,,"1.4","Baladna Egypt","Corporate","Finance","Corporate","Finance - Section 3","CC-502","POS-01130","Officer - Finance","Finance","G3","Staff","BLD-101063","Grace Reyes","Cairo Site","Egypt","Cairo","Local"
"BLD-101132","EMP001131","Hassan Baig","Hassan","Male","Nepali","1984-10-12","40","Married","Terminated","Contract","Full Time","2024-01-22","2024-04-21","2025-03-14","Resignation - Better Opportunity","1.1","Baladna Q.P.S.C. (Qatar)","Operations","Farm Operations","Operations","Farm Operations - Section 3","CC-662","POS-01131","Assistant - Farm Operations","Farm Operations","G5","Staff","BLD-100557","Hari Cruz","Al Rayyan Site","Qatar","Al Rayyan","Expatriate"
"BLD-101133","EMP001132","Rowena Fernandes","Rowena","Female","Egyptian","1987-12-03","38","Married","Active","Permanent","Full Time","2025-03-08","2025-06-06",,,"0.8","Baladna Egypt","Corporate","Finance","Corporate","Finance - Section 1","CC-502","POS-01132","Manager - Finance","Finance","G10","Managerial","BLD-100036","Waleed Gurung","Cairo Site","Egypt","Cairo","Local"
"BLD-101134","EMP001133","Huda Sharma","Huda","Female","Indian","2002-03-07","21","Married","Terminated","Contract","Full Time","2023-07-06","2023-10-04","2024-01-30","Contract Non-Renewal - Company Decision","0.6","Baladna Q.P.S.C. (Qatar)","Corporate","People & Culture","Corporate","People & Culture - Section 1","CC-310","POS-01133","Technician - People & Culture","People & Culture","G1","Staff","BLD-100637","Noor Baig","Al Rayyan Site","Qatar","Al Rayyan","Expatriate"
"BLD-101135","EMP001134","Lubna Hassan","Lubna","Female","Pakistani","1992-06-13","33","Married","Active","Permanent","Full Time","2025-02-20","2025-05-21",,,"0.9","Baladna Q.P.S.C. (Qatar)","Operations","R&D","Operations","R&D - Section 3","CC-118","POS-01134","Associate - R&D","R&D","G3","Staff","BLD-101494","Manoj Santos","Doha Site","Qatar","Doha","Expatriate"
"BLD-101136","EMP001135","Deepak Mahmoud","Deepak","Male","Indian","1978-05-24","47","Married","Active","Permanent","Full Time","2025-08-21","2025-11-19",,,"0.4","Baladna Q.P.S.C. (Qatar)","Corporate","Corporate & Executive Office","Corporate","Corporate & Executive Office - Section 2","CC-577","POS-01135","Senior Manager - Corporate & Executive Office","Corporate & Executive Office","G10","Managerial","BLD-100861","Pooja Chowdhury","Al Rayyan Site","Qatar","Al Rayyan","Expatriate"
"BLD-101137","EMP001136","Arjun Devi","Arjun","Male","Egyptian","1996-12-18","29","Single","Active","Permanent","Full Time","2023-07-04","2023-10-02",,,"2.5","Baladna Egypt","Operations","Production","Operations","Production - Section 3","CC-956","POS-01136","Technician - Production","Production","G3","Staff","BLD-100363","Kavita Chowdhury","Cairo Site","Egypt","Cairo","Local"
"BLD-101138","EMP001137","Manoj Ibrahim","Manoj","Male","Nepali","2000-07-01","25","Married","Active","Permanent","Full Time","2023-03-07","2023-06-05",,,"2.8","Baladna Q.P.S.C. (Qatar)","Operations","Farm Operations","Operations","Farm Operations - Section 2","CC-662","POS-01137","Supervisor - Farm Operations","Farm Operations","G7","Supervisory","BLD-100455","Faisal Santos","Doha Site","Qatar","Doha","Expatriate"
"BLD-101139","EMP001138","Rania Youssef","Rania","Female","Nepali","1992-06-18","33","Married","Active","Contract","Full Time","2023-02-16","2023-05-17",,,"2.9","Baladna Q.P.S.C. (Qatar)","Corporate","People & Culture","Corporate","People & Culture - Section 3","CC-310","POS-01138","Associate - People & Culture","People & Culture","G4","Staff","BLD-101067","Sanjay Kapoor","Doha Site","Qatar","Doha","Expatriate"
"BLD-101140","EMP001139","Rakesh El-Sayed","Rakesh","Male","Nepali","1998-09-13","27","Married","Active","Permanent","Full Time","2025-11-27","2026-02-25",,,"0.1","Baladna Q.P.S.C. (Qatar)","Corporate","IT & Digital","Corporate","IT & Digital - Section 2","CC-289","POS-01139","Associate - IT & Digital","IT & Digital","G3","Staff","BLD-100134","Arjun Mendoza","Doha Site","Qatar","Doha","Expatriate"
"BLD-101141","EMP001140","Pooja Thapa","Pooja","Female","Egyptian","1971-10-25","54","Married","Active","Permanent","Full Time","2023-01-21","2023-04-21",,,"2.9","Baladna Egypt","Operations","Quality Assurance & Food Safety","Operations","Quality Assurance & Food Safety - Section 2","CC-564","POS-01140","Supervisor - Quality Assurance & Food Safety","Quality Assurance & Food Safety","G8","Supervisory","BLD-101448","Nadia Youssef","10th of Ramadan City Site","Egypt","10th of Ramadan City","Local"
"BLD-101142","EMP001141","Juan Farouk","Juan","Male","Nepali","1970-12-26","53","Single","Terminated","Permanent","Full Time","2023-07-01","2023-09-29","2024-02-06","End of Contract - Not Renewed by Employee","0.6","Baladna Q.P.S.C. (Qatar)","Supply Chain","Procurement","Supply Chain","Procurement - Section 3","CC-637","POS-01141","Associate - Procurement","Procurement","G5","Staff","BLD-100894","Yasmin Iqbal","Doha Site","Qatar","Doha","Expatriate"
"BLD-101143","EMP001142","Noor Abdullah","Noor","Female","Nepali","2003-03-01","22","Single","Active","Permanent","Full Time","2025-04-03","2025-07-02",,,"0.7","Baladna Q.P.S.C. (Qatar)","Corporate","Corporate & Executive Office","Corporate","Corporate & Executive Office - Section 3","CC-577","POS-01142","Manager - Corporate & Executive Office","Corporate & Executive Office","G11","Managerial","BLD-100861","Pooja Chowdhury","Doha Site","Qatar","Doha","Expatriate"
"BLD-101144","EMP001143","Dina Baig","Dina","Female","Pakistani","2002-06-05","23","Single","Active","Permanent","Full Time","2025-08-08","2025-11-06",,,"0.4","Baladna Q.P.S.C. (Qatar)","Operations","Quality Assurance & Food Safety","Operations","Quality Assurance & Food Safety - Section 3","CC-564","POS-01143","Coordinator - Quality Assurance & Food Safety","Quality Assurance & Food Safety","G1","Staff","BLD-100797","Rajesh Farouk","Doha Site","Qatar","Doha","Expatriate"
"BLD-101145","EMP001144","Nadia Baig","Nadia","Female","Pakistani","2003-06-12","22","Single","Active","Permanent","Full Time","2023-10-03","2024-01-01",,,"2.2","Baladna Q.P.S.C. (Qatar)","Commercial","Marketing","Commercial","Marketing - Section 2","CC-916","POS-01144","Operator - Marketing","Marketing","G3","Staff","BLD-100692","Ahmed Kapoor","Al Khor Site","Qatar","Al Khor","Expatriate"
"BLD-101146","EMP001145","Khalid Abdullah","Khalid","Male","Indian","1997-07-26","28","Married","Active","Permanent","Full Time","2025-03-19","2025-06-17",,,"0.8","Baladna Q.P.S.C. (Qatar)","Operations","Engineering & Maintenance","Operations","Engineering & Maintenance - Section 2","CC-178","POS-01145","Officer - Engineering & Maintenance","Engineering & Maintenance","G3","Staff","BLD-100215","Vikram Abdullah","Doha Site","Qatar","Doha","Expatriate"
"BLD-101147","EMP001146","Deepak Gurung","Deepak","Male","Pakistani","1999-05-11","26","Single","Active","Permanent","Full Time","2024-09-13","2024-12-12",,,"1.3","Baladna Q.P.S.C. (Qatar)","Corporate","IT & Digital","Corporate","IT & Digital - Section 1","CC-289","POS-01146","Head of Department - IT & Digital","IT & Digital","G13","Executive","BLD-100001","Yousef Al-Attiyah","Doha Site","Qatar","Doha","Expatriate"
"BLD-101148","EMP001147","Krishna Al-Sayed","Krishna","Male","Filipino","1974-11-10","51","Married","Active","Contract","Full Time","2023-04-10","2023-07-09",,,"2.7","Baladna Q.P.S.C. (Qatar)","Corporate","Corporate & Executive Office","Corporate","Corporate & Executive Office - Section 2","CC-577","POS-01147","Team Lead - Corporate & Executive Office","Corporate & Executive Office","G9","Supervisory","BLD-101143","Noor Abdullah","Al Khor Site","Qatar","Al Khor","Expatriate"
"BLD-101149","EMP001148","Noor Sharma","Noor","Female","Filipino","1984-03-08","41","Married","Active","Permanent","Full Time","2025-03-10","2025-06-08",,,"0.8","Baladna Q.P.S.C. (Qatar)","Corporate","People & Culture","Corporate","People & Culture - Section 2","CC-310","POS-01148","Senior Officer - People & Culture","People & Culture","G8","Supervisory","BLD-101401","Tariq Khan","Doha Site","Qatar","Doha","Expatriate"
"BLD-101150","EMP001149","Ravi Devi","Ravi","Male","Nepali","1991-10-17","34","Married","Active","Permanent","Full Time","2023-01-12","2023-04-12",,,"3","Baladna Q.P.S.C. (Qatar)","Corporate","IT & Digital","Corporate","IT & Digital - Section 1","CC-289","POS-01149","Manager - IT & Digital","IT & Digital","G10","Managerial","BLD-101147","Deepak Gurung","Al Rayyan Site","Qatar","Al Rayyan","Expatriate"
"BLD-101151","EMP001150","Sunita Al-Marri","Sunita","Female","Egyptian","1988-01-10","37","Married","Active","Permanent","Full Time","2025-04-03","2025-07-02",,,"0.7","Baladna Egypt","Corporate","Finance","Corporate","Finance - Section 1","CC-502","POS-01150","Senior Technician - Finance","Finance","G9","Supervisory","BLD-100607","Omar Santos","Cairo Site","Egypt","Cairo","Local"
"BLD-101152","EMP001151","Bishnu Ibrahim","Bishnu","Male","Sri Lankan","1990-01-12","35","Single","Active","Permanent","Full Time","2024-09-18","2024-12-17",,,"1.3","Baladna Q.P.S.C. (Qatar)","Operations","Production","Operations","Production - Section 3","CC-956","POS-01151","Operator - Production","Production","G4","Staff","BLD-100862","Omar Gurung","Doha Site","Qatar","Doha","Expatriate"
"BLD-101153","EMP001152","Krishna Santos","Krishna","Male","Qatari","1997-05-27","28","Married","Active","Permanent","Full Time","2024-02-02","2024-05-02",,,"1.9","Baladna Q.P.S.C. (Qatar)","Corporate","People & Culture","Corporate","People & Culture - Section 3","CC-310","POS-01152","Specialist - People & Culture","People & Culture","G7","Supervisory","BLD-101401","Tariq Khan","Doha Site","Qatar","Doha","Local"
"BLD-101154","EMP001153","Ali Ibrahim","Ali","Male","Egyptian","1987-10-15","38","Single","Active","Permanent","Full Time","2025-02-04","2025-05-05",,,"0.9","Baladna Q.P.S.C. (Qatar)","Operations","Production","Operations","Production - Section 3","CC-956","POS-01153","Senior Manager - Production","Production","G11","Managerial","BLD-100700","Prakash Mendoza","Al Khor Site","Qatar","Al Khor","Expatriate"
"BLD-101155","EMP001154","Bishnu Chowdhury","Bishnu","Male","Sri Lankan","2004-11-06","20","Married","Terminated","Permanent","Full Time","2025-06-10","2025-09-08","2025-08-03","Termination - Disciplinary","0.1","Baladna Q.P.S.C. (Qatar)","Supply Chain","Supply Chain & Logistics","Supply Chain","Supply Chain & Logistics - Section 2","CC-370","POS-01154","Technician - Supply Chain & Logistics","Supply Chain & Logistics","G1","Staff","BLD-100551","Prakash Reyes","Doha Site","Qatar","Doha","Expatriate"
"BLD-101156","EMP001155","Bikram Kapoor","Bikram","Male","Pakistani","1996-01-09","29","Married","Active","Permanent","Full Time","2025-01-16","2025-04-16",,,"1","Baladna Q.P.S.C. (Qatar)","Operations","Farm Operations","Operations","Farm Operations - Section 2","CC-662","POS-01155","Coordinator - Farm Operations","Farm Operations","G1","Staff","BLD-101138","Manoj Ibrahim","Doha Site","Qatar","Doha","Expatriate"
"BLD-101157","EMP001156","Sameer Reyes","Sameer","Male","Egyptian","1998-11-25","26","Single","Terminated","Permanent","Part Time","2024-07-26","2024-10-24","2025-10-19","Termination - Disciplinary","1.2","Baladna Q.P.S.C. (Qatar)","Operations","Farm Operations","Operations","Farm Operations - Section 1","CC-662","POS-01156","Senior Officer - Farm Operations","Farm Operations","G6","Supervisory","BLD-100055","Anil Fernandes","Doha Site","Qatar","Doha","Expatriate"
"BLD-101158","EMP001157","Manoj Kapoor","Manoj","Male","Jordanian","1976-12-27","49","Single","Active","Contract","Full Time","2024-01-12","2024-04-11",,,"2","Baladna Q.P.S.C. (Qatar)","Commercial","Sales & Distribution","Commercial","Sales & Distribution - Section 2","CC-310","POS-01157","Senior Technician - Sales & Distribution","Sales & Distribution","G9","Supervisory","BLD-100860","Bishnu Al-Marri","Doha Site","Qatar","Doha","Expatriate"
"BLD-101159","EMP001158","Hassan Al-Marri","Hassan","Male","Bangladeshi","1978-04-23","47","Married","Active","Permanent","Full Time","2024-10-09","2025-01-07",,,"1.2","Baladna Q.P.S.C. (Qatar)","Operations","R&D","Operations","R&D - Section 3","CC-118","POS-01158","Coordinator - R&D","R&D","G4","Staff","BLD-100593","Santosh Mahmoud","Doha Site","Qatar","Doha","Expatriate"
"BLD-101160","EMP001159","Waleed Cruz","Waleed","Male","Sri Lankan","1974-07-02","51","Single","Active","Contract","Full Time","2023-08-08","2023-11-06",,,"2.4","Baladna Q.P.S.C. (Qatar)","Supply Chain","Supply Chain & Logistics","Supply Chain","Supply Chain & Logistics - Section 1","CC-370","POS-01159","Assistant Manager - Supply Chain & Logistics","Supply Chain & Logistics","G10","Managerial","BLD-101509","Suresh Reyes","Al Khor Site","Qatar","Al Khor","Expatriate"
"BLD-101161","EMP001160","Ramesh Al-Sayed","Ramesh","Male","Pakistani","1981-12-21","44","Single","Active","Permanent","Full Time","2024-11-03","2025-02-01",,,"1.2","Baladna Q.P.S.C. (Qatar)","Operations","Engineering & Maintenance","Operations","Engineering & Maintenance - Section 3","CC-178","POS-01160","Senior Officer - Engineering & Maintenance","Engineering & Maintenance","G7","Supervisory","BLD-100494","Ravi Youssef","Al Khor Site","Qatar","Al Khor","Expatriate"
"BLD-101162","EMP001161","Ravi Khan","Ravi","Male","Pakistani","1998-12-20","26","Married","Terminated","Permanent","Full Time","2023-05-23","2023-08-21","2025-02-16","Termination - Performance","1.7","Baladna Q.P.S.C. (Qatar)","Corporate","IT & Digital","Corporate","IT & Digital - Section 1","CC-289","POS-01161","Associate - IT & Digital","IT & Digital","G3","Staff","BLD-100134","Arjun Mendoza","Al Rayyan Site","Qatar","Al Rayyan","Expatriate"
"BLD-101163","EMP001162","Ali Santos","Ali","Male","Pakistani","1981-09-21","44","Married","Active","Permanent","Full Time","2025-04-03","2025-07-02",,,"0.7","Baladna Q.P.S.C. (Qatar)","Operations","Quality Assurance & Food Safety","Operations","Quality Assurance & Food Safety - Section 3","CC-564","POS-01162","Senior Technician - Quality Assurance & Food Safety","Quality Assurance & Food Safety","G7","Supervisory","BLD-100744","Vikram Hassan","Al Khor Site","Qatar","Al Khor","Expatriate"
"BLD-101164","EMP001163","Mona Thapa","Mona","Female","Pakistani","1990-03-07","34","Married","Terminated","Permanent","Full Time","2023-09-05","2023-12-04","2024-04-25","End of Contract - Not Renewed by Employee","0.6","Baladna Q.P.S.C. (Qatar)","Corporate","People & Culture","Corporate","People & Culture - Section 3","CC-310","POS-01163","Senior Technician - People & Culture","People & Culture","G9","Supervisory","BLD-100349","Khalid Thapa","Doha Site","Qatar","Doha","Expatriate"
"BLD-101165","EMP001164","Rina Fernandes","Rina","Female","Nepali","1986-04-18","39","Single","Active","Contract","Full Time","2023-10-17","2024-01-15",,,"2.2","Baladna Q.P.S.C. (Qatar)","Corporate","Corporate & Executive Office","Corporate","Corporate & Executive Office - Section 3","CC-577","POS-01164","Specialist - Corporate & Executive Office","Corporate & Executive Office","G6","Supervisory","BLD-100398","Rania Islam","Al Khor Site","Qatar","Al Khor","Expatriate"
"BLD-101166","EMP001165","Hari Mahmoud","Hari","Male","Qatari","1976-03-14","48","Single","Terminated","Permanent","Full Time","2024-04-05","2024-07-04","2024-04-22","Resignation - Personal Reasons","0","Baladna Q.P.S.C. (Qatar)","Operations","Farm Operations","Operations","Farm Operations - Section 2","CC-662","POS-01165","Associate - Farm Operations","Farm Operations","G3","Staff","BLD-101094","Santosh Abdullah","Doha Site","Qatar","Doha","Local"
"BLD-101167","EMP001166","Aisha Iqbal","Aisha","Female","Pakistani","1983-04-19","41","Married","Terminated","Contract","Full Time","2023-08-08","2023-11-06","2024-04-28","Resignation - Relocation","0.7","Baladna Q.P.S.C. (Qatar)","Commercial","Marketing","Commercial","Marketing - Section 3","CC-916","POS-01166","Assistant Manager - Marketing","Marketing","G11","Managerial","BLD-100171","Huda Abdullah","Al Khor Site","Qatar","Al Khor","Expatriate"
"BLD-101168","EMP001167","Ali Rai","Ali","Male","Nepali","1984-10-24","41","Married","Active","Permanent","Full Time","2023-10-06","2024-01-04",,,"2.2","Baladna Q.P.S.C. (Qatar)","Operations","Farm Operations","Operations","Farm Operations - Section 2","CC-662","POS-01167","Officer - Farm Operations","Farm Operations","G2","Staff","BLD-100782","Khalid Santos","Doha Site","Qatar","Doha","Expatriate"
"BLD-101169","EMP001168","Rakesh Rai","Rakesh","Male","Nepali","1993-10-25","32","Single","Active","Permanent","Full Time","2024-12-22","2025-03-22",,,"1","Baladna Q.P.S.C. (Qatar)","Corporate","IT & Digital","Corporate","IT & Digital - Section 1","CC-289","POS-01168","Officer - IT & Digital","IT & Digital","G3","Staff","BLD-100549","Suresh Mansour","Al Khor Site","Qatar","Al Khor","Expatriate"
"BLD-101170","EMP001169","Hassan Ahmed","Hassan","Male","Filipino","2003-08-21","22","Married","Active","Permanent","Full Time","2025-08-19","2025-11-17",,,"0.4","Baladna Q.P.S.C. (Qatar)","Supply Chain","Procurement","Supply Chain","Procurement - Section 1","CC-637","POS-01169","Technician - Procurement","Procurement","G1","Staff","BLD-100754","Priya Baig","Doha Site","Qatar","Doha","Expatriate"
"BLD-101171","EMP001170","Waleed Ahmed","Waleed","Male","Qatari","1977-11-18","48","Married","Active","Permanent","Full Time","2025-08-15","2025-11-13",,,"0.4","Baladna Q.P.S.C. (Qatar)","Supply Chain","Procurement","Supply Chain","Procurement - Section 3","CC-637","POS-01170","Coordinator - Procurement","Procurement","G1","Staff","BLD-100894","Yasmin Iqbal","Al Rayyan Site","Qatar","Al Rayyan","Local"
"BLD-101172","EMP001171","Vikram Abdullah","Vikram","Male","Indian","1986-06-16","39","Single","Active","Permanent","Full Time","2023-01-03","2023-04-03",,,"3","Baladna Q.P.S.C. (Qatar)","Corporate","IT & Digital","Corporate","IT & Digital - Section 3","CC-289","POS-01171","Specialist - IT & Digital","IT & Digital","G7","Supervisory","BLD-100663","Salma Ibrahim","Doha Site","Qatar","Doha","Expatriate"
"BLD-101173","EMP001172","Khalid Abdullah","Khalid","Male","Bangladeshi","1988-02-02","36","Married","Terminated","Permanent","Full Time","2023-01-26","2023-04-26","2024-03-04","Resignation - Better Opportunity","1.1","Baladna Q.P.S.C. (Qatar)","Operations","Production","Operations","Production - Section 3","CC-956","POS-01172","Officer - Production","Production","G5","Staff","BLD-100475","Tariq Mansour","Doha Site","Qatar","Doha","Expatriate"
"BLD-101174","EMP001173","Bikram Fernandes","Bikram","Male","Pakistani","2004-11-03","20","Married","Terminated","Contract","Full Time","2025-10-21","2026-01-19","2025-10-28","Resignation - Better Opportunity","0","Baladna Q.P.S.C. (Qatar)","Supply Chain","Procurement","Supply Chain","Procurement - Section 1","CC-637","POS-01173","Coordinator - Procurement","Procurement","G5","Staff","BLD-100397","Ahmed Rai","Al Khor Site","Qatar","Al Khor","Expatriate"
"BLD-101175","EMP001174","Salma Devi","Salma","Female","Filipino","1991-04-03","33","Married","Terminated","Permanent","Full Time","2023-09-09","2023-12-08","2024-12-03","Resignation - Better Opportunity","1.2","Baladna Q.P.S.C. (Qatar)","Supply Chain","Procurement","Supply Chain","Procurement - Section 2","CC-637","POS-01174","Officer - Procurement","Procurement","G4","Staff","BLD-100894","Yasmin Iqbal","Al Rayyan Site","Qatar","Al Rayyan","Expatriate"
"BLD-101176","EMP001175","Ahmed Malik","Ahmed","Male","Pakistani","1989-03-02","36","Married","Active","Contract","Full Time","2023-03-07","2023-06-05",,,"2.8","Baladna Q.P.S.C. (Qatar)","Operations","Quality Assurance & Food Safety","Operations","Quality Assurance & Food Safety - Section 2","CC-564","POS-01175","Associate - Quality Assurance & Food Safety","Quality Assurance & Food Safety","G4","Staff","BLD-101079","Sanjay Devi","Doha Site","Qatar","Doha","Expatriate"
"BLD-101177","EMP001176","Ahmed Mendoza","Ahmed","Male","Egyptian","2003-11-09","22","Single","Active","Permanent","Full Time","2024-02-17","2024-05-17",,,"1.9","Baladna Q.P.S.C. (Qatar)","Operations","Engineering & Maintenance","Operations","Engineering & Maintenance - Section 2","CC-178","POS-01176","Operator - Engineering & Maintenance","Engineering & Maintenance","G2","Staff","BLD-100520","Bikram Cruz","Doha Site","Qatar","Doha","Expatriate"
"BLD-101178","EMP001177","Hari Al-Marri","Hari","Male","Indian","2005-03-15","20","Single","Active","Permanent","Full Time","2025-08-08","2025-11-06",,,"0.4","Baladna Q.P.S.C. (Qatar)","Corporate","Corporate & Executive Office","Corporate","Corporate & Executive Office - Section 3","CC-577","POS-01177","Assistant Manager - Corporate & Executive Office","Corporate & Executive Office","G11","Managerial","BLD-100861","Pooja Chowdhury","Al Rayyan Site","Qatar","Al Rayyan","Expatriate"
"BLD-101179","EMP001178","Vikram Ahmed","Vikram","Male","Jordanian","1972-11-20","53","Single","Active","Permanent","Full Time","2023-10-22","2024-01-20",,,"2.2","Baladna Q.P.S.C. (Qatar)","Commercial","Marketing","Commercial","Marketing - Section 2","CC-916","POS-01178","Senior Officer - Marketing","Marketing","G6","Supervisory","BLD-100421","Huda Ahmed","Al Khor Site","Qatar","Al Khor","Expatriate"
"BLD-101180","EMP001179","Reem Farouk","Reem","Female","Nepali","1992-07-03","31","Married","Terminated","Permanent","Full Time","2023-07-23","2023-10-21","2023-08-23","Resignation - Better Opportunity","0.1","Baladna Q.P.S.C. (Qatar)","Corporate","Finance","Corporate","Finance - Section 3","CC-502","POS-01179","Senior Technician - Finance","Finance","G9","Supervisory","BLD-100576","Dalia Al-Kuwari","Al Khor Site","Qatar","Al Khor","Expatriate"
"BLD-101181","EMP001180","Salma Sharma","Salma","Female","Bangladeshi","1994-12-13","31","Married","Active","Permanent","Full Time","2024-02-12","2024-05-12",,,"1.9","Baladna Q.P.S.C. (Qatar)","Commercial","Sales & Distribution","Commercial","Sales & Distribution - Section 3","CC-310","POS-01180","Associate - Sales & Distribution","Sales & Distribution","G1","Staff","BLD-100935","Reem Youssef","Al Khor Site","Qatar","Al Khor","Expatriate"
"BLD-101182","EMP001181","Sunita Gurung","Sunita","Female","Bangladeshi","1981-09-01","43","Single","Terminated","Permanent","Full Time","2023-10-08","2024-01-06","2025-02-09","Resignation - Better Opportunity","1.3","Baladna Q.P.S.C. (Qatar)","Corporate","IT & Digital","Corporate","IT & Digital - Section 1","CC-289","POS-01181","Operator - IT & Digital","IT & Digital","G1","Staff","BLD-101233","Manoj Mansour","Al Rayyan Site","Qatar","Al Rayyan","Expatriate"
"BLD-101183","EMP001182","Tariq Malik","Tariq","Male","Egyptian","1984-08-05","41","Married","Active","Permanent","Full Time","2024-06-02","2024-08-31",,,"1.6","Baladna Q.P.S.C. (Qatar)","Operations","Farm Operations","Operations","Farm Operations - Section 1","CC-662","POS-01182","Supervisor - Farm Operations","Farm Operations","G7","Supervisory","BLD-100331","Ahmed Cruz","Doha Site","Qatar","Doha","Expatriate"
"BLD-101184","EMP001183","Yasmin Reyes","Yasmin","Female","Egyptian","1971-11-01","54","Married","Active","Permanent","Full Time","2025-05-09","2025-08-07",,,"0.6","Baladna Egypt","Corporate","People & Culture","Corporate","People & Culture - Section 1","CC-310","POS-01183","Technician - People & Culture","People & Culture","G2","Staff","BLD-101350","Omar Abdullah","Alexandria Site","Egypt","Alexandria","Local"
"BLD-101185","EMP001184","Anil Mendoza","Anil","Male","Egyptian","2003-12-12","22","Married","Active","Permanent","Full Time","2023-04-15","2023-07-14",,,"2.7","Baladna Egypt","Operations","Production","Operations","Production - Section 3","CC-956","POS-01184","Senior Technician - Production","Production","G7","Supervisory","BLD-100559","Sameer Reyes","10th of Ramadan City Site","Egypt","10th of Ramadan City","Local"
"BLD-101186","EMP001185","Maria Pereira","Maria","Female","Egyptian","1971-02-10","54","Single","Active","Temporary","Full Time","2024-09-04","2024-12-03",,,"1.3","Baladna Egypt","Corporate","Finance","Corporate","Finance - Section 2","CC-502","POS-01185","Specialist - Finance","Finance","G8","Supervisory","BLD-101133","Rowena Fernandes","10th of Ramadan City Site","Egypt","10th of Ramadan City","Local"
"BLD-101187","EMP001186","Anita Al-Kuwari","Anita","Female","Sri Lankan","1972-09-01","52","Married","Terminated","Permanent","Full Time","2024-10-16","2025-01-14","2024-11-28","Resignation - Relocation","0.1","Baladna Q.P.S.C. (Qatar)","Corporate","Finance","Corporate","Finance - Section 1","CC-502","POS-01186","Assistant - Finance","Finance","G3","Staff","BLD-100367","Bishnu Pereira","Doha Site","Qatar","Doha","Expatriate"
"BLD-101188","EMP001187","Bikram Rai","Bikram","Male","Sri Lankan","1974-06-20","49","Single","Terminated","Permanent","Full Time","2023-09-17","2023-12-16","2024-02-23","Contract Non-Renewal - Company Decision","0.4","Baladna Q.P.S.C. (Qatar)","Operations","Quality Assurance & Food Safety","Operations","Quality Assurance & Food Safety - Section 1","CC-564","POS-01187","Operator - Quality Assurance & Food Safety","Quality Assurance & Food Safety","G5","Staff","BLD-100912","Hari Al-Kuwari","Al Rayyan Site","Qatar","Al Rayyan","Expatriate"
"BLD-101189","EMP001188","Ahmed Baig","Ahmed","Male","Filipino","1987-11-04","38","Married","Active","Permanent","Full Time","2024-07-20","2024-10-18",,,"1.4","Baladna Q.P.S.C. (Qatar)","Operations","Production","Operations","Production - Section 3","CC-956","POS-01188","Coordinator - Production","Production","G3","Staff","BLD-100709","Rakesh Youssef","Al Khor Site","Qatar","Al Khor","Expatriate"
"BLD-101190","EMP001189","Noor Ahmed","Noor","Female","Sudanese","1983-10-15","41","Married","Terminated","Permanent","Full Time","2024-06-03","2024-09-01","2024-12-15","Resignation - Personal Reasons","0.5","Baladna Q.P.S.C. (Qatar)","Corporate","People & Culture","Corporate","People & Culture - Section 2","CC-310","POS-01189","Assistant - People & Culture","People & Culture","G2","Staff","BLD-100416","Arjun Islam","Doha Site","Qatar","Doha","Expatriate"
"BLD-101191","EMP001190","Grace Al-Marri","Grace","Female","Indian","1980-08-14","43","Married","Terminated","Permanent","Full Time","2023-06-18","2023-09-16","2024-07-28","End of Contract - Not Renewed by Employee","1.1","Baladna Q.P.S.C. (Qatar)","Corporate","IT & Digital","Corporate","IT & Digital - Section 3","CC-289","POS-01190","Technician - IT & Digital","IT & Digital","G4","Staff","BLD-100808","Rajesh Mansour","Doha Site","Qatar","Doha","Expatriate"
"BLD-101192","EMP001191","Rajesh Ahmed","Rajesh","Male","Indian","1994-04-15","31","Married","Active","Permanent","Full Time","2025-10-02","2025-12-31",,,"0.2","Baladna Q.P.S.C. (Qatar)","Corporate","Corporate & Executive Office","Corporate","Corporate & Executive Office - Section 1","CC-577","POS-01191","Senior Technician - Corporate & Executive Office","Corporate & Executive Office","G8","Supervisory","BLD-100908","Rania Kapoor","Doha Site","Qatar","Doha","Expatriate"
"BLD-101193","EMP001192","Bikram Thapa","Bikram","Male","Pakistani","1983-02-09","42","Single","Active","Permanent","Full Time","2023-07-08","2023-10-06",,,"2.5","Baladna Q.P.S.C. (Qatar)","Supply Chain","Procurement","Supply Chain","Procurement - Section 2","CC-637","POS-01192","Officer - Procurement","Procurement","G5","Staff","BLD-100942","Sanjay Fernandes","Al Khor Site","Qatar","Al Khor","Expatriate"
"BLD-101194","EMP001193","Amina Islam","Amina","Female","Egyptian","1977-02-09","48","Married","Active","Permanent","Full Time","2024-07-23","2024-10-21",,,"1.4","Baladna Egypt","Corporate","People & Culture","Corporate","People & Culture - Section 2","CC-310","POS-01193","Assistant Manager - People & Culture","People & Culture","G11","Managerial","BLD-101307","Mariam Khan","10th of Ramadan City Site","Egypt","10th of Ramadan City","Local"
"BLD-101195","EMP001194","Ramesh Islam","Ramesh","Male","Egyptian","1976-09-15","49","Single","Active","Permanent","Full Time","2025-03-06","2025-06-04",,,"0.8","Baladna Egypt","Corporate","Finance","Corporate","Finance - Section 2","CC-502","POS-01194","Assistant - Finance","Finance","G4","Staff","BLD-101413","Amina Cruz","10th of Ramadan City Site","Egypt","10th of Ramadan City","Local"
"BLD-101196","EMP001195","Ravi Sharma","Ravi","Male","Egyptian","1989-08-24","36","Married","Active","Permanent","Full Time","2024-01-21","2024-04-20",,,"1.9","Baladna Q.P.S.C. (Qatar)","Operations","Engineering & Maintenance","Operations","Engineering & Maintenance - Section 2","CC-178","POS-01195","Assistant - Engineering & Maintenance","Engineering & Maintenance","G1","Staff","BLD-100419","Ahmed Malik","Doha Site","Qatar","Doha","Expatriate"
"BLD-101197","EMP001196","Hassan Santos","Hassan","Male","Nepali","1969-05-01","56","Single","Active","Contract","Full Time","2023-01-14","2023-04-14",,,"3","Baladna Q.P.S.C. (Qatar)","Corporate","Corporate & Executive Office","Corporate","Corporate & Executive Office - Section 2","CC-577","POS-01196","Coordinator - Corporate & Executive Office","Corporate & Executive Office","G2","Staff","BLD-101335","Lubna Thapa","Al Khor Site","Qatar","Al Khor","Expatriate"
"BLD-101198","EMP001197","Amina Pereira","Amina","Female","Bangladeshi","1998-09-14","27","Single","Active","Permanent","Full Time","2025-09-11","2025-12-10",,,"0.3","Baladna Q.P.S.C. (Qatar)","Commercial","Marketing","Commercial","Marketing - Section 1","CC-916","POS-01197","Associate - Marketing","Marketing","G1","Staff","BLD-100675","Rowena Chowdhury","Al Khor Site","Qatar","Al Khor","Expatriate"
"BLD-101199","EMP001198","Ramesh Islam","Ramesh","Male","Indian","1974-10-19","51","Married","Active","Permanent","Full Time","2025-04-19","2025-07-18",,,"0.7","Baladna Q.P.S.C. (Qatar)","Corporate","IT & Digital","Corporate","IT & Digital - Section 3","CC-289","POS-01198","Head of Department - IT & Digital","IT & Digital","G13","Executive","BLD-100001","Yousef Al-Attiyah","Al Khor Site","Qatar","Al Khor","Expatriate"
"BLD-101200","EMP001199","Grace Mansour","Grace","Female","Filipino","1996-09-27","27","Single","Terminated","Contract","Full Time","2023-02-22","2023-05-23","2024-04-07","Resignation - Personal Reasons","1.1","Baladna Q.P.S.C. (Qatar)","Corporate","IT & Digital","Corporate","IT & Digital - Section 2","CC-289","POS-01199","Officer - IT & Digital","IT & Digital","G5","Staff","BLD-101360","Dalia Al-Kuwari","Al Khor Site","Qatar","Al Khor","Expatriate"
"BLD-101201","EMP001200","Santosh Devi","Santosh","Male","Sudanese","1985-01-26","40","Married","Active","Permanent","Full Time","2024-03-17","2024-06-15",,,"1.8","Baladna Q.P.S.C. (Qatar)","Supply Chain","Supply Chain & Logistics","Supply Chain","Supply Chain & Logistics - Section 1","CC-370","POS-01200","Senior Technician - Supply Chain & Logistics","Supply Chain & Logistics","G6","Supervisory","BLD-100403","Khalid Ibrahim","Al Khor Site","Qatar","Al Khor","Expatriate"
"BLD-101202","EMP001201","Bikram Mansour","Bikram","Male","Nepali","1998-01-09","27","Single","Active","Contract","Full Time","2024-09-24","2024-12-23",,,"1.3","Baladna Q.P.S.C. (Qatar)","Supply Chain","Supply Chain & Logistics","Supply Chain","Supply Chain & Logistics - Section 2","CC-370","POS-01201","Coordinator - Supply Chain & Logistics","Supply Chain & Logistics","G3","Staff","BLD-101092","Prakash Kapoor","Doha Site","Qatar","Doha","Expatriate"
"BLD-101203","EMP001202","Ravi Baig","Ravi","Male","Egyptian","1992-01-17","33","Single","Active","Permanent","Full Time","2024-11-14","2025-02-12",,,"1.1","Baladna Egypt","Corporate","People & Culture","Corporate","People & Culture - Section 1","CC-310","POS-01202","Assistant - People & Culture","People & Culture","G1","Staff","BLD-101041","Layla Reyes","Alexandria Site","Egypt","Alexandria","Local"
"BLD-101204","EMP001203","Hari Mahmoud","Hari","Male","Egyptian","1980-08-25","45","Married","Active","Permanent","Full Time","2025-09-24","2025-12-23",,,"0.3","Baladna Egypt","Supply Chain","Supply Chain & Logistics","Supply Chain","Supply Chain & Logistics - Section 1","CC-370","POS-01203","Coordinator - Supply Chain & Logistics","Supply Chain & Logistics","G2","Staff","BLD-101086","Nadia El-Sayed","Alexandria Site","Egypt","Alexandria","Local"
"BLD-101205","EMP001204","Suresh Devi","Suresh","Male","Indian","1996-11-01","29","Single","Active","Permanent","Full Time","2023-07-04","2023-10-02",,,"2.5","Baladna Q.P.S.C. (Qatar)","Operations","Farm Operations","Operations","Farm Operations - Section 2","CC-662","POS-01204","Associate - Farm Operations","Farm Operations","G3","Staff","BLD-100671","Kumar Kapoor","Doha Site","Qatar","Doha","Expatriate"
"BLD-101206","EMP001205","Waleed Khan","Waleed","Male","Egyptian","1992-09-21","33","Single","Active","Permanent","Full Time","2023-01-15","2023-04-15",,,"3","Baladna Egypt","Operations","Quality Assurance & Food Safety","Operations","Quality Assurance & Food Safety - Section 2","CC-564","POS-01205","Officer - Quality Assurance & Food Safety","Quality Assurance & Food Safety","G1","Staff","BLD-101141","Pooja Thapa","Cairo Site","Egypt","Cairo","Local"
"BLD-101207","EMP001206","Jose Ibrahim","Jose","Male","Pakistani","2000-03-02","25","Married","Active","Permanent","Full Time","2024-09-13","2024-12-12",,,"1.3","Baladna Q.P.S.C. (Qatar)","Operations","Farm Operations","Operations","Farm Operations - Section 1","CC-662","POS-01206","Coordinator - Farm Operations","Farm Operations","G2","Staff","BLD-100456","Krishna Thapa","Al Khor Site","Qatar","Al Khor","Expatriate"
"BLD-101208","EMP001207","Rina Ibrahim","Rina","Female","Bangladeshi","1999-03-16","26","Married","Active","Permanent","Full Time","2024-05-08","2024-08-06",,,"1.6","Baladna Q.P.S.C. (Qatar)","Operations","R&D","Operations","R&D - Section 2","CC-118","POS-01207","Assistant Manager - R&D","R&D","G12","Managerial","BLD-101509","Suresh Reyes","Al Rayyan Site","Qatar","Al Rayyan","Expatriate"
"BLD-101209","EMP001208","Bikram Abdullah","Bikram","Male","Nepali","1984-02-10","40","Other","Terminated","Permanent","Full Time","2024-02-17","2024-05-17","2024-04-24","Termination - Performance","0.2","Baladna Q.P.S.C. (Qatar)","Operations","R&D","Operations","R&D - Section 3","CC-118","POS-01208","Operator - R&D","R&D","G4","Staff","BLD-100452","Anita Ahmed","Al Khor Site","Qatar","Al Khor","Expatriate"
"BLD-101210","EMP001209","Reem El-Sayed","Reem","Female","Egyptian","1991-08-07","34","Married","Active","Contract","Full Time","2024-09-09","2024-12-08",,,"1.3","Baladna Egypt","Corporate","Finance","Corporate","Finance - Section 1","CC-502","POS-01209","Manager - Finance","Finance","G10","Managerial","BLD-101292","Noor Al-Sayed","Cairo Site","Egypt","Cairo","Local"
"BLD-101211","EMP001210","Aisha Al-Kuwari","Aisha","Female","Indian","1997-09-02","28","Married","Active","Permanent","Full Time","2025-10-02","2025-12-31",,,"0.2","Baladna Q.P.S.C. (Qatar)","Corporate","People & Culture","Corporate","People & Culture - Section 2","CC-310","POS-01210","Operator - People & Culture","People & Culture","G1","Staff","BLD-100502","Sara Santos","Al Khor Site","Qatar","Al Khor","Expatriate"
"BLD-101212","EMP001211","Layla Chowdhury","Layla","Female","Bangladeshi","1988-10-05","37","Married","Active","Permanent","Full Time","2023-01-27","2023-04-27",,,"2.9","Baladna Q.P.S.C. (Qatar)","Operations","R&D","Operations","R&D - Section 2","CC-118","POS-01211","Senior Technician - R&D","R&D","G6","Supervisory","BLD-101308","Salma Mansour","Al Khor Site","Qatar","Al Khor","Expatriate"
"BLD-101213","EMP001212","Mohamed Khan","Mohamed","Male","Pakistani","1995-04-09","30","Single","Active","Permanent","Full Time","2025-05-02","2025-07-31",,,"0.7","Baladna Q.P.S.C. (Qatar)","Operations","Quality Assurance & Food Safety","Operations","Quality Assurance & Food Safety - Section 3","CC-564","POS-01212","Operator - Quality Assurance & Food Safety","Quality Assurance & Food Safety","G3","Staff","BLD-100230","Ali Hassan","Al Khor Site","Qatar","Al Khor","Expatriate"
"BLD-101214","EMP001213","Sara Ahmed","Sara","Female","Jordanian","1996-11-21","28","Single","Terminated","Permanent","Full Time","2024-01-03","2024-04-02","2025-10-28","Resignation - Better Opportunity","1.8","Baladna Q.P.S.C. (Qatar)","Operations","R&D","Operations","R&D - Section 2","CC-118","POS-01213","Assistant - R&D","R&D","G5","Staff","BLD-100728","Bishnu Mansour","Al Khor Site","Qatar","Al Khor","Expatriate"
"BLD-101215","EMP001214","Joy Ahmed","Joy","Female","Bangladeshi","1971-01-14","54","Single","Active","Permanent","Full Time","2024-06-07","2024-09-05",,,"1.6","Baladna Q.P.S.C. (Qatar)","Supply Chain","Procurement","Supply Chain","Procurement - Section 2","CC-637","POS-01214","Assistant Manager - Procurement","Procurement","G11","Managerial","BLD-100763","Mohamed Rai","Al Khor Site","Qatar","Al Khor","Expatriate"
"BLD-101216","EMP001215","Ramesh Cruz","Ramesh","Male","Egyptian","1974-01-25","51","Single","Active","Permanent","Full Time","2025-07-08","2025-10-06",,,"0.5","Baladna Egypt","Operations","Production","Operations","Production - Section 3","CC-956","POS-01215","Operator - Production","Production","G2","Staff","BLD-101352","Ali Thapa","10th of Ramadan City Site","Egypt","10th of Ramadan City","Local"
"BLD-101217","EMP001216","Manoj Youssef","Manoj","Male","Egyptian","1972-06-11","53","Married","Active","Permanent","Full Time","2023-12-08","2024-03-07",,,"2.1","Baladna Egypt","Operations","Production","Operations","Production - Section 1","CC-956","POS-01216","Supervisor - Production","Production","G6","Supervisory","BLD-101001","Grace Pereira","Cairo Site","Egypt","Cairo","Local"
"BLD-101218","EMP001217","Ravi Youssef","Ravi","Male","Egyptian","1989-01-18","36","Married","Active","Permanent","Full Time","2023-12-12","2024-03-11",,,"2.1","Baladna Egypt","Commercial","Sales & Distribution","Commercial","Sales & Distribution - Section 3","CC-310","POS-01217","Supervisor - Sales & Distribution","Sales & Distribution","G8","Supervisory","BLD-100583","Kumar El-Sayed","10th of Ramadan City Site","Egypt","10th of Ramadan City","Local"
"BLD-101219","EMP001218","Santosh Mansour","Santosh","Male","Pakistani","1990-04-22","35","Single","Active","Permanent","Full Time","2025-10-03","2026-01-01",,,"0.2","Baladna Q.P.S.C. (Qatar)","Supply Chain","Procurement","Supply Chain","Procurement - Section 1","CC-637","POS-01218","Assistant Manager - Procurement","Procurement","G10","Managerial","BLD-100884","Manoj Iqbal","Al Khor Site","Qatar","Al Khor","Expatriate"
"BLD-101220","EMP001219","Aisha Malik","Aisha","Female","Egyptian","1976-09-07","49","Single","Active","Permanent","Full Time","2025-03-15","2025-06-13",,,"0.8","Baladna Egypt","Operations","Quality Assurance & Food Safety","Operations","Quality Assurance & Food Safety - Section 3","CC-564","POS-01219","Manager - Quality Assurance & Food Safety","Quality Assurance & Food Safety","G11","Managerial","BLD-101128","Rakesh Cruz","Cairo Site","Egypt","Cairo","Local"
"BLD-101221","EMP001220","Ahmed Ahmed","Ahmed","Male","Sudanese","1972-05-01","53","Married","Active","Permanent","Full Time","2025-03-12","2025-06-10",,,"0.8","Baladna Q.P.S.C. (Qatar)","Operations","R&D","Operations","R&D - Section 3","CC-118","POS-01220","Assistant - R&D","R&D","G2","Staff","BLD-101008","Ramesh Devi","Doha Site","Qatar","Doha","Expatriate"
"BLD-101222","EMP001221","Joy Mansour","Joy","Female","Egyptian","2000-04-04","25","Married","Active","Permanent","Full Time","2024-08-12","2024-11-10",,,"1.4","Baladna Egypt","Commercial","Sales & Distribution","Commercial","Sales & Distribution - Section 1","CC-310","POS-01221","Senior Officer - Sales & Distribution","Sales & Distribution","G9","Supervisory","BLD-100265","Sanjay Islam","10th of Ramadan City Site","Egypt","10th of Ramadan City","Local"
"BLD-101223","EMP001222","Sameer Devi","Sameer","Male","Sri Lankan","2000-03-06","25","Single","Active","Permanent","Full Time","2025-08-05","2025-11-03",,,"0.4","Baladna Q.P.S.C. (Qatar)","Corporate","IT & Digital","Corporate","IT & Digital - Section 1","CC-289","POS-01222","Team Lead - IT & Digital","IT & Digital","G6","Supervisory","BLD-100009","Juan Al-Sayed","Doha Site","Qatar","Doha","Expatriate"
"BLD-101224","EMP001223","Fatima Chowdhury","Fatima","Female","Egyptian","1983-11-21","41","Married","Terminated","Contract","Full Time","2023-10-17","2024-01-15","2024-12-26","Resignation - Personal Reasons","1.2","Baladna Q.P.S.C. (Qatar)","Operations","Farm Operations","Operations","Farm Operations - Section 1","CC-662","POS-01223","Assistant - Farm Operations","Farm Operations","G2","Staff","BLD-100580","Noor Islam","Doha Site","Qatar","Doha","Expatriate"
"BLD-101225","EMP001224","Prakash Gurung","Prakash","Male","Nepali","1995-11-09","30","Married","Active","Permanent","Part Time","2023-03-02","2023-05-31",,,"2.8","Baladna Q.P.S.C. (Qatar)","Operations","R&D","Operations","R&D - Section 3","CC-118","POS-01224","Associate - R&D","R&D","G1","Staff","BLD-100327","Arjun Santos","Doha Site","Qatar","Doha","Expatriate"
"BLD-101226","EMP001225","Shobha Khan","Shobha","Female","Sudanese","1980-07-18","44","Married","Terminated","Permanent","Full Time","2024-03-23","2024-06-21","2024-12-18","Termination - Performance","0.7","Baladna Q.P.S.C. (Qatar)","Corporate","Finance","Corporate","Finance - Section 2","CC-502","POS-01225","Technician - Finance","Finance","G5","Staff","BLD-100360","Suresh Baig","Doha Site","Qatar","Doha","Expatriate"
"BLD-101227","EMP001226","Arjun Fernandes","Arjun","Male","Egyptian","1975-04-03","50","Single","Active","Permanent","Full Time","2023-03-10","2023-06-08",,,"2.8","Baladna Egypt","Commercial","Sales & Distribution","Commercial","Sales & Distribution - Section 3","CC-310","POS-01226","Specialist - Sales & Distribution","Sales & Distribution","G7","Supervisory","BLD-100100","Tariq Islam","Cairo Site","Egypt","Cairo","Local"
"BLD-101228","EMP001227","Anil Pereira","Anil","Male","Egyptian","1995-04-12","30","Single","Active","Permanent","Full Time","2025-06-07","2025-09-05",,,"0.6","Baladna Egypt","Operations","Production","Operations","Production - Section 1","CC-956","POS-01227","Technician - Production","Production","G3","Staff","BLD-100856","Bikram Islam","10th of Ramadan City Site","Egypt","10th of Ramadan City","Local"
"BLD-101229","EMP001228","Arjun Fernandes","Arjun","Male","Egyptian","1980-11-20","45","Single","Active","Permanent","Full Time","2023-05-24","2023-08-22",,,"2.6","Baladna Q.P.S.C. (Qatar)","Operations","Farm Operations","Operations","Farm Operations - Section 2","CC-662","POS-01228","Associate - Farm Operations","Farm Operations","G5","Staff","BLD-100944","Prakash Kapoor","Doha Site","Qatar","Doha","Expatriate"
"BLD-101230","EMP001229","Faisal Kapoor","Faisal","Male","Qatari","1969-03-24","56","Single","Terminated","Permanent","Full Time","2023-04-14","2023-07-13","2025-09-23","Termination - Redundancy","2.4","Baladna Q.P.S.C. (Qatar)","Corporate","Corporate & Executive Office","Corporate","Corporate & Executive Office - Section 1","CC-577","POS-01229","Assistant - Corporate & Executive Office","Corporate & Executive Office","G3","Staff","BLD-101251","Santosh El-Sayed","Al Khor Site","Qatar","Al Khor","Local"
"BLD-101231","EMP001230","Arjun Khan","Arjun","Male","Filipino","1980-04-14","44","Married","Terminated","Permanent","Full Time","2024-01-06","2024-04-05","2024-07-29","Resignation - Better Opportunity","0.6","Baladna Q.P.S.C. (Qatar)","Supply Chain","Procurement","Supply Chain","Procurement - Section 1","CC-637","POS-01230","Senior Manager - Procurement","Procurement","G11","Managerial","BLD-100763","Mohamed Rai","Doha Site","Qatar","Doha","Expatriate"
"BLD-101232","EMP001231","Omar Iqbal","Omar","Male","Pakistani","1999-05-13","26","Married","Active","Permanent","Full Time","2024-08-15","2024-11-13",,,"1.4","Baladna Q.P.S.C. (Qatar)","Operations","Farm Operations","Operations","Farm Operations - Section 2","CC-662","POS-01231","Operator - Farm Operations","Farm Operations","G3","Staff","BLD-100456","Krishna Thapa","Al Khor Site","Qatar","Al Khor","Expatriate"
"BLD-101233","EMP001232","Manoj Mansour","Manoj","Male","Nepali","1982-05-09","43","Single","Active","Permanent","Full Time","2025-04-25","2025-07-24",,,"0.7","Baladna Q.P.S.C. (Qatar)","Corporate","IT & Digital","Corporate","IT & Digital - Section 1","CC-289","POS-01232","Team Lead - IT & Digital","IT & Digital","G6","Supervisory","BLD-100743","Arjun Malik","Doha Site","Qatar","Doha","Expatriate"
"BLD-101234","EMP001233","Manoj Farouk","Manoj","Male","Nepali","1982-02-20","43","Single","Active","Permanent","Full Time","2025-08-06","2025-11-04",,,"0.4","Baladna Q.P.S.C. (Qatar)","Corporate","Finance","Corporate","Finance - Section 1","CC-502","POS-01233","Officer - Finance","Finance","G3","Staff","BLD-100354","Jose Fernandes","Al Rayyan Site","Qatar","Al Rayyan","Expatriate"
"BLD-101235","EMP001234","Juan Santos","Juan","Male","Nepali","1997-01-19","28","Married","Active","Permanent","Full Time","2025-01-08","2025-04-08",,,"1","Baladna Q.P.S.C. (Qatar)","Operations","Farm Operations","Operations","Farm Operations - Section 3","CC-662","POS-01234","Operator - Farm Operations","Farm Operations","G1","Staff","BLD-100772","Ramesh Malik","Al Rayyan Site","Qatar","Al Rayyan","Expatriate"
"BLD-101236","EMP001235","Sameer Malik","Sameer","Male","Qatari","1995-08-04","29","Single","Terminated","Permanent","Full Time","2024-11-12","2025-02-10","2025-01-04","Termination - Redundancy","0.1","Baladna Q.P.S.C. (Qatar)","Supply Chain","Supply Chain & Logistics","Supply Chain","Supply Chain & Logistics - Section 1","CC-370","POS-01235","Coordinator - Supply Chain & Logistics","Supply Chain & Logistics","G1","Staff","BLD-100551","Prakash Reyes","Al Khor Site","Qatar","Al Khor","Local"
"BLD-101237","EMP001236","Kumar Al-Marri","Kumar","Male","Sri Lankan","1981-01-26","43","Single","Terminated","Contract","Full Time","2023-01-08","2023-04-08","2024-05-25","Resignation - Relocation","1.4","Baladna Q.P.S.C. (Qatar)","Operations","R&D","Operations","R&D - Section 2","CC-118","POS-01236","Officer - R&D","R&D","G1","Staff","BLD-101008","Ramesh Devi","Al Rayyan Site","Qatar","Al Rayyan","Expatriate"
"BLD-101238","EMP001237","Aisha Abdullah","Aisha","Female","Indian","1979-05-19","46","Married","Active","Permanent","Full Time","2024-08-25","2024-11-23",,,"1.3","Baladna Q.P.S.C. (Qatar)","Corporate","People & Culture","Corporate","People & Culture - Section 1","CC-310","POS-01237","Associate - People & Culture","People & Culture","G1","Staff","BLD-101028","Sara Hassan","Al Khor Site","Qatar","Al Khor","Expatriate"
"BLD-101239","EMP001238","Prakash Gurung","Prakash","Male","Egyptian","1971-04-06","54","Married","Active","Contract","Full Time","2025-12-11","2026-03-11",,,"0.1","Baladna Egypt","Supply Chain","Supply Chain & Logistics","Supply Chain","Supply Chain & Logistics - Section 2","CC-370","POS-01238","Specialist - Supply Chain & Logistics","Supply Chain & Logistics","G6","Supervisory","BLD-100338","Sanjay Devi","Cairo Site","Egypt","Cairo","Local"
"BLD-101240","EMP001239","Vikram Islam","Vikram","Male","Egyptian","2000-12-01","25","Other","Active","Permanent","Full Time","2023-10-12","2024-01-10",,,"2.2","Baladna Egypt","Corporate","People & Culture","Corporate","People & Culture - Section 2","CC-310","POS-01239","Assistant - People & Culture","People & Culture","G2","Staff","BLD-100383","Juan Santos","Cairo Site","Egypt","Cairo","Local"
"BLD-101241","EMP001240","Prakash Kapoor","Prakash","Male","Egyptian","1996-04-02","29","Married","Active","Contract","Part Time","2025-05-18","2025-08-16",,,"0.6","Baladna Egypt","Supply Chain","Supply Chain & Logistics","Supply Chain","Supply Chain & Logistics - Section 2","CC-370","POS-01240","Senior Manager - Supply Chain & Logistics","Supply Chain & Logistics","G10","Managerial","BLD-101128","Rakesh Cruz","Cairo Site","Egypt","Cairo","Local"
"BLD-101242","EMP001241","Fatima Sharma","Fatima","Female","Egyptian","1996-09-24","29","Married","Terminated","Permanent","Full Time","2025-03-04","2025-06-02","2025-12-17","Resignation - Personal Reasons","0.8","Baladna Q.P.S.C. (Qatar)","Operations","R&D","Operations","R&D - Section 1","CC-118","POS-01241","Operator - R&D","R&D","G2","Staff","BLD-100401","Kumar Malik","Doha Site","Qatar","Doha","Expatriate"
"BLD-101243","EMP001242","Waleed Chowdhury","Waleed","Male","Indian","1974-05-13","50","Married","Terminated","Contract","Full Time","2023-01-14","2023-04-14","2024-08-09","Resignation - Personal Reasons","1.6","Baladna Q.P.S.C. (Qatar)","Corporate","IT & Digital","Corporate","IT & Digital - Section 2","CC-289","POS-01242","Supervisor - IT & Digital","IT & Digital","G8","Supervisory","BLD-101314","Santosh Fernandes","Doha Site","Qatar","Doha","Expatriate"
"BLD-101244","EMP001243","Sara Hassan","Sara","Female","Egyptian","1971-06-19","53","Married","Terminated","Permanent","Full Time","2025-03-21","2025-06-19","2025-05-28","Termination - Disciplinary","0.2","Baladna Egypt","Supply Chain","Supply Chain & Logistics","Supply Chain","Supply Chain & Logistics - Section 3","CC-370","POS-01243","Operator - Supply Chain & Logistics","Supply Chain & Logistics","G3","Staff","BLD-101410","Anil Fernandes","10th of Ramadan City Site","Egypt","10th of Ramadan City","Local"
"BLD-101245","EMP001244","Dina Chowdhury","Dina","Female","Egyptian","1981-12-27","44","Other","Active","Permanent","Full Time","2023-11-26","2024-02-24",,,"2.1","Baladna Egypt","Corporate","Finance","Corporate","Finance - Section 2","CC-502","POS-01244","Officer - Finance","Finance","G5","Staff","BLD-101025","Santosh Fernandes","Cairo Site","Egypt","Cairo","Local"
"BLD-101246","EMP001245","Waleed Fernandes","Waleed","Male","Egyptian","1984-09-20","41","Single","Active","Contract","Full Time","2023-04-24","2023-07-23",,,"2.7","Baladna Egypt","Corporate","Finance","Corporate","Finance - Section 2","CC-502","POS-01245","Operator - Finance","Finance","G1","Staff","BLD-101280","Santosh Reyes","10th of Ramadan City Site","Egypt","10th of Ramadan City","Local"
"BLD-101247","EMP001246","Ahmed El-Sayed","Ahmed","Male","Pakistani","1972-11-07","53","Married","Active","Permanent","Full Time","2025-01-20","2025-04-20",,,"0.9","Baladna Q.P.S.C. (Qatar)","Operations","Farm Operations","Operations","Farm Operations - Section 1","CC-662","POS-01246","Senior Manager - Farm Operations","Farm Operations","G12","Managerial","BLD-100199","Anil Khan","Al Khor Site","Qatar","Al Khor","Expatriate"
"BLD-101248","EMP001247","Dalia Mendoza","Dalia","Female","Nepali","2005-05-27","20","Married","Active","Permanent","Full Time","2025-10-12","2026-01-10",,,"0.2","Baladna Q.P.S.C. (Qatar)","Operations","R&D","Operations","R&D - Section 3","CC-118","POS-01247","Officer - R&D","R&D","G3","Staff","BLD-100926","Kavita Sharma","Doha Site","Qatar","Doha","Expatriate"
"BLD-101249","EMP001248","Salma Devi","Salma","Female","Indian","1975-06-22","50","Married","Active","Contract","Full Time","2025-08-12","2025-11-10",,,"0.4","Baladna Q.P.S.C. (Qatar)","Corporate","Finance","Corporate","Finance - Section 3","CC-502","POS-01248","Associate - Finance","Finance","G2","Staff","BLD-101180","Reem Farouk","Doha Site","Qatar","Doha","Expatriate"
"BLD-101250","EMP001249","Prakash Khan","Prakash","Male","Egyptian","1990-06-15","35","Married","Active","Permanent","Full Time","2025-01-01","2025-04-01",,,"1","Baladna Q.P.S.C. (Qatar)","Operations","Engineering & Maintenance","Operations","Engineering & Maintenance - Section 3","CC-178","POS-01249","Specialist - Engineering & Maintenance","Engineering & Maintenance","G9","Supervisory","BLD-100790","Suresh Devi","Doha Site","Qatar","Doha","Expatriate"
"BLD-101251","EMP001250","Santosh El-Sayed","Santosh","Male","Indian","1993-04-10","32","Single","Active","Permanent","Full Time","2024-09-13","2024-12-12",,,"1.3","Baladna Q.P.S.C. (Qatar)","Corporate","Corporate & Executive Office","Corporate","Corporate & Executive Office - Section 3","CC-577","POS-01250","Supervisor - Corporate & Executive Office","Corporate & Executive Office","G9","Supervisory","BLD-101143","Noor Abdullah","Al Khor Site","Qatar","Al Khor","Expatriate"
"BLD-101252","EMP001251","Ramesh Sharma","Ramesh","Male","Indian","1982-12-27","43","Married","Active","Permanent","Full Time","2023-09-17","2023-12-16",,,"2.3","Baladna Q.P.S.C. (Qatar)","Commercial","Marketing","Commercial","Marketing - Section 1","CC-916","POS-01251","Assistant Manager - Marketing","Marketing","G10","Managerial","BLD-100375","Manoj Fernandes","Doha Site","Qatar","Doha","Expatriate"
"BLD-101253","EMP001252","Yasmin Fernandes","Yasmin","Female","Bangladeshi","1970-07-23","55","Single","Active","Permanent","Full Time","2024-10-08","2025-01-06",,,"1.2","Baladna Q.P.S.C. (Qatar)","Operations","Engineering & Maintenance","Operations","Engineering & Maintenance - Section 2","CC-178","POS-01252","Team Lead - Engineering & Maintenance","Engineering & Maintenance","G7","Supervisory","BLD-100494","Ravi Youssef","Doha Site","Qatar","Doha","Expatriate"
"BLD-101254","EMP001253","Hari Islam","Hari","Male","Nepali","1994-03-15","31","Single","Active","Permanent","Full Time","2024-06-10","2024-09-08",,,"1.6","Baladna Q.P.S.C. (Qatar)","Operations","Farm Operations","Operations","Farm Operations - Section 1","CC-662","POS-01253","Assistant - Farm Operations","Farm Operations","G1","Staff","BLD-100456","Krishna Thapa","Al Rayyan Site","Qatar","Al Rayyan","Expatriate"
"BLD-101255","EMP001254","Sara Al-Marri","Sara","Female","Egyptian","1988-01-01","37","Single","Active","Permanent","Full Time","2025-07-07","2025-10-05",,,"0.5","Baladna Egypt","Operations","Quality Assurance & Food Safety","Operations","Quality Assurance & Food Safety - Section 1","CC-564","POS-01254","Specialist - Quality Assurance & Food Safety","Quality Assurance & Food Safety","G8","Supervisory","BLD-100086","Sameer Al-Marri","Cairo Site","Egypt","Cairo","Local"
"BLD-101256","EMP001255","Waleed Pereira","Waleed","Male","Pakistani","1981-09-24","44","Married","Active","Permanent","Full Time","2023-01-23","2023-04-23",,,"2.9","Baladna Q.P.S.C. (Qatar)","Corporate","Corporate & Executive Office","Corporate","Corporate & Executive Office - Section 1","CC-577","POS-01255","Operator - Corporate & Executive Office","Corporate & Executive Office","G4","Staff","BLD-101039","Deepak Abdullah","Al Rayyan Site","Qatar","Al Rayyan","Expatriate"
"BLD-101257","EMP001256","Yasmin Baig","Yasmin","Female","Sudanese","1970-01-07","55","Married","Active","Permanent","Full Time","2023-05-11","2023-08-09",,,"2.6","Baladna Q.P.S.C. (Qatar)","Corporate","Corporate & Executive Office","Corporate","Corporate & Executive Office - Section 1","CC-577","POS-01256","Senior Officer - Corporate & Executive Office","Corporate & Executive Office","G8","Supervisory","BLD-101012","Sameer Islam","Doha Site","Qatar","Doha","Expatriate"
"BLD-101258","EMP001257","Manoj Devi","Manoj","Male","Filipino","1999-10-27","25","Married","Terminated","Permanent","Full Time","2025-03-07","2025-06-05","2025-03-27","Termination - Performance","0.1","Baladna Q.P.S.C. (Qatar)","Operations","Farm Operations","Operations","Farm Operations - Section 1","CC-662","POS-01257","Technician - Farm Operations","Farm Operations","G1","Staff","BLD-100961","Ravi Ahmed","Al Khor Site","Qatar","Al Khor","Expatriate"
"BLD-101259","EMP001258","Manoj Al-Kuwari","Manoj","Male","Sri Lankan","1993-05-02","32","Married","Active","Permanent","Full Time","2025-10-11","2026-01-09",,,"0.2","Baladna Q.P.S.C. (Qatar)","Operations","Quality Assurance & Food Safety","Operations","Quality Assurance & Food Safety - Section 1","CC-564","POS-01258","Manager - Quality Assurance & Food Safety","Quality Assurance & Food Safety","G10","Managerial","BLD-100171","Huda Abdullah","Doha Site","Qatar","Doha","Expatriate"
"BLD-101260","EMP001259","Manoj Kapoor","Manoj","Male","Pakistani","1969-09-19","56","Single","Active","Permanent","Full Time","2023-07-13","2023-10-11",,,"2.5","Baladna Q.P.S.C. (Qatar)","Commercial","Sales & Distribution","Commercial","Sales & Distribution - Section 1","CC-310","POS-01259","Coordinator - Sales & Distribution","Sales & Distribution","G5","Staff","BLD-100176","Juan Baig","Al Rayyan Site","Qatar","Al Rayyan","Expatriate"
"BLD-101261","EMP001260","Ravi Al-Sayed","Ravi","Male","Nepali","1985-06-15","40","Married","Active","Permanent","Full Time","2025-02-04","2025-05-05",,,"0.9","Baladna Q.P.S.C. (Qatar)","Supply Chain","Procurement","Supply Chain","Procurement - Section 3","CC-637","POS-01260","Specialist - Procurement","Procurement","G7","Supervisory","BLD-101289","Ali Kapoor","Doha Site","Qatar","Doha","Expatriate"
"BLD-101262","EMP001261","Nadia Santos","Nadia","Female","Egyptian","1981-08-27","44","Married","Active","Permanent","Full Time","2023-02-02","2023-05-03",,,"2.9","Baladna Egypt","Operations","Quality Assurance & Food Safety","Operations","Quality Assurance & Food Safety - Section 3","CC-564","POS-01261","Specialist - Quality Assurance & Food Safety","Quality Assurance & Food Safety","G6","Supervisory","BLD-100714","Sameer Al-Sayed","10th of Ramadan City Site","Egypt","10th of Ramadan City","Local"
"BLD-101263","EMP001262","Shobha Mahmoud","Shobha","Female","Bangladeshi","1978-06-22","47","Single","Active","Permanent","Full Time","2025-12-20","2026-03-20",,,"0","Baladna Q.P.S.C. (Qatar)","Commercial","Marketing","Commercial","Marketing - Section 2","CC-916","POS-01262","Senior Technician - Marketing","Marketing","G9","Supervisory","BLD-100504","Rowena Kapoor","Doha Site","Qatar","Doha","Expatriate"
"BLD-101264","EMP001263","Sanjay Gurung","Sanjay","Male","Bangladeshi","1985-02-22","40","Married","Terminated","Permanent","Full Time","2024-03-24","2024-06-22","2025-08-19","End of Contract - Not Renewed by Employee","1.4","Baladna Q.P.S.C. (Qatar)","Corporate","Finance","Corporate","Finance - Section 3","CC-502","POS-01263","Team Lead - Finance","Finance","G9","Supervisory","BLD-100891","Ahmed Malik","Al Rayyan Site","Qatar","Al Rayyan","Expatriate"
"BLD-101265","EMP001264","Suresh Hassan","Suresh","Male","Filipino","1976-02-04","49","Single","Active","Contract","Full Time","2023-02-25","2023-05-26",,,"2.8","Baladna Q.P.S.C. (Qatar)","Commercial","Sales & Distribution","Commercial","Sales & Distribution - Section 1","CC-310","POS-01264","Assistant Manager - Sales & Distribution","Sales & Distribution","G11","Managerial","BLD-101147","Deepak Gurung","Al Khor Site","Qatar","Al Khor","Expatriate"
"BLD-101266","EMP001265","Prakash Rai","Prakash","Male","Sri Lankan","1983-02-05","40","Single","Terminated","Permanent","Full Time","2023-09-15","2023-12-14","2023-12-14","Resignation - Relocation","0.2","Baladna Q.P.S.C. (Qatar)","Corporate","IT & Digital","Corporate","IT & Digital - Section 3","CC-289","POS-01265","Technician - IT & Digital","IT & Digital","G3","Staff","BLD-101024","Amina Fernandes","Doha Site","Qatar","Doha","Expatriate"
"BLD-101267","EMP001266","Manoj Khan","Manoj","Male","Nepali","1997-07-09","28","Married","Active","Temporary","Full Time","2025-10-23","2026-01-21",,,"0.2","Baladna Q.P.S.C. (Qatar)","Supply Chain","Supply Chain & Logistics","Supply Chain","Supply Chain & Logistics - Section 3","CC-370","POS-01266","Assistant - Supply Chain & Logistics","Supply Chain & Logistics","G1","Staff","BLD-101302","Khalid Santos","Al Khor Site","Qatar","Al Khor","Expatriate"
"BLD-101268","EMP001267","Yasmin Al-Sayed","Yasmin","Female","Indian","1979-04-18","46","Married","Active","Contract","Full Time","2024-12-13","2025-03-13",,,"1","Baladna Q.P.S.C. (Qatar)","Corporate","IT & Digital","Corporate","IT & Digital - Section 1","CC-289","POS-01267","Technician - IT & Digital","IT & Digital","G2","Staff","BLD-100513","Hari Al-Marri","Doha Site","Qatar","Doha","Expatriate"
"BLD-101269","EMP001268","Anil Malik","Anil","Male","Egyptian","1982-08-22","42","Married","Terminated","Permanent","Full Time","2023-03-15","2023-06-13","2025-02-08","Resignation - Relocation","1.9","Baladna Egypt","Supply Chain","Supply Chain & Logistics","Supply Chain","Supply Chain & Logistics - Section 1","CC-370","POS-01268","Associate - Supply Chain & Logistics","Supply Chain & Logistics","G1","Staff","BLD-100690","Faisal Al-Marri","Cairo Site","Egypt","Cairo","Local"
"BLD-101270","EMP001269","Shobha Thapa","Shobha","Female","Egyptian","1999-12-07","25","Single","Terminated","Contract","Full Time","2024-01-17","2024-04-16","2025-03-31","End of Contract - Not Renewed by Employee","1.2","Baladna Egypt","Corporate","Finance","Corporate","Finance - Section 3","CC-502","POS-01269","Assistant Manager - Finance","Finance","G10","Managerial","BLD-101128","Rakesh Cruz","Alexandria Site","Egypt","Alexandria","Local"
"BLD-101271","EMP001270","Ahmed Thapa","Ahmed","Male","Egyptian","1977-04-04","48","Single","Active","Temporary","Full Time","2025-03-05","2025-06-03",,,"0.8","Baladna Egypt","Operations","Quality Assurance & Food Safety","Operations","Quality Assurance & Food Safety - Section 1","CC-564","POS-01270","Officer - Quality Assurance & Food Safety","Quality Assurance & Food Safety","G2","Staff","BLD-101507","Khalid Al-Marri","Cairo Site","Egypt","Cairo","Local"
"BLD-101272","EMP001271","Reem Thapa","Reem","Female","Sri Lankan","1983-09-24","40","Married","Terminated","Permanent","Full Time","2023-06-18","2023-09-16","2024-02-19","Resignation - Personal Reasons","0.7","Baladna Q.P.S.C. (Qatar)","Corporate","People & Culture","Corporate","People & Culture - Section 2","CC-310","POS-01271","Assistant - People & Culture","People & Culture","G4","Staff","BLD-101033","Hassan Cruz","Al Khor Site","Qatar","Al Khor","Expatriate"
"BLD-101273","EMP001272","Rania Khan","Rania","Female","Qatari","1987-08-07","38","Married","Active","Permanent","Full Time","2025-02-15","2025-05-16",,,"0.9","Baladna Q.P.S.C. (Qatar)","Operations","Production","Operations","Production - Section 3","CC-956","POS-01272","Operator - Production","Production","G1","Staff","BLD-101468","Omar Al-Kuwari","Al Rayyan Site","Qatar","Al Rayyan","Local"
"BLD-101274","EMP001273","Khalid Santos","Khalid","Male","Indian","1971-09-04","54","Married","Active","Permanent","Full Time","2024-09-26","2024-12-25",,,"1.3","Baladna Q.P.S.C. (Qatar)","Corporate","People & Culture","Corporate","People & Culture - Section 1","CC-310","POS-01273","Senior Manager - People & Culture","People & Culture","G11","Managerial","BLD-100700","Prakash Mendoza","Doha Site","Qatar","Doha","Expatriate"
"BLD-101275","EMP001274","Anil Iqbal","Anil","Male","Egyptian","1973-08-17","52","Married","Active","Permanent","Full Time","2023-10-22","2024-01-20",,,"2.2","Baladna Q.P.S.C. (Qatar)","Operations","R&D","Operations","R&D - Section 1","CC-118","POS-01274","Technician - R&D","R&D","G2","Staff","BLD-100727","Yasmin Rai","Al Khor Site","Qatar","Al Khor","Expatriate"
"BLD-101276","EMP001275","Bikram Iqbal","Bikram","Male","Nepali","1996-05-07","29","Married","Active","Permanent","Full Time","2025-10-16","2026-01-14",,,"0.2","Baladna Q.P.S.C. (Qatar)","Commercial","Sales & Distribution","Commercial","Sales & Distribution - Section 1","CC-310","POS-01275","Coordinator - Sales & Distribution","Sales & Distribution","G2","Staff","BLD-101064","Nadia Baig","Doha Site","Qatar","Doha","Expatriate"
"BLD-101277","EMP001276","Rajesh Youssef","Rajesh","Male","Egyptian","2003-09-20","22","Married","Terminated","Permanent","Full Time","2025-09-19","2025-12-18","2025-11-15","Termination - Disciplinary","0.2","Baladna Egypt","Supply Chain","Supply Chain & Logistics","Supply Chain","Supply Chain & Logistics - Section 1","CC-370","POS-01276","Coordinator - Supply Chain & Logistics","Supply Chain & Logistics","G4","Staff","BLD-100753","Anil Islam","10th of Ramadan City Site","Egypt","10th of Ramadan City","Local"
"BLD-101278","EMP001277","Kavita Ibrahim","Kavita","Female","Egyptian","1979-01-24","46","Married","Active","Contract","Part Time","2025-10-27","2026-01-25",,,"0.2","Baladna Egypt","Corporate","People & Culture","Corporate","People & Culture - Section 2","CC-310","POS-01277","Technician - People & Culture","People & Culture","G4","Staff","BLD-101048","Cherry Reyes","10th of Ramadan City Site","Egypt","10th of Ramadan City","Local"
"BLD-101279","EMP001278","Ramesh Ahmed","Ramesh","Male","Indian","1979-09-06","46","Single","Active","Temporary","Full Time","2024-02-16","2024-05-16",,,"1.9","Baladna Q.P.S.C. (Qatar)","Supply Chain","Supply Chain & Logistics","Supply Chain","Supply Chain & Logistics - Section 3","CC-370","POS-01278","Manager - Supply Chain & Logistics","Supply Chain & Logistics","G10","Managerial","BLD-101509","Suresh Reyes","Al Rayyan Site","Qatar","Al Rayyan","Expatriate"
"BLD-101280","EMP001279","Santosh Reyes","Santosh","Male","Egyptian","1974-11-13","51","Single","Active","Temporary","Full Time","2025-02-05","2025-05-06",,,"0.9","Baladna Egypt","Corporate","Finance","Corporate","Finance - Section 3","CC-502","POS-01279","Supervisor - Finance","Finance","G6","Supervisory","BLD-101497","Mariam Chowdhury","Cairo Site","Egypt","Cairo","Local"
"BLD-101281","EMP001280","Faisal Sharma","Faisal","Male","Bangladeshi","1969-01-16","56","Single","Active","Permanent","Full Time","2023-06-26","2023-09-24",,,"2.5","Baladna Q.P.S.C. (Qatar)","Supply Chain","Procurement","Supply Chain","Procurement - Section 2","CC-637","POS-01280","Coordinator - Procurement","Procurement","G3","Staff","BLD-100754","Priya Baig","Al Khor Site","Qatar","Al Khor","Expatriate"
"BLD-101282","EMP001281","Arjun Thapa","Arjun","Male","Sri Lankan","1999-06-17","26","Other","Active","Permanent","Full Time","2024-01-11","2024-04-10",,,"2","Baladna Q.P.S.C. (Qatar)","Operations","Farm Operations","Operations","Farm Operations - Section 3","CC-662","POS-01281","Coordinator - Farm Operations","Farm Operations","G5","Staff","BLD-101366","Cherry Khan","Al Khor Site","Qatar","Al Khor","Expatriate"
"BLD-101283","EMP001282","Nadia Al-Sayed","Nadia","Female","Sudanese","1970-07-23","55","Single","Active","Permanent","Full Time","2024-01-05","2024-04-04",,,"2","Baladna Q.P.S.C. (Qatar)","Corporate","People & Culture","Corporate","People & Culture - Section 2","CC-310","POS-01282","Officer - People & Culture","People & Culture","G5","Staff","BLD-100896","Hind Youssef","Doha Site","Qatar","Doha","Expatriate"
"BLD-101284","EMP001283","Anil Al-Marri","Anil","Male","Nepali","1989-02-20","35","Single","Terminated","Permanent","Full Time","2023-06-21","2023-09-19","2024-06-23","End of Contract - Not Renewed by Employee","1","Baladna Q.P.S.C. (Qatar)","Supply Chain","Procurement","Supply Chain","Procurement - Section 3","CC-637","POS-01283","Operator - Procurement","Procurement","G1","Staff","BLD-101376","Joy Reyes","Doha Site","Qatar","Doha","Expatriate"
"BLD-101285","EMP001284","Dalia Ahmed","Dalia","Female","Egyptian","1977-09-15","48","Married","Active","Contract","Full Time","2024-04-01","2024-06-30",,,"1.7","Baladna Q.P.S.C. (Qatar)","Supply Chain","Supply Chain & Logistics","Supply Chain","Supply Chain & Logistics - Section 2","CC-370","POS-01284","Officer - Supply Chain & Logistics","Supply Chain & Logistics","G4","Staff","BLD-100919","Ramesh Santos","Doha Site","Qatar","Doha","Expatriate"
"BLD-101286","EMP001285","Omar Al-Kuwari","Omar","Male","Egyptian","1990-03-10","35","Married","Active","Contract","Full Time","2024-03-24","2024-06-22",,,"1.8","Baladna Egypt","Operations","Production","Operations","Production - Section 1","CC-956","POS-01285","Technician - Production","Production","G2","Staff","BLD-101352","Ali Thapa","10th of Ramadan City Site","Egypt","10th of Ramadan City","Local"
"BLD-101287","EMP001286","Mariam Pereira","Mariam","Female","Sri Lankan","1986-05-09","39","Married","Terminated","Permanent","Full Time","2024-07-17","2024-10-15","2025-10-28","Resignation - Better Opportunity","1.3","Baladna Q.P.S.C. (Qatar)","Corporate","Corporate & Executive Office","Corporate","Corporate & Executive Office - Section 3","CC-577","POS-01286","Operator - Corporate & Executive Office","Corporate & Executive Office","G3","Staff","BLD-101473","Pooja Abdullah","Al Rayyan Site","Qatar","Al Rayyan","Expatriate"
"BLD-101288","EMP001287","Mohamed Al-Sayed","Mohamed","Male","Egyptian","1981-03-10","44","Married","Active","Permanent","Full Time","2025-08-09","2025-11-07",,,"0.4","Baladna Egypt","Supply Chain","Supply Chain & Logistics","Supply Chain","Supply Chain & Logistics - Section 3","CC-370","POS-01287","Technician - Supply Chain & Logistics","Supply Chain & Logistics","G5","Staff","BLD-101086","Nadia El-Sayed","Cairo Site","Egypt","Cairo","Local"
"BLD-101289","EMP001288","Ali Kapoor","Ali","Male","Filipino","1974-12-27","49","Other","Terminated","Permanent","Full Time","2023-01-22","2023-04-22","2024-08-08","End of Contract - Not Renewed by Employee","1.5","Baladna Q.P.S.C. (Qatar)","Supply Chain","Procurement","Supply Chain","Procurement - Section 2","CC-637","POS-01288","Manager - Procurement","Procurement","G11","Managerial","BLD-100763","Mohamed Rai","Doha Site","Qatar","Doha","Expatriate"
"BLD-101290","EMP001289","Rania Mansour","Rania","Female","Egyptian","1980-01-24","45","Other","Active","Permanent","Full Time","2024-11-25","2025-02-23",,,"1.1","Baladna Q.P.S.C. (Qatar)","Corporate","People & Culture","Corporate","People & Culture - Section 3","CC-310","POS-01289","Technician - People & Culture","People & Culture","G5","Staff","BLD-100615","Dina Reyes","Doha Site","Qatar","Doha","Expatriate"
"BLD-101291","EMP001290","Reem Mahmoud","Reem","Female","Nepali","1971-11-27","53","Married","Terminated","Permanent","Full Time","2023-11-05","2024-02-03","2025-04-20","End of Contract - Not Renewed by Employee","1.5","Baladna Q.P.S.C. (Qatar)","Operations","Quality Assurance & Food Safety","Operations","Quality Assurance & Food Safety - Section 3","CC-564","POS-01290","Team Lead - Quality Assurance & Food Safety","Quality Assurance & Food Safety","G7","Supervisory","BLD-101259","Manoj Al-Kuwari","Doha Site","Qatar","Doha","Expatriate"
"BLD-101292","EMP001291","Noor Al-Sayed","Noor","Female","Egyptian","1984-04-24","41","Single","Active","Permanent","Full Time","2024-06-16","2024-09-14",,,"1.5","Baladna Egypt","Corporate","People & Culture","Corporate","People & Culture - Section 3","CC-310","POS-01291","Head of Department - People & Culture","People & Culture","G13","Executive","BLD-100001","Yousef Al-Attiyah","Cairo Site","Egypt","Cairo","Local"
"BLD-101293","EMP001292","Hassan Santos","Hassan","Male","Egyptian","1982-07-12","43","Married","Active","Permanent","Full Time","2025-06-10","2025-09-08",,,"0.6","Baladna Egypt","Operations","Quality Assurance & Food Safety","Operations","Quality Assurance & Food Safety - Section 1","CC-564","POS-01292","Supervisor - Quality Assurance & Food Safety","Quality Assurance & Food Safety","G7","Supervisory","BLD-101220","Aisha Malik","10th of Ramadan City Site","Egypt","10th of Ramadan City","Local"
"BLD-101294","EMP001293","Mona Islam","Mona","Female","Pakistani","1986-01-07","39","Married","Terminated","Permanent","Full Time","2023-02-10","2023-05-11","2025-08-15","Resignation - Personal Reasons","2.5","Baladna Q.P.S.C. (Qatar)","Corporate","Corporate & Executive Office","Corporate","Corporate & Executive Office - Section 1","CC-577","POS-01293","Associate - Corporate & Executive Office","Corporate & Executive Office","G5","Staff","BLD-100207","Rina Rai","Doha Site","Qatar","Doha","Expatriate"
"BLD-101295","EMP001294","Rajesh Sharma","Rajesh","Male","Egyptian","1996-09-22","29","Married","Active","Permanent","Full Time","2025-02-07","2025-05-08",,,"0.9","Baladna Egypt","Supply Chain","Supply Chain & Logistics","Supply Chain","Supply Chain & Logistics - Section 3","CC-370","POS-01294","Assistant - Supply Chain & Logistics","Supply Chain & Logistics","G1","Staff","BLD-100072","Jose Reyes","Cairo Site","Egypt","Cairo","Local"
"BLD-101296","EMP001295","Pooja Santos","Pooja","Female","Filipino","1987-04-05","38","Married","Terminated","Permanent","Full Time","2023-10-04","2024-01-02","2025-12-24","Resignation - Relocation","2.2","Baladna Q.P.S.C. (Qatar)","Corporate","People & Culture","Corporate","People & Culture - Section 2","CC-310","POS-01295","Coordinator - People & Culture","People & Culture","G5","Staff","BLD-100035","Noor Mahmoud","Al Rayyan Site","Qatar","Al Rayyan","Expatriate"
"BLD-101297","EMP001296","Krishna Kapoor","Krishna","Male","Sri Lankan","1982-02-27","43","Single","Active","Permanent","Full Time","2024-04-05","2024-07-04",,,"1.7","Baladna Q.P.S.C. (Qatar)","Corporate","Finance","Corporate","Finance - Section 1","CC-502","POS-01296","Chief Officer - Finance","Finance","G13","Executive","BLD-100001","Yousef Al-Attiyah","Al Rayyan Site","Qatar","Al Rayyan","Expatriate"
"BLD-101298","EMP001297","Sunita Mendoza","Sunita","Female","Egyptian","2002-08-14","23","Single","Active","Permanent","Full Time","2024-12-14","2025-03-14",,,"1","Baladna Egypt","Corporate","People & Culture","Corporate","People & Culture - Section 1","CC-310","POS-01297","Technician - People & Culture","People & Culture","G1","Staff","BLD-101339","Rania Baig","10th of Ramadan City Site","Egypt","10th of Ramadan City","Local"
"BLD-101299","EMP001298","Rakesh Pereira","Rakesh","Male","Sri Lankan","1970-01-13","55","Single","Active","Permanent","Full Time","2023-02-10","2023-05-11",,,"2.9","Baladna Q.P.S.C. (Qatar)","Corporate","Finance","Corporate","Finance - Section 2","CC-502","POS-01298","Senior Manager - Finance","Finance","G10","Managerial","BLD-101297","Krishna Kapoor","Al Khor Site","Qatar","Al Khor","Expatriate"
"BLD-101300","EMP001299","Amina Hassan","Amina","Female","Egyptian","1991-03-20","32","Single","Terminated","Permanent","Full Time","2023-03-12","2023-06-10","2023-04-22","Resignation - Personal Reasons","0.1","Baladna Egypt","Corporate","Finance","Corporate","Finance - Section 3","CC-502","POS-01299","Operator - Finance","Finance","G5","Staff","BLD-100512","Anita Pereira","10th of Ramadan City Site","Egypt","10th of Ramadan City","Local"
"BLD-101301","EMP001300","Krishna Hassan","Krishna","Male","Indian","1984-03-11","39","Married","Terminated","Contract","Full Time","2023-01-08","2023-04-08","2023-09-29","Resignation - Personal Reasons","0.7","Baladna Q.P.S.C. (Qatar)","Operations","R&D","Operations","R&D - Section 3","CC-118","POS-01300","Associate - R&D","R&D","G2","Staff","BLD-101494","Manoj Santos","Doha Site","Qatar","Doha","Expatriate"
"BLD-101302","EMP001301","Khalid Santos","Khalid","Male","Nepali","1977-01-27","48","Married","Terminated","Permanent","Full Time","2023-08-13","2023-11-11","2025-11-09","Resignation - Relocation","2.2","Baladna Q.P.S.C. (Qatar)","Supply Chain","Supply Chain & Logistics","Supply Chain","Supply Chain & Logistics - Section 3","CC-370","POS-01301","Team Lead - Supply Chain & Logistics","Supply Chain & Logistics","G6","Supervisory","BLD-100020","Ravi Khan","Doha Site","Qatar","Doha","Expatriate"
"BLD-101303","EMP001302","Manoj El-Sayed","Manoj","Male","Indian","1980-02-13","45","Married","Active","Permanent","Full Time","2025-03-03","2025-06-01",,,"0.8","Baladna Q.P.S.C. (Qatar)","Operations","Quality Assurance & Food Safety","Operations","Quality Assurance & Food Safety - Section 1","CC-564","POS-01302","Assistant - Quality Assurance & Food Safety","Quality Assurance & Food Safety","G1","Staff","BLD-100495","Krishna Youssef","Al Khor Site","Qatar","Al Khor","Expatriate"
"BLD-101304","EMP001303","Nadia Youssef","Nadia","Female","Nepali","2002-07-23","23","Single","Active","Permanent","Full Time","2023-05-15","2023-08-13",,,"2.6","Baladna Q.P.S.C. (Qatar)","Corporate","Finance","Corporate","Finance - Section 2","CC-502","POS-01303","Manager - Finance","Finance","G10","Managerial","BLD-101297","Krishna Kapoor","Al Khor Site","Qatar","Al Khor","Expatriate"
"BLD-101305","EMP001304","Sunita Thapa","Sunita","Female","Egyptian","1973-06-15","52","Married","Active","Permanent","Full Time","2023-12-18","2024-03-17",,,"2","Baladna Q.P.S.C. (Qatar)","Operations","R&D","Operations","R&D - Section 3","CC-118","POS-01304","Senior Technician - R&D","R&D","G8","Supervisory","BLD-100897","Yasmin Malik","Al Khor Site","Qatar","Al Khor","Expatriate"
"BLD-101306","EMP001305","Priya Reyes","Priya","Female","Nepali","1994-07-18","30","Married","Terminated","Permanent","Full Time","2023-03-17","2023-06-15","2025-02-11","Termination - Performance","1.9","Baladna Q.P.S.C. (Qatar)","Operations","R&D","Operations","R&D - Section 3","CC-118","POS-01305","Technician - R&D","R&D","G5","Staff","BLD-100452","Anita Ahmed","Doha Site","Qatar","Doha","Expatriate"
"BLD-101307","EMP001306","Mariam Khan","Mariam","Female","Egyptian","1978-09-24","47","Married","Active","Permanent","Full Time","2024-12-14","2025-03-14",,,"1","Baladna Egypt","Corporate","People & Culture","Corporate","People & Culture - Section 2","CC-310","POS-01306","Director - People & Culture","People & Culture","G14","Executive","BLD-100001","Yousef Al-Attiyah","10th of Ramadan City Site","Egypt","10th of Ramadan City","Local"
"BLD-101308","EMP001307","Salma Mansour","Salma","Female","Nepali","1970-10-13","55","Married","Active","Permanent","Full Time","2023-03-24","2023-06-22",,,"2.8","Baladna Q.P.S.C. (Qatar)","Operations","R&D","Operations","R&D - Section 1","CC-118","POS-01307","Assistant Manager - R&D","R&D","G11","Managerial","BLD-100766","Priya Farouk","Al Khor Site","Qatar","Al Khor","Expatriate"
"BLD-101309","EMP001308","Sameer Abdullah","Sameer","Male","Bangladeshi","1995-01-12","30","Married","Active","Permanent","Full Time","2025-07-08","2025-10-06",,,"0.5","Baladna Q.P.S.C. (Qatar)","Corporate","Finance","Corporate","Finance - Section 3","CC-502","POS-01308","Assistant Manager - Finance","Finance","G10","Managerial","BLD-101297","Krishna Kapoor","Al Rayyan Site","Qatar","Al Rayyan","Expatriate"
"BLD-101310","EMP001309","Kavita Islam","Kavita","Female","Egyptian","1973-10-10","52","Married","Active","Permanent","Full Time","2023-09-14","2023-12-13",,,"2.3","Baladna Q.P.S.C. (Qatar)","Commercial","Marketing","Commercial","Marketing - Section 3","CC-916","POS-01309","Senior Officer - Marketing","Marketing","G8","Supervisory","BLD-101252","Ramesh Sharma","Al Khor Site","Qatar","Al Khor","Expatriate"
"BLD-101311","EMP001310","Prakash Pereira","Prakash","Male","Egyptian","1999-10-06","25","Married","Terminated","Permanent","Full Time","2024-05-12","2024-08-10","2025-07-07","Termination - Redundancy","1.2","Baladna Egypt","Corporate","Finance","Corporate","Finance - Section 1","CC-502","POS-01310","Coordinator - Finance","Finance","G5","Staff","BLD-100895","Rina Malik","10th of Ramadan City Site","Egypt","10th of Ramadan City","Local"
"BLD-101312","EMP001311","Anil Al-Sayed","Anil","Male","Egyptian","1977-02-26","48","Married","Active","Contract","Full Time","2025-01-15","2025-04-15",,,"1","Baladna Q.P.S.C. (Qatar)","Corporate","Corporate & Executive Office","Corporate","Corporate & Executive Office - Section 2","CC-577","POS-01311","Senior Officer - Corporate & Executive Office","Corporate & Executive Office","G8","Supervisory","BLD-101018","Priya Farouk","Doha Site","Qatar","Doha","Expatriate"
"BLD-101313","EMP001312","Suresh Youssef","Suresh","Male","Filipino","1993-05-24","32","Married","Active","Permanent","Full Time","2023-02-23","2023-05-24",,,"2.9","Baladna Q.P.S.C. (Qatar)","Commercial","Marketing","Commercial","Marketing - Section 3","CC-916","POS-01312","Senior Technician - Marketing","Marketing","G8","Supervisory","BLD-100538","Anita Gurung","Al Khor Site","Qatar","Al Khor","Expatriate"
"BLD-101314","EMP001313","Santosh Fernandes","Santosh","Male","Jordanian","1976-02-27","49","Single","Active","Permanent","Full Time","2025-07-22","2025-10-20",,,"0.4","Baladna Q.P.S.C. (Qatar)","Corporate","IT & Digital","Corporate","IT & Digital - Section 3","CC-289","POS-01313","Manager - IT & Digital","IT & Digital","G10","Managerial","BLD-101147","Deepak Gurung","Doha Site","Qatar","Doha","Expatriate"
"BLD-101315","EMP001314","Rakesh Rai","Rakesh","Male","Nepali","1997-10-13","26","Single","Terminated","Permanent","Full Time","2024-06-27","2024-09-25","2024-08-12","Resignation - Personal Reasons","0.1","Baladna Q.P.S.C. (Qatar)","Corporate","IT & Digital","Corporate","IT & Digital - Section 2","CC-289","POS-01314","Technician - IT & Digital","IT & Digital","G5","Staff","BLD-101478","Juan Islam","Al Khor Site","Qatar","Al Khor","Expatriate"
"BLD-101316","EMP001315","Huda Ibrahim","Huda","Female","Qatari","1988-08-23","37","Married","Active","Permanent","Full Time","2025-10-10","2026-01-08",,,"0.2","Baladna Q.P.S.C. (Qatar)","Corporate","IT & Digital","Corporate","IT & Digital - Section 2","CC-289","POS-01315","Coordinator - IT & Digital","IT & Digital","G4","Staff","BLD-100628","Rowena Ibrahim","Doha Site","Qatar","Doha","Local"
"BLD-101317","EMP001316","Arjun Mendoza","Arjun","Male","Egyptian","1983-01-01","42","Married","Active","Temporary","Full Time","2024-12-27","2025-03-27",,,"1","Baladna Egypt","Corporate","People & Culture","Corporate","People & Culture - Section 1","CC-310","POS-01316","Assistant - People & Culture","People & Culture","G3","Staff","BLD-100947","Manoj Fernandes","10th of Ramadan City Site","Egypt","10th of Ramadan City","Local"
"BLD-101318","EMP001317","Hari Gurung","Hari","Male","Nepali","2002-06-18","22","Married","Terminated","Permanent","Full Time","2023-11-13","2024-02-11","2025-03-27","Termination - Disciplinary","1.4","Baladna Q.P.S.C. (Qatar)","Corporate","Corporate & Executive Office","Corporate","Corporate & Executive Office - Section 3","CC-577","POS-01317","Operator - Corporate & Executive Office","Corporate & Executive Office","G1","Staff","BLD-100980","Arjun Cruz","Doha Site","Qatar","Doha","Expatriate"
"BLD-101319","EMP001318","Amina Rai","Amina","Female","Qatari","1985-04-09","40","Married","Active","Contract","Full Time","2023-10-25","2024-01-23",,,"2.2","Baladna Q.P.S.C. (Qatar)","Corporate","Finance","Corporate","Finance - Section 1","CC-502","POS-01318","Technician - Finance","Finance","G1","Staff","BLD-100318","Grace Fernandes","Al Khor Site","Qatar","Al Khor","Local"
"BLD-101320","EMP001319","Bikram Al-Sayed","Bikram","Male","Egyptian","1993-10-27","32","Married","Active","Permanent","Full Time","2024-03-23","2024-06-21",,,"1.8","Baladna Q.P.S.C. (Qatar)","Commercial","Sales & Distribution","Commercial","Sales & Distribution - Section 3","CC-310","POS-01319","Assistant - Sales & Distribution","Sales & Distribution","G1","Staff","BLD-100831","Hari Al-Kuwari","Al Khor Site","Qatar","Al Khor","Expatriate"
"BLD-101321","EMP001320","Ahmed Malik","Ahmed","Male","Pakistani","1978-02-12","47","Single","Active","Permanent","Full Time","2024-03-02","2024-05-31",,,"1.8","Baladna Q.P.S.C. (Qatar)","Operations","Farm Operations","Operations","Farm Operations - Section 1","CC-662","POS-01320","Team Lead - Farm Operations","Farm Operations","G9","Supervisory","BLD-100331","Ahmed Cruz","Al Khor Site","Qatar","Al Khor","Expatriate"
"BLD-101322","EMP001321","Omar Abdullah","Omar","Male","Indian","1970-07-22","53","Married","Terminated","Permanent","Full Time","2024-03-20","2024-06-18","2024-07-04","Resignation - Better Opportunity","0.3","Baladna Q.P.S.C. (Qatar)","Operations","Farm Operations","Operations","Farm Operations - Section 2","CC-662","POS-01321","Officer - Farm Operations","Farm Operations","G4","Staff","BLD-100456","Krishna Thapa","Doha Site","Qatar","Doha","Expatriate"
"BLD-101323","EMP001322","Faisal Ahmed","Faisal","Male","Egyptian","1975-02-11","50","Married","Terminated","Permanent","Full Time","2024-09-11","2024-12-10","2025-12-05","Resignation - Personal Reasons","1.2","Baladna Egypt","Operations","Quality Assurance & Food Safety","Operations","Quality Assurance & Food Safety - Section 2","CC-564","POS-01322","Technician - Quality Assurance & Food Safety","Quality Assurance & Food Safety","G5","Staff","BLD-101406","Omar Ibrahim","Cairo Site","Egypt","Cairo","Local"
"BLD-101324","EMP001323","Joy Ibrahim","Joy","Female","Nepali","1976-12-24","46","Single","Terminated","Permanent","Full Time","2023-03-26","2023-06-24","2023-11-17","Resignation - Personal Reasons","0.6","Baladna Q.P.S.C. (Qatar)","Commercial","Marketing","Commercial","Marketing - Section 1","CC-916","POS-01323","Assistant - Marketing","Marketing","G2","Staff","BLD-100675","Rowena Chowdhury","Al Khor Site","Qatar","Al Khor","Expatriate"
"BLD-101325","EMP001324","Noor Reyes","Noor","Female","Egyptian","1995-05-15","29","Married","Terminated","Permanent","Full Time","2024-06-23","2024-09-21","2024-09-02","Resignation - Relocation","0.2","Baladna Egypt","Corporate","People & Culture","Corporate","People & Culture - Section 2","CC-310","POS-01324","Officer - People & Culture","People & Culture","G5","Staff","BLD-100383","Juan Santos","10th of Ramadan City Site","Egypt","10th of Ramadan City","Local"
"BLD-101326","EMP001325","Pooja Cruz","Pooja","Female","Filipino","1987-10-05","37","Other","Terminated","Permanent","Full Time","2023-09-10","2023-12-09","2025-04-17","Termination - Redundancy","1.6","Baladna Q.P.S.C. (Qatar)","Operations","Engineering & Maintenance","Operations","Engineering & Maintenance - Section 1","CC-178","POS-01325","Senior Technician - Engineering & Maintenance","Engineering & Maintenance","G6","Supervisory","BLD-100008","Ramesh Kapoor","Doha Site","Qatar","Doha","Expatriate"
"BLD-101327","EMP001326","Anil Farouk","Anil","Male","Egyptian","1977-11-17","47","Married","Terminated","Permanent","Full Time","2024-08-10","2024-11-08","2025-08-29","Contract Non-Renewal - Company Decision","1.1","Baladna Egypt","Operations","Quality Assurance & Food Safety","Operations","Quality Assurance & Food Safety - Section 3","CC-564","POS-01326","Operator - Quality Assurance & Food Safety","Quality Assurance & Food Safety","G4","Staff","BLD-100703","Sunita Cruz","Cairo Site","Egypt","Cairo","Local"
"BLD-101328","EMP001327","Ali Ahmed","Ali","Male","Egyptian","1991-11-19","34","Married","Active","Contract","Full Time","2025-07-15","2025-10-13",,,"0.5","Baladna Egypt","Corporate","Finance","Corporate","Finance - Section 1","CC-502","POS-01327","Manager - Finance","Finance","G10","Managerial","BLD-101307","Mariam Khan","Cairo Site","Egypt","Cairo","Local"
"BLD-101329","EMP001328","Mohamed Rai","Mohamed","Male","Bangladeshi","2002-02-05","23","Married","Active","Permanent","Full Time","2024-08-03","2024-11-01",,,"1.4","Baladna Q.P.S.C. (Qatar)","Operations","Quality Assurance & Food Safety","Operations","Quality Assurance & Food Safety - Section 2","CC-564","POS-01328","Associate - Quality Assurance & Food Safety","Quality Assurance & Food Safety","G1","Staff","BLD-100619","Hassan Rai","Doha Site","Qatar","Doha","Expatriate"
"BLD-101330","EMP001329","Faisal Fernandes","Faisal","Male","Sri Lankan","1994-12-02","30","Married","Terminated","Contract","Full Time","2023-05-16","2023-08-14","2025-02-26","End of Contract - Not Renewed by Employee","1.8","Baladna Q.P.S.C. (Qatar)","Corporate","Corporate & Executive Office","Corporate","Corporate & Executive Office - Section 1","CC-577","POS-01329","Officer - Corporate & Executive Office","Corporate & Executive Office","G4","Staff","BLD-100992","Rakesh Islam","Doha Site","Qatar","Doha","Expatriate"
"BLD-101331","EMP001330","Ali Malik","Ali","Male","Indian","1999-11-03","26","Single","Active","Contract","Full Time","2025-10-22","2026-01-20",,,"0.2","Baladna Q.P.S.C. (Qatar)","Corporate","Corporate & Executive Office","Corporate","Corporate & Executive Office - Section 2","CC-577","POS-01330","Associate - Corporate & Executive Office","Corporate & Executive Office","G3","Staff","BLD-100407","Rowena Fernandes","Al Khor Site","Qatar","Al Khor","Expatriate"
"BLD-101332","EMP001331","Krishna Islam","Krishna","Male","Sudanese","1997-10-19","28","Married","Active","Contract","Full Time","2024-07-25","2024-10-23",,,"1.4","Baladna Q.P.S.C. (Qatar)","Operations","Farm Operations","Operations","Farm Operations - Section 1","CC-662","POS-01331","Coordinator - Farm Operations","Farm Operations","G4","Staff","BLD-100772","Ramesh Malik","Doha Site","Qatar","Doha","Expatriate"
"BLD-101333","EMP001332","Juan Rai","Juan","Male","Nepali","1977-05-26","48","Single","Active","Permanent","Full Time","2025-12-11","2026-03-11",,,"0.1","Baladna Q.P.S.C. (Qatar)","Operations","Quality Assurance & Food Safety","Operations","Quality Assurance & Food Safety - Section 1","CC-564","POS-01332","Assistant - Quality Assurance & Food Safety","Quality Assurance & Food Safety","G1","Staff","BLD-100463","Aisha Ahmed","Al Khor Site","Qatar","Al Khor","Expatriate"
"BLD-101334","EMP001333","Krishna Al-Sayed","Krishna","Male","Filipino","2003-10-20","22","Married","Active","Permanent","Full Time","2024-10-05","2025-01-03",,,"1.2","Baladna Q.P.S.C. (Qatar)","Commercial","Marketing","Commercial","Marketing - Section 3","CC-916","POS-01333","Senior Technician - Marketing","Marketing","G6","Supervisory","BLD-101371","Priya Abdullah","Doha Site","Qatar","Doha","Expatriate"
"BLD-101335","EMP001334","Lubna Thapa","Lubna","Female","Pakistani","2000-10-03","25","Married","Active","Permanent","Full Time","2023-08-04","2023-11-02",,,"2.4","Baladna Q.P.S.C. (Qatar)","Corporate","Corporate & Executive Office","Corporate","Corporate & Executive Office - Section 3","CC-577","POS-01334","Team Lead - Corporate & Executive Office","Corporate & Executive Office","G7","Supervisory","BLD-101143","Noor Abdullah","Al Khor Site","Qatar","Al Khor","Expatriate"
"BLD-101336","EMP001335","Khalid El-Sayed","Khalid","Male","Indian","1976-02-12","49","Single","Active","Permanent","Full Time","2025-01-20","2025-04-20",,,"0.9","Baladna Q.P.S.C. (Qatar)","Supply Chain","Supply Chain & Logistics","Supply Chain","Supply Chain & Logistics - Section 3","CC-370","POS-01335","Associate - Supply Chain & Logistics","Supply Chain & Logistics","G1","Staff","BLD-101374","Layla Ahmed","Al Rayyan Site","Qatar","Al Rayyan","Expatriate"
"BLD-101337","EMP001336","Sameer Hassan","Sameer","Male","Jordanian","1972-07-25","53","Single","Active","Permanent","Full Time","2024-08-07","2024-11-05",,,"1.4","Baladna Q.P.S.C. (Qatar)","Operations","Quality Assurance & Food Safety","Operations","Quality Assurance & Food Safety - Section 2","CC-564","POS-01336","Senior Technician - Quality Assurance & Food Safety","Quality Assurance & Food Safety","G6","Supervisory","BLD-101259","Manoj Al-Kuwari","Doha Site","Qatar","Doha","Expatriate"
"BLD-101338","EMP001337","Hassan El-Sayed","Hassan","Male","Egyptian","1984-11-26","41","Married","Active","Contract","Full Time","2023-05-05","2023-08-03",,,"2.7","Baladna Egypt","Corporate","People & Culture","Corporate","People & Culture - Section 2","CC-310","POS-01337","Specialist - People & Culture","People & Culture","G6","Supervisory","BLD-100789","Sameer Iqbal","Cairo Site","Egypt","Cairo","Local"
"BLD-101339","EMP001338","Rania Baig","Rania","Female","Jordanian","1988-07-23","37","Married","Active","Permanent","Part Time","2023-11-21","2024-02-19",,,"2.1","Baladna Egypt","Corporate","People & Culture","Corporate","People & Culture - Section 2","CC-310","POS-01338","Specialist - People & Culture","People & Culture","G7","Supervisory","BLD-101013","Juan Malik","Cairo Site","Egypt","Cairo","Expatriate"
"BLD-101340","EMP001339","Vikram Khan","Vikram","Male","Pakistani","2002-03-24","21","Married","Terminated","Permanent","Full Time","2023-04-05","2023-07-04","2024-01-18","Resignation - Better Opportunity","0.8","Baladna Q.P.S.C. (Qatar)","Supply Chain","Supply Chain & Logistics","Supply Chain","Supply Chain & Logistics - Section 1","CC-370","POS-01339","Associate - Supply Chain & Logistics","Supply Chain & Logistics","G1","Staff","BLD-100919","Ramesh Santos","Doha Site","Qatar","Doha","Expatriate"
"BLD-101341","EMP001340","Suresh Malik","Suresh","Male","Egyptian","2000-10-09","25","Married","Active","Permanent","Full Time","2023-08-04","2023-11-02",,,"2.4","Baladna Q.P.S.C. (Qatar)","Operations","Production","Operations","Production - Section 2","CC-956","POS-01340","Specialist - Production","Production","G9","Supervisory","BLD-101154","Ali Ibrahim","Al Khor Site","Qatar","Al Khor","Expatriate"
"BLD-101342","EMP001341","Prakash Khan","Prakash","Male","Filipino","1972-06-04","53","Other","Active","Permanent","Full Time","2024-09-19","2024-12-18",,,"1.3","Baladna Q.P.S.C. (Qatar)","Operations","Engineering & Maintenance","Operations","Engineering & Maintenance - Section 2","CC-178","POS-01341","Specialist - Engineering & Maintenance","Engineering & Maintenance","G6","Supervisory","BLD-100008","Ramesh Kapoor","Doha Site","Qatar","Doha","Expatriate"
"BLD-101343","EMP001342","Kumar Al-Kuwari","Kumar","Male","Filipino","1982-08-12","43","Married","Active","Contract","Full Time","2025-07-02","2025-09-30",,,"0.5","Baladna Q.P.S.C. (Qatar)","Supply Chain","Procurement","Supply Chain","Procurement - Section 3","CC-637","POS-01342","Operator - Procurement","Procurement","G3","Staff","BLD-100894","Yasmin Iqbal","Doha Site","Qatar","Doha","Expatriate"
"BLD-101344","EMP001343","Ali Rai","Ali","Male","Filipino","1993-07-15","32","Married","Active","Permanent","Full Time","2023-06-08","2023-09-06",,,"2.6","Baladna Q.P.S.C. (Qatar)","Supply Chain","Procurement","Supply Chain","Procurement - Section 1","CC-637","POS-01343","Officer - Procurement","Procurement","G1","Staff","BLD-100925","Mohamed Chowdhury","Al Rayyan Site","Qatar","Al Rayyan","Expatriate"
"BLD-101345","EMP001344","Lubna Malik","Lubna","Female","Egyptian","1999-08-04","24","Single","Terminated","Permanent","Full Time","2023-01-21","2023-04-21","2024-05-16","Resignation - Better Opportunity","1.3","Baladna Egypt","Supply Chain","Supply Chain & Logistics","Supply Chain","Supply Chain & Logistics - Section 3","CC-370","POS-01344","Officer - Supply Chain & Logistics","Supply Chain & Logistics","G5","Staff","BLD-100753","Anil Islam","Cairo Site","Egypt","Cairo","Local"
"BLD-101346","EMP001345","Sameer Hassan","Sameer","Male","Indian","1976-06-14","49","Married","Active","Permanent","Full Time","2024-09-01","2024-11-30",,,"1.3","Baladna Q.P.S.C. (Qatar)","Operations","Engineering & Maintenance","Operations","Engineering & Maintenance - Section 1","CC-178","POS-01345","Specialist - Engineering & Maintenance","Engineering & Maintenance","G9","Supervisory","BLD-100790","Suresh Devi","Doha Site","Qatar","Doha","Expatriate"
"BLD-101347","EMP001346","Amina Thapa","Amina","Female","Sudanese","1997-09-06","28","Married","Active","Permanent","Full Time","2023-06-08","2023-09-06",,,"2.6","Baladna Q.P.S.C. (Qatar)","Corporate","Finance","Corporate","Finance - Section 1","CC-502","POS-01346","Supervisor - Finance","Finance","G6","Supervisory","BLD-101309","Sameer Abdullah","Doha Site","Qatar","Doha","Expatriate"
"BLD-101348","EMP001347","Jose Farouk","Jose","Male","Egyptian","1996-06-08","29","Single","Active","Temporary","Full Time","2023-04-01","2023-06-30",,,"2.8","Baladna Egypt","Operations","Quality Assurance & Food Safety","Operations","Quality Assurance & Food Safety - Section 2","CC-564","POS-01347","Associate - Quality Assurance & Food Safety","Quality Assurance & Food Safety","G2","Staff","BLD-100447","Pooja Mansour","Cairo Site","Egypt","Cairo","Local"
"BLD-101349","EMP001348","Faisal Iqbal","Faisal","Male","Egyptian","1990-05-05","35","Married","Active","Permanent","Full Time","2024-10-05","2025-01-03",,,"1.2","Baladna Egypt","Commercial","Sales & Distribution","Commercial","Sales & Distribution - Section 3","CC-310","POS-01348","Senior Officer - Sales & Distribution","Sales & Distribution","G6","Supervisory","BLD-100951","Yasmin Sharma","10th of Ramadan City Site","Egypt","10th of Ramadan City","Local"
"BLD-101350","EMP001349","Omar Abdullah","Omar","Male","Egyptian","1978-03-06","47","Married","Active","Permanent","Full Time","2025-02-16","2025-05-17",,,"0.9","Baladna Egypt","Corporate","People & Culture","Corporate","People & Culture - Section 3","CC-310","POS-01349","Team Lead - People & Culture","People & Culture","G8","Supervisory","BLD-100651","Sunita Youssef","10th of Ramadan City Site","Egypt","10th of Ramadan City","Local"
"BLD-101351","EMP001350","Rajesh Khan","Rajesh","Male","Pakistani","1976-12-24","48","Single","Terminated","Contract","Full Time","2025-03-08","2025-06-06","2025-09-10","Resignation - Better Opportunity","0.5","Baladna Q.P.S.C. (Qatar)","Operations","Engineering & Maintenance","Operations","Engineering & Maintenance - Section 3","CC-178","POS-01350","Assistant - Engineering & Maintenance","Engineering & Maintenance","G5","Staff","BLD-101434","Bishnu El-Sayed","Al Rayyan Site","Qatar","Al Rayyan","Expatriate"
"BLD-101352","EMP001351","Ali Thapa","Ali","Male","Egyptian","1994-07-22","31","Married","Active","Contract","Full Time","2024-09-25","2024-12-24",,,"1.3","Baladna Egypt","Operations","Production","Operations","Production - Section 1","CC-956","POS-01351","Specialist - Production","Production","G9","Supervisory","BLD-101084","Mohamed Baig","Cairo Site","Egypt","Cairo","Local"
"BLD-101353","EMP001352","Ramesh Ibrahim","Ramesh","Male","Egyptian","1990-08-10","35","Single","Active","Temporary","Full Time","2024-06-25","2024-09-23",,,"1.5","Baladna Egypt","Commercial","Sales & Distribution","Commercial","Sales & Distribution - Section 2","CC-310","POS-01352","Team Lead - Sales & Distribution","Sales & Distribution","G8","Supervisory","BLD-100676","Suresh Iqbal","Alexandria Site","Egypt","Alexandria","Local"
"BLD-101354","EMP001353","Ahmed Youssef","Ahmed","Male","Sri Lankan","1981-07-20","44","Married","Active","Contract","Full Time","2023-05-26","2023-08-24",,,"2.6","Baladna Q.P.S.C. (Qatar)","Operations","Farm Operations","Operations","Farm Operations - Section 3","CC-662","POS-01353","Coordinator - Farm Operations","Farm Operations","G5","Staff","BLD-100124","Sameer Kapoor","Doha Site","Qatar","Doha","Expatriate"
"BLD-101355","EMP001354","Arjun Youssef","Arjun","Male","Egyptian","1993-01-15","32","Married","Active","Permanent","Full Time","2024-09-15","2024-12-14",,,"1.3","Baladna Egypt","Commercial","Sales & Distribution","Commercial","Sales & Distribution - Section 1","CC-310","POS-01354","Coordinator - Sales & Distribution","Sales & Distribution","G1","Staff","BLD-100673","Jose Malik","Cairo Site","Egypt","Cairo","Local"
"BLD-101356","EMP001355","Dina Baig","Dina","Female","Egyptian","2001-03-10","24","Single","Terminated","Temporary","Full Time","2024-07-18","2024-10-16","2025-10-20","End of Contract - Not Renewed by Employee","1.3","Baladna Egypt","Corporate","Finance","Corporate","Finance - Section 2","CC-502","POS-01355","Operator - Finance","Finance","G5","Staff","BLD-100458","Fatima Youssef","Cairo Site","Egypt","Cairo","Local"
"BLD-101357","EMP001356","Deepak Mansour","Deepak","Male","Jordanian","1988-02-14","37","Married","Active","Contract","Full Time","2023-01-06","2023-04-06",,,"3","Baladna Q.P.S.C. (Qatar)","Operations","Quality Assurance & Food Safety","Operations","Quality Assurance & Food Safety - Section 2","CC-564","POS-01356","Operator - Quality Assurance & Food Safety","Quality Assurance & Food Safety","G2","Staff","BLD-101066","Kumar Mansour","Doha Site","Qatar","Doha","Expatriate"
"BLD-101358","EMP001357","Anil Mendoza","Anil","Male","Indian","1992-02-16","33","Single","Active","Contract","Full Time","2024-09-07","2024-12-06",,,"1.3","Baladna Q.P.S.C. (Qatar)","Corporate","IT & Digital","Corporate","IT & Digital - Section 1","CC-289","POS-01357","Manager - IT & Digital","IT & Digital","G10","Managerial","BLD-101147","Deepak Gurung","Doha Site","Qatar","Doha","Expatriate"
"BLD-101359","EMP001358","Anita Mansour","Anita","Female","Indian","1994-04-14","31","Married","Active","Contract","Full Time","2024-11-26","2025-02-24",,,"1.1","Baladna Q.P.S.C. (Qatar)","Operations","R&D","Operations","R&D - Section 3","CC-118","POS-01358","Team Lead - R&D","R&D","G8","Supervisory","BLD-100813","Hind Khan","Al Khor Site","Qatar","Al Khor","Expatriate"
"BLD-101360","EMP001359","Dalia Al-Kuwari","Dalia","Female","Nepali","1972-03-16","53","Married","Active","Permanent","Full Time","2024-02-26","2024-05-26",,,"1.8","Baladna Q.P.S.C. (Qatar)","Corporate","IT & Digital","Corporate","IT & Digital - Section 1","CC-289","POS-01359","Specialist - IT & Digital","IT & Digital","G9","Supervisory","BLD-100273","Ahmed Al-Sayed","Al Khor Site","Qatar","Al Khor","Expatriate"
"BLD-101361","EMP001360","Juan Farouk","Juan","Male","Egyptian","1997-07-21","28","Married","Active","Permanent","Full Time","2023-12-14","2024-03-13",,,"2","Baladna Egypt","Operations","Production","Operations","Production - Section 1","CC-956","POS-01360","Associate - Production","Production","G1","Staff","BLD-100363","Kavita Chowdhury","Alexandria Site","Egypt","Alexandria","Local"
"BLD-101362","EMP001361","Suresh Reyes","Suresh","Male","Egyptian","2004-12-23","20","Single","Terminated","Permanent","Full Time","2024-08-14","2024-11-12","2025-04-03","Resignation - Better Opportunity","0.6","Baladna Egypt","Corporate","Finance","Corporate","Finance - Section 3","CC-502","POS-01361","Officer - Finance","Finance","G5","Staff","BLD-101280","Santosh Reyes","Cairo Site","Egypt","Cairo","Local"
"BLD-101363","EMP001362","Rina Kapoor","Rina","Female","Indian","1999-08-01","26","Married","Active","Permanent","Full Time","2024-05-14","2024-08-12",,,"1.6","Baladna Q.P.S.C. (Qatar)","Corporate","Corporate & Executive Office","Corporate","Corporate & Executive Office - Section 1","CC-577","POS-01362","Associate - Corporate & Executive Office","Corporate & Executive Office","G1","Staff","BLD-101039","Deepak Abdullah","Doha Site","Qatar","Doha","Expatriate"
"BLD-101364","EMP001363","Manoj Rai","Manoj","Male","Indian","1999-02-23","26","Married","Active","Permanent","Full Time","2025-12-12","2026-03-12",,,"0.1","Baladna Q.P.S.C. (Qatar)","Corporate","Finance","Corporate","Finance - Section 3","CC-502","POS-01363","Manager - Finance","Finance","G11","Managerial","BLD-101297","Krishna Kapoor","Al Khor Site","Qatar","Al Khor","Expatriate"
"BLD-101365","EMP001364","Sameer Ahmed","Sameer","Male","Egyptian","1999-10-12","26","Single","Active","Permanent","Full Time","2025-03-07","2025-06-05",,,"0.8","Baladna Q.P.S.C. (Qatar)","Commercial","Marketing","Commercial","Marketing - Section 3","CC-916","POS-01364","Officer - Marketing","Marketing","G4","Staff","BLD-100937","Dina Farouk","Doha Site","Qatar","Doha","Expatriate"
"BLD-101366","EMP001365","Cherry Khan","Cherry","Female","Nepali","1995-02-25","27","Single","Terminated","Permanent","Full Time","2023-01-24","2023-04-24","2023-02-02","Resignation - Better Opportunity","0","Baladna Q.P.S.C. (Qatar)","Operations","Farm Operations","Operations","Farm Operations - Section 2","CC-662","POS-01365","Senior Technician - Farm Operations","Farm Operations","G9","Supervisory","BLD-100331","Ahmed Cruz","Doha Site","Qatar","Doha","Expatriate"
"BLD-101367","EMP001366","Faisal Khan","Faisal","Male","Nepali","1994-05-01","31","Married","Active","Permanent","Full Time","2025-05-01","2025-07-30",,,"0.7","Baladna Q.P.S.C. (Qatar)","Corporate","Finance","Corporate","Finance - Section 2","CC-502","POS-01366","Operator - Finance","Finance","G3","Staff","BLD-101065","Mohamed Al-Sayed","Doha Site","Qatar","Doha","Expatriate"
"BLD-101368","EMP001367","Mona Santos","Mona","Female","Indian","1975-10-12","50","Single","Active","Permanent","Full Time","2025-06-02","2025-08-31",,,"0.6","Baladna Q.P.S.C. (Qatar)","Commercial","Marketing","Commercial","Marketing - Section 3","CC-916","POS-01367","Technician - Marketing","Marketing","G1","Staff","BLD-100937","Dina Farouk","Doha Site","Qatar","Doha","Expatriate"
"BLD-101369","EMP001368","Anil Gurung","Anil","Male","Sri Lankan","1988-11-12","37","Married","Active","Permanent","Full Time","2023-05-18","2023-08-16",,,"2.6","Baladna Q.P.S.C. (Qatar)","Operations","Quality Assurance & Food Safety","Operations","Quality Assurance & Food Safety - Section 1","CC-564","POS-01368","Assistant Manager - Quality Assurance & Food Safety","Quality Assurance & Food Safety","G10","Managerial","BLD-100199","Anil Khan","Doha Site","Qatar","Doha","Expatriate"
"BLD-101370","EMP001369","Maria Farouk","Maria","Female","Indian","2001-04-11","24","Single","Active","Contract","Full Time","2023-01-15","2023-04-15",,,"3","Baladna Q.P.S.C. (Qatar)","Operations","R&D","Operations","R&D - Section 2","CC-118","POS-01369","Manager - R&D","R&D","G11","Managerial","BLD-100375","Manoj Fernandes","Doha Site","Qatar","Doha","Expatriate"
"BLD-101371","EMP001370","Priya Abdullah","Priya","Female","Filipino","1998-09-06","27","Married","Active","Permanent","Full Time","2023-04-21","2023-07-20",,,"2.7","Baladna Q.P.S.C. (Qatar)","Commercial","Marketing","Commercial","Marketing - Section 3","CC-916","POS-01370","Manager - Marketing","Marketing","G10","Managerial","BLD-100171","Huda Abdullah","Al Khor Site","Qatar","Al Khor","Expatriate"
"BLD-101372","EMP001371","Ali Youssef","Ali","Male","Bangladeshi","1977-04-05","48","Single","Active","Permanent","Full Time","2024-12-19","2025-03-19",,,"1","Baladna Q.P.S.C. (Qatar)","Supply Chain","Procurement","Supply Chain","Procurement - Section 2","CC-637","POS-01371","Operator - Procurement","Procurement","G4","Staff","BLD-100094","Bikram Youssef","Doha Site","Qatar","Doha","Expatriate"
"BLD-101373","EMP001372","Dalia Gurung","Dalia","Female","Indian","1973-02-17","52","Single","Terminated","Permanent","Full Time","2025-07-11","2025-10-09","2025-12-16","Contract Non-Renewal - Company Decision","0.4","Baladna Q.P.S.C. (Qatar)","Commercial","Sales & Distribution","Commercial","Sales & Distribution - Section 2","CC-310","POS-01372","Technician - Sales & Distribution","Sales & Distribution","G1","Staff","BLD-100356","Ramesh El-Sayed","Al Rayyan Site","Qatar","Al Rayyan","Expatriate"
"BLD-101374","EMP001373","Layla Ahmed","Layla","Female","Filipino","2001-07-19","24","Married","Active","Permanent","Full Time","2025-01-26","2025-04-26",,,"0.9","Baladna Q.P.S.C. (Qatar)","Supply Chain","Supply Chain & Logistics","Supply Chain","Supply Chain & Logistics - Section 1","CC-370","POS-01373","Specialist - Supply Chain & Logistics","Supply Chain & Logistics","G9","Supervisory","BLD-100511","Rakesh Cruz","Doha Site","Qatar","Doha","Expatriate"
"BLD-101375","EMP001374","Bishnu Devi","Bishnu","Male","Egyptian","2000-08-27","25","Single","Active","Permanent","Full Time","2023-08-03","2023-11-01",,,"2.4","Baladna Egypt","Corporate","Finance","Corporate","Finance - Section 1","CC-502","POS-01374","Operator - Finance","Finance","G2","Staff","BLD-101025","Santosh Fernandes","Cairo Site","Egypt","Cairo","Local"
"BLD-101376","EMP001375","Joy Reyes","Joy","Female","Pakistani","1994-11-18","31","Single","Active","Permanent","Full Time","2025-03-06","2025-06-04",,,"0.8","Baladna Q.P.S.C. (Qatar)","Supply Chain","Procurement","Supply Chain","Procurement - Section 1","CC-637","POS-01375","Supervisor - Procurement","Procurement","G9","Supervisory","BLD-100426","Bikram Al-Sayed","Doha Site","Qatar","Doha","Expatriate"
"BLD-101377","EMP001376","Sanjay Santos","Sanjay","Male","Nepali","1969-09-10","54","Married","Terminated","Permanent","Full Time","2023-07-19","2023-10-17","2024-05-16","Termination - Performance","0.8","Baladna Q.P.S.C. (Qatar)","Supply Chain","Supply Chain & Logistics","Supply Chain","Supply Chain & Logistics - Section 1","CC-370","POS-01376","Assistant Manager - Supply Chain & Logistics","Supply Chain & Logistics","G11","Managerial","BLD-101509","Suresh Reyes","Doha Site","Qatar","Doha","Expatriate"
"BLD-101378","EMP001377","Cherry Reyes","Cherry","Female","Indian","1998-06-25","25","Married","Terminated","Permanent","Full Time","2023-07-08","2023-10-06","2023-08-17","Resignation - Better Opportunity","0.1","Baladna Q.P.S.C. (Qatar)","Corporate","Corporate & Executive Office","Corporate","Corporate & Executive Office - Section 1","CC-577","POS-01377","Operator - Corporate & Executive Office","Corporate & Executive Office","G1","Staff","BLD-100206","Rakesh Sharma","Al Khor Site","Qatar","Al Khor","Expatriate"
"BLD-101379","EMP001378","Manoj Mansour","Manoj","Male","Jordanian","2000-02-22","25","Married","Active","Permanent","Full Time","2024-02-25","2024-05-25",,,"1.8","Baladna Q.P.S.C. (Qatar)","Supply Chain","Supply Chain & Logistics","Supply Chain","Supply Chain & Logistics - Section 3","CC-370","POS-01378","Coordinator - Supply Chain & Logistics","Supply Chain & Logistics","G5","Staff","BLD-100509","Rina Hassan","Al Khor Site","Qatar","Al Khor","Expatriate"
"BLD-101380","EMP001379","Tariq Reyes","Tariq","Male","Nepali","1984-08-06","40","Single","Terminated","Permanent","Full Time","2023-10-21","2024-01-19","2025-01-17","Contract Non-Renewal - Company Decision","1.2","Baladna Q.P.S.C. (Qatar)","Operations","Production","Operations","Production - Section 1","CC-956","POS-01379","Coordinator - Production","Production","G3","Staff","BLD-100537","Bishnu Mansour","Al Khor Site","Qatar","Al Khor","Expatriate"
"BLD-101381","EMP001380","Ali Devi","Ali","Male","Indian","1990-02-17","35","Single","Active","Permanent","Full Time","2025-08-11","2025-11-09",,,"0.4","Baladna Q.P.S.C. (Qatar)","Supply Chain","Procurement","Supply Chain","Procurement - Section 1","CC-637","POS-01380","Technician - Procurement","Procurement","G1","Staff","BLD-100340","Rakesh Fernandes","Al Khor Site","Qatar","Al Khor","Expatriate"
"BLD-101382","EMP001381","Rania Iqbal","Rania","Female","Pakistani","1994-08-12","31","Single","Active","Permanent","Full Time","2023-12-13","2024-03-12",,,"2.1","Baladna Q.P.S.C. (Qatar)","Corporate","IT & Digital","Corporate","IT & Digital - Section 1","CC-289","POS-01381","Supervisor - IT & Digital","IT & Digital","G7","Supervisory","BLD-100273","Ahmed Al-Sayed","Al Khor Site","Qatar","Al Khor","Expatriate"
"BLD-101383","EMP001382","Faisal Reyes","Faisal","Male","Indian","1999-11-06","26","Married","Active","Permanent","Full Time","2025-09-18","2025-12-17",,,"0.3","Baladna Q.P.S.C. (Qatar)","Corporate","IT & Digital","Corporate","IT & Digital - Section 3","CC-289","POS-01382","Officer - IT & Digital","IT & Digital","G2","Staff","BLD-100802","Jose Chowdhury","Doha Site","Qatar","Doha","Expatriate"
"BLD-101384","EMP001383","Sara Hassan","Sara","Female","Nepali","1985-11-09","40","Married","Active","Permanent","Full Time","2025-11-15","2026-02-13",,,"0.1","Baladna Q.P.S.C. (Qatar)","Commercial","Marketing","Commercial","Marketing - Section 1","CC-916","POS-01383","Operator - Marketing","Marketing","G1","Staff","BLD-100630","Bishnu Sharma","Doha Site","Qatar","Doha","Expatriate"
"BLD-101385","EMP001384","Ramesh Thapa","Ramesh","Male","Indian","1978-12-10","47","Single","Active","Temporary","Full Time","2025-11-14","2026-02-12",,,"0.1","Baladna Q.P.S.C. (Qatar)","Commercial","Sales & Distribution","Commercial","Sales & Distribution - Section 3","CC-310","POS-01384","Officer - Sales & Distribution","Sales & Distribution","G4","Staff","BLD-100282","Sameer Islam","Al Khor Site","Qatar","Al Khor","Expatriate"
"BLD-101386","EMP001385","Tariq Thapa","Tariq","Male","Bangladeshi","2005-10-21","20","Married","Active","Permanent","Full Time","2025-08-18","2025-11-16",,,"0.4","Baladna Q.P.S.C. (Qatar)","Supply Chain","Procurement","Supply Chain","Procurement - Section 1","CC-637","POS-01385","Officer - Procurement","Procurement","G2","Staff","BLD-100925","Mohamed Chowdhury","Doha Site","Qatar","Doha","Expatriate"
"BLD-101387","EMP001386","Ravi Al-Kuwari","Ravi","Male","Egyptian","1991-05-10","34","Single","Active","Permanent","Full Time","2025-08-24","2025-11-22",,,"0.4","Baladna Q.P.S.C. (Qatar)","Operations","Production","Operations","Production - Section 3","CC-956","POS-01386","Officer - Production","Production","G5","Staff","BLD-100786","Deepak Mahmoud","Doha Site","Qatar","Doha","Expatriate"
"BLD-101388","EMP001387","Kavita Gurung","Kavita","Female","Egyptian","1983-07-16","42","Married","Active","Contract","Full Time","2023-10-04","2024-01-02",,,"2.2","Baladna Egypt","Commercial","Sales & Distribution","Commercial","Sales & Distribution - Section 2","CC-310","POS-01387","Supervisor - Sales & Distribution","Sales & Distribution","G7","Supervisory","BLD-100583","Kumar El-Sayed","10th of Ramadan City Site","Egypt","10th of Ramadan City","Local"
"BLD-101389","EMP001388","Anil Pereira","Anil","Male","Indian","1984-05-24","41","Single","Active","Permanent","Full Time","2024-11-17","2025-02-15",,,"1.1","Baladna Q.P.S.C. (Qatar)","Supply Chain","Procurement","Supply Chain","Procurement - Section 2","CC-637","POS-01388","Associate - Procurement","Procurement","G1","Staff","BLD-101125","Faisal Iqbal","Al Khor Site","Qatar","Al Khor","Expatriate"
"BLD-101390","EMP001389","Omar Chowdhury","Omar","Male","Indian","1996-01-12","29","Married","Active","Permanent","Full Time","2024-10-18","2025-01-16",,,"1.2","Baladna Q.P.S.C. (Qatar)","Commercial","Sales & Distribution","Commercial","Sales & Distribution - Section 1","CC-310","POS-01389","Team Lead - Sales & Distribution","Sales & Distribution","G7","Supervisory","BLD-101265","Suresh Hassan","Doha Site","Qatar","Doha","Expatriate"
"BLD-101391","EMP001390","Sanjay Mendoza","Sanjay","Male","Egyptian","1985-08-18","40","Married","Active","Permanent","Full Time","2023-09-15","2023-12-14",,,"2.3","Baladna Q.P.S.C. (Qatar)","Corporate","Finance","Corporate","Finance - Section 2","CC-502","POS-01390","Officer - Finance","Finance","G4","Staff","BLD-100318","Grace Fernandes","Al Khor Site","Qatar","Al Khor","Expatriate"
"BLD-101392","EMP001391","Maria Hassan","Maria","Female","Egyptian","2002-02-19","23","Married","Active","Permanent","Full Time","2024-10-11","2025-01-09",,,"1.2","Baladna Egypt","Corporate","People & Culture","Corporate","People & Culture - Section 3","CC-310","POS-01391","Assistant - People & Culture","People & Culture","G1","Staff","BLD-101104","Juan Gurung","Cairo Site","Egypt","Cairo","Local"
"BLD-101393","EMP001392","Arjun Ibrahim","Arjun","Male","Egyptian","1996-08-09","29","Single","Terminated","Permanent","Full Time","2025-08-21","2025-11-19","2025-12-21","End of Contract - Not Renewed by Employee","0.3","Baladna Egypt","Operations","Production","Operations","Production - Section 3","CC-956","POS-01392","Officer - Production","Production","G4","Staff","BLD-100826","Santosh Gurung","Alexandria Site","Egypt","Alexandria","Local"
"BLD-101394","EMP001393","Kumar Al-Sayed","Kumar","Male","Egyptian","1999-06-27","24","Married","Terminated","Permanent","Full Time","2024-03-27","2024-06-25","2024-05-01","Contract Non-Renewal - Company Decision","0.1","Baladna Egypt","Commercial","Sales & Distribution","Commercial","Sales & Distribution - Section 3","CC-310","POS-01393","Assistant - Sales & Distribution","Sales & Distribution","G3","Staff","BLD-101459","Manoj Reyes","Cairo Site","Egypt","Cairo","Local"
"BLD-101395","EMP001394","Anil Pereira","Anil","Male","Qatari","2001-02-08","24","Married","Active","Permanent","Full Time","2024-11-18","2025-02-16",,,"1.1","Baladna Q.P.S.C. (Qatar)","Operations","Production","Operations","Production - Section 2","CC-956","POS-01394","Assistant - Production","Production","G5","Staff","BLD-100420","Sameer Cruz","Al Khor Site","Qatar","Al Khor","Local"
"BLD-101396","EMP001395","Shobha Sharma","Shobha","Female","Bangladeshi","1977-08-16","48","Married","Active","Permanent","Full Time","2024-06-27","2024-09-25",,,"1.5","Baladna Q.P.S.C. (Qatar)","Operations","R&D","Operations","R&D - Section 1","CC-118","POS-01395","Coordinator - R&D","R&D","G2","Staff","BLD-100401","Kumar Malik","Al Khor Site","Qatar","Al Khor","Expatriate"
"BLD-101397","EMP001396","Tariq Pereira","Tariq","Male","Filipino","1980-04-11","45","Married","Active","Permanent","Full Time","2025-05-27","2025-08-25",,,"0.6","Baladna Q.P.S.C. (Qatar)","Operations","R&D","Operations","R&D - Section 3","CC-118","POS-01396","Coordinator - R&D","R&D","G1","Staff","BLD-101212","Layla Chowdhury","Doha Site","Qatar","Doha","Expatriate"
"BLD-101398","EMP001397","Salma Santos","Salma","Female","Egyptian","1970-05-19","55","Other","Active","Permanent","Full Time","2024-12-01","2025-03-01",,,"1.1","Baladna Egypt","Corporate","Finance","Corporate","Finance - Section 3","CC-502","POS-01397","Operator - Finance","Finance","G4","Staff","BLD-100370","Ravi Islam","Cairo Site","Egypt","Cairo","Local"
"BLD-101399","EMP001398","Anil Al-Kuwari","Anil","Male","Sri Lankan","1989-01-19","36","Single","Active","Permanent","Part Time","2024-01-20","2024-04-19",,,"1.9","Baladna Q.P.S.C. (Qatar)","Commercial","Sales & Distribution","Commercial","Sales & Distribution - Section 2","CC-310","POS-01398","Team Lead - Sales & Distribution","Sales & Distribution","G9","Supervisory","BLD-100981","Hassan Baig","Al Khor Site","Qatar","Al Khor","Expatriate"
"BLD-101400","EMP001399","Omar Thapa","Omar","Male","Bangladeshi","2003-07-19","22","Single","Active","Permanent","Full Time","2023-04-27","2023-07-26",,,"2.7","Baladna Q.P.S.C. (Qatar)","Corporate","IT & Digital","Corporate","IT & Digital - Section 3","CC-289","POS-01399","Senior Technician - IT & Digital","IT & Digital","G8","Supervisory","BLD-100842","Anita Fernandes","Doha Site","Qatar","Doha","Expatriate"
"BLD-101401","EMP001400","Tariq Khan","Tariq","Male","Nepali","1992-04-14","33","Married","Active","Permanent","Full Time","2024-05-21","2024-08-19",,,"1.6","Baladna Q.P.S.C. (Qatar)","Corporate","People & Culture","Corporate","People & Culture - Section 2","CC-310","POS-01400","Manager - People & Culture","People & Culture","G12","Managerial","BLD-100700","Prakash Mendoza","Doha Site","Qatar","Doha","Expatriate"
"BLD-101402","EMP001401","Rowena Malik","Rowena","Female","Jordanian","1989-10-27","36","Married","Active","Permanent","Full Time","2025-01-06","2025-04-06",,,"1","Baladna Q.P.S.C. (Qatar)","Supply Chain","Procurement","Supply Chain","Procurement - Section 1","CC-637","POS-01401","Assistant - Procurement","Procurement","G1","Staff","BLD-100779","Bikram Al-Kuwari","Al Khor Site","Qatar","Al Khor","Expatriate"
"BLD-101403","EMP001402","Ahmed Santos","Ahmed","Male","Egyptian","1983-10-12","42","Married","Active","Permanent","Full Time","2024-05-01","2024-07-30",,,"1.7","Baladna Q.P.S.C. (Qatar)","Corporate","IT & Digital","Corporate","IT & Digital - Section 2","CC-289","POS-01402","Senior Technician - IT & Digital","IT & Digital","G8","Supervisory","BLD-100159","Manoj Abdullah","Al Rayyan Site","Qatar","Al Rayyan","Expatriate"
"BLD-101404","EMP001403","Tariq Youssef","Tariq","Male","Sri Lankan","1984-01-01","39","Married","Terminated","Permanent","Full Time","2023-08-05","2023-11-03","2023-11-02","End of Contract - Not Renewed by Employee","0.2","Baladna Q.P.S.C. (Qatar)","Operations","Production","Operations","Production - Section 2","CC-956","POS-01403","Operator - Production","Production","G4","Staff","BLD-100734","Omar Al-Kuwari","Al Khor Site","Qatar","Al Khor","Expatriate"
"BLD-101405","EMP001404","Omar Islam","Omar","Male","Nepali","1996-08-10","29","Married","Active","Permanent","Full Time","2024-06-12","2024-09-10",,,"1.6","Baladna Q.P.S.C. (Qatar)","Supply Chain","Procurement","Supply Chain","Procurement - Section 2","CC-637","POS-01404","Officer - Procurement","Procurement","G5","Staff","BLD-100894","Yasmin Iqbal","Al Khor Site","Qatar","Al Khor","Expatriate"
"BLD-101406","EMP001405","Omar Ibrahim","Omar","Male","Egyptian","1996-09-19","29","Married","Active","Permanent","Full Time","2025-06-14","2025-09-12",,,"0.5","Baladna Egypt","Operations","Quality Assurance & Food Safety","Operations","Quality Assurance & Food Safety - Section 2","CC-564","POS-01405","Team Lead - Quality Assurance & Food Safety","Quality Assurance & Food Safety","G9","Supervisory","BLD-101057","Rajesh Fernandes","Cairo Site","Egypt","Cairo","Local"
"BLD-101407","EMP001406","Amina Cruz","Amina","Female","Indian","1977-12-11","48","Married","Active","Permanent","Full Time","2025-09-15","2025-12-14",,,"0.3","Baladna Q.P.S.C. (Qatar)","Commercial","Sales & Distribution","Commercial","Sales & Distribution - Section 3","CC-310","POS-01406","Technician - Sales & Distribution","Sales & Distribution","G5","Staff","BLD-100227","Bishnu Al-Marri","Doha Site","Qatar","Doha","Expatriate"
"BLD-101408","EMP001407","Omar Abdullah","Omar","Male","Pakistani","1983-02-24","42","Married","Active","Permanent","Full Time","2023-04-22","2023-07-21",,,"2.7","Baladna Q.P.S.C. (Qatar)","Supply Chain","Supply Chain & Logistics","Supply Chain","Supply Chain & Logistics - Section 3","CC-370","POS-01407","Assistant - Supply Chain & Logistics","Supply Chain & Logistics","G4","Staff","BLD-100473","Bishnu Al-Marri","Al Khor Site","Qatar","Al Khor","Expatriate"
"BLD-101409","EMP001408","Faisal Mahmoud","Faisal","Male","Indian","1993-02-11","32","Single","Active","Permanent","Full Time","2024-01-19","2024-04-18",,,"1.9","Baladna Q.P.S.C. (Qatar)","Corporate","Finance","Corporate","Finance - Section 1","CC-502","POS-01408","Senior Manager - Finance","Finance","G11","Managerial","BLD-101297","Krishna Kapoor","Doha Site","Qatar","Doha","Expatriate"
"BLD-101410","EMP001409","Anil Fernandes","Anil","Male","Egyptian","1999-06-19","26","Married","Active","Permanent","Full Time","2023-03-05","2023-06-03",,,"2.8","Baladna Egypt","Supply Chain","Supply Chain & Logistics","Supply Chain","Supply Chain & Logistics - Section 2","CC-370","POS-01409","Supervisor - Supply Chain & Logistics","Supply Chain & Logistics","G6","Supervisory","BLD-101241","Prakash Kapoor","Cairo Site","Egypt","Cairo","Local"
"BLD-101411","EMP001410","Vikram Abdullah","Vikram","Male","Bangladeshi","1970-12-16","55","Single","Active","Permanent","Full Time","2023-12-15","2024-03-14",,,"2","Baladna Q.P.S.C. (Qatar)","Operations","Production","Operations","Production - Section 3","CC-956","POS-01410","Operator - Production","Production","G3","Staff","BLD-100527","Arjun Kapoor","Doha Site","Qatar","Doha","Expatriate"
"BLD-101412","EMP001411","Hassan Pereira","Hassan","Male","Nepali","1978-04-25","47","Single","Active","Permanent","Full Time","2025-11-18","2026-02-16",,,"0.1","Baladna Q.P.S.C. (Qatar)","Commercial","Marketing","Commercial","Marketing - Section 3","CC-916","POS-01411","Team Lead - Marketing","Marketing","G9","Supervisory","BLD-101371","Priya Abdullah","Al Khor Site","Qatar","Al Khor","Expatriate"
"BLD-101413","EMP001412","Amina Cruz","Amina","Female","Egyptian","1970-06-13","55","Married","Terminated","Permanent","Full Time","2024-09-15","2024-12-14","2025-11-24","Resignation - Relocation","1.2","Baladna Egypt","Corporate","Finance","Corporate","Finance - Section 3","CC-502","POS-01412","Senior Officer - Finance","Finance","G9","Supervisory","BLD-101270","Shobha Thapa","Cairo Site","Egypt","Cairo","Local"
"BLD-101414","EMP001413","Sanjay Fernandes","Sanjay","Male","Sudanese","1992-05-15","33","Married","Terminated","Permanent","Full Time","2024-02-18","2024-05-18","2025-05-20","Resignation - Relocation","1.3","Baladna Q.P.S.C. (Qatar)","Corporate","People & Culture","Corporate","People & Culture - Section 1","CC-310","POS-01413","Officer - People & Culture","People & Culture","G3","Staff","BLD-100035","Noor Mahmoud","Doha Site","Qatar","Doha","Expatriate"
"BLD-101415","EMP001414","Arjun Al-Marri","Arjun","Male","Pakistani","1998-12-10","27","Married","Active","Contract","Full Time","2025-09-01","2025-11-30",,,"0.3","Baladna Q.P.S.C. (Qatar)","Corporate","People & Culture","Corporate","People & Culture - Section 3","CC-310","POS-01414","Assistant Manager - People & Culture","People & Culture","G11","Managerial","BLD-100700","Prakash Mendoza","Doha Site","Qatar","Doha","Expatriate"
"BLD-101416","EMP001415","Ahmed Abdullah","Ahmed","Male","Egyptian","1998-04-06","27","Married","Active","Temporary","Full Time","2024-08-18","2024-11-16",,,"1.4","Baladna Egypt","Supply Chain","Supply Chain & Logistics","Supply Chain","Supply Chain & Logistics - Section 1","CC-370","POS-01415","Senior Technician - Supply Chain & Logistics","Supply Chain & Logistics","G8","Supervisory","BLD-101241","Prakash Kapoor","10th of Ramadan City Site","Egypt","10th of Ramadan City","Local"
"BLD-101417","EMP001416","Rina Pereira","Rina","Female","Egyptian","1973-05-05","52","Single","Active","Permanent","Full Time","2024-01-03","2024-04-02",,,"2","Baladna Egypt","Operations","Quality Assurance & Food Safety","Operations","Quality Assurance & Food Safety - Section 3","CC-564","POS-01416","Assistant - Quality Assurance & Food Safety","Quality Assurance & Food Safety","G2","Staff","BLD-100447","Pooja Mansour","Cairo Site","Egypt","Cairo","Local"
"BLD-101418","EMP001417","Suresh Youssef","Suresh","Male","Egyptian","1971-04-19","54","Married","Active","Permanent","Full Time","2024-08-23","2024-11-21",,,"1.4","Baladna Q.P.S.C. (Qatar)","Corporate","IT & Digital","Corporate","IT & Digital - Section 1","CC-289","POS-01417","Technician - IT & Digital","IT & Digital","G4","Staff","BLD-101000","Aisha Al-Sayed","Al Khor Site","Qatar","Al Khor","Expatriate"
"BLD-101419","EMP001418","Cherry Ibrahim","Cherry","Female","Pakistani","1979-03-26","46","Married","Active","Contract","Full Time","2025-10-26","2026-01-24",,,"0.2","Baladna Q.P.S.C. (Qatar)","Corporate","People & Culture","Corporate","People & Culture - Section 3","CC-310","POS-01418","Supervisor - People & Culture","People & Culture","G7","Supervisory","BLD-101274","Khalid Santos","Doha Site","Qatar","Doha","Expatriate"
"BLD-101420","EMP001419","Juan Khan","Juan","Male","Jordanian","1979-07-20","44","Single","Terminated","Permanent","Full Time","2023-02-13","2023-05-14","2024-03-14","Resignation - Relocation","1.1","Baladna Q.P.S.C. (Qatar)","Corporate","Corporate & Executive Office","Corporate","Corporate & Executive Office - Section 2","CC-577","POS-01419","Assistant - Corporate & Executive Office","Corporate & Executive Office","G2","Staff","BLD-101148","Krishna Al-Sayed","Doha Site","Qatar","Doha","Expatriate"
"BLD-101421","EMP001420","Suresh Abdullah","Suresh","Male","Indian","1975-02-13","50","Married","Active","Permanent","Full Time","2023-04-13","2023-07-12",,,"2.7","Baladna Q.P.S.C. (Qatar)","Operations","Quality Assurance & Food Safety","Operations","Quality Assurance & Food Safety - Section 2","CC-564","POS-01420","Officer - Quality Assurance & Food Safety","Quality Assurance & Food Safety","G1","Staff","BLD-100867","Waleed Gurung","Doha Site","Qatar","Doha","Expatriate"
"BLD-101422","EMP001421","Santosh Kapoor","Santosh","Male","Indian","1995-03-03","30","Married","Active","Permanent","Full Time","2023-11-09","2024-02-07",,,"2.1","Baladna Q.P.S.C. (Qatar)","Corporate","IT & Digital","Corporate","IT & Digital - Section 3","CC-289","POS-01421","Coordinator - IT & Digital","IT & Digital","G2","Staff","BLD-100818","Hassan Malik","Al Rayyan Site","Qatar","Al Rayyan","Expatriate"
"BLD-101423","EMP001422","Omar Kapoor","Omar","Male","Nepali","1979-03-02","46","Single","Active","Permanent","Full Time","2023-09-15","2023-12-14",,,"2.3","Baladna Q.P.S.C. (Qatar)","Commercial","Marketing","Commercial","Marketing - Section 2","CC-916","POS-01422","Officer - Marketing","Marketing","G1","Staff","BLD-100496","Priya Devi","Doha Site","Qatar","Doha","Expatriate"
"BLD-101424","EMP001423","Pooja Devi","Pooja","Female","Egyptian","1976-09-01","47","Married","Terminated","Contract","Full Time","2024-08-01","2024-10-30","2024-08-31","Resignation - Personal Reasons","0.1","Baladna Egypt","Operations","Quality Assurance & Food Safety","Operations","Quality Assurance & Food Safety - Section 3","CC-564","POS-01423","Operator - Quality Assurance & Food Safety","Quality Assurance & Food Safety","G5","Staff","BLD-101141","Pooja Thapa","10th of Ramadan City Site","Egypt","10th of Ramadan City","Local"
"BLD-101425","EMP001424","Ahmed Mahmoud","Ahmed","Male","Qatari","2000-04-25","24","Married","Terminated","Permanent","Full Time","2024-07-10","2024-10-08","2025-04-24","End of Contract - Not Renewed by Employee","0.8","Baladna Q.P.S.C. (Qatar)","Commercial","Marketing","Commercial","Marketing - Section 3","CC-916","POS-01424","Supervisor - Marketing","Marketing","G6","Supervisory","BLD-101126","Anil Kapoor","Doha Site","Qatar","Doha","Local"
"BLD-101426","EMP001425","Sanjay Santos","Sanjay","Male","Nepali","1986-10-19","39","Married","Active","Permanent","Full Time","2024-11-01","2025-01-30",,,"1.2","Baladna Q.P.S.C. (Qatar)","Operations","R&D","Operations","R&D - Section 1","CC-118","POS-01425","Operator - R&D","R&D","G5","Staff","BLD-100213","Dina Al-Marri","Doha Site","Qatar","Doha","Expatriate"
"BLD-101427","EMP001426","Suresh Thapa","Suresh","Male","Jordanian","1981-05-25","44","Single","Active","Permanent","Full Time","2025-01-20","2025-04-20",,,"0.9","Baladna Q.P.S.C. (Qatar)","Operations","Farm Operations","Operations","Farm Operations - Section 1","CC-662","POS-01426","Associate - Farm Operations","Farm Operations","G3","Staff","BLD-100351","Khalid Gurung","Doha Site","Qatar","Doha","Expatriate"
"BLD-101428","EMP001427","Manoj Fernandes","Manoj","Male","Sri Lankan","1977-06-17","48","Single","Active","Permanent","Full Time","2024-02-19","2024-05-19",,,"1.9","Baladna Q.P.S.C. (Qatar)","Corporate","Finance","Corporate","Finance - Section 1","CC-502","POS-01427","Supervisor - Finance","Finance","G7","Supervisory","BLD-100600","Arjun Cruz","Doha Site","Qatar","Doha","Expatriate"
"BLD-101429","EMP001428","Suresh Pereira","Suresh","Male","Egyptian","1996-06-14","28","Single","Terminated","Contract","Full Time","2023-02-22","2023-05-23","2024-07-19","Termination - Redundancy","1.4","Baladna Q.P.S.C. (Qatar)","Operations","Production","Operations","Production - Section 2","CC-956","POS-01428","Assistant - Production","Production","G4","Staff","BLD-100537","Bishnu Mansour","Al Rayyan Site","Qatar","Al Rayyan","Expatriate"
"BLD-101430","EMP001429","Omar Sharma","Omar","Male","Egyptian","1981-11-09","44","Married","Active","Contract","Full Time","2024-12-13","2025-03-13",,,"1","Baladna Egypt","Corporate","People & Culture","Corporate","People & Culture - Section 1","CC-310","POS-01429","Technician - People & Culture","People & Culture","G4","Staff","BLD-101104","Juan Gurung","Cairo Site","Egypt","Cairo","Local"
"BLD-101431","EMP001430","Anil Ibrahim","Anil","Male","Nepali","1969-03-23","56","Other","Active","Permanent","Full Time","2023-01-14","2023-04-14",,,"3","Baladna Q.P.S.C. (Qatar)","Corporate","Corporate & Executive Office","Corporate","Corporate & Executive Office - Section 1","CC-577","POS-01430","Officer - Corporate & Executive Office","Corporate & Executive Office","G1","Staff","BLD-101473","Pooja Abdullah","Al Rayyan Site","Qatar","Al Rayyan","Expatriate"
"BLD-101432","EMP001431","Kavita Hassan","Kavita","Female","Indian","1986-05-14","38","Married","Terminated","Contract","Full Time","2023-05-01","2023-07-30","2025-02-17","Resignation - Personal Reasons","1.8","Baladna Q.P.S.C. (Qatar)","Corporate","Corporate & Executive Office","Corporate","Corporate & Executive Office - Section 2","CC-577","POS-01431","Coordinator - Corporate & Executive Office","Corporate & Executive Office","G4","Staff","BLD-101473","Pooja Abdullah","Al Khor Site","Qatar","Al Khor","Expatriate"
"BLD-101433","EMP001432","Rakesh Hassan","Rakesh","Male","Indian","1979-11-09","45","Single","Terminated","Contract","Full Time","2023-07-21","2023-10-19","2025-01-17","End of Contract - Not Renewed by Employee","1.5","Baladna Q.P.S.C. (Qatar)","Commercial","Sales & Distribution","Commercial","Sales & Distribution - Section 1","CC-310","POS-01432","Coordinator - Sales & Distribution","Sales & Distribution","G3","Staff","BLD-101390","Omar Chowdhury","Doha Site","Qatar","Doha","Expatriate"
"BLD-101434","EMP001433","Bishnu El-Sayed","Bishnu","Male","Indian","1982-09-11","43","Married","Active","Permanent","Full Time","2025-09-15","2025-12-14",,,"0.3","Baladna Q.P.S.C. (Qatar)","Operations","Engineering & Maintenance","Operations","Engineering & Maintenance - Section 1","CC-178","POS-01433","Senior Technician - Engineering & Maintenance","Engineering & Maintenance","G9","Supervisory","BLD-100494","Ravi Youssef","Doha Site","Qatar","Doha","Expatriate"
"BLD-101435","EMP001434","Deepak Gurung","Deepak","Male","Bangladeshi","1977-08-18","48","Married","Active","Permanent","Full Time","2023-09-04","2023-12-03",,,"2.3","Baladna Q.P.S.C. (Qatar)","Supply Chain","Supply Chain & Logistics","Supply Chain","Supply Chain & Logistics - Section 3","CC-370","POS-01434","Officer - Supply Chain & Logistics","Supply Chain & Logistics","G3","Staff","BLD-101302","Khalid Santos","Doha Site","Qatar","Doha","Expatriate"
"BLD-101436","EMP001435","Juan Ibrahim","Juan","Male","Nepali","1979-04-02","46","Married","Active","Permanent","Full Time","2023-06-18","2023-09-16",,,"2.5","Baladna Q.P.S.C. (Qatar)","Operations","Engineering & Maintenance","Operations","Engineering & Maintenance - Section 2","CC-178","POS-01435","Supervisor - Engineering & Maintenance","Engineering & Maintenance","G6","Supervisory","BLD-100008","Ramesh Kapoor","Doha Site","Qatar","Doha","Expatriate"
"BLD-101437","EMP001436","Ramesh Gurung","Ramesh","Male","Bangladeshi","1993-06-24","32","Married","Active","Permanent","Full Time","2024-11-14","2025-02-12",,,"1.1","Baladna Q.P.S.C. (Qatar)","Supply Chain","Supply Chain & Logistics","Supply Chain","Supply Chain & Logistics - Section 3","CC-370","POS-01436","Technician - Supply Chain & Logistics","Supply Chain & Logistics","G2","Staff","BLD-100905","Sanjay El-Sayed","Al Rayyan Site","Qatar","Al Rayyan","Expatriate"
"BLD-101438","EMP001437","Waleed Farouk","Waleed","Male","Indian","1971-03-16","54","Married","Active","Permanent","Full Time","2024-04-04","2024-07-03",,,"1.7","Baladna Q.P.S.C. (Qatar)","Operations","Engineering & Maintenance","Operations","Engineering & Maintenance - Section 2","CC-178","POS-01437","Technician - Engineering & Maintenance","Engineering & Maintenance","G2","Staff","BLD-100115","Hassan Kapoor","Doha Site","Qatar","Doha","Expatriate"
"BLD-101439","EMP001438","Arjun Al-Marri","Arjun","Male","Egyptian","1976-03-09","49","Married","Active","Temporary","Full Time","2025-12-14","2026-03-14",,,"0","Baladna Egypt","Operations","Production","Operations","Production - Section 3","CC-956","POS-01438","Associate - Production","Production","G4","Staff","BLD-100868","Kumar Iqbal","10th of Ramadan City Site","Egypt","10th of Ramadan City","Local"
"BLD-101440","EMP001439","Rakesh Rai","Rakesh","Male","Nepali","1981-09-27","44","Married","Active","Permanent","Full Time","2023-09-17","2023-12-16",,,"2.3","Baladna Q.P.S.C. (Qatar)","Operations","Farm Operations","Operations","Farm Operations - Section 2","CC-662","POS-01439","Associate - Farm Operations","Farm Operations","G2","Staff","BLD-100580","Noor Islam","Doha Site","Qatar","Doha","Expatriate"
"BLD-101441","EMP001440","Sanjay Santos","Sanjay","Male","Jordanian","1993-09-23","32","Single","Active","Temporary","Full Time","2025-05-18","2025-08-16",,,"0.6","Baladna Q.P.S.C. (Qatar)","Commercial","Sales & Distribution","Commercial","Sales & Distribution - Section 1","CC-310","POS-01440","Manager - Sales & Distribution","Sales & Distribution","G10","Managerial","BLD-100763","Mohamed Rai","Doha Site","Qatar","Doha","Expatriate"
"BLD-101442","EMP001441","Sameer Al-Kuwari","Sameer","Male","Egyptian","1976-03-23","49","Married","Active","Permanent","Full Time","2025-04-10","2025-07-09",,,"0.7","Baladna Egypt","Operations","Quality Assurance & Food Safety","Operations","Quality Assurance & Food Safety - Section 3","CC-564","POS-01441","Operator - Quality Assurance & Food Safety","Quality Assurance & Food Safety","G4","Staff","BLD-100859","Waleed Baig","Cairo Site","Egypt","Cairo","Local"
"BLD-101443","EMP001442","Huda Al-Sayed","Huda","Female","Bangladeshi","1997-02-15","28","Married","Active","Permanent","Full Time","2025-10-01","2025-12-30",,,"0.2","Baladna Q.P.S.C. (Qatar)","Supply Chain","Procurement","Supply Chain","Procurement - Section 1","CC-637","POS-01442","Senior Officer - Procurement","Procurement","G9","Supervisory","BLD-101219","Santosh Mansour","Doha Site","Qatar","Doha","Expatriate"
"BLD-101444","EMP001443","Ramesh Khan","Ramesh","Male","Pakistani","1992-10-08","33","Single","Active","Permanent","Full Time","2023-02-18","2023-05-19",,,"2.9","Baladna Q.P.S.C. (Qatar)","Operations","Engineering & Maintenance","Operations","Engineering & Maintenance - Section 2","CC-178","POS-01443","Technician - Engineering & Maintenance","Engineering & Maintenance","G3","Staff","BLD-100014","Sanjay Baig","Doha Site","Qatar","Doha","Expatriate"
"BLD-101445","EMP001444","Sameer Sharma","Sameer","Male","Filipino","1996-12-16","27","Married","Terminated","Permanent","Full Time","2023-09-03","2023-12-02","2024-02-20","Resignation - Personal Reasons","0.5","Baladna Q.P.S.C. (Qatar)","Operations","Quality Assurance & Food Safety","Operations","Quality Assurance & Food Safety - Section 1","CC-564","POS-01444","Specialist - Quality Assurance & Food Safety","Quality Assurance & Food Safety","G7","Supervisory","BLD-101369","Anil Gurung","Al Rayyan Site","Qatar","Al Rayyan","Expatriate"
"BLD-101446","EMP001445","Khalid Sharma","Khalid","Male","Indian","1974-12-12","49","Married","Terminated","Permanent","Full Time","2023-07-13","2023-10-11","2024-09-02","Resignation - Relocation","1.1","Baladna Q.P.S.C. (Qatar)","Commercial","Sales & Distribution","Commercial","Sales & Distribution - Section 3","CC-310","POS-01445","Senior Manager - Sales & Distribution","Sales & Distribution","G10","Managerial","BLD-100199","Anil Khan","Al Rayyan Site","Qatar","Al Rayyan","Expatriate"
"BLD-101447","EMP001446","Fatima Mansour","Fatima","Female","Indian","1995-01-19","29","Single","Terminated","Permanent","Full Time","2023-09-20","2023-12-19","2024-11-18","Resignation - Relocation","1.2","Baladna Q.P.S.C. (Qatar)","Supply Chain","Supply Chain & Logistics","Supply Chain","Supply Chain & Logistics - Section 2","CC-370","POS-01446","Technician - Supply Chain & Logistics","Supply Chain & Logistics","G1","Staff","BLD-100919","Ramesh Santos","Al Khor Site","Qatar","Al Khor","Expatriate"
"BLD-101448","EMP001447","Nadia Youssef","Nadia","Female","Egyptian","1997-11-02","28","Single","Active","Permanent","Full Time","2024-04-23","2024-07-22",,,"1.7","Baladna Egypt","Operations","Quality Assurance & Food Safety","Operations","Quality Assurance & Food Safety - Section 1","CC-564","POS-01447","Assistant Manager - Quality Assurance & Food Safety","Quality Assurance & Food Safety","G12","Managerial","BLD-101128","Rakesh Cruz","Alexandria Site","Egypt","Alexandria","Local"
"BLD-101449","EMP001448","Sanjay Abdullah","Sanjay","Male","Bangladeshi","1972-10-02","53","Married","Active","Permanent","Full Time","2025-04-15","2025-07-14",,,"0.7","Baladna Q.P.S.C. (Qatar)","Corporate","Corporate & Executive Office","Corporate","Corporate & Executive Office - Section 2","CC-577","POS-01448","Associate - Corporate & Executive Office","Corporate & Executive Office","G1","Staff","BLD-100136","Rina Iqbal","Al Khor Site","Qatar","Al Khor","Expatriate"
"BLD-101450","EMP001449","Tariq Al-Marri","Tariq","Male","Nepali","1980-05-21","45","Single","Active","Contract","Full Time","2023-09-21","2023-12-20",,,"2.3","Baladna Q.P.S.C. (Qatar)","Operations","Farm Operations","Operations","Farm Operations - Section 1","CC-662","POS-01449","Associate - Farm Operations","Farm Operations","G3","Staff","BLD-100456","Krishna Thapa","Doha Site","Qatar","Doha","Expatriate"
"BLD-101451","EMP001450","Sanjay Chowdhury","Sanjay","Male","Sri Lankan","1987-10-06","38","Married","Active","Permanent","Full Time","2025-10-17","2026-01-15",,,"0.2","Baladna Q.P.S.C. (Qatar)","Corporate","Corporate & Executive Office","Corporate","Corporate & Executive Office - Section 2","CC-577","POS-01450","Coordinator - Corporate & Executive Office","Corporate & Executive Office","G1","Staff","BLD-100785","Faisal Cruz","Doha Site","Qatar","Doha","Expatriate"
"BLD-101452","EMP001451","Omar Kapoor","Omar","Male","Indian","1997-07-16","28","Single","Active","Permanent","Full Time","2025-03-19","2025-06-17",,,"0.8","Baladna Q.P.S.C. (Qatar)","Operations","Production","Operations","Production - Section 3","CC-956","POS-01451","Coordinator - Production","Production","G1","Staff","BLD-100709","Rakesh Youssef","Doha Site","Qatar","Doha","Expatriate"
"BLD-101453","EMP001452","Hassan Mansour","Hassan","Male","Egyptian","1982-12-17","41","Married","Terminated","Permanent","Full Time","2023-03-16","2023-06-14","2024-03-13","Resignation - Personal Reasons","1","Baladna Egypt","Operations","Production","Operations","Production - Section 3","CC-956","POS-01452","Associate - Production","Production","G4","Staff","BLD-100968","Krishna Santos","Cairo Site","Egypt","Cairo","Local"
"BLD-101454","EMP001453","Bishnu Youssef","Bishnu","Male","Egyptian","1994-11-09","31","Married","Active","Permanent","Full Time","2023-11-04","2024-02-02",,,"2.2","Baladna Egypt","Commercial","Sales & Distribution","Commercial","Sales & Distribution - Section 3","CC-310","POS-01453","Senior Technician - Sales & Distribution","Sales & Distribution","G9","Supervisory","BLD-100951","Yasmin Sharma","Cairo Site","Egypt","Cairo","Local"
"BLD-101455","EMP001454","Yasmin Mansour","Yasmin","Female","Bangladeshi","1988-07-15","35","Single","Terminated","Permanent","Full Time","2023-03-06","2023-06-04","2023-08-16","End of Contract - Not Renewed by Employee","0.4","Baladna Q.P.S.C. (Qatar)","Operations","Quality Assurance & Food Safety","Operations","Quality Assurance & Food Safety - Section 1","CC-564","POS-01454","Assistant - Quality Assurance & Food Safety","Quality Assurance & Food Safety","G2","Staff","BLD-100463","Aisha Ahmed","Doha Site","Qatar","Doha","Expatriate"
"BLD-101456","EMP001455","Omar Ahmed","Omar","Male","Nepali","2005-01-22","20","Married","Active","Permanent","Full Time","2025-01-06","2025-04-06",,,"1","Baladna Q.P.S.C. (Qatar)","Operations","Farm Operations","Operations","Farm Operations - Section 2","CC-662","POS-01455","Technician - Farm Operations","Farm Operations","G3","Staff","BLD-100772","Ramesh Malik","Doha Site","Qatar","Doha","Expatriate"
"BLD-101457","EMP001456","Deepak Abdullah","Deepak","Male","Indian","2005-03-12","20","Married","Active","Permanent","Full Time","2025-11-14","2026-02-12",,,"0.1","Baladna Q.P.S.C. (Qatar)","Corporate","IT & Digital","Corporate","IT & Digital - Section 2","CC-289","POS-01456","Officer - IT & Digital","IT & Digital","G3","Staff","BLD-100513","Hari Al-Marri","Doha Site","Qatar","Doha","Expatriate"
"BLD-101458","EMP001457","Mona Youssef","Mona","Female","Filipino","1997-10-17","28","Married","Active","Permanent","Full Time","2025-06-13","2025-09-11",,,"0.6","Baladna Q.P.S.C. (Qatar)","Operations","R&D","Operations","R&D - Section 2","CC-118","POS-01457","Senior Manager - R&D","R&D","G10","Managerial","BLD-101509","Suresh Reyes","Al Khor Site","Qatar","Al Khor","Expatriate"
"BLD-101459","EMP001458","Manoj Reyes","Manoj","Male","Egyptian","1984-12-10","41","Single","Active","Contract","Full Time","2025-03-20","2025-06-18",,,"0.8","Baladna Egypt","Commercial","Sales & Distribution","Commercial","Sales & Distribution - Section 2","CC-310","POS-01458","Senior Officer - Sales & Distribution","Sales & Distribution","G7","Supervisory","BLD-100672","Rakesh Baig","Alexandria Site","Egypt","Alexandria","Local"
"BLD-101460","EMP001459","Rakesh Khan","Rakesh","Male","Nepali","1987-11-11","38","Single","Active","Permanent","Full Time","2025-08-18","2025-11-16",,,"0.4","Baladna Q.P.S.C. (Qatar)","Operations","Engineering & Maintenance","Operations","Engineering & Maintenance - Section 2","CC-178","POS-01459","Operator - Engineering & Maintenance","Engineering & Maintenance","G3","Staff","BLD-100005","Ravi Mansour","Doha Site","Qatar","Doha","Expatriate"
"BLD-101461","EMP001460","Mohamed Sharma","Mohamed","Male","Filipino","1988-01-01","37","Single","Terminated","Permanent","Full Time","2025-09-27","2025-12-26","2025-11-08","Resignation - Relocation","0.1","Baladna Q.P.S.C. (Qatar)","Supply Chain","Procurement","Supply Chain","Procurement - Section 2","CC-637","POS-01460","Operator - Procurement","Procurement","G3","Staff","BLD-100942","Sanjay Fernandes","Al Khor Site","Qatar","Al Khor","Expatriate"
"BLD-101462","EMP001461","Rania Malik","Rania","Female","Filipino","1994-06-06","31","Married","Active","Contract","Full Time","2023-05-16","2023-08-14",,,"2.6","Baladna Q.P.S.C. (Qatar)","Corporate","People & Culture","Corporate","People & Culture - Section 1","CC-310","POS-01461","Associate - People & Culture","People & Culture","G2","Staff","BLD-101033","Hassan Cruz","Doha Site","Qatar","Doha","Expatriate"
"BLD-101463","EMP001462","Rina Youssef","Rina","Female","Indian","1974-10-20","51","Single","Active","Contract","Full Time","2024-03-04","2024-06-02",,,"1.8","Baladna Q.P.S.C. (Qatar)","Corporate","Corporate & Executive Office","Corporate","Corporate & Executive Office - Section 1","CC-577","POS-01462","Senior Officer - Corporate & Executive Office","Corporate & Executive Office","G9","Supervisory","BLD-100154","Bishnu Mendoza","Al Rayyan Site","Qatar","Al Rayyan","Expatriate"
"BLD-101464","EMP001463","Bikram Mahmoud","Bikram","Male","Egyptian","1989-09-18","36","Single","Active","Permanent","Full Time","2023-07-15","2023-10-13",,,"2.5","Baladna Egypt","Corporate","Finance","Corporate","Finance - Section 1","CC-502","POS-01463","Associate - Finance","Finance","G1","Staff","BLD-100762","Juan Mendoza","Cairo Site","Egypt","Cairo","Local"
"BLD-101465","EMP001464","Ahmed Farouk","Ahmed","Male","Egyptian","1997-02-08","28","Single","Active","Permanent","Full Time","2023-12-24","2024-03-23",,,"2","Baladna Egypt","Operations","Quality Assurance & Food Safety","Operations","Quality Assurance & Food Safety - Section 3","CC-564","POS-01464","Assistant Manager - Quality Assurance & Food Safety","Quality Assurance & Food Safety","G12","Managerial","BLD-101128","Rakesh Cruz","Cairo Site","Egypt","Cairo","Local"
"BLD-101466","EMP001465","Waleed Ahmed","Waleed","Male","Egyptian","2004-08-01","20","Married","Terminated","Permanent","Full Time","2024-06-07","2024-09-05","2024-10-31","Resignation - Better Opportunity","0.4","Baladna Egypt","Supply Chain","Supply Chain & Logistics","Supply Chain","Supply Chain & Logistics - Section 1","CC-370","POS-01465","Associate - Supply Chain & Logistics","Supply Chain & Logistics","G1","Staff","BLD-100139","Rajesh Ibrahim","10th of Ramadan City Site","Egypt","10th of Ramadan City","Local"
"BLD-101467","EMP001466","Prakash Mansour","Prakash","Male","Jordanian","1991-06-18","34","Single","Active","Temporary","Full Time","2024-09-15","2024-12-14",,,"1.3","Baladna Q.P.S.C. (Qatar)","Supply Chain","Supply Chain & Logistics","Supply Chain","Supply Chain & Logistics - Section 2","CC-370","POS-01466","Assistant - Supply Chain & Logistics","Supply Chain & Logistics","G5","Staff","BLD-101374","Layla Ahmed","Doha Site","Qatar","Doha","Expatriate"
"BLD-101468","EMP001467","Omar Al-Kuwari","Omar","Male","Egyptian","1977-04-18","48","Married","Active","Permanent","Full Time","2025-07-23","2025-10-21",,,"0.4","Baladna Q.P.S.C. (Qatar)","Operations","Production","Operations","Production - Section 3","CC-956","POS-01467","Supervisor - Production","Production","G7","Supervisory","BLD-100394","Hari Abdullah","Al Khor Site","Qatar","Al Khor","Expatriate"
"BLD-101469","EMP001468","Rina Santos","Rina","Female","Egyptian","2001-05-05","24","Married","Active","Permanent","Full Time","2023-10-06","2024-01-04",,,"2.2","Baladna Q.P.S.C. (Qatar)","Supply Chain","Supply Chain & Logistics","Supply Chain","Supply Chain & Logistics - Section 2","CC-370","POS-01468","Officer - Supply Chain & Logistics","Supply Chain & Logistics","G2","Staff","BLD-100509","Rina Hassan","Doha Site","Qatar","Doha","Expatriate"
"BLD-101470","EMP001469","Bikram Mansour","Bikram","Male","Indian","2003-06-26","22","Married","Terminated","Contract","Full Time","2025-03-01","2025-05-30","2025-07-02","End of Contract - Not Renewed by Employee","0.3","Baladna Q.P.S.C. (Qatar)","Corporate","Finance","Corporate","Finance - Section 2","CC-502","POS-01469","Associate - Finance","Finance","G2","Staff","BLD-101472","Suresh Mahmoud","Doha Site","Qatar","Doha","Expatriate"
"BLD-101471","EMP001470","Ravi Chowdhury","Ravi","Male","Indian","1970-02-06","55","Married","Active","Permanent","Full Time","2024-02-23","2024-05-23",,,"1.9","Baladna Q.P.S.C. (Qatar)","Operations","Engineering & Maintenance","Operations","Engineering & Maintenance - Section 1","CC-178","POS-01470","Supervisor - Engineering & Maintenance","Engineering & Maintenance","G7","Supervisory","BLD-100008","Ramesh Kapoor","Doha Site","Qatar","Doha","Expatriate"
"BLD-101472","EMP001471","Suresh Mahmoud","Suresh","Male","Indian","1980-04-01","44","Married","Terminated","Permanent","Full Time","2023-10-12","2024-01-10","2024-05-29","Resignation - Relocation","0.6","Baladna Q.P.S.C. (Qatar)","Corporate","Finance","Corporate","Finance - Section 1","CC-502","POS-01471","Senior Officer - Finance","Finance","G9","Supervisory","BLD-100386","Jose Islam","Al Khor Site","Qatar","Al Khor","Expatriate"
"BLD-101473","EMP001472","Pooja Abdullah","Pooja","Female","Indian","1981-07-14","43","Other","Terminated","Permanent","Full Time","2024-03-04","2024-06-02","2025-07-13","Resignation - Relocation","1.4","Baladna Q.P.S.C. (Qatar)","Corporate","Corporate & Executive Office","Corporate","Corporate & Executive Office - Section 2","CC-577","POS-01472","Supervisor - Corporate & Executive Office","Corporate & Executive Office","G6","Supervisory","BLD-101136","Deepak Mahmoud","Doha Site","Qatar","Doha","Expatriate"
"BLD-101474","EMP001473","Rajesh Malik","Rajesh","Male","Pakistani","1995-05-11","30","Married","Active","Permanent","Full Time","2024-07-11","2024-10-09",,,"1.5","Baladna Q.P.S.C. (Qatar)","Corporate","Finance","Corporate","Finance - Section 1","CC-502","POS-01473","Supervisor - Finance","Finance","G6","Supervisory","BLD-101364","Manoj Rai","Doha Site","Qatar","Doha","Expatriate"
"BLD-101475","EMP001474","Ahmed Ibrahim","Ahmed","Male","Indian","1983-08-13","42","Single","Active","Permanent","Full Time","2023-04-22","2023-07-21",,,"2.7","Baladna Q.P.S.C. (Qatar)","Operations","Engineering & Maintenance","Operations","Engineering & Maintenance - Section 2","CC-178","POS-01474","Specialist - Engineering & Maintenance","Engineering & Maintenance","G9","Supervisory","BLD-100790","Suresh Devi","Al Khor Site","Qatar","Al Khor","Expatriate"
"BLD-101476","EMP001475","Hassan Mansour","Hassan","Male","Egyptian","2001-08-22","22","Married","Terminated","Permanent","Full Time","2023-02-07","2023-05-08","2024-01-01","End of Contract - Not Renewed by Employee","0.9","Baladna Q.P.S.C. (Qatar)","Commercial","Sales & Distribution","Commercial","Sales & Distribution - Section 3","CC-310","POS-01475","Officer - Sales & Distribution","Sales & Distribution","G4","Staff","BLD-100915","Ahmed Iqbal","Doha Site","Qatar","Doha","Expatriate"
"BLD-101477","EMP001476","Faisal Mendoza","Faisal","Male","Nepali","1988-07-13","37","Married","Active","Temporary","Full Time","2024-03-01","2024-05-30",,,"1.8","Baladna Q.P.S.C. (Qatar)","Supply Chain","Procurement","Supply Chain","Procurement - Section 2","CC-637","POS-01476","Assistant - Procurement","Procurement","G3","Staff","BLD-101125","Faisal Iqbal","Doha Site","Qatar","Doha","Expatriate"
"BLD-101478","EMP001477","Juan Islam","Juan","Male","Egyptian","1979-03-17","46","Married","Active","Contract","Full Time","2025-09-21","2025-12-20",,,"0.3","Baladna Q.P.S.C. (Qatar)","Corporate","IT & Digital","Corporate","IT & Digital - Section 1","CC-289","POS-01477","Team Lead - IT & Digital","IT & Digital","G8","Supervisory","BLD-100009","Juan Al-Sayed","Doha Site","Qatar","Doha","Expatriate"
"BLD-101479","EMP001478","Salma Sharma","Salma","Female","Filipino","1978-08-05","47","Married","Active","Permanent","Full Time","2023-02-27","2023-05-28",,,"2.8","Baladna Q.P.S.C. (Qatar)","Operations","R&D","Operations","R&D - Section 3","CC-118","POS-01478","Operator - R&D","R&D","G3","Staff","BLD-101359","Anita Mansour","Al Khor Site","Qatar","Al Khor","Expatriate"
"BLD-101480","EMP001479","Sanjay Cruz","Sanjay","Male","Indian","1979-10-07","46","Married","Active","Contract","Part Time","2025-04-14","2025-07-13",,,"0.7","Baladna Q.P.S.C. (Qatar)","Operations","Production","Operations","Production - Section 1","CC-956","POS-01479","Senior Manager - Production","Production","G11","Managerial","BLD-100861","Pooja Chowdhury","Doha Site","Qatar","Doha","Expatriate"
"BLD-101481","EMP001480","Hassan Thapa","Hassan","Male","Egyptian","1976-05-14","49","Married","Active","Permanent","Full Time","2024-03-21","2024-06-19",,,"1.8","Baladna Egypt","Supply Chain","Supply Chain & Logistics","Supply Chain","Supply Chain & Logistics - Section 3","CC-370","POS-01480","Coordinator - Supply Chain & Logistics","Supply Chain & Logistics","G1","Staff","BLD-101115","Krishna Youssef","Cairo Site","Egypt","Cairo","Local"
"BLD-101482","EMP001481","Reem Ibrahim","Reem","Female","Nepali","1974-09-17","51","Married","Active","Contract","Full Time","2024-10-02","2024-12-31",,,"1.2","Baladna Q.P.S.C. (Qatar)","Commercial","Marketing","Commercial","Marketing - Section 2","CC-916","POS-01481","Supervisor - Marketing","Marketing","G7","Supervisory","BLD-100445","Mona Sharma","Al Khor Site","Qatar","Al Khor","Expatriate"
"BLD-101483","EMP001482","Tariq El-Sayed","Tariq","Male","Indian","1984-10-09","41","Married","Active","Permanent","Full Time","2023-09-03","2023-12-02",,,"2.3","Baladna Q.P.S.C. (Qatar)","Operations","Quality Assurance & Food Safety","Operations","Quality Assurance & Food Safety - Section 2","CC-564","POS-01482","Manager - Quality Assurance & Food Safety","Quality Assurance & Food Safety","G12","Managerial","BLD-100413","Ahmed Ibrahim","Doha Site","Qatar","Doha","Expatriate"
"BLD-101484","EMP001483","Khalid Al-Kuwari","Khalid","Male","Egyptian","1990-08-05","35","Married","Active","Permanent","Full Time","2025-07-21","2025-10-19",,,"0.4","Baladna Q.P.S.C. (Qatar)","Corporate","IT & Digital","Corporate","IT & Digital - Section 1","CC-289","POS-01483","Manager - IT & Digital","IT & Digital","G11","Managerial","BLD-101147","Deepak Gurung","Al Khor Site","Qatar","Al Khor","Expatriate"
"BLD-101485","EMP001484","Deepak Cruz","Deepak","Male","Sri Lankan","1998-02-17","27","Married","Active","Permanent","Full Time","2025-03-04","2025-06-02",,,"0.8","Baladna Q.P.S.C. (Qatar)","Corporate","Finance","Corporate","Finance - Section 2","CC-502","POS-01484","Specialist - Finance","Finance","G9","Supervisory","BLD-101409","Faisal Mahmoud","Al Rayyan Site","Qatar","Al Rayyan","Expatriate"
"BLD-101486","EMP001485","Lubna Rai","Lubna","Female","Egyptian","1991-03-12","34","Single","Active","Permanent","Full Time","2025-02-14","2025-05-15",,,"0.9","Baladna Egypt","Corporate","Finance","Corporate","Finance - Section 3","CC-502","POS-01485","Officer - Finance","Finance","G5","Staff","BLD-100820","Manoj Abdullah","Cairo Site","Egypt","Cairo","Local"
"BLD-101487","EMP001486","Priya Baig","Priya","Female","Jordanian","1996-02-08","29","Married","Active","Permanent","Full Time","2025-04-22","2025-07-21",,,"0.7","Baladna Egypt","Corporate","People & Culture","Corporate","People & Culture - Section 2","CC-310","POS-01486","Operator - People & Culture","People & Culture","G2","Staff","BLD-100947","Manoj Fernandes","10th of Ramadan City Site","Egypt","10th of Ramadan City","Expatriate"
"BLD-101488","EMP001487","Jose Malik","Jose","Male","Filipino","1987-07-11","38","Single","Active","Permanent","Full Time","2024-04-13","2024-07-12",,,"1.7","Baladna Q.P.S.C. (Qatar)","Corporate","Finance","Corporate","Finance - Section 2","CC-502","POS-01487","Supervisor - Finance","Finance","G8","Supervisory","BLD-100923","Vikram Islam","Doha Site","Qatar","Doha","Expatriate"
"BLD-101489","EMP001488","Mohamed Ibrahim","Mohamed","Male","Egyptian","1995-05-27","29","Married","Terminated","Permanent","Part Time","2024-02-10","2024-05-10","2025-02-23","Resignation - Better Opportunity","1","Baladna Egypt","Operations","Quality Assurance & Food Safety","Operations","Quality Assurance & Food Safety - Section 3","CC-564","POS-01488","Officer - Quality Assurance & Food Safety","Quality Assurance & Food Safety","G2","Staff","BLD-100907","Dalia Baig","Alexandria Site","Egypt","Alexandria","Local"
"BLD-101490","EMP001489","Sameer Al-Sayed","Sameer","Male","Sri Lankan","1972-09-17","53","Married","Active","Permanent","Full Time","2023-09-15","2023-12-14",,,"2.3","Baladna Q.P.S.C. (Qatar)","Operations","Engineering & Maintenance","Operations","Engineering & Maintenance - Section 2","CC-178","POS-01489","Assistant - Engineering & Maintenance","Engineering & Maintenance","G2","Staff","BLD-100014","Sanjay Baig","Al Khor Site","Qatar","Al Khor","Expatriate"
"BLD-101491","EMP001490","Bishnu Cruz","Bishnu","Male","Indian","1993-01-21","32","Single","Active","Permanent","Full Time","2024-07-07","2024-10-05",,,"1.5","Baladna Q.P.S.C. (Qatar)","Operations","R&D","Operations","R&D - Section 2","CC-118","POS-01490","Senior Technician - R&D","R&D","G6","Supervisory","BLD-100813","Hind Khan","Doha Site","Qatar","Doha","Expatriate"
"BLD-101492","EMP001491","Ali Ahmed","Ali","Male","Jordanian","1969-05-06","55","Married","Terminated","Permanent","Full Time","2023-11-20","2024-02-18","2024-10-05","End of Contract - Not Renewed by Employee","0.9","Baladna Q.P.S.C. (Qatar)","Operations","R&D","Operations","R&D - Section 3","CC-118","POS-01491","Operator - R&D","R&D","G3","Staff","BLD-100290","Bishnu Khan","Al Khor Site","Qatar","Al Khor","Expatriate"
"BLD-101493","EMP001492","Mariam Gurung","Mariam","Female","Egyptian","2001-07-07","21","Married","Terminated","Contract","Full Time","2023-01-23","2023-04-23","2023-02-18","Resignation - Better Opportunity","0.1","Baladna Egypt","Corporate","People & Culture","Corporate","People & Culture - Section 1","CC-310","POS-01492","Officer - People & Culture","People & Culture","G2","Staff","BLD-100567","Pooja Chowdhury","10th of Ramadan City Site","Egypt","10th of Ramadan City","Local"
"BLD-101494","EMP001493","Manoj Santos","Manoj","Male","Nepali","1971-11-27","54","Other","Active","Contract","Full Time","2025-01-07","2025-04-07",,,"1","Baladna Q.P.S.C. (Qatar)","Operations","R&D","Operations","R&D - Section 2","CC-118","POS-01493","Senior Technician - R&D","R&D","G9","Supervisory","BLD-101370","Maria Farouk","Al Khor Site","Qatar","Al Khor","Expatriate"
"BLD-101495","EMP001494","Nadia Thapa","Nadia","Female","Indian","1993-07-04","32","Married","Active","Permanent","Full Time","2023-07-19","2023-10-17",,,"2.5","Baladna Q.P.S.C. (Qatar)","Operations","Quality Assurance & Food Safety","Operations","Quality Assurance & Food Safety - Section 1","CC-564","POS-01494","Senior Technician - Quality Assurance & Food Safety","Quality Assurance & Food Safety","G9","Supervisory","BLD-100665","Ahmed Baig","Doha Site","Qatar","Doha","Expatriate"
"BLD-101496","EMP001495","Juan Al-Marri","Juan","Male","Egyptian","1976-07-11","49","Single","Active","Permanent","Full Time","2023-08-22","2023-11-20",,,"2.4","Baladna Egypt","Operations","Production","Operations","Production - Section 3","CC-956","POS-01495","Operator - Production","Production","G3","Staff","BLD-100481","Mohamed Khan","10th of Ramadan City Site","Egypt","10th of Ramadan City","Local"
"BLD-101497","EMP001496","Mariam Chowdhury","Mariam","Female","Sudanese","2000-04-21","25","Single","Active","Permanent","Full Time","2024-03-27","2024-06-25",,,"1.8","Baladna Egypt","Corporate","Finance","Corporate","Finance - Section 3","CC-502","POS-01496","Manager - Finance","Finance","G11","Managerial","BLD-100155","Sameer Abdullah","Cairo Site","Egypt","Cairo","Expatriate"
"BLD-101498","EMP001497","Ahmed Chowdhury","Ahmed","Male","Egyptian","1987-06-03","38","Single","Active","Permanent","Full Time","2025-01-21","2025-04-21",,,"0.9","Baladna Egypt","Operations","Production","Operations","Production - Section 3","CC-956","POS-01497","Coordinator - Production","Production","G1","Staff","BLD-101185","Anil Mendoza","10th of Ramadan City Site","Egypt","10th of Ramadan City","Local"
"BLD-101499","EMP001498","Cherry Mendoza","Cherry","Female","Qatari","1978-07-22","47","Married","Terminated","Permanent","Full Time","2023-07-08","2023-10-06","2025-12-21","Resignation - Relocation","2.5","Baladna Q.P.S.C. (Qatar)","Corporate","People & Culture","Corporate","People & Culture - Section 2","CC-310","POS-01498","Operator - People & Culture","People & Culture","G1","Staff","BLD-100035","Noor Mahmoud","Al Khor Site","Qatar","Al Khor","Local"
"BLD-101500","EMP001499","Khalid Iqbal","Khalid","Male","Jordanian","1985-01-26","40","Single","Active","Permanent","Full Time","2024-08-17","2024-11-15",,,"1.4","Baladna Q.P.S.C. (Qatar)","Supply Chain","Supply Chain & Logistics","Supply Chain","Supply Chain & Logistics - Section 3","CC-370","POS-01499","Officer - Supply Chain & Logistics","Supply Chain & Logistics","G2","Staff","BLD-101374","Layla Ahmed","Al Khor Site","Qatar","Al Khor","Expatriate"
"BLD-101501","EMP001500","Omar Rai","Omar","Male","Filipino","1974-05-06","51","Single","Active","Permanent","Full Time","2023-07-16","2023-10-14",,,"2.5","Baladna Q.P.S.C. (Qatar)","Operations","R&D","Operations","R&D - Section 2","CC-118","POS-01500","Coordinator - R&D","R&D","G3","Staff","BLD-100701","Rowena Kapoor","Doha Site","Qatar","Doha","Expatriate"
"BLD-101502","EMP001501","Prakash Malik","Prakash","Male","Indian","1987-09-23","38","Married","Active","Temporary","Full Time","2024-07-15","2024-10-13",,,"1.5","Baladna Q.P.S.C. (Qatar)","Commercial","Sales & Distribution","Commercial","Sales & Distribution - Section 2","CC-310","POS-01501","Associate - Sales & Distribution","Sales & Distribution","G4","Staff","BLD-101399","Anil Al-Kuwari","Al Rayyan Site","Qatar","Al Rayyan","Expatriate"
"BLD-101503","EMP001502","Ali Malik","Ali","Male","Bangladeshi","2000-06-06","24","Single","Terminated","Permanent","Full Time","2023-03-22","2023-06-20","2025-02-11","Resignation - Relocation","1.9","Baladna Q.P.S.C. (Qatar)","Commercial","Sales & Distribution","Commercial","Sales & Distribution - Section 1","CC-310","POS-01502","Operator - Sales & Distribution","Sales & Distribution","G5","Staff","BLD-101064","Nadia Baig","Al Khor Site","Qatar","Al Khor","Expatriate"
"BLD-101504","EMP001503","Ravi El-Sayed","Ravi","Male","Jordanian","1970-12-03","53","Married","Terminated","Permanent","Full Time","2023-01-06","2023-04-06","2024-05-30","Resignation - Better Opportunity","1.4","Baladna Q.P.S.C. (Qatar)","Operations","Production","Operations","Production - Section 2","CC-956","POS-01503","Supervisor - Production","Production","G6","Supervisory","BLD-100182","Juan Hassan","Doha Site","Qatar","Doha","Expatriate"
"BLD-101505","EMP001504","Grace Mahmoud","Grace","Female","Indian","1984-09-03","41","Other","Active","Contract","Full Time","2024-09-07","2024-12-06",,,"1.3","Baladna Q.P.S.C. (Qatar)","Corporate","Corporate & Executive Office","Corporate","Corporate & Executive Office - Section 1","CC-577","POS-01504","Operator - Corporate & Executive Office","Corporate & Executive Office","G4","Staff","BLD-101192","Rajesh Ahmed","Al Khor Site","Qatar","Al Khor","Expatriate"
"BLD-101506","EMP001505","Nadia Mahmoud","Nadia","Female","Egyptian","1993-08-20","32","Single","Active","Permanent","Full Time","2024-10-26","2025-01-24",,,"1.2","Baladna Egypt","Supply Chain","Supply Chain & Logistics","Supply Chain","Supply Chain & Logistics - Section 3","CC-370","POS-01505","Associate - Supply Chain & Logistics","Supply Chain & Logistics","G1","Staff","BLD-101410","Anil Fernandes","Cairo Site","Egypt","Cairo","Local"
"BLD-101507","EMP001506","Khalid Al-Marri","Khalid","Male","Egyptian","1978-04-01","47","Married","Active","Permanent","Full Time","2025-02-16","2025-05-17",,,"0.9","Baladna Egypt","Operations","Quality Assurance & Food Safety","Operations","Quality Assurance & Food Safety - Section 3","CC-564","POS-01506","Supervisor - Quality Assurance & Food Safety","Quality Assurance & Food Safety","G9","Supervisory","BLD-101057","Rajesh Fernandes","Alexandria Site","Egypt","Alexandria","Local"
"BLD-101508","EMP001507","Suresh Mendoza","Suresh","Male","Bangladeshi","1978-02-12","47","Married","Active","Permanent","Full Time","2024-01-10","2024-04-09",,,"2","Baladna Q.P.S.C. (Qatar)","Operations","Engineering & Maintenance","Operations","Engineering & Maintenance - Section 1","CC-178","POS-01507","Technician - Engineering & Maintenance","Engineering & Maintenance","G1","Staff","BLD-100015","Omar Al-Sayed","Doha Site","Qatar","Doha","Expatriate"
"BLD-101509","EMP001508","Suresh Reyes","Suresh","Male","Indian","1988-04-15","36","Single","Terminated","Permanent","Full Time","2023-08-06","2023-11-04","2025-01-30","Resignation - Better Opportunity","1.5","Baladna Q.P.S.C. (Qatar)","Supply Chain","Supply Chain & Logistics","Supply Chain","Supply Chain & Logistics - Section 1","CC-370","POS-01508","Vice President - Supply Chain & Logistics","Supply Chain & Logistics","G13","Executive","BLD-100001","Yousef Al-Attiyah","Doha Site","Qatar","Doha","Expatriate"
"BLD-101510","EMP001509","Omar Thapa","Omar","Male","Egyptian","1980-10-17","45","Other","Active","Permanent","Full Time","2023-04-09","2023-07-08",,,"2.7","Baladna Egypt","Operations","Production","Operations","Production - Section 1","CC-956","POS-01509","Team Lead - Production","Production","G8","Supervisory","BLD-100993","Faisal Chowdhury","Alexandria Site","Egypt","Alexandria","Local"
"BLD-101511","EMP001510","Priya Chowdhury","Priya","Female","Jordanian","1999-09-11","25","Single","Terminated","Permanent","Full Time","2024-03-11","2024-06-09","2025-02-10","Resignation - Relocation","0.9","Baladna Q.P.S.C. (Qatar)","Corporate","People & Culture","Corporate","People & Culture - Section 2","CC-310","POS-01510","Technician - People & Culture","People & Culture","G5","Staff","BLD-101149","Noor Sharma","Doha Site","Qatar","Doha","Expatriate"
