"employee_id","manager_id","manager_name","level1_leader","level2_leader","level3_leader","ceo_hierarchy_level","department","division","function","cost_center"
"BLD-100002","BLD-100884","Manoj Iqbal","Manoj Iqbal",,,"3","Procurement","Supply Chain","Supply Chain","CC-637"
"BLD-100003","BLD-101122","Waleed Cruz","Waleed Cruz","Ravi Al-Sayed","Ahmed Ibrahim","5","R&D","Operations","Operations","CC-118"
"BLD-100004","BLD-100391","Rowena Pereira","Rowena Pereira","Rania Kapoor","Pooja Chowdhury","5","Corporate & Executive Office","Corporate","Corporate","CC-577"
"BLD-100005","BLD-100008","Ramesh Kapoor","Ramesh Kapoor","Ahmed Ibrahim",,"4","Engineering & Maintenance","Operations","Operations","CC-178"
"BLD-100006","BLD-100808","Rajesh Mansour","Rajesh Mansour","Ravi Devi","Deepak Gurung","5","IT & Digital","Corporate","Corporate","CC-289"
"BLD-100007","BLD-101507","Khalid Al-Marri","Khalid Al-Marri","Rajesh Fernandes","Rakesh Cruz","5","Quality Assurance & Food Safety","Operations","Operations","CC-564"
"BLD-100008","BLD-100413","Ahmed Ibrahim","Ahmed Ibrahim",,,"3","Engineering & Maintenance","Operations","Operations","CC-178"
"BLD-100009","BLD-101147","Deepak Gurung","Deepak Gurung",,,"3","IT & Digital","Corporate","Corporate","CC-289"
"BLD-100010","BLD-101263","Shobha Mahmoud","Shobha Mahmoud","Rowena Kapoor","Huda Abdullah","5","Marketing","Commercial","Commercial","CC-916"
"BLD-100011","BLD-101474","Rajesh Malik","Rajesh Malik","Manoj Rai","Krishna Kapoor","5","Finance","Corporate","Corporate","CC-502"
"BLD-100012","BLD-100275","Mariam Baig","Mariam Baig","Ahmed Santos","Noor Al-Sayed","5","People & Culture","Corporate","Corporate","CC-310"
"BLD-100013","BLD-101126","Anil Kapoor","Anil Kapoor","Huda Abdullah",,"4","Marketing","Commercial","Commercial","CC-916"
"BLD-100014","BLD-100494","Ravi Youssef","Ravi Youssef","Ahmed Ibrahim",,"4","Engineering & Maintenance","Operations","Operations","CC-178"
"BLD-100015","BLD-100494","Ravi Youssef","Ravi Youssef","Ahmed Ibrahim",,"4","Engineering & Maintenance","Operations","Operations","CC-178"
"BLD-100016","BLD-100398","Rania Islam","Rania Islam","Pooja Chowdhury",,"4","Corporate & Executive Office","Corporate","Corporate","CC-577"
"BLD-100017","BLD-100008","Ramesh Kapoor","Ramesh Kapoor","Ahmed Ibrahim",,"4","Engineering & Maintenance","Operations","Operations","CC-178"
"BLD-100018","BLD-100008","Ramesh Kapoor","Ramesh Kapoor","Ahmed Ibrahim",,"4","Engineering & Maintenance","Operations","Operations","CC-178"
"BLD-100019","BLD-100356","Ramesh El-Sayed","Ramesh El-Sayed","Hari Chowdhury","Ramesh Islam","5","Sales & Distribution","Commercial","Commercial","CC-310"
"BLD-100020","BLD-101509","Suresh Reyes","Suresh Reyes",,,"3","Supply Chain & Logistics","Supply Chain","Supply Chain","CC-370"
"BLD-100021","BLD-101192","Rajesh Ahmed","Rajesh Ahmed","Rania Kapoor","Pooja Chowdhury","5","Corporate & Executive Office","Corporate","Corporate","CC-577"
"BLD-100022","BLD-100781","Krishna Thapa","Krishna Thapa","Yasmin Sharma","Noor Al-Sayed","5","Sales & Distribution","Commercial","Commercial","CC-310"
"BLD-100023","BLD-100594","Rina Abdullah","Rina Abdullah","Waleed Mendoza","Prakash Mendoza","5","People & Culture","Corporate","Corporate","CC-310"
"BLD-100024","BLD-100896","Hind Youssef","Hind Youssef","Waleed Mendoza","Prakash Mendoza","5","People & Culture","Corporate","Corporate","CC-310"
"BLD-100025","BLD-101388","Kavita Gurung","Kavita Gurung","Kumar El-Sayed","Waleed Gurung","5","Sales & Distribution","Commercial","Commercial","CC-310"
"BLD-100026","BLD-100714","Sameer Al-Sayed","Sameer Al-Sayed","Rakesh Cruz",,"4","Quality Assurance & Food Safety","Operations","Operations","CC-564"
"BLD-100027","BLD-100509","Rina Hassan","Rina Hassan","Sanjay Abdullah","Suresh Reyes","5","Supply Chain & Logistics","Supply Chain","Supply Chain","CC-370"
"BLD-100028","BLD-100235","Rina Baig","Rina Baig","Sameer Sharma","Kumar Islam","5","R&D","Operations","Operations","CC-118"
"BLD-100029","BLD-101262","Nadia Santos","Nadia Santos","Sameer Al-Sayed","Rakesh Cruz","5","Quality Assurance & Food Safety","Operations","Operations","CC-564"
"BLD-100030","BLD-101041","Layla Reyes","Layla Reyes","Juan Malik","Mariam Khan","5","People & Culture","Corporate","Corporate","CC-310"
"BLD-100031","BLD-100494","Ravi Youssef","Ravi Youssef","Ahmed Ibrahim",,"4","Engineering & Maintenance","Operations","Operations","CC-178"
"BLD-100032","BLD-101034","Manoj Baig","Manoj Baig","Suresh Hassan","Deepak Gurung","5","Sales & Distribution","Commercial","Commercial","CC-310"
"BLD-100033","BLD-100388","Waleed Rai","Waleed Rai","Reem Kapoor",,"4","People & Culture","Corporate","Corporate","CC-310"
"BLD-100034","BLD-100869","Santosh Baig","Santosh Baig","Ali Kapoor","Mohamed Rai","5","Procurement","Supply Chain","Supply Chain","CC-637"
"BLD-100035","BLD-100388","Waleed Rai","Waleed Rai","Reem Kapoor",,"4","People & Culture","Corporate","Corporate","CC-310"
"BLD-100036","BLD-100001","Yousef Al-Attiyah",,,,"2","Production","Operations","Operations","CC-956"
"BLD-100037","BLD-100502","Sara Santos","Sara Santos","Khalid Santos","Prakash Mendoza","5","People & Culture","Corporate","Corporate","CC-310"
"BLD-100038","BLD-100884","Manoj Iqbal","Manoj Iqbal",,,"3","Procurement","Supply Chain","Supply Chain","CC-637"
"BLD-100039","BLD-101201","Santosh Devi","Santosh Devi","Khalid Ibrahim","Priya Farouk","5","Supply Chain & Logistics","Supply Chain","Supply Chain","CC-370"
"BLD-100040","BLD-100593","Santosh Mahmoud","Santosh Mahmoud","Noor Mansour","Manoj Fernandes","5","R&D","Operations","Operations","CC-118"
"BLD-100041","BLD-100215","Vikram Abdullah","Vikram Abdullah","Ravi Youssef","Ahmed Ibrahim","5","Engineering & Maintenance","Operations","Operations","CC-178"
"BLD-100042","BLD-100403","Khalid Ibrahim","Khalid Ibrahim","Priya Farouk",,"4","Supply Chain & Logistics","Supply Chain","Supply Chain","CC-370"
"BLD-100043","BLD-101478","Juan Islam","Juan Islam","Juan Al-Sayed","Deepak Gurung","5","IT & Digital","Corporate","Corporate","CC-289"
"BLD-100044","BLD-101105","Fatima Malik","Fatima Malik","Noor Al-Sayed",,"4","People & Culture","Corporate","Corporate","CC-310"
"BLD-100045","BLD-101008","Ramesh Devi","Ramesh Devi","Kumar Iqbal","Anil Khan","5","R&D","Operations","Operations","CC-118"
"BLD-100046","BLD-100929","Juan Kapoor","Juan Kapoor","Ravi Youssef","Ahmed Ibrahim","5","Engineering & Maintenance","Operations","Operations","CC-178"
"BLD-100047","BLD-101495","Nadia Thapa","Nadia Thapa","Ahmed Baig","Ahmed Ibrahim","5","Quality Assurance & Food Safety","Operations","Operations","CC-564"
"BLD-100048","BLD-100222","Tariq Pereira","Tariq Pereira","Ahmed Cruz","Anil Khan","5","Farm Operations","Operations","Operations","CC-662"
"BLD-100049","BLD-101264","Sanjay Gurung","Sanjay Gurung","Ahmed Malik","Krishna Kapoor","5","Finance","Corporate","Corporate","CC-502"
"BLD-100050","BLD-101042","Faisal Mansour","Faisal Mansour","Anil Fernandes","Anil Khan","5","Farm Operations","Operations","Operations","CC-662"
"BLD-100051","BLD-101465","Ahmed Farouk","Ahmed Farouk","Rakesh Cruz",,"4","Quality Assurance & Food Safety","Operations","Operations","CC-564"
"BLD-100052","BLD-100182","Juan Hassan","Juan Hassan","Huda Abdullah",,"4","Production","Operations","Operations","CC-956"
"BLD-100053","BLD-100673","Jose Malik","Jose Malik","Yasmin Sharma","Noor Al-Sayed","5","Sales & Distribution","Commercial","Commercial","CC-310"
"BLD-100054","BLD-101443","Huda Al-Sayed","Huda Al-Sayed","Santosh Mansour","Manoj Iqbal","5","Procurement","Supply Chain","Supply Chain","CC-637"
"BLD-100055","BLD-100199","Anil Khan","Anil Khan",,,"3","Farm Operations","Operations","Operations","CC-662"
"BLD-100056","BLD-101126","Anil Kapoor","Anil Kapoor","Huda Abdullah",,"4","Marketing","Commercial","Commercial","CC-916"
"BLD-100057","BLD-100447","Pooja Mansour","Pooja Mansour","Aisha Malik","Rakesh Cruz","5","Quality Assurance & Food Safety","Operations","Operations","CC-564"
"BLD-100058","BLD-100677","Manoj Pereira","Manoj Pereira","Anil Gurung","Anil Khan","5","Quality Assurance & Food Safety","Operations","Operations","CC-564"
"BLD-100059","BLD-100375","Manoj Fernandes","Manoj Fernandes",,,"3","R&D","Operations","Operations","CC-118"
"BLD-100060","BLD-100754","Priya Baig","Priya Baig","Lubna Al-Kuwari","Mohamed Rai","5","Procurement","Supply Chain","Supply Chain","CC-637"
"BLD-100061","BLD-100529","Khalid Cruz","Khalid Cruz","Sanjay Santos","Mohamed Rai","5","Sales & Distribution","Commercial","Commercial","CC-310"
"BLD-100062","BLD-100051","Rajesh Kapoor","Rajesh Kapoor","Ahmed Farouk","Rakesh Cruz","5","Quality Assurance & Food Safety","Operations","Operations","CC-564"
"BLD-100063","BLD-101374","Layla Ahmed","Layla Ahmed","Rakesh Cruz","Suresh Reyes","5","Supply Chain & Logistics","Supply Chain","Supply Chain","CC-370"
"BLD-100064","BLD-100795","Hassan Reyes","Hassan Reyes","Vikram Abdullah","Sameer Abdullah","5","Finance","Corporate","Corporate","CC-502"
"BLD-100065","BLD-100097","Juan Sharma","Juan Sharma","Sunita Rai","Huda Abdullah","5","Marketing","Commercial","Commercial","CC-916"
"BLD-100066","BLD-101328","Ali Ahmed","Ali Ahmed","Mariam Khan",,"4","Finance","Corporate","Corporate","CC-502"
"BLD-100067","BLD-100227","Bishnu Al-Marri","Bishnu Al-Marri","Khalid Sharma","Anil Khan","5","Sales & Distribution","Commercial","Commercial","CC-310"
"BLD-100068","BLD-101274","Khalid Santos","Khalid Santos","Prakash Mendoza",,"4","People & Culture","Corporate","Corporate","CC-310"
"BLD-100069","BLD-101446","Khalid Sharma","Khalid Sharma","Anil Khan",,"4","Sales & Distribution","Commercial","Commercial","CC-310"
"BLD-100070","BLD-101220","Aisha Malik","Aisha Malik","Rakesh Cruz",,"4","Quality Assurance & Food Safety","Operations","Operations","CC-564"
"BLD-100071","BLD-100676","Suresh Iqbal","Suresh Iqbal","Noor Al-Sayed",,"4","Sales & Distribution","Commercial","Commercial","CC-310"
"BLD-100072","BLD-100338","Sanjay Devi","Sanjay Devi","Noor Al-Sayed",,"4","Supply Chain & Logistics","Supply Chain","Supply Chain","CC-370"
"BLD-100073","BLD-100724","Mohamed El-Sayed","Mohamed El-Sayed","Kumar Islam",,"4","Farm Operations","Operations","Operations","CC-662"
"BLD-100074","BLD-101376","Joy Reyes","Joy Reyes","Bikram Al-Sayed","Manoj Iqbal","5","Procurement","Supply Chain","Supply Chain","CC-637"
"BLD-100075","BLD-101217","Manoj Youssef","Manoj Youssef","Grace Pereira","Waleed Gurung","5","Production","Operations","Operations","CC-956"
"BLD-100076","BLD-101124","Nadia Iqbal","Nadia Iqbal","Rajesh Malik","Rakesh Kapoor","5","Marketing","Commercial","Commercial","CC-916"
"BLD-100077","BLD-100714","Sameer Al-Sayed","Sameer Al-Sayed","Rakesh Cruz",,"4","Quality Assurance & Food Safety","Operations","Operations","CC-564"
"BLD-100078","BLD-101253","Yasmin Fernandes","Yasmin Fernandes","Ravi Youssef","Ahmed Ibrahim","5","Engineering & Maintenance","Operations","Operations","CC-178"
"BLD-100079","BLD-100150","Hari Hassan","Hari Hassan","Sunita Baig","Manoj Iqbal","5","Procurement","Supply Chain","Supply Chain","CC-637"
"BLD-100080","BLD-100269","Faisal Ibrahim","Faisal Ibrahim","Mohamed Baig","Krishna Cruz","5","Production","Operations","Operations","CC-956"
"BLD-100081","BLD-101255","Sara Al-Marri","Sara Al-Marri","Sameer Al-Marri","Rakesh Cruz","5","Quality Assurance & Food Safety","Operations","Operations","CC-564"
"BLD-100082","BLD-100992","Rakesh Islam","Rakesh Islam","Bishnu Mendoza","Pooja Chowdhury","5","Corporate & Executive Office","Corporate","Corporate","CC-577"
"BLD-100083","BLD-100850","Arjun Hassan","Arjun Hassan","Mohamed Rai",,"4","Procurement","Supply Chain","Supply Chain","CC-637"
"BLD-100084","BLD-100799","Omar Thapa","Omar Thapa","Krishna Kapoor",,"4","Finance","Corporate","Corporate","CC-502"
"BLD-100085","BLD-101201","Santosh Devi","Santosh Devi","Khalid Ibrahim","Priya Farouk","5","Supply Chain & Logistics","Supply Chain","Supply Chain","CC-370"
"BLD-100086","BLD-101128","Rakesh Cruz","Rakesh Cruz",,,"3","Quality Assurance & Food Safety","Operations","Operations","CC-564"
"BLD-100087","BLD-101509","Suresh Reyes","Suresh Reyes",,,"3","R&D","Operations","Operations","CC-118"
"BLD-100088","BLD-101179","Vikram Ahmed","Vikram Ahmed","Huda Ahmed","Rakesh Kapoor","5","Marketing","Commercial","Commercial","CC-916"
"BLD-100089","BLD-101092","Prakash Kapoor","Prakash Kapoor","Sanjay Rai","Priya Farouk","5","Supply Chain & Logistics","Supply Chain","Supply Chain","CC-370"
"BLD-100090","BLD-100072","Jose Reyes","Jose Reyes","Sanjay Devi","Noor Al-Sayed","5","Supply Chain & Logistics","Supply Chain","Supply Chain","CC-370"
"BLD-100091","BLD-100762","Juan Mendoza","Juan Mendoza","Nadia Reyes","Krishna Cruz","5","Finance","Corporate","Corporate","CC-502"
"BLD-100092","BLD-100616","Tariq Youssef","Tariq Youssef","Mohamed Baig","Krishna Cruz","5","Production","Operations","Operations","CC-956"
"BLD-100093","BLD-100403","Khalid Ibrahim","Khalid Ibrahim","Priya Farouk",,"4","Supply Chain & Logistics","Supply Chain","Supply Chain","CC-370"
"BLD-100094","BLD-100850","Arjun Hassan","Arjun Hassan","Mohamed Rai",,"4","Procurement","Supply Chain","Supply Chain","CC-637"
"BLD-100095","BLD-100243","Hassan Youssef","Hassan Youssef","Ravi Youssef","Ahmed Ibrahim","5","Engineering & Maintenance","Operations","Operations","CC-178"
"BLD-100096","BLD-101045","Dalia Gurung","Dalia Gurung","Mohamed Rai",,"4","Procurement","Supply Chain","Supply Chain","CC-637"
"BLD-100097","BLD-100140","Sunita Rai","Sunita Rai","Huda Abdullah",,"4","Marketing","Commercial","Commercial","CC-916"
"BLD-100098","BLD-100907","Dalia Baig","Dalia Baig","Ahmed Farouk","Rakesh Cruz","5","Quality Assurance & Food Safety","Operations","Operations","CC-564"
"BLD-100099","BLD-101227","Arjun Fernandes","Arjun Fernandes","Tariq Islam","Waleed Gurung","5","Sales & Distribution","Commercial","Commercial","CC-310"
"BLD-100100","BLD-100036","Waleed Gurung","Waleed Gurung",,,"3","Sales & Distribution","Commercial","Commercial","CC-310"
"BLD-100101","BLD-100009","Juan Al-Sayed","Juan Al-Sayed","Deepak Gurung",,"4","IT & Digital","Corporate","Corporate","CC-289"
"BLD-100102","BLD-100042","Ahmed Iqbal","Ahmed Iqbal","Khalid Ibrahim","Priya Farouk","5","Supply Chain & Logistics","Supply Chain","Supply Chain","CC-370"
"BLD-100103","BLD-100582","Santosh Islam","Santosh Islam","Tariq Pereira","Pooja Chowdhury","5","Corporate & Executive Office","Corporate","Corporate","CC-577"
"BLD-100104","BLD-100782","Khalid Santos","Khalid Santos","Anil Cruz","Kumar Islam","5","Farm Operations","Operations","Operations","CC-662"
"BLD-100105","BLD-101415","Arjun Al-Marri","Arjun Al-Marri","Prakash Mendoza",,"4","People & Culture","Corporate","Corporate","CC-310"
"BLD-100106","BLD-100929","Juan Kapoor","Juan Kapoor","Ravi Youssef","Ahmed Ibrahim","5","Engineering & Maintenance","Operations","Operations","CC-178"
"BLD-100107","BLD-100140","Sunita Rai","Sunita Rai","Huda Abdullah",,"4","Marketing","Commercial","Commercial","CC-916"
"BLD-100108","BLD-101243","Waleed Chowdhury","Waleed Chowdhury","Santosh Fernandes","Deepak Gurung","5","IT & Digital","Corporate","Corporate","CC-289"
"BLD-100109","BLD-100001","Yousef Al-Attiyah",,,,"2","Production","Operations","Operations","CC-956"
"BLD-100110","BLD-101376","Joy Reyes","Joy Reyes","Bikram Al-Sayed","Manoj Iqbal","5","Procurement","Supply Chain","Supply Chain","CC-637"
"BLD-100111","BLD-100354","Jose Fernandes","Jose Fernandes","Ravi Malik","Krishna Kapoor","5","Finance","Corporate","Corporate","CC-502"
"BLD-100112","BLD-100303","Rakesh Kapoor","Rakesh Kapoor",,,"3","Marketing","Commercial","Commercial","CC-916"
"BLD-100113","BLD-100283","Krishna Islam","Krishna Islam","Tariq El-Sayed","Ahmed Ibrahim","5","Quality Assurance & Food Safety","Operations","Operations","CC-564"
"BLD-100114","BLD-100042","Ahmed Iqbal","Ahmed Iqbal","Khalid Ibrahim","Priya Farouk","5","Supply Chain & Logistics","Supply Chain","Supply Chain","CC-370"
"BLD-100115","BLD-100790","Suresh Devi","Suresh Devi","Ahmed Ibrahim",,"4","Engineering & Maintenance","Operations","Operations","CC-178"
"BLD-100116","BLD-101052","Mohamed Mahmoud","Mohamed Mahmoud","Tariq Islam","Waleed Gurung","5","Sales & Distribution","Commercial","Commercial","CC-310"
"BLD-100117","BLD-101488","Jose Malik","Jose Malik","Vikram Islam","Krishna Kapoor","5","Finance","Corporate","Corporate","CC-502"
"BLD-100118","BLD-100665","Ahmed Baig","Ahmed Baig","Ahmed Ibrahim",,"4","Quality Assurance & Food Safety","Operations","Operations","CC-564"
"BLD-100119","BLD-101199","Ramesh Islam","Ramesh Islam",,,"3","IT & Digital","Corporate","Corporate","CC-289"
"BLD-100120","BLD-100946","Dina Mahmoud","Dina Mahmoud","Santosh Mansour","Manoj Iqbal","5","Procurement","Supply Chain","Supply Chain","CC-637"
"BLD-100121","BLD-101012","Sameer Islam","Sameer Islam","Pooja Chowdhury",,"4","Corporate & Executive Office","Corporate","Corporate","CC-577"
"BLD-100122","BLD-100069","Kavita Al-Kuwari","Kavita Al-Kuwari","Khalid Sharma","Anil Khan","5","Sales & Distribution","Commercial","Commercial","CC-310"
"BLD-100123","BLD-101289","Ali Kapoor","Ali Kapoor","Mohamed Rai",,"4","Procurement","Supply Chain","Supply Chain","CC-637"
"BLD-100124","BLD-100341","Anil Cruz","Anil Cruz","Kumar Islam",,"4","Farm Operations","Operations","Operations","CC-662"
"BLD-100125","BLD-100676","Suresh Iqbal","Suresh Iqbal","Noor Al-Sayed",,"4","Sales & Distribution","Commercial","Commercial","CC-310"
"BLD-100126","BLD-100284","Sanjay Santos","Sanjay Santos","Yasmin Sharma","Noor Al-Sayed","5","Sales & Distribution","Commercial","Commercial","CC-310"
"BLD-100127","BLD-101480","Sanjay Cruz","Sanjay Cruz","Pooja Chowdhury",,"4","Production","Operations","Operations","CC-956"
"BLD-100128","BLD-101063","Grace Reyes","Grace Reyes","Shobha Thapa","Rakesh Cruz","5","Finance","Corporate","Corporate","CC-502"
"BLD-100129","BLD-101149","Noor Sharma","Noor Sharma","Tariq Khan","Prakash Mendoza","5","People & Culture","Corporate","Corporate","CC-310"
"BLD-100130","BLD-101084","Mohamed Baig","Mohamed Baig","Krishna Cruz",,"4","Production","Operations","Operations","CC-956"
"BLD-100131","BLD-101227","Arjun Fernandes","Arjun Fernandes","Tariq Islam","Waleed Gurung","5","Sales & Distribution","Commercial","Commercial","CC-310"
"BLD-100132","BLD-101165","Rina Fernandes","Rina Fernandes","Rania Islam","Pooja Chowdhury","5","Corporate & Executive Office","Corporate","Corporate","CC-577"
"BLD-100133","BLD-100161","Tariq Kapoor","Tariq Kapoor","Rakesh Kapoor",,"4","Marketing","Commercial","Commercial","CC-916"
"BLD-100134","BLD-100159","Manoj Abdullah","Manoj Abdullah","Deepak Gurung",,"4","IT & Digital","Corporate","Corporate","CC-289"
"BLD-100135","BLD-101000","Aisha Al-Sayed","Aisha Al-Sayed","Juan Al-Sayed","Deepak Gurung","5","IT & Digital","Corporate","Corporate","CC-289"
"BLD-100136","BLD-101136","Deepak Mahmoud","Deepak Mahmoud","Pooja Chowdhury",,"4","Corporate & Executive Office","Corporate","Corporate","CC-577"
"BLD-100137","BLD-101199","Ramesh Islam","Ramesh Islam",,,"3","Production","Operations","Operations","CC-956"
"BLD-100138","BLD-100071","Rajesh Gurung","Rajesh Gurung","Suresh Iqbal","Noor Al-Sayed","5","Sales & Distribution","Commercial","Commercial","CC-310"
"BLD-100139","BLD-100338","Sanjay Devi","Sanjay Devi","Noor Al-Sayed",,"4","Supply Chain & Logistics","Supply Chain","Supply Chain","CC-370"
"BLD-100140","BLD-100171","Huda Abdullah","Huda Abdullah",,,"3","Marketing","Commercial","Commercial","CC-916"
"BLD-100141","BLD-100763","Mohamed Rai","Mohamed Rai",,,"3","Procurement","Supply Chain","Supply Chain","CC-637"
"BLD-100142","BLD-100824","Kumar Islam","Kumar Islam",,,"3","Farm Operations","Operations","Operations","CC-662"
"BLD-100143","BLD-100705","Pooja Farouk","Pooja Farouk","Ahmed Baig","Ahmed Ibrahim","5","Quality Assurance & Food Safety","Operations","Operations","CC-564"
"BLD-100144","BLD-101390","Omar Chowdhury","Omar Chowdhury","Suresh Hassan","Deepak Gurung","5","Sales & Distribution","Commercial","Commercial","CC-310"
"BLD-100145","BLD-100730","Lubna Devi","Lubna Devi","Ali Ibrahim","Prakash Mendoza","5","Production","Operations","Operations","CC-956"
"BLD-100146","BLD-100354","Jose Fernandes","Jose Fernandes","Ravi Malik","Krishna Kapoor","5","Finance","Corporate","Corporate","CC-502"
"BLD-100147","BLD-101033","Hassan Cruz","Hassan Cruz","Dina Reyes","Prakash Mendoza","5","People & Culture","Corporate","Corporate","CC-310"
"BLD-100148","BLD-100071","Rajesh Gurung","Rajesh Gurung","Suresh Iqbal","Noor Al-Sayed","5","Sales & Distribution","Commercial","Commercial","CC-310"
"BLD-100149","BLD-100168","Lubna Mansour","Lubna Mansour","Ali Cruz","Ramesh Islam","5","IT & Digital","Corporate","Corporate","CC-289"
"BLD-100150","BLD-100916","Sunita Baig","Sunita Baig","Manoj Iqbal",,"4","Procurement","Supply Chain","Supply Chain","CC-637"
"BLD-100151","BLD-101199","Ramesh Islam","Ramesh Islam",,,"3","IT & Digital","Corporate","Corporate","CC-289"
"BLD-100152","BLD-100175","Sanjay Kapoor","Sanjay Kapoor","Bikram Hassan","Anil Khan","5","Farm Operations","Operations","Operations","CC-662"
"BLD-100153","BLD-100066","Prakash Ibrahim","Prakash Ibrahim","Ali Ahmed","Mariam Khan","5","Finance","Corporate","Corporate","CC-502"
"BLD-100154","BLD-100861","Pooja Chowdhury","Pooja Chowdhury",,,"3","Corporate & Executive Office","Corporate","Corporate","CC-577"
"BLD-100155","BLD-100001","Yousef Al-Attiyah",,,,"2","Production","Operations","Operations","CC-956"
"BLD-100156","BLD-100853","Arjun Kapoor","Arjun Kapoor","Tariq Khan","Prakash Mendoza","5","People & Culture","Corporate","Corporate","CC-310"
"BLD-100157","BLD-100155","Sameer Abdullah","Sameer Abdullah",,,"3","Finance","Corporate","Corporate","CC-502"
"BLD-100158","BLD-100494","Ravi Youssef","Ravi Youssef","Ahmed Ibrahim",,"4","Engineering & Maintenance","Operations","Operations","CC-178"
"BLD-100159","BLD-101147","Deepak Gurung","Deepak Gurung",,,"3","IT & Digital","Corporate","Corporate","CC-289"
"BLD-100160","BLD-100734","Omar Al-Kuwari","Omar Al-Kuwari","Mohamed Al-Kuwari","Ramesh Islam","5","Production","Operations","Operations","CC-956"
"BLD-100161","BLD-100303","Rakesh Kapoor","Rakesh Kapoor",,,"3","Marketing","Commercial","Commercial","CC-916"
"BLD-100162","BLD-100013","Aisha Iqbal","Aisha Iqbal","Anil Kapoor","Huda Abdullah","5","Marketing","Commercial","Commercial","CC-916"
"BLD-100163","BLD-100360","Suresh Baig","Suresh Baig","Ravi Malik","Krishna Kapoor","5","Finance","Corporate","Corporate","CC-502"
"BLD-100164","BLD-100761","Manoj Youssef","Manoj Youssef","Ravi Santos","Reem Kapoor","5","People & Culture","Corporate","Corporate","CC-310"
"BLD-100165","BLD-100383","Juan Santos","Juan Santos","Sunita Youssef","Mariam Khan","5","People & Culture","Corporate","Corporate","CC-310"
"BLD-100166","BLD-100545","Ravi Santos","Ravi Santos","Reem Kapoor",,"4","People & Culture","Corporate","Corporate","CC-310"
"BLD-100167","BLD-100721","Hari Al-Marri","Hari Al-Marri","Juan Hassan","Huda Abdullah","5","Production","Operations","Operations","CC-956"
"BLD-100168","BLD-100151","Ali Cruz","Ali Cruz","Ramesh Islam",,"4","IT & Digital","Corporate","Corporate","CC-289"
"BLD-100169","BLD-101179","Vikram Ahmed","Vikram Ahmed","Huda Ahmed","Rakesh Kapoor","5","Marketing","Commercial","Commercial","CC-916"
"BLD-100170","BLD-100860","Bishnu Al-Marri","Bishnu Al-Marri","Prakash Mendoza",,"4","Sales & Distribution","Commercial","Commercial","CC-310"
"BLD-100171","BLD-100001","Yousef Al-Attiyah",,,,"2","Marketing","Commercial","Commercial","CC-916"
"BLD-100172","BLD-100427","Deepak Devi","Deepak Devi","Santosh Mansour","Manoj Iqbal","5","Procurement","Supply Chain","Supply Chain","CC-637"
"BLD-100173","BLD-101179","Vikram Ahmed","Vikram Ahmed","Huda Ahmed","Rakesh Kapoor","5","Marketing","Commercial","Commercial","CC-916"
"BLD-100174","BLD-100494","Ravi Youssef","Ravi Youssef","Ahmed Ibrahim",,"4","Engineering & Maintenance","Operations","Operations","CC-178"
"BLD-100175","BLD-100931","Bikram Hassan","Bikram Hassan","Anil Khan",,"4","Farm Operations","Operations","Operations","CC-662"
"BLD-100176","BLD-101265","Suresh Hassan","Suresh Hassan","Deepak Gurung",,"4","Sales & Distribution","Commercial","Commercial","CC-310"
"BLD-100177","BLD-101223","Sameer Devi","Sameer Devi","Juan Al-Sayed","Deepak Gurung","5","IT & Digital","Corporate","Corporate","CC-289"
"BLD-100178","BLD-100553","Reem Ibrahim","Reem Ibrahim","Juan Malik","Mariam Khan","5","People & Culture","Corporate","Corporate","CC-310"
"BLD-100179","BLD-100015","Omar Al-Sayed","Omar Al-Sayed","Ravi Youssef","Ahmed Ibrahim","5","Engineering & Maintenance","Operations","Operations","CC-178"
"BLD-100180","BLD-100460","Juan El-Sayed","Juan El-Sayed","Noor Sharma","Noor Al-Sayed","5","Finance","Corporate","Corporate","CC-502"
"BLD-100181","BLD-101104","Juan Gurung","Juan Gurung","Juan Malik","Mariam Khan","5","People & Culture","Corporate","Corporate","CC-310"
"BLD-100182","BLD-100171","Huda Abdullah","Huda Abdullah",,,"3","Production","Operations","Operations","CC-956"
"BLD-100183","BLD-100052","Rajesh Mendoza","Rajesh Mendoza","Juan Hassan","Huda Abdullah","5","Production","Operations","Operations","CC-956"
"BLD-100184","BLD-100391","Rowena Pereira","Rowena Pereira","Rania Kapoor","Pooja Chowdhury","5","Corporate & Executive Office","Corporate","Corporate","CC-577"
"BLD-100185","BLD-101425","Ahmed Mahmoud","Ahmed Mahmoud","Anil Kapoor","Huda Abdullah","5","Marketing","Commercial","Commercial","CC-916"
"BLD-100186","BLD-100105","Rowena Islam","Rowena Islam","Arjun Al-Marri","Prakash Mendoza","5","People & Culture","Corporate","Corporate","CC-310"
"BLD-100187","BLD-101093","Reem Kapoor","Reem Kapoor",,,"3","People & Culture","Corporate","Corporate","CC-310"
"BLD-100188","BLD-100100","Tariq Islam","Tariq Islam","Waleed Gurung",,"4","Sales & Distribution","Commercial","Commercial","CC-310"
"BLD-100189","BLD-100068","Bishnu Kapoor","Bishnu Kapoor","Khalid Santos","Prakash Mendoza","5","People & Culture","Corporate","Corporate","CC-310"
"BLD-100190","BLD-100905","Sanjay El-Sayed","Sanjay El-Sayed","Amina Al-Kuwari","Priya Farouk","5","Supply Chain & Logistics","Supply Chain","Supply Chain","CC-370"
"BLD-100191","BLD-100273","Ahmed Al-Sayed","Ahmed Al-Sayed","Deepak Gurung",,"4","IT & Digital","Corporate","Corporate","CC-289"
"BLD-100192","BLD-100229","Ravi Malik","Ravi Malik","Krishna Kapoor",,"4","Finance","Corporate","Corporate","CC-502"
"BLD-100193","BLD-101048","Cherry Reyes","Cherry Reyes","Rajesh Baig","Mariam Khan","5","People & Culture","Corporate","Corporate","CC-310"
"BLD-100194","BLD-100502","Sara Santos","Sara Santos","Khalid Santos","Prakash Mendoza","5","People & Culture","Corporate","Corporate","CC-310"
"BLD-100195","BLD-101185","Anil Mendoza","Anil Mendoza","Sameer Reyes","Krishna Cruz","5","Production","Operations","Operations","CC-956"
"BLD-100196","BLD-100859","Waleed Baig","Waleed Baig","Sameer Al-Sayed","Rakesh Cruz","5","Quality Assurance & Food Safety","Operations","Operations","CC-564"
"BLD-100197","BLD-100646","Mona Khan","Mona Khan","Arjun Malik","Ramesh Islam","5","IT & Digital","Corporate","Corporate","CC-289"
"BLD-100198","BLD-100905","Sanjay El-Sayed","Sanjay El-Sayed","Amina Al-Kuwari","Priya Farouk","5","Supply Chain & Logistics","Supply Chain","Supply Chain","CC-370"
"BLD-100199","BLD-100001","Yousef Al-Attiyah",,,,"2","Farm Operations","Operations","Operations","CC-662"
"BLD-100200","BLD-100797","Rajesh Farouk","Rajesh Farouk","Ahmed Baig","Ahmed Ibrahim","5","Quality Assurance & Food Safety","Operations","Operations","CC-564"
"BLD-100201","BLD-100957","Mohamed Mansour","Mohamed Mansour","Prakash Kapoor","Rakesh Cruz","5","Supply Chain & Logistics","Supply Chain","Supply Chain","CC-370"
"BLD-100202","BLD-101359","Anita Mansour","Anita Mansour","Hind Khan","Suresh Reyes","5","R&D","Operations","Operations","CC-118"
"BLD-100203","BLD-101124","Nadia Iqbal","Nadia Iqbal","Rajesh Malik","Rakesh Kapoor","5","Marketing","Commercial","Commercial","CC-916"
"BLD-100204","BLD-100494","Ravi Youssef","Ravi Youssef","Ahmed Ibrahim",,"4","Engineering & Maintenance","Operations","Operations","CC-178"
"BLD-100205","BLD-101199","Ramesh Islam","Ramesh Islam",,,"3","Sales & Distribution","Commercial","Commercial","CC-310"
"BLD-100206","BLD-100154","Bishnu Mendoza","Bishnu Mendoza","Pooja Chowdhury",,"4","Corporate & Executive Office","Corporate","Corporate","CC-577"
"BLD-100207","BLD-101136","Deepak Mahmoud","Deepak Mahmoud","Pooja Chowdhury",,"4","Corporate & Executive Office","Corporate","Corporate","CC-577"
"BLD-100208","BLD-100734","Omar Al-Kuwari","Omar Al-Kuwari","Mohamed Al-Kuwari","Ramesh Islam","5","Production","Operations","Operations","CC-956"
"BLD-100209","BLD-101480","Sanjay Cruz","Sanjay Cruz","Pooja Chowdhury",,"4","Production","Operations","Operations","CC-956"
"BLD-100210","BLD-100014","Sanjay Baig","Sanjay Baig","Ravi Youssef","Ahmed Ibrahim","5","Engineering & Maintenance","Operations","Operations","CC-178"
"BLD-100211","BLD-100895","Rina Malik","Rina Malik","Noor Sharma","Noor Al-Sayed","5","Finance","Corporate","Corporate","CC-502"
"BLD-100212","BLD-100869","Santosh Baig","Santosh Baig","Ali Kapoor","Mohamed Rai","5","Procurement","Supply Chain","Supply Chain","CC-637"
"BLD-100213","BLD-100214","Nadia Ahmed","Nadia Ahmed","Kumar Islam",,"4","R&D","Operations","Operations","CC-118"
"BLD-100214","BLD-100824","Kumar Islam","Kumar Islam",,,"3","R&D","Operations","Operations","CC-118"
"BLD-100215","BLD-100494","Ravi Youssef","Ravi Youssef","Ahmed Ibrahim",,"4","Engineering & Maintenance","Operations","Operations","CC-178"
"BLD-100216","BLD-101124","Nadia Iqbal","Nadia Iqbal","Rajesh Malik","Rakesh Kapoor","5","Marketing","Commercial","Commercial","CC-916"
"BLD-100217","BLD-100532","Bikram Al-Kuwari","Bikram Al-Kuwari","Suresh Reyes",,"4","Supply Chain & Logistics","Supply Chain","Supply Chain","CC-370"
"BLD-100218","BLD-101297","Krishna Kapoor","Krishna Kapoor",,,"3","Finance","Corporate","Corporate","CC-502"
"BLD-100219","BLD-100951","Yasmin Sharma","Yasmin Sharma","Noor Al-Sayed",,"4","Sales & Distribution","Commercial","Commercial","CC-310"
"BLD-100220","BLD-100443","Vikram El-Sayed","Vikram El-Sayed","Anil Khan",,"4","Sales & Distribution","Commercial","Commercial","CC-310"
"BLD-100221","BLD-100038","Ali Devi","Ali Devi","Manoj Iqbal",,"4","Procurement","Supply Chain","Supply Chain","CC-637"
"BLD-100222","BLD-100331","Ahmed Cruz","Ahmed Cruz","Anil Khan",,"4","Farm Operations","Operations","Operations","CC-662"
"BLD-100223","BLD-100083","Ali Al-Kuwari","Ali Al-Kuwari","Arjun Hassan","Mohamed Rai","5","Procurement","Supply Chain","Supply Chain","CC-637"
"BLD-100224","BLD-100334","Rina Rai","Rina Rai","Sameer Iqbal","Mariam Khan","5","People & Culture","Corporate","Corporate","CC-310"
"BLD-100225","BLD-100199","Anil Khan","Anil Khan",,,"3","Production","Operations","Operations","CC-956"
"BLD-100226","BLD-100820","Manoj Abdullah","Manoj Abdullah","Mariam Chowdhury","Sameer Abdullah","5","Finance","Corporate","Corporate","CC-502"
"BLD-100227","BLD-101446","Khalid Sharma","Khalid Sharma","Anil Khan",,"4","Sales & Distribution","Commercial","Commercial","CC-310"
"BLD-100228","BLD-100745","Mona Al-Kuwari","Mona Al-Kuwari","Hari Al-Marri","Pooja Chowdhury","5","Corporate & Executive Office","Corporate","Corporate","CC-577"
"BLD-100229","BLD-101297","Krishna Kapoor","Krishna Kapoor",,,"3","Finance","Corporate","Corporate","CC-502"
"BLD-100230","BLD-100994","Omar Sharma","Omar Sharma","Manoj Fernandes",,"4","Quality Assurance & Food Safety","Operations","Operations","CC-564"
"BLD-100231","BLD-100005","Ravi Mansour","Ravi Mansour","Ramesh Kapoor","Ahmed Ibrahim","5","Engineering & Maintenance","Operations","Operations","CC-178"
"BLD-100232","BLD-100749","Jose Mansour","Jose Mansour","Sanjay Islam","Sameer Abdullah","5","Sales & Distribution","Commercial","Commercial","CC-310"
"BLD-100233","BLD-101463","Rina Youssef","Rina Youssef","Bishnu Mendoza","Pooja Chowdhury","5","Corporate & Executive Office","Corporate","Corporate","CC-577"
"BLD-100234","BLD-100360","Suresh Baig","Suresh Baig","Ravi Malik","Krishna Kapoor","5","Finance","Corporate","Corporate","CC-502"
"BLD-100235","BLD-100490","Sameer Sharma","Sameer Sharma","Kumar Islam",,"4","R&D","Operations","Operations","CC-118"
"BLD-100236","BLD-101210","Reem El-Sayed","Reem El-Sayed","Noor Al-Sayed",,"4","Finance","Corporate","Corporate","CC-502"
"BLD-100237","BLD-100625","Hind Mahmoud","Hind Mahmoud","Khalid Thapa","Reem Kapoor","5","People & Culture","Corporate","Corporate","CC-310"
"BLD-100238","BLD-101179","Vikram Ahmed","Vikram Ahmed","Huda Ahmed","Rakesh Kapoor","5","Marketing","Commercial","Commercial","CC-916"
"BLD-100239","BLD-101186","Maria Pereira","Maria Pereira","Rowena Fernandes","Waleed Gurung","5","Finance","Corporate","Corporate","CC-502"
"BLD-100240","BLD-100907","Dalia Baig","Dalia Baig","Ahmed Farouk","Rakesh Cruz","5","Quality Assurance & Food Safety","Operations","Operations","CC-564"
"BLD-100241","BLD-100055","Anil Fernandes","Anil Fernandes","Anil Khan",,"4","Farm Operations","Operations","Operations","CC-662"
"BLD-100242","BLD-100018","Ramesh Gurung","Ramesh Gurung","Ramesh Kapoor","Ahmed Ibrahim","5","Engineering & Maintenance","Operations","Operations","CC-178"
"BLD-100243","BLD-100494","Ravi Youssef","Ravi Youssef","Ahmed Ibrahim",,"4","Engineering & Maintenance","Operations","Operations","CC-178"
"BLD-100244","BLD-100204","Prakash Gurung","Prakash Gurung","Ravi Youssef","Ahmed Ibrahim","5","Engineering & Maintenance","Operations","Operations","CC-178"
"BLD-100245","BLD-100597","Jose Youssef","Jose Youssef","Ravi Youssef","Ahmed Ibrahim","5","Engineering & Maintenance","Operations","Operations","CC-178"
"BLD-100246","BLD-100592","Yasmin Cruz","Yasmin Cruz","Sunita Youssef","Mariam Khan","5","People & Culture","Corporate","Corporate","CC-310"
"BLD-100247","BLD-101247","Ahmed El-Sayed","Ahmed El-Sayed","Anil Khan",,"4","Farm Operations","Operations","Operations","CC-662"
"BLD-100248","BLD-100963","Santosh Mendoza","Santosh Mendoza","Ali Ahmed","Mariam Khan","5","Finance","Corporate","Corporate","CC-502"
"BLD-100249","BLD-100627","Rakesh Youssef","Rakesh Youssef","Hari Abdullah","Prakash Mendoza","5","Production","Operations","Operations","CC-956"
"BLD-100250","BLD-101297","Krishna Kapoor","Krishna Kapoor",,,"3","Finance","Corporate","Corporate","CC-502"
"BLD-100251","BLD-100551","Prakash Reyes","Prakash Reyes","Sanjay Rai","Priya Farouk","5","Supply Chain & Logistics","Supply Chain","Supply Chain","CC-370"
"BLD-100252","BLD-100409","Vikram Al-Kuwari","Vikram Al-Kuwari","Vikram Hassan","Reem Kapoor","5","Quality Assurance & Food Safety","Operations","Operations","CC-564"
"BLD-100253","BLD-101478","Juan Islam","Juan Islam","Juan Al-Sayed","Deepak Gurung","5","IT & Digital","Corporate","Corporate","CC-289"
"BLD-100254","BLD-101425","Ahmed Mahmoud","Ahmed Mahmoud","Anil Kapoor","Huda Abdullah","5","Marketing","Commercial","Commercial","CC-916"
"BLD-100255","BLD-100697","Sunita Al-Marri","Sunita Al-Marri","Ramesh Islam",,"4","Sales & Distribution","Commercial","Commercial","CC-310"
"BLD-100256","BLD-100155","Sameer Abdullah","Sameer Abdullah",,,"3","Finance","Corporate","Corporate","CC-502"
"BLD-100257","BLD-100583","Kumar El-Sayed","Kumar El-Sayed","Waleed Gurung",,"4","Sales & Distribution","Commercial","Commercial","CC-310"
"BLD-100258","BLD-101079","Sanjay Devi","Sanjay Devi","Anil Gurung","Anil Khan","5","Quality Assurance & Food Safety","Operations","Operations","CC-564"
"BLD-100259","BLD-101129","Reem El-Sayed","Reem El-Sayed","Kumar El-Sayed","Waleed Gurung","5","Sales & Distribution","Commercial","Commercial","CC-310"
"BLD-100260","BLD-101346","Sameer Hassan","Sameer Hassan","Suresh Devi","Ahmed Ibrahim","5","Engineering & Maintenance","Operations","Operations","CC-178"
"BLD-100261","BLD-100578","Sanjay Abdullah","Sanjay Abdullah","Suresh Reyes",,"4","Supply Chain & Logistics","Supply Chain","Supply Chain","CC-370"
"BLD-100262","BLD-101067","Sanjay Kapoor","Sanjay Kapoor","Ravi Santos","Reem Kapoor","5","People & Culture","Corporate","Corporate","CC-310"
"BLD-100263","BLD-100768","Huda Sharma","Huda Sharma","Dalia Gurung","Mohamed Rai","5","Procurement","Supply Chain","Supply Chain","CC-637"
"BLD-100264","BLD-100529","Khalid Cruz","Khalid Cruz","Sanjay Santos","Mohamed Rai","5","Sales & Distribution","Commercial","Commercial","CC-310"
"BLD-100265","BLD-100155","Sameer Abdullah","Sameer Abdullah",,,"3","Sales & Distribution","Commercial","Commercial","CC-310"
"BLD-100266","BLD-100914","Krishna Fernandes","Krishna Fernandes","Suresh Devi","Ahmed Ibrahim","5","Engineering & Maintenance","Operations","Operations","CC-178"
"BLD-100267","BLD-101326","Pooja Cruz","Pooja Cruz","Ramesh Kapoor","Ahmed Ibrahim","5","Engineering & Maintenance","Operations","Operations","CC-178"
"BLD-100268","BLD-100413","Ahmed Ibrahim","Ahmed Ibrahim",,,"3","R&D","Operations","Operations","CC-118"
"BLD-100269","BLD-101084","Mohamed Baig","Mohamed Baig","Krishna Cruz",,"4","Production","Operations","Operations","CC-956"
"BLD-100270","BLD-100199","Anil Khan","Anil Khan",,,"3","Farm Operations","Operations","Operations","CC-662"
"BLD-100271","BLD-101307","Mariam Khan","Mariam Khan",,,"3","People & Culture","Corporate","Corporate","CC-310"
"BLD-100272","BLD-101222","Joy Mansour","Joy Mansour","Sanjay Islam","Sameer Abdullah","5","Sales & Distribution","Commercial","Commercial","CC-310"
"BLD-100273","BLD-101147","Deepak Gurung","Deepak Gurung",,,"3","IT & Digital","Corporate","Corporate","CC-289"
"BLD-100274","BLD-100290","Bishnu Khan","Bishnu Khan","Ravi Al-Sayed","Ahmed Ibrahim","5","R&D","Operations","Operations","CC-118"
"BLD-100275","BLD-100347","Ahmed Santos","Ahmed Santos","Noor Al-Sayed",,"4","People & Culture","Corporate","Corporate","CC-310"
"BLD-100276","BLD-100884","Manoj Iqbal","Manoj Iqbal",,,"3","Procurement","Supply Chain","Supply Chain","CC-637"
"BLD-100277","BLD-100176","Juan Baig","Juan Baig","Suresh Hassan","Deepak Gurung","5","Sales & Distribution","Commercial","Commercial","CC-310"
"BLD-100278","BLD-100093","Bishnu Iqbal","Bishnu Iqbal","Khalid Ibrahim","Priya Farouk","5","Supply Chain & Logistics","Supply Chain","Supply Chain","CC-370"
"BLD-100279","BLD-100758","Kumar Thapa","Kumar Thapa","Sanjay Rai","Priya Farouk","5","Supply Chain & Logistics","Supply Chain","Supply Chain","CC-370"
"BLD-100280","BLD-100721","Hari Al-Marri","Hari Al-Marri","Juan Hassan","Huda Abdullah","5","Production","Operations","Operations","CC-956"
"BLD-100281","BLD-100715","Jose Fernandes","Jose Fernandes","Manoj Iqbal",,"4","Procurement","Supply Chain","Supply Chain","CC-637"
"BLD-100282","BLD-100981","Hassan Baig","Hassan Baig","Suresh Reyes",,"4","Sales & Distribution","Commercial","Commercial","CC-310"
"BLD-100283","BLD-101483","Tariq El-Sayed","Tariq El-Sayed","Ahmed Ibrahim",,"4","Quality Assurance & Food Safety","Operations","Operations","CC-564"
"BLD-100284","BLD-100951","Yasmin Sharma","Yasmin Sharma","Noor Al-Sayed",,"4","Sales & Distribution","Commercial","Commercial","CC-310"
"BLD-100285","BLD-100142","Santosh El-Sayed","Santosh El-Sayed","Kumar Islam",,"4","Farm Operations","Operations","Operations","CC-662"
"BLD-100286","BLD-101400","Omar Thapa","Omar Thapa","Anita Fernandes","Deepak Gurung","5","IT & Digital","Corporate","Corporate","CC-289"
"BLD-100287","BLD-100832","Vikram Rai","Vikram Rai","Santosh El-Sayed","Kumar Islam","5","Farm Operations","Operations","Operations","CC-662"
"BLD-100288","BLD-100551","Prakash Reyes","Prakash Reyes","Sanjay Rai","Priya Farouk","5","Supply Chain & Logistics","Supply Chain","Supply Chain","CC-370"
"BLD-100289","BLD-100690","Faisal Al-Marri","Faisal Al-Marri","Sanjay Devi","Noor Al-Sayed","5","Supply Chain & Logistics","Supply Chain","Supply Chain","CC-370"
"BLD-100290","BLD-100268","Ravi Al-Sayed","Ravi Al-Sayed","Ahmed Ibrahim",,"4","R&D","Operations","Operations","CC-118"
"BLD-100291","BLD-100559","Sameer Reyes","Sameer Reyes","Krishna Cruz",,"4","Production","Operations","Operations","CC-956"
"BLD-100292","BLD-100582","Santosh Islam","Santosh Islam","Tariq Pereira","Pooja Chowdhury","5","Corporate & Executive Office","Corporate","Corporate","CC-577"
"BLD-100293","BLD-100187","Maria Fernandes","Maria Fernandes","Reem Kapoor",,"4","People & Culture","Corporate","Corporate","CC-310"
"BLD-100294","BLD-101042","Faisal Mansour","Faisal Mansour","Anil Fernandes","Anil Khan","5","Farm Operations","Operations","Operations","CC-662"
"BLD-100295","BLD-101292","Noor Al-Sayed","Noor Al-Sayed",,,"3","Finance","Corporate","Corporate","CC-502"
"BLD-100296","BLD-100814","Ali Ibrahim","Ali Ibrahim","Arjun Khan","Mohamed Rai","5","Procurement","Supply Chain","Supply Chain","CC-637"
"BLD-100297","BLD-100343","Bikram Al-Sayed","Bikram Al-Sayed","Sunita Sharma","Rakesh Cruz","5","Finance","Corporate","Corporate","CC-502"
"BLD-100298","BLD-100675","Rowena Chowdhury","Rowena Chowdhury","Sameer Ibrahim","Manoj Fernandes","5","Marketing","Commercial","Commercial","CC-916"
"BLD-100299","BLD-100066","Prakash Ibrahim","Prakash Ibrahim","Ali Ahmed","Mariam Khan","5","Finance","Corporate","Corporate","CC-502"
"BLD-100300","BLD-101065","Mohamed Al-Sayed","Mohamed Al-Sayed","Arjun Cruz","Krishna Kapoor","5","Finance","Corporate","Corporate","CC-502"
"BLD-100301","BLD-100409","Vikram Al-Kuwari","Vikram Al-Kuwari","Vikram Hassan","Reem Kapoor","5","Quality Assurance & Food Safety","Operations","Operations","CC-564"
"BLD-100302","BLD-100725","Rajesh Al-Marri","Rajesh Al-Marri","Deepak Mahmoud","Pooja Chowdhury","5","Corporate & Executive Office","Corporate","Corporate","CC-577"
"BLD-100303","BLD-100001","Yousef Al-Attiyah",,,,"2","Marketing","Commercial","Commercial","CC-916"
"BLD-100304","BLD-101183","Tariq Malik","Tariq Malik","Ahmed Cruz","Anil Khan","5","Farm Operations","Operations","Operations","CC-662"
"BLD-100305","BLD-100282","Sameer Islam","Sameer Islam","Hassan Baig","Suresh Reyes","5","Sales & Distribution","Commercial","Commercial","CC-310"
"BLD-100306","BLD-100637","Noor Baig","Noor Baig","Dina Reyes","Prakash Mendoza","5","People & Culture","Corporate","Corporate","CC-310"
"BLD-100307","BLD-101413","Amina Cruz","Amina Cruz","Shobha Thapa","Rakesh Cruz","5","Finance","Corporate","Corporate","CC-502"
"BLD-100308","BLD-100637","Noor Baig","Noor Baig","Dina Reyes","Prakash Mendoza","5","People & Culture","Corporate","Corporate","CC-310"
"BLD-100309","BLD-101024","Amina Fernandes","Amina Fernandes","Salma Ibrahim","Ramesh Islam","5","IT & Digital","Corporate","Corporate","CC-289"
"BLD-100310","BLD-100731","Amina Farouk","Amina Farouk","Omar Sharma","Manoj Fernandes","5","Quality Assurance & Food Safety","Operations","Operations","CC-564"
"BLD-100311","BLD-100957","Mohamed Mansour","Mohamed Mansour","Prakash Kapoor","Rakesh Cruz","5","Supply Chain & Logistics","Supply Chain","Supply Chain","CC-370"
"BLD-100312","BLD-100618","Deepak Cruz","Deepak Cruz","Vikram Hassan","Reem Kapoor","5","Quality Assurance & Food Safety","Operations","Operations","CC-564"
"BLD-100313","BLD-100282","Sameer Islam","Sameer Islam","Hassan Baig","Suresh Reyes","5","Sales & Distribution","Commercial","Commercial","CC-310"
"BLD-100314","BLD-101483","Tariq El-Sayed","Tariq El-Sayed","Ahmed Ibrahim",,"4","Quality Assurance & Food Safety","Operations","Operations","CC-564"
"BLD-100315","BLD-100853","Arjun Kapoor","Arjun Kapoor","Tariq Khan","Prakash Mendoza","5","People & Culture","Corporate","Corporate","CC-310"
"BLD-100316","BLD-100672","Rakesh Baig","Rakesh Baig","Noor Al-Sayed",,"4","Sales & Distribution","Commercial","Commercial","CC-310"
"BLD-100317","BLD-101143","Noor Abdullah","Noor Abdullah","Pooja Chowdhury",,"4","Corporate & Executive Office","Corporate","Corporate","CC-577"
"BLD-100318","BLD-100586","Khalid Chowdhury","Khalid Chowdhury","Krishna Kapoor",,"4","Finance","Corporate","Corporate","CC-502"
"BLD-100319","BLD-100790","Suresh Devi","Suresh Devi","Ahmed Ibrahim",,"4","Engineering & Maintenance","Operations","Operations","CC-178"
"BLD-100320","BLD-101178","Hari Al-Marri","Hari Al-Marri","Pooja Chowdhury",,"4","Corporate & Executive Office","Corporate","Corporate","CC-577"
"BLD-100321","BLD-100582","Santosh Islam","Santosh Islam","Tariq Pereira","Pooja Chowdhury","5","Corporate & Executive Office","Corporate","Corporate","CC-577"
"BLD-100322","BLD-100586","Khalid Chowdhury","Khalid Chowdhury","Krishna Kapoor",,"4","Finance","Corporate","Corporate","CC-502"
"BLD-100323","BLD-101485","Deepak Cruz","Deepak Cruz","Faisal Mahmoud","Krishna Kapoor","5","Finance","Corporate","Corporate","CC-502"
"BLD-100324","BLD-101185","Anil Mendoza","Anil Mendoza","Sameer Reyes","Krishna Cruz","5","Production","Operations","Operations","CC-956"
"BLD-100325","BLD-101419","Cherry Ibrahim","Cherry Ibrahim","Khalid Santos","Prakash Mendoza","5","People & Culture","Corporate","Corporate","CC-310"
"BLD-100326","BLD-101494","Manoj Santos","Manoj Santos","Maria Farouk","Manoj Fernandes","5","R&D","Operations","Operations","CC-118"
"BLD-100327","BLD-100490","Sameer Sharma","Sameer Sharma","Kumar Islam",,"4","R&D","Operations","Operations","CC-118"
"BLD-100328","BLD-100810","Anil Reyes","Anil Reyes","Anil Fernandes","Anil Khan","5","Farm Operations","Operations","Operations","CC-662"
"BLD-100329","BLD-100137","Mohamed Al-Kuwari","Mohamed Al-Kuwari","Ramesh Islam",,"4","Production","Operations","Operations","CC-956"
"BLD-100330","BLD-100944","Prakash Kapoor","Prakash Kapoor","Bikram Hassan","Anil Khan","5","Farm Operations","Operations","Operations","CC-662"
"BLD-100331","BLD-100199","Anil Khan","Anil Khan",,,"3","Farm Operations","Operations","Operations","CC-662"
"BLD-100332","BLD-100204","Prakash Gurung","Prakash Gurung","Ravi Youssef","Ahmed Ibrahim","5","Engineering & Maintenance","Operations","Operations","CC-178"
"BLD-100333","BLD-101443","Huda Al-Sayed","Huda Al-Sayed","Santosh Mansour","Manoj Iqbal","5","Procurement","Supply Chain","Supply Chain","CC-637"
"BLD-100334","BLD-100789","Sameer Iqbal","Sameer Iqbal","Mariam Khan",,"4","People & Culture","Corporate","Corporate","CC-310"
"BLD-100335","BLD-100159","Manoj Abdullah","Manoj Abdullah","Deepak Gurung",,"4","IT & Digital","Corporate","Corporate","CC-289"
"BLD-100336","BLD-100557","Hari Cruz","Hari Cruz","Ahmed El-Sayed","Anil Khan","5","Farm Operations","Operations","Operations","CC-662"
"BLD-100337","BLD-100779","Bikram Al-Kuwari","Bikram Al-Kuwari","Noor Islam","Mohamed Rai","5","Procurement","Supply Chain","Supply Chain","CC-637"
"BLD-100338","BLD-101292","Noor Al-Sayed","Noor Al-Sayed",,,"3","Supply Chain & Logistics","Supply Chain","Supply Chain","CC-370"
"BLD-100339","BLD-100754","Priya Baig","Priya Baig","Lubna Al-Kuwari","Mohamed Rai","5","Procurement","Supply Chain","Supply Chain","CC-637"
"BLD-100340","BLD-100441","Sameer Reyes","Sameer Reyes","Manoj Iqbal",,"4","Procurement","Supply Chain","Supply Chain","CC-637"
"BLD-100341","BLD-100824","Kumar Islam","Kumar Islam",,,"3","Farm Operations","Operations","Operations","CC-662"
"BLD-100342","BLD-100944","Prakash Kapoor","Prakash Kapoor","Bikram Hassan","Anil Khan","5","Farm Operations","Operations","Operations","CC-662"
"BLD-100343","BLD-100976","Sunita Sharma","Sunita Sharma","Rakesh Cruz",,"4","Finance","Corporate","Corporate","CC-502"
"BLD-100344","BLD-101419","Cherry Ibrahim","Cherry Ibrahim","Khalid Santos","Prakash Mendoza","5","People & Culture","Corporate","Corporate","CC-310"
"BLD-100345","BLD-101028","Sara Hassan","Sara Hassan","Yasmin Youssef","Reem Kapoor","5","People & Culture","Corporate","Corporate","CC-310"
"BLD-100346","BLD-100168","Lubna Mansour","Lubna Mansour","Ali Cruz","Ramesh Islam","5","IT & Digital","Corporate","Corporate","CC-289"
"BLD-100347","BLD-101292","Noor Al-Sayed","Noor Al-Sayed",,,"3","People & Culture","Corporate","Corporate","CC-310"
"BLD-100348","BLD-101122","Waleed Cruz","Waleed Cruz","Ravi Al-Sayed","Ahmed Ibrahim","5","R&D","Operations","Operations","CC-118"
"BLD-100349","BLD-101093","Reem Kapoor","Reem Kapoor",,,"3","People & Culture","Corporate","Corporate","CC-310"
"BLD-100350","BLD-101050","Faisal Fernandes","Faisal Fernandes","Kumar Iqbal","Anil Khan","5","R&D","Operations","Operations","CC-118"
"BLD-100351","BLD-100270","Deepak Reyes","Deepak Reyes","Anil Khan",,"4","Farm Operations","Operations","Operations","CC-662"
"BLD-100352","BLD-100416","Arjun Islam","Arjun Islam","Ravi Santos","Reem Kapoor","5","People & Culture","Corporate","Corporate","CC-310"
"BLD-100353","BLD-100142","Santosh El-Sayed","Santosh El-Sayed","Kumar Islam",,"4","Farm Operations","Operations","Operations","CC-662"
"BLD-100354","BLD-100229","Ravi Malik","Ravi Malik","Krishna Kapoor",,"4","Finance","Corporate","Corporate","CC-502"
"BLD-100355","BLD-100222","Tariq Pereira","Tariq Pereira","Ahmed Cruz","Anil Khan","5","Farm Operations","Operations","Operations","CC-662"
"BLD-100356","BLD-100205","Hari Chowdhury","Hari Chowdhury","Ramesh Islam",,"4","Sales & Distribution","Commercial","Commercial","CC-310"
"BLD-100357","BLD-100538","Anita Gurung","Anita Gurung","Rakesh Kapoor",,"4","Marketing","Commercial","Commercial","CC-916"
"BLD-100358","BLD-100386","Jose Islam","Jose Islam","Krishna Kapoor",,"4","Finance","Corporate","Corporate","CC-502"
"BLD-100359","BLD-100191","Rina Malik","Rina Malik","Ahmed Al-Sayed","Deepak Gurung","5","IT & Digital","Corporate","Corporate","CC-289"
"BLD-100360","BLD-100229","Ravi Malik","Ravi Malik","Krishna Kapoor",,"4","Finance","Corporate","Corporate","CC-502"
"BLD-100361","BLD-100481","Mohamed Khan","Mohamed Khan","Sameer Reyes","Krishna Cruz","5","Production","Operations","Operations","CC-956"
"BLD-100362","BLD-100672","Rakesh Baig","Rakesh Baig","Noor Al-Sayed",,"4","Sales & Distribution","Commercial","Commercial","CC-310"
"BLD-100363","BLD-101081","Manoj Fernandes","Manoj Fernandes","Sameer Abdullah",,"4","Production","Operations","Operations","CC-956"
"BLD-100364","BLD-101227","Arjun Fernandes","Arjun Fernandes","Tariq Islam","Waleed Gurung","5","Sales & Distribution","Commercial","Commercial","CC-310"
"BLD-100365","BLD-100383","Juan Santos","Juan Santos","Sunita Youssef","Mariam Khan","5","People & Culture","Corporate","Corporate","CC-310"
"BLD-100366","BLD-100826","Santosh Gurung","Santosh Gurung","Ravi Farouk","Sameer Abdullah","5","Production","Operations","Operations","CC-956"
"BLD-100367","BLD-101309","Sameer Abdullah","Sameer Abdullah","Krishna Kapoor",,"4","Finance","Corporate","Corporate","CC-502"
"BLD-100368","BLD-100625","Hind Mahmoud","Hind Mahmoud","Khalid Thapa","Reem Kapoor","5","People & Culture","Corporate","Corporate","CC-310"
"BLD-100369","BLD-100066","Prakash Ibrahim","Prakash Ibrahim","Ali Ahmed","Mariam Khan","5","Finance","Corporate","Corporate","CC-502"
"BLD-100370","BLD-100295","Noor Sharma","Noor Sharma","Noor Al-Sayed",,"4","Finance","Corporate","Corporate","CC-502"
"BLD-100371","BLD-101474","Rajesh Malik","Rajesh Malik","Manoj Rai","Krishna Kapoor","5","Finance","Corporate","Corporate","CC-502"
"BLD-100372","BLD-101472","Suresh Mahmoud","Suresh Mahmoud","Jose Islam","Krishna Kapoor","5","Finance","Corporate","Corporate","CC-502"
"BLD-100373","BLD-100139","Rajesh Ibrahim","Rajesh Ibrahim","Sanjay Devi","Noor Al-Sayed","5","Supply Chain & Logistics","Supply Chain","Supply Chain","CC-370"
"BLD-100374","BLD-100621","Anil Mahmoud","Anil Mahmoud","Ravi Youssef","Ahmed Ibrahim","5","Engineering & Maintenance","Operations","Operations","CC-178"
"BLD-100375","BLD-100001","Yousef Al-Attiyah",,,,"2","Marketing","Commercial","Commercial","CC-916"
"BLD-100376","BLD-100168","Lubna Mansour","Lubna Mansour","Ali Cruz","Ramesh Islam","5","IT & Digital","Corporate","Corporate","CC-289"
"BLD-100377","BLD-101064","Nadia Baig","Nadia Baig","Hassan Baig","Suresh Reyes","5","Sales & Distribution","Commercial","Commercial","CC-310"
"BLD-100378","BLD-101416","Ahmed Abdullah","Ahmed Abdullah","Prakash Kapoor","Rakesh Cruz","5","Supply Chain & Logistics","Supply Chain","Supply Chain","CC-370"
"BLD-100379","BLD-100692","Ahmed Kapoor","Ahmed Kapoor","Sameer Ibrahim","Manoj Fernandes","5","Marketing","Commercial","Commercial","CC-916"
"BLD-100380","BLD-101126","Anil Kapoor","Anil Kapoor","Huda Abdullah",,"4","Marketing","Commercial","Commercial","CC-916"
"BLD-100381","BLD-100592","Yasmin Cruz","Yasmin Cruz","Sunita Youssef","Mariam Khan","5","People & Culture","Corporate","Corporate","CC-310"
"BLD-100382","BLD-100327","Arjun Santos","Arjun Santos","Sameer Sharma","Kumar Islam","5","R&D","Operations","Operations","CC-118"
"BLD-100383","BLD-100651","Sunita Youssef","Sunita Youssef","Mariam Khan",,"4","People & Culture","Corporate","Corporate","CC-310"
"BLD-100384","BLD-101079","Sanjay Devi","Sanjay Devi","Anil Gurung","Anil Khan","5","Quality Assurance & Food Safety","Operations","Operations","CC-564"
"BLD-100385","BLD-100657","Waleed Mendoza","Waleed Mendoza","Prakash Mendoza",,"4","People & Culture","Corporate","Corporate","CC-310"
"BLD-100386","BLD-101297","Krishna Kapoor","Krishna Kapoor",,,"3","Finance","Corporate","Corporate","CC-502"
"BLD-100387","BLD-100896","Hind Youssef","Hind Youssef","Waleed Mendoza","Prakash Mendoza","5","People & Culture","Corporate","Corporate","CC-310"
"BLD-100388","BLD-101093","Reem Kapoor","Reem Kapoor",,,"3","People & Culture","Corporate","Corporate","CC-310"
"BLD-100389","BLD-100134","Arjun Mendoza","Arjun Mendoza","Manoj Abdullah","Deepak Gurung","5","IT & Digital","Corporate","Corporate","CC-289"
"BLD-100390","BLD-100509","Rina Hassan","Rina Hassan","Sanjay Abdullah","Suresh Reyes","5","Supply Chain & Logistics","Supply Chain","Supply Chain","CC-370"
"BLD-100391","BLD-100908","Rania Kapoor","Rania Kapoor","Pooja Chowdhury",,"4","Corporate & Executive Office","Corporate","Corporate","CC-577"
"BLD-100392","BLD-100602","Layla Chowdhury","Layla Chowdhury","Mona Sharma","Rakesh Kapoor","5","Marketing","Commercial","Commercial","CC-916"
"BLD-100393","BLD-101410","Anil Fernandes","Anil Fernandes","Prakash Kapoor","Rakesh Cruz","5","Supply Chain & Logistics","Supply Chain","Supply Chain","CC-370"
"BLD-100394","BLD-100700","Prakash Mendoza","Prakash Mendoza",,,"3","Production","Operations","Operations","CC-956"
"BLD-100395","BLD-100763","Mohamed Rai","Mohamed Rai",,,"3","Sales & Distribution","Commercial","Commercial","CC-310"
"BLD-100396","BLD-100068","Bishnu Kapoor","Bishnu Kapoor","Khalid Santos","Prakash Mendoza","5","People & Culture","Corporate","Corporate","CC-310"
"BLD-100397","BLD-100916","Sunita Baig","Sunita Baig","Manoj Iqbal",,"4","Procurement","Supply Chain","Supply Chain","CC-637"
"BLD-100398","BLD-100861","Pooja Chowdhury","Pooja Chowdhury",,,"3","Corporate & Executive Office","Corporate","Corporate","CC-577"
"BLD-100399","BLD-100042","Ahmed Iqbal","Ahmed Iqbal","Khalid Ibrahim","Priya Farouk","5","Supply Chain & Logistics","Supply Chain","Supply Chain","CC-370"
"BLD-100400","BLD-100056","Nadia Mendoza","Nadia Mendoza","Anil Kapoor","Huda Abdullah","5","Marketing","Commercial","Commercial","CC-916"
"BLD-100401","BLD-101009","Deepak Al-Kuwari","Deepak Al-Kuwari","Rakesh Kapoor",,"4","R&D","Operations","Operations","CC-118"
"BLD-100402","BLD-100947","Manoj Fernandes","Manoj Fernandes","Ahmed Santos","Noor Al-Sayed","5","People & Culture","Corporate","Corporate","CC-310"
"BLD-100403","BLD-100766","Priya Farouk","Priya Farouk",,,"3","Supply Chain & Logistics","Supply Chain","Supply Chain","CC-370"
"BLD-100404","BLD-100166","Rakesh Reyes","Rakesh Reyes","Ravi Santos","Reem Kapoor","5","People & Culture","Corporate","Corporate","CC-310"
"BLD-100405","BLD-100543","Mohamed Islam","Mohamed Islam","Jose Islam","Krishna Kapoor","5","Finance","Corporate","Corporate","CC-502"
"BLD-100406","BLD-100861","Pooja Chowdhury","Pooja Chowdhury",,,"3","Corporate & Executive Office","Corporate","Corporate","CC-577"
"BLD-100407","BLD-101136","Deepak Mahmoud","Deepak Mahmoud","Pooja Chowdhury",,"4","Corporate & Executive Office","Corporate","Corporate","CC-577"
"BLD-100408","BLD-101369","Anil Gurung","Anil Gurung","Anil Khan",,"4","Quality Assurance & Food Safety","Operations","Operations","CC-564"
"BLD-100409","BLD-100744","Vikram Hassan","Vikram Hassan","Reem Kapoor",,"4","Quality Assurance & Food Safety","Operations","Operations","CC-564"
"BLD-100410","BLD-100559","Sameer Reyes","Sameer Reyes","Krishna Cruz",,"4","Production","Operations","Operations","CC-956"
"BLD-100411","BLD-101086","Nadia El-Sayed","Nadia El-Sayed","Sanjay Devi","Noor Al-Sayed","5","Supply Chain & Logistics","Supply Chain","Supply Chain","CC-370"
"BLD-100412","BLD-101239","Prakash Gurung","Prakash Gurung","Sanjay Devi","Noor Al-Sayed","5","Supply Chain & Logistics","Supply Chain","Supply Chain","CC-370"
"BLD-100413","BLD-100001","Yousef Al-Attiyah",,,,"2","Engineering & Maintenance","Operations","Operations","CC-178"
"BLD-100414","BLD-101388","Kavita Gurung","Kavita Gurung","Kumar El-Sayed","Waleed Gurung","5","Sales & Distribution","Commercial","Commercial","CC-310"
"BLD-100415","BLD-101485","Deepak Cruz","Deepak Cruz","Faisal Mahmoud","Krishna Kapoor","5","Finance","Corporate","Corporate","CC-502"
"BLD-100416","BLD-100545","Ravi Santos","Ravi Santos","Reem Kapoor",,"4","People & Culture","Corporate","Corporate","CC-310"
"BLD-100417","BLD-100628","Rowena Ibrahim","Rowena Ibrahim","Ali Baig","Ramesh Islam","5","IT & Digital","Corporate","Corporate","CC-289"
"BLD-100418","BLD-100613","Hassan Pereira","Hassan Pereira","Sameer Abdullah",,"4","Production","Operations","Operations","CC-956"
"BLD-100419","BLD-100494","Ravi Youssef","Ravi Youssef","Ahmed Ibrahim",,"4","Engineering & Maintenance","Operations","Operations","CC-178"
"BLD-100420","BLD-100225","Omar Malik","Omar Malik","Anil Khan",,"4","Production","Operations","Operations","CC-956"
"BLD-100421","BLD-100303","Rakesh Kapoor","Rakesh Kapoor",,,"3","Marketing","Commercial","Commercial","CC-916"
"BLD-100422","BLD-100679","Amina Mansour","Amina Mansour","Nadia Mendoza","Huda Abdullah","5","Marketing","Commercial","Commercial","CC-916"
"BLD-100423","BLD-100982","Waleed Mendoza","Waleed Mendoza","Prakash Kapoor","Rakesh Cruz","5","Supply Chain & Logistics","Supply Chain","Supply Chain","CC-370"
"BLD-100424","BLD-101087","Mariam Rai","Mariam Rai","Anita Fernandes","Deepak Gurung","5","IT & Digital","Corporate","Corporate","CC-289"
"BLD-100425","BLD-100509","Rina Hassan","Rina Hassan","Sanjay Abdullah","Suresh Reyes","5","Supply Chain & Logistics","Supply Chain","Supply Chain","CC-370"
"BLD-100426","BLD-100884","Manoj Iqbal","Manoj Iqbal",,,"3","Procurement","Supply Chain","Supply Chain","CC-637"
"BLD-100427","BLD-101219","Santosh Mansour","Santosh Mansour","Manoj Iqbal",,"4","Procurement","Supply Chain","Supply Chain","CC-637"
"BLD-100428","BLD-100261","Yasmin Devi","Yasmin Devi","Sanjay Abdullah","Suresh Reyes","5","Supply Chain & Logistics","Supply Chain","Supply Chain","CC-370"
"BLD-100429","BLD-100782","Khalid Santos","Khalid Santos","Anil Cruz","Kumar Islam","5","Farm Operations","Operations","Operations","CC-662"
"BLD-100430","BLD-100729","Manoj Fernandes","Manoj Fernandes","Prakash Kapoor","Rakesh Cruz","5","Supply Chain & Logistics","Supply Chain","Supply Chain","CC-370"
"BLD-100431","BLD-100182","Juan Hassan","Juan Hassan","Huda Abdullah",,"4","Production","Operations","Operations","CC-956"
"BLD-100432","BLD-101212","Layla Chowdhury","Layla Chowdhury","Salma Mansour","Priya Farouk","5","R&D","Operations","Operations","CC-118"
"BLD-100433","BLD-100005","Ravi Mansour","Ravi Mansour","Ramesh Kapoor","Ahmed Ibrahim","5","Engineering & Maintenance","Operations","Operations","CC-178"
"BLD-100434","BLD-101163","Ali Santos","Ali Santos","Vikram Hassan","Reem Kapoor","5","Quality Assurance & Food Safety","Operations","Operations","CC-564"
"BLD-100435","BLD-100176","Juan Baig","Juan Baig","Suresh Hassan","Deepak Gurung","5","Sales & Distribution","Commercial","Commercial","CC-310"
"BLD-100436","BLD-100416","Arjun Islam","Arjun Islam","Ravi Santos","Reem Kapoor","5","People & Culture","Corporate","Corporate","CC-310"
"BLD-100437","BLD-100672","Rakesh Baig","Rakesh Baig","Noor Al-Sayed",,"4","Sales & Distribution","Commercial","Commercial","CC-310"
"BLD-100438","BLD-101041","Layla Reyes","Layla Reyes","Juan Malik","Mariam Khan","5","People & Culture","Corporate","Corporate","CC-310"
"BLD-100439","BLD-100859","Waleed Baig","Waleed Baig","Sameer Al-Sayed","Rakesh Cruz","5","Quality Assurance & Food Safety","Operations","Operations","CC-564"
"BLD-100440","BLD-101039","Deepak Abdullah","Deepak Abdullah","Priya Farouk","Pooja Chowdhury","5","Corporate & Executive Office","Corporate","Corporate","CC-577"
"BLD-100441","BLD-100884","Manoj Iqbal","Manoj Iqbal",,,"3","Procurement","Supply Chain","Supply Chain","CC-637"
"BLD-100442","BLD-100646","Mona Khan","Mona Khan","Arjun Malik","Ramesh Islam","5","IT & Digital","Corporate","Corporate","CC-289"
"BLD-100443","BLD-100199","Anil Khan","Anil Khan",,,"3","Sales & Distribution","Commercial","Commercial","CC-310"
"BLD-100444","BLD-100766","Priya Farouk","Priya Farouk",,,"3","Supply Chain & Logistics","Supply Chain","Supply Chain","CC-370"
"BLD-100445","BLD-100303","Rakesh Kapoor","Rakesh Kapoor",,,"3","Marketing","Commercial","Commercial","CC-916"
"BLD-100446","BLD-101227","Arjun Fernandes","Arjun Fernandes","Tariq Islam","Waleed Gurung","5","Sales & Distribution","Commercial","Commercial","CC-310"
"BLD-100447","BLD-101220","Aisha Malik","Aisha Malik","Rakesh Cruz",,"4","Quality Assurance & Food Safety","Operations","Operations","CC-564"
"BLD-100448","BLD-101443","Huda Al-Sayed","Huda Al-Sayed","Santosh Mansour","Manoj Iqbal","5","Procurement","Supply Chain","Supply Chain","CC-637"
"BLD-100449","BLD-101443","Huda Al-Sayed","Huda Al-Sayed","Santosh Mansour","Manoj Iqbal","5","Procurement","Supply Chain","Supply Chain","CC-637"
"BLD-100450","BLD-101410","Anil Fernandes","Anil Fernandes","Prakash Kapoor","Rakesh Cruz","5","Supply Chain & Logistics","Supply Chain","Supply Chain","CC-370"
"BLD-100451","BLD-100748","Mona Ahmed","Mona Ahmed","Noor Abdullah","Pooja Chowdhury","5","Corporate & Executive Office","Corporate","Corporate","CC-577"
"BLD-100452","BLD-101308","Salma Mansour","Salma Mansour","Priya Farouk",,"4","R&D","Operations","Operations","CC-118"
"BLD-100453","BLD-101092","Prakash Kapoor","Prakash Kapoor","Sanjay Rai","Priya Farouk","5","Supply Chain & Logistics","Supply Chain","Supply Chain","CC-370"
"BLD-100454","BLD-100580","Noor Islam","Noor Islam","Mohamed El-Sayed","Kumar Islam","5","Farm Operations","Operations","Operations","CC-662"
"BLD-100455","BLD-100824","Kumar Islam","Kumar Islam",,,"3","Farm Operations","Operations","Operations","CC-662"
"BLD-100456","BLD-100331","Ahmed Cruz","Ahmed Cruz","Anil Khan",,"4","Farm Operations","Operations","Operations","CC-662"
"BLD-100457","BLD-100097","Juan Sharma","Juan Sharma","Sunita Rai","Huda Abdullah","5","Marketing","Commercial","Commercial","CC-916"
"BLD-100458","BLD-101210","Reem El-Sayed","Reem El-Sayed","Noor Al-Sayed",,"4","Finance","Corporate","Corporate","CC-502"
"BLD-100459","BLD-100516","Reem Islam","Reem Islam","Jose Islam","Krishna Kapoor","5","Finance","Corporate","Corporate","CC-502"
"BLD-100460","BLD-100295","Noor Sharma","Noor Sharma","Noor Al-Sayed",,"4","Finance","Corporate","Corporate","CC-502"
"BLD-100461","BLD-101063","Grace Reyes","Grace Reyes","Shobha Thapa","Rakesh Cruz","5","Finance","Corporate","Corporate","CC-502"
"BLD-100462","BLD-100753","Anil Islam","Anil Islam","Sanjay Devi","Noor Al-Sayed","5","Supply Chain & Logistics","Supply Chain","Supply Chain","CC-370"
"BLD-100463","BLD-101259","Manoj Al-Kuwari","Manoj Al-Kuwari","Huda Abdullah",,"4","Quality Assurance & Food Safety","Operations","Operations","CC-564"
"BLD-100464","BLD-101292","Noor Al-Sayed","Noor Al-Sayed",,,"3","Finance","Corporate","Corporate","CC-502"
"BLD-100465","BLD-100896","Hind Youssef","Hind Youssef","Waleed Mendoza","Prakash Mendoza","5","People & Culture","Corporate","Corporate","CC-310"
"BLD-100466","BLD-100483","Ahmed Khan","Ahmed Khan","Hari Abdullah","Prakash Mendoza","5","Production","Operations","Operations","CC-956"
"BLD-100467","BLD-100293","Hari Reyes","Hari Reyes","Maria Fernandes","Reem Kapoor","5","People & Culture","Corporate","Corporate","CC-310"
"BLD-100468","BLD-101064","Nadia Baig","Nadia Baig","Hassan Baig","Suresh Reyes","5","Sales & Distribution","Commercial","Commercial","CC-310"
"BLD-100469","BLD-101164","Mona Thapa","Mona Thapa","Khalid Thapa","Reem Kapoor","5","People & Culture","Corporate","Corporate","CC-310"
"BLD-100470","BLD-101262","Nadia Santos","Nadia Santos","Sameer Al-Sayed","Rakesh Cruz","5","Quality Assurance & Food Safety","Operations","Operations","CC-564"
"BLD-100471","BLD-100367","Bishnu Pereira","Bishnu Pereira","Sameer Abdullah","Krishna Kapoor","5","Finance","Corporate","Corporate","CC-502"
"BLD-100472","BLD-100616","Tariq Youssef","Tariq Youssef","Mohamed Baig","Krishna Cruz","5","Production","Operations","Operations","CC-956"
"BLD-100473","BLD-100578","Sanjay Abdullah","Sanjay Abdullah","Suresh Reyes",,"4","Supply Chain & Logistics","Supply Chain","Supply Chain","CC-370"
"BLD-100474","BLD-100993","Faisal Chowdhury","Faisal Chowdhury","Krishna Cruz",,"4","Production","Operations","Operations","CC-956"
"BLD-100475","BLD-101480","Sanjay Cruz","Sanjay Cruz","Pooja Chowdhury",,"4","Production","Operations","Operations","CC-956"
"BLD-100476","BLD-100408","Suresh Reyes","Suresh Reyes","Anil Gurung","Anil Khan","5","Quality Assurance & Food Safety","Operations","Operations","CC-564"
"BLD-100477","BLD-100621","Anil Mahmoud","Anil Mahmoud","Ravi Youssef","Ahmed Ibrahim","5","Engineering & Maintenance","Operations","Operations","CC-178"
"BLD-100478","BLD-100437","Vikram Santos","Vikram Santos","Rakesh Baig","Noor Al-Sayed","5","Sales & Distribution","Commercial","Commercial","CC-310"
"BLD-100479","BLD-100456","Krishna Thapa","Krishna Thapa","Ahmed Cruz","Anil Khan","5","Farm Operations","Operations","Operations","CC-662"
"BLD-100480","BLD-100109","Krishna Cruz","Krishna Cruz",,,"3","Finance","Corporate","Corporate","CC-502"
"BLD-100481","BLD-100559","Sameer Reyes","Sameer Reyes","Krishna Cruz",,"4","Production","Operations","Operations","CC-956"
"BLD-100482","BLD-101147","Deepak Gurung","Deepak Gurung",,,"3","IT & Digital","Corporate","Corporate","CC-289"
"BLD-100483","BLD-100394","Hari Abdullah","Hari Abdullah","Prakash Mendoza",,"4","Production","Operations","Operations","CC-956"
"BLD-100484","BLD-100437","Vikram Santos","Vikram Santos","Rakesh Baig","Noor Al-Sayed","5","Sales & Distribution","Commercial","Commercial","CC-310"
"BLD-100485","BLD-100257","Rajesh Abdullah","Rajesh Abdullah","Kumar El-Sayed","Waleed Gurung","5","Sales & Distribution","Commercial","Commercial","CC-310"
"BLD-100486","BLD-100221","Juan Malik","Juan Malik","Ali Devi","Manoj Iqbal","5","Procurement","Supply Chain","Supply Chain","CC-637"
"BLD-100487","BLD-101002","Sara Khan","Sara Khan","Sameer Islam","Pooja Chowdhury","5","Corporate & Executive Office","Corporate","Corporate","CC-577"
"BLD-100488","BLD-100199","Anil Khan","Anil Khan",,,"3","Sales & Distribution","Commercial","Commercial","CC-310"
"BLD-100489","BLD-101065","Mohamed Al-Sayed","Mohamed Al-Sayed","Arjun Cruz","Krishna Kapoor","5","Finance","Corporate","Corporate","CC-502"
"BLD-100490","BLD-100824","Kumar Islam","Kumar Islam",,,"3","R&D","Operations","Operations","CC-118"
"BLD-100491","BLD-100475","Tariq Mansour","Tariq Mansour","Sanjay Cruz","Pooja Chowdhury","5","Production","Operations","Operations","CC-956"
"BLD-100492","BLD-100161","Tariq Kapoor","Tariq Kapoor","Rakesh Kapoor",,"4","Marketing","Commercial","Commercial","CC-916"
"BLD-100493","BLD-100527","Arjun Kapoor","Arjun Kapoor","Ali Ibrahim","Prakash Mendoza","5","Production","Operations","Operations","CC-956"
"BLD-100494","BLD-100413","Ahmed Ibrahim","Ahmed Ibrahim",,,"3","Engineering & Maintenance","Operations","Operations","CC-178"
"BLD-100495","BLD-100744","Vikram Hassan","Vikram Hassan","Reem Kapoor",,"4","Quality Assurance & Food Safety","Operations","Operations","CC-564"
"BLD-100496","BLD-100140","Sunita Rai","Sunita Rai","Huda Abdullah",,"4","Marketing","Commercial","Commercial","CC-916"
"BLD-100497","BLD-100213","Dina Al-Marri","Dina Al-Marri","Nadia Ahmed","Kumar Islam","5","R&D","Operations","Operations","CC-118"
"BLD-100498","BLD-100553","Reem Ibrahim","Reem Ibrahim","Juan Malik","Mariam Khan","5","People & Culture","Corporate","Corporate","CC-310"
"BLD-100499","BLD-100199","Anil Khan","Anil Khan",,,"3","R&D","Operations","Operations","CC-118"
"BLD-100500","BLD-100375","Manoj Fernandes","Manoj Fernandes",,,"3","Marketing","Commercial","Commercial","CC-916"
"BLD-100501","BLD-101084","Mohamed Baig","Mohamed Baig","Krishna Cruz",,"4","Production","Operations","Operations","CC-956"
"BLD-100502","BLD-101274","Khalid Santos","Khalid Santos","Prakash Mendoza",,"4","People & Culture","Corporate","Corporate","CC-310"
"BLD-100503","BLD-100488","Hari Al-Marri","Hari Al-Marri","Anil Khan",,"4","Sales & Distribution","Commercial","Commercial","CC-310"
"BLD-100504","BLD-100171","Huda Abdullah","Huda Abdullah",,,"3","Marketing","Commercial","Commercial","CC-916"
"BLD-100505","BLD-100303","Rakesh Kapoor","Rakesh Kapoor",,,"3","Marketing","Commercial","Commercial","CC-916"
"BLD-100506","BLD-100993","Faisal Chowdhury","Faisal Chowdhury","Krishna Cruz",,"4","Production","Operations","Operations","CC-956"
"BLD-100507","BLD-100853","Arjun Kapoor","Arjun Kapoor","Tariq Khan","Prakash Mendoza","5","People & Culture","Corporate","Corporate","CC-310"
"BLD-100508","BLD-100561","Ravi Farouk","Ravi Farouk","Sameer Abdullah",,"4","Production","Operations","Operations","CC-956"
"BLD-100509","BLD-100578","Sanjay Abdullah","Sanjay Abdullah","Suresh Reyes",,"4","Supply Chain & Logistics","Supply Chain","Supply Chain","CC-370"
"BLD-100510","BLD-101337","Sameer Hassan","Sameer Hassan","Manoj Al-Kuwari","Huda Abdullah","5","Quality Assurance & Food Safety","Operations","Operations","CC-564"
"BLD-100511","BLD-101509","Suresh Reyes","Suresh Reyes",,,"3","Supply Chain & Logistics","Supply Chain","Supply Chain","CC-370"
"BLD-100512","BLD-100157","Sameer Hassan","Sameer Hassan","Sameer Abdullah",,"4","Finance","Corporate","Corporate","CC-502"
"BLD-100513","BLD-101014","Ali Baig","Ali Baig","Ramesh Islam",,"4","IT & Digital","Corporate","Corporate","CC-289"
"BLD-100514","BLD-101034","Manoj Baig","Manoj Baig","Suresh Hassan","Deepak Gurung","5","Sales & Distribution","Commercial","Commercial","CC-310"
"BLD-100515","BLD-101008","Ramesh Devi","Ramesh Devi","Kumar Iqbal","Anil Khan","5","R&D","Operations","Operations","CC-118"
"BLD-100516","BLD-100386","Jose Islam","Jose Islam","Krishna Kapoor",,"4","Finance","Corporate","Corporate","CC-502"
"BLD-100517","BLD-100215","Vikram Abdullah","Vikram Abdullah","Ravi Youssef","Ahmed Ibrahim","5","Engineering & Maintenance","Operations","Operations","CC-178"
"BLD-100518","BLD-100805","Krishna Farouk","Krishna Farouk","Sameer Al-Marri","Rakesh Cruz","5","Quality Assurance & Food Safety","Operations","Operations","CC-564"
"BLD-100519","BLD-100383","Juan Santos","Juan Santos","Sunita Youssef","Mariam Khan","5","People & Culture","Corporate","Corporate","CC-310"
"BLD-100520","BLD-100008","Ramesh Kapoor","Ramesh Kapoor","Ahmed Ibrahim",,"4","Engineering & Maintenance","Operations","Operations","CC-178"
"BLD-100521","BLD-100961","Ravi Ahmed","Ravi Ahmed","Mohamed El-Sayed","Kumar Islam","5","Farm Operations","Operations","Operations","CC-662"
"BLD-100522","BLD-100917","Tariq Iqbal","Tariq Iqbal","Yasmin Sharma","Noor Al-Sayed","5","Sales & Distribution","Commercial","Commercial","CC-310"
"BLD-100523","BLD-100093","Bishnu Iqbal","Bishnu Iqbal","Khalid Ibrahim","Priya Farouk","5","Supply Chain & Logistics","Supply Chain","Supply Chain","CC-370"
"BLD-100524","BLD-100509","Rina Hassan","Rina Hassan","Sanjay Abdullah","Suresh Reyes","5","Supply Chain & Logistics","Supply Chain","Supply Chain","CC-370"
"BLD-100525","BLD-101158","Manoj Kapoor","Manoj Kapoor","Bishnu Al-Marri","Prakash Mendoza","5","Sales & Distribution","Commercial","Commercial","CC-310"
"BLD-100526","BLD-100229","Ravi Malik","Ravi Malik","Krishna Kapoor",,"4","Finance","Corporate","Corporate","CC-502"
"BLD-100527","BLD-101154","Ali Ibrahim","Ali Ibrahim","Prakash Mendoza",,"4","Production","Operations","Operations","CC-956"
"BLD-100528","BLD-100768","Huda Sharma","Huda Sharma","Dalia Gurung","Mohamed Rai","5","Procurement","Supply Chain","Supply Chain","CC-637"
"BLD-100529","BLD-101441","Sanjay Santos","Sanjay Santos","Mohamed Rai",,"4","Sales & Distribution","Commercial","Commercial","CC-310"
"BLD-100530","BLD-100136","Rina Iqbal","Rina Iqbal","Deepak Mahmoud","Pooja Chowdhury","5","Corporate & Executive Office","Corporate","Corporate","CC-577"
"BLD-100531","BLD-101021","Rakesh Islam","Rakesh Islam","Huda Abdullah",,"4","Marketing","Commercial","Commercial","CC-916"
"BLD-100532","BLD-101509","Suresh Reyes","Suresh Reyes",,,"3","Supply Chain & Logistics","Supply Chain","Supply Chain","CC-370"
"BLD-100533","BLD-100753","Anil Islam","Anil Islam","Sanjay Devi","Noor Al-Sayed","5","Supply Chain & Logistics","Supply Chain","Supply Chain","CC-370"
"BLD-100534","BLD-100947","Manoj Fernandes","Manoj Fernandes","Ahmed Santos","Noor Al-Sayed","5","People & Culture","Corporate","Corporate","CC-310"
"BLD-100535","BLD-100456","Krishna Thapa","Krishna Thapa","Ahmed Cruz","Anil Khan","5","Farm Operations","Operations","Operations","CC-662"
"BLD-100536","BLD-100341","Anil Cruz","Anil Cruz","Kumar Islam",,"4","Farm Operations","Operations","Operations","CC-662"
"BLD-100537","BLD-101154","Ali Ibrahim","Ali Ibrahim","Prakash Mendoza",,"4","Production","Operations","Operations","CC-956"
"BLD-100538","BLD-100303","Rakesh Kapoor","Rakesh Kapoor",,,"3","Marketing","Commercial","Commercial","CC-916"
"BLD-100539","BLD-100320","Khalid Reyes","Khalid Reyes","Hari Al-Marri","Pooja Chowdhury","5","Corporate & Executive Office","Corporate","Corporate","CC-577"
"BLD-100540","BLD-101459","Manoj Reyes","Manoj Reyes","Rakesh Baig","Noor Al-Sayed","5","Sales & Distribution","Commercial","Commercial","CC-310"
"BLD-100541","BLD-100026","Yasmin Chowdhury","Yasmin Chowdhury","Sameer Al-Sayed","Rakesh Cruz","5","Quality Assurance & Food Safety","Operations","Operations","CC-564"
"BLD-100542","BLD-100784","Manoj Pereira","Manoj Pereira","Sameer Islam","Pooja Chowdhury","5","Corporate & Executive Office","Corporate","Corporate","CC-577"
"BLD-100543","BLD-100386","Jose Islam","Jose Islam","Krishna Kapoor",,"4","Finance","Corporate","Corporate","CC-502"
"BLD-100544","BLD-101399","Anil Al-Kuwari","Anil Al-Kuwari","Hassan Baig","Suresh Reyes","5","Sales & Distribution","Commercial","Commercial","CC-310"
"BLD-100545","BLD-101093","Reem Kapoor","Reem Kapoor",,,"3","People & Culture","Corporate","Corporate","CC-310"
"BLD-100546","BLD-100220","Arjun Kapoor","Arjun Kapoor","Vikram El-Sayed","Anil Khan","5","Sales & Distribution","Commercial","Commercial","CC-310"
"BLD-100547","BLD-101163","Ali Santos","Ali Santos","Vikram Hassan","Reem Kapoor","5","Quality Assurance & Food Safety","Operations","Operations","CC-564"
"BLD-100548","BLD-101416","Ahmed Abdullah","Ahmed Abdullah","Prakash Kapoor","Rakesh Cruz","5","Supply Chain & Logistics","Supply Chain","Supply Chain","CC-370"
"BLD-100549","BLD-100009","Juan Al-Sayed","Juan Al-Sayed","Deepak Gurung",,"4","IT & Digital","Corporate","Corporate","CC-289"
"BLD-100550","BLD-101468","Omar Al-Kuwari","Omar Al-Kuwari","Hari Abdullah","Prakash Mendoza","5","Production","Operations","Operations","CC-956"
"BLD-100551","BLD-100930","Sanjay Rai","Sanjay Rai","Priya Farouk",,"4","Supply Chain & Logistics","Supply Chain","Supply Chain","CC-370"
"BLD-100552","BLD-101302","Khalid Santos","Khalid Santos","Ravi Khan","Suresh Reyes","5","Supply Chain & Logistics","Supply Chain","Supply Chain","CC-370"
"BLD-100553","BLD-101013","Juan Malik","Juan Malik","Mariam Khan",,"4","People & Culture","Corporate","Corporate","CC-310"
"BLD-100554","BLD-100236","Suresh El-Sayed","Suresh El-Sayed","Reem El-Sayed","Noor Al-Sayed","5","Finance","Corporate","Corporate","CC-502"
"BLD-100555","BLD-100218","Bikram Al-Kuwari","Bikram Al-Kuwari","Krishna Kapoor",,"4","Finance","Corporate","Corporate","CC-502"
"BLD-100556","BLD-100937","Dina Farouk","Dina Farouk","Ramesh Sharma","Manoj Fernandes","5","Marketing","Commercial","Commercial","CC-916"
"BLD-100557","BLD-101247","Ahmed El-Sayed","Ahmed El-Sayed","Anil Khan",,"4","Farm Operations","Operations","Operations","CC-662"
"BLD-100558","BLD-100206","Rakesh Sharma","Rakesh Sharma","Bishnu Mendoza","Pooja Chowdhury","5","Corporate & Executive Office","Corporate","Corporate","CC-577"
"BLD-100559","BLD-100109","Krishna Cruz","Krishna Cruz",,,"3","Production","Operations","Operations","CC-956"
"BLD-100560","BLD-100912","Hari Al-Kuwari","Hari Al-Kuwari","Vikram Hassan","Reem Kapoor","5","Quality Assurance & Food Safety","Operations","Operations","CC-564"
"BLD-100561","BLD-100155","Sameer Abdullah","Sameer Abdullah",,,"3","Production","Operations","Operations","CC-956"
"BLD-100562","BLD-100319","Prakash Sharma","Prakash Sharma","Suresh Devi","Ahmed Ibrahim","5","Engineering & Maintenance","Operations","Operations","CC-178"
"BLD-100563","BLD-100701","Rowena Kapoor","Rowena Kapoor","Rina Ibrahim","Suresh Reyes","5","R&D","Operations","Operations","CC-118"
"BLD-100564","BLD-101350","Omar Abdullah","Omar Abdullah","Sunita Youssef","Mariam Khan","5","People & Culture","Corporate","Corporate","CC-310"
"BLD-100565","BLD-100460","Juan El-Sayed","Juan El-Sayed","Noor Sharma","Noor Al-Sayed","5","Finance","Corporate","Corporate","CC-502"
"BLD-100566","BLD-100625","Hind Mahmoud","Hind Mahmoud","Khalid Thapa","Reem Kapoor","5","People & Culture","Corporate","Corporate","CC-310"
"BLD-100567","BLD-100651","Sunita Youssef","Sunita Youssef","Mariam Khan",,"4","People & Culture","Corporate","Corporate","CC-310"
"BLD-100568","BLD-100704","Waleed Gurung","Waleed Gurung","Vikram Pereira","Kumar Islam","5","Production","Operations","Operations","CC-956"
"BLD-100569","BLD-101419","Cherry Ibrahim","Cherry Ibrahim","Khalid Santos","Prakash Mendoza","5","People & Culture","Corporate","Corporate","CC-310"
"BLD-100570","BLD-100739","Yasmin Islam","Yasmin Islam","Ramesh Sharma","Manoj Fernandes","5","Marketing","Commercial","Commercial","CC-916"
"BLD-100571","BLD-100728","Bishnu Mansour","Bishnu Mansour","Mona Abdullah","Rakesh Kapoor","5","R&D","Operations","Operations","CC-118"
"BLD-100572","BLD-100086","Sameer Al-Marri","Sameer Al-Marri","Rakesh Cruz",,"4","Quality Assurance & Food Safety","Operations","Operations","CC-564"
"BLD-100573","BLD-100944","Prakash Kapoor","Prakash Kapoor","Bikram Hassan","Anil Khan","5","Farm Operations","Operations","Operations","CC-662"
"BLD-100574","BLD-101353","Ramesh Ibrahim","Ramesh Ibrahim","Suresh Iqbal","Noor Al-Sayed","5","Sales & Distribution","Commercial","Commercial","CC-310"
"BLD-100575","BLD-101434","Bishnu El-Sayed","Bishnu El-Sayed","Ravi Youssef","Ahmed Ibrahim","5","Engineering & Maintenance","Operations","Operations","CC-178"
"BLD-100576","BLD-101297","Krishna Kapoor","Krishna Kapoor",,,"3","Finance","Corporate","Corporate","CC-502"
"BLD-100577","BLD-101321","Ahmed Malik","Ahmed Malik","Ahmed Cruz","Anil Khan","5","Farm Operations","Operations","Operations","CC-662"
"BLD-100578","BLD-101509","Suresh Reyes","Suresh Reyes",,,"3","Supply Chain & Logistics","Supply Chain","Supply Chain","CC-370"
"BLD-100579","BLD-100735","Juan Al-Marri","Juan Al-Marri","Tariq El-Sayed","Ahmed Ibrahim","5","Quality Assurance & Food Safety","Operations","Operations","CC-564"
"BLD-100580","BLD-100724","Mohamed El-Sayed","Mohamed El-Sayed","Kumar Islam",,"4","Farm Operations","Operations","Operations","CC-662"
"BLD-100581","BLD-100503","Suresh Baig","Suresh Baig","Hari Al-Marri","Anil Khan","5","Sales & Distribution","Commercial","Commercial","CC-310"
"BLD-100582","BLD-100406","Tariq Pereira","Tariq Pereira","Pooja Chowdhury",,"4","Corporate & Executive Office","Corporate","Corporate","CC-577"
"BLD-100583","BLD-100036","Waleed Gurung","Waleed Gurung",,,"3","Sales & Distribution","Commercial","Commercial","CC-310"
"BLD-100584","BLD-100008","Ramesh Kapoor","Ramesh Kapoor","Ahmed Ibrahim",,"4","Engineering & Maintenance","Operations","Operations","CC-178"
"BLD-100585","BLD-100935","Reem Youssef","Reem Youssef","Suresh Khan","Huda Abdullah","5","Sales & Distribution","Commercial","Commercial","CC-310"
"BLD-100586","BLD-101297","Krishna Kapoor","Krishna Kapoor",,,"3","Finance","Corporate","Corporate","CC-502"
"BLD-100587","BLD-100734","Omar Al-Kuwari","Omar Al-Kuwari","Mohamed Al-Kuwari","Ramesh Islam","5","Production","Operations","Operations","CC-956"
"BLD-100588","BLD-100460","Juan El-Sayed","Juan El-Sayed","Noor Sharma","Noor Al-Sayed","5","Finance","Corporate","Corporate","CC-502"
"BLD-100589","BLD-100745","Mona Al-Kuwari","Mona Al-Kuwari","Hari Al-Marri","Pooja Chowdhury","5","Corporate & Executive Office","Corporate","Corporate","CC-577"
"BLD-100590","BLD-101488","Jose Malik","Jose Malik","Vikram Islam","Krishna Kapoor","5","Finance","Corporate","Corporate","CC-502"
"BLD-100591","BLD-101066","Kumar Mansour","Kumar Mansour","Omar Sharma","Manoj Fernandes","5","Quality Assurance & Food Safety","Operations","Operations","CC-564"
"BLD-100592","BLD-100651","Sunita Youssef","Sunita Youssef","Mariam Khan",,"4","People & Culture","Corporate","Corporate","CC-310"
"BLD-100593","BLD-100059","Noor Mansour","Noor Mansour","Manoj Fernandes",,"4","R&D","Operations","Operations","CC-118"
"BLD-100594","BLD-100657","Waleed Mendoza","Waleed Mendoza","Prakash Mendoza",,"4","People & Culture","Corporate","Corporate","CC-310"
"BLD-100595","BLD-101399","Anil Al-Kuwari","Anil Al-Kuwari","Hassan Baig","Suresh Reyes","5","Sales & Distribution","Commercial","Commercial","CC-310"
"BLD-100596","BLD-100677","Manoj Pereira","Manoj Pereira","Anil Gurung","Anil Khan","5","Quality Assurance & Food Safety","Operations","Operations","CC-564"
"BLD-100597","BLD-100494","Ravi Youssef","Ravi Youssef","Ahmed Ibrahim",,"4","Engineering & Maintenance","Operations","Operations","CC-178"
"BLD-100598","BLD-100008","Ramesh Kapoor","Ramesh Kapoor","Ahmed Ibrahim",,"4","Engineering & Maintenance","Operations","Operations","CC-178"
"BLD-100599","BLD-100154","Bishnu Mendoza","Bishnu Mendoza","Pooja Chowdhury",,"4","Corporate & Executive Office","Corporate","Corporate","CC-577"
"BLD-100600","BLD-101297","Krishna Kapoor","Krishna Kapoor",,,"3","Finance","Corporate","Corporate","CC-502"
"BLD-100601","BLD-100283","Krishna Islam","Krishna Islam","Tariq El-Sayed","Ahmed Ibrahim","5","Quality Assurance & Food Safety","Operations","Operations","CC-564"
"BLD-100602","BLD-100445","Mona Sharma","Mona Sharma","Rakesh Kapoor",,"4","Marketing","Commercial","Commercial","CC-916"
"BLD-100603","BLD-100353","Suresh Abdullah","Suresh Abdullah","Santosh El-Sayed","Kumar Islam","5","Farm Operations","Operations","Operations","CC-662"
"BLD-100604","BLD-100421","Huda Ahmed","Huda Ahmed","Rakesh Kapoor",,"4","Marketing","Commercial","Commercial","CC-916"
"BLD-100605","BLD-100862","Omar Gurung","Omar Gurung","Ali Ibrahim","Prakash Mendoza","5","Production","Operations","Operations","CC-956"
"BLD-100606","BLD-100475","Tariq Mansour","Tariq Mansour","Sanjay Cruz","Pooja Chowdhury","5","Production","Operations","Operations","CC-956"
"BLD-100607","BLD-100155","Sameer Abdullah","Sameer Abdullah",,,"3","Finance","Corporate","Corporate","CC-502"
"BLD-100608","BLD-101369","Anil Gurung","Anil Gurung","Anil Khan",,"4","Quality Assurance & Food Safety","Operations","Operations","CC-564"
"BLD-100609","BLD-100035","Noor Mahmoud","Noor Mahmoud","Waleed Rai","Reem Kapoor","5","People & Culture","Corporate","Corporate","CC-310"
"BLD-100610","BLD-100618","Deepak Cruz","Deepak Cruz","Vikram Hassan","Reem Kapoor","5","Quality Assurance & Food Safety","Operations","Operations","CC-564"
"BLD-100611","BLD-100044","Prakash Islam","Prakash Islam","Fatima Malik","Noor Al-Sayed","5","People & Culture","Corporate","Corporate","CC-310"
"BLD-100612","BLD-100868","Kumar Iqbal","Kumar Iqbal","Sameer Reyes","Krishna Cruz","5","Production","Operations","Operations","CC-956"
"BLD-100613","BLD-100155","Sameer Abdullah","Sameer Abdullah",,,"3","Production","Operations","Operations","CC-956"
"BLD-100614","BLD-100290","Bishnu Khan","Bishnu Khan","Ravi Al-Sayed","Ahmed Ibrahim","5","R&D","Operations","Operations","CC-118"
"BLD-100615","BLD-100776","Dina Reyes","Dina Reyes","Prakash Mendoza",,"4","People & Culture","Corporate","Corporate","CC-310"
"BLD-100616","BLD-101084","Mohamed Baig","Mohamed Baig","Krishna Cruz",,"4","Production","Operations","Operations","CC-956"
"BLD-100617","BLD-101192","Rajesh Ahmed","Rajesh Ahmed","Rania Kapoor","Pooja Chowdhury","5","Corporate & Executive Office","Corporate","Corporate","CC-577"
"BLD-100618","BLD-100744","Vikram Hassan","Vikram Hassan","Reem Kapoor",,"4","Quality Assurance & Food Safety","Operations","Operations","CC-564"
"BLD-100619","BLD-100744","Vikram Hassan","Vikram Hassan","Reem Kapoor",,"4","Quality Assurance & Food Safety","Operations","Operations","CC-564"
"BLD-100620","BLD-101201","Santosh Devi","Santosh Devi","Khalid Ibrahim","Priya Farouk","5","Supply Chain & Logistics","Supply Chain","Supply Chain","CC-370"
"BLD-100621","BLD-100494","Ravi Youssef","Ravi Youssef","Ahmed Ibrahim",,"4","Engineering & Maintenance","Operations","Operations","CC-178"
"BLD-100622","BLD-100797","Rajesh Farouk","Rajesh Farouk","Ahmed Baig","Ahmed Ibrahim","5","Quality Assurance & Food Safety","Operations","Operations","CC-564"
"BLD-100623","BLD-101485","Deepak Cruz","Deepak Cruz","Faisal Mahmoud","Krishna Kapoor","5","Finance","Corporate","Corporate","CC-502"
"BLD-100624","BLD-100370","Ravi Islam","Ravi Islam","Noor Sharma","Noor Al-Sayed","5","Finance","Corporate","Corporate","CC-502"
"BLD-100625","BLD-100349","Khalid Thapa","Khalid Thapa","Reem Kapoor",,"4","People & Culture","Corporate","Corporate","CC-310"
"BLD-100626","BLD-100763","Mohamed Rai","Mohamed Rai",,,"3","Procurement","Supply Chain","Supply Chain","CC-637"
"BLD-100627","BLD-100394","Hari Abdullah","Hari Abdullah","Prakash Mendoza",,"4","Production","Operations","Operations","CC-956"
"BLD-100628","BLD-101014","Ali Baig","Ali Baig","Ramesh Islam",,"4","IT & Digital","Corporate","Corporate","CC-289"
"BLD-100629","BLD-101419","Cherry Ibrahim","Cherry Ibrahim","Khalid Santos","Prakash Mendoza","5","People & Culture","Corporate","Corporate","CC-310"
"BLD-100630","BLD-100500","Bishnu Kapoor","Bishnu Kapoor","Manoj Fernandes",,"4","Marketing","Commercial","Commercial","CC-916"
"BLD-100631","BLD-100957","Mohamed Mansour","Mohamed Mansour","Prakash Kapoor","Rakesh Cruz","5","Supply Chain & Logistics","Supply Chain","Supply Chain","CC-370"
"BLD-100632","BLD-100802","Jose Chowdhury","Jose Chowdhury","Juan Al-Sayed","Deepak Gurung","5","IT & Digital","Corporate","Corporate","CC-289"
"BLD-100633","BLD-101151","Sunita Al-Marri","Sunita Al-Marri","Omar Santos","Sameer Abdullah","5","Finance","Corporate","Corporate","CC-502"
"BLD-100634","BLD-101150","Ravi Devi","Ravi Devi","Deepak Gurung",,"4","IT & Digital","Corporate","Corporate","CC-289"
"BLD-100635","BLD-100506","Bikram Devi","Bikram Devi","Faisal Chowdhury","Krishna Cruz","5","Production","Operations","Operations","CC-956"
"BLD-100636","BLD-100536","Omar Chowdhury","Omar Chowdhury","Anil Cruz","Kumar Islam","5","Farm Operations","Operations","Operations","CC-662"
"BLD-100637","BLD-100776","Dina Reyes","Dina Reyes","Prakash Mendoza",,"4","People & Culture","Corporate","Corporate","CC-310"
"BLD-100638","BLD-101081","Manoj Fernandes","Manoj Fernandes","Sameer Abdullah",,"4","Production","Operations","Operations","CC-956"
"BLD-100639","BLD-100935","Reem Youssef","Reem Youssef","Suresh Khan","Huda Abdullah","5","Sales & Distribution","Commercial","Commercial","CC-310"
"BLD-100640","BLD-100121","Khalid Baig","Khalid Baig","Sameer Islam","Pooja Chowdhury","5","Corporate & Executive Office","Corporate","Corporate","CC-577"
"BLD-100641","BLD-101419","Cherry Ibrahim","Cherry Ibrahim","Khalid Santos","Prakash Mendoza","5","People & Culture","Corporate","Corporate","CC-310"
"BLD-100642","BLD-100905","Sanjay El-Sayed","Sanjay El-Sayed","Amina Al-Kuwari","Priya Farouk","5","Supply Chain & Logistics","Supply Chain","Supply Chain","CC-370"
"BLD-100643","BLD-101150","Ravi Devi","Ravi Devi","Deepak Gurung",,"4","IT & Digital","Corporate","Corporate","CC-289"
"BLD-100644","BLD-101052","Mohamed Mahmoud","Mohamed Mahmoud","Tariq Islam","Waleed Gurung","5","Sales & Distribution","Commercial","Commercial","CC-310"
"BLD-100645","BLD-100124","Sameer Kapoor","Sameer Kapoor","Anil Cruz","Kumar Islam","5","Farm Operations","Operations","Operations","CC-662"
"BLD-100646","BLD-100743","Arjun Malik","Arjun Malik","Ramesh Islam",,"4","IT & Digital","Corporate","Corporate","CC-289"
"BLD-100647","BLD-100692","Ahmed Kapoor","Ahmed Kapoor","Sameer Ibrahim","Manoj Fernandes","5","Marketing","Commercial","Commercial","CC-916"
"BLD-100648","BLD-100327","Arjun Santos","Arjun Santos","Sameer Sharma","Kumar Islam","5","R&D","Operations","Operations","CC-118"
"BLD-100649","BLD-100983","Aisha Mendoza","Aisha Mendoza","Prakash Kapoor","Rakesh Cruz","5","Supply Chain & Logistics","Supply Chain","Supply Chain","CC-370"
"BLD-100650","BLD-101312","Anil Al-Sayed","Anil Al-Sayed","Priya Farouk","Pooja Chowdhury","5","Corporate & Executive Office","Corporate","Corporate","CC-577"
"BLD-100651","BLD-101307","Mariam Khan","Mariam Khan",,,"3","People & Culture","Corporate","Corporate","CC-310"
"BLD-100652","BLD-100653","Reem Pereira","Reem Pereira","Ahmed Santos","Noor Al-Sayed","5","People & Culture","Corporate","Corporate","CC-310"
"BLD-100653","BLD-100347","Ahmed Santos","Ahmed Santos","Noor Al-Sayed",,"4","People & Culture","Corporate","Corporate","CC-310"
"BLD-100654","BLD-101428","Manoj Fernandes","Manoj Fernandes","Arjun Cruz","Krishna Kapoor","5","Finance","Corporate","Corporate","CC-502"
"BLD-100655","BLD-100814","Ali Ibrahim","Ali Ibrahim","Arjun Khan","Mohamed Rai","5","Procurement","Supply Chain","Supply Chain","CC-637"
"BLD-100656","BLD-100158","Manoj Farouk","Manoj Farouk","Ravi Youssef","Ahmed Ibrahim","5","Engineering & Maintenance","Operations","Operations","CC-178"
"BLD-100657","BLD-100700","Prakash Mendoza","Prakash Mendoza",,,"3","People & Culture","Corporate","Corporate","CC-310"
"BLD-100658","BLD-100416","Arjun Islam","Arjun Islam","Ravi Santos","Reem Kapoor","5","People & Culture","Corporate","Corporate","CC-310"
"BLD-100659","BLD-100205","Hari Chowdhury","Hari Chowdhury","Ramesh Islam",,"4","Sales & Distribution","Commercial","Commercial","CC-310"
"BLD-100660","BLD-100356","Ramesh El-Sayed","Ramesh El-Sayed","Hari Chowdhury","Ramesh Islam","5","Sales & Distribution","Commercial","Commercial","CC-310"
"BLD-100661","BLD-101491","Bishnu Cruz","Bishnu Cruz","Hind Khan","Suresh Reyes","5","R&D","Operations","Operations","CC-118"
"BLD-100662","BLD-100947","Manoj Fernandes","Manoj Fernandes","Ahmed Santos","Noor Al-Sayed","5","People & Culture","Corporate","Corporate","CC-310"
"BLD-100663","BLD-101199","Ramesh Islam","Ramesh Islam",,,"3","IT & Digital","Corporate","Corporate","CC-289"
"BLD-100664","BLD-100335","Ali Islam","Ali Islam","Manoj Abdullah","Deepak Gurung","5","IT & Digital","Corporate","Corporate","CC-289"
"BLD-100665","BLD-100413","Ahmed Ibrahim","Ahmed Ibrahim",,,"3","Quality Assurance & Food Safety","Operations","Operations","CC-564"
"BLD-100666","BLD-101041","Layla Reyes","Layla Reyes","Juan Malik","Mariam Khan","5","People & Culture","Corporate","Corporate","CC-310"
"BLD-100667","BLD-100501","Prakash Mansour","Prakash Mansour","Mohamed Baig","Krishna Cruz","5","Production","Operations","Operations","CC-956"
"BLD-100668","BLD-101125","Faisal Iqbal","Faisal Iqbal","Jose Fernandes","Manoj Iqbal","5","Procurement","Supply Chain","Supply Chain","CC-637"
"BLD-100669","BLD-100705","Pooja Farouk","Pooja Farouk","Ahmed Baig","Ahmed Ibrahim","5","Quality Assurance & Food Safety","Operations","Operations","CC-564"
"BLD-100670","BLD-101084","Mohamed Baig","Mohamed Baig","Krishna Cruz",,"4","Production","Operations","Operations","CC-956"
"BLD-100671","BLD-100724","Mohamed El-Sayed","Mohamed El-Sayed","Kumar Islam",,"4","Farm Operations","Operations","Operations","CC-662"
"BLD-100672","BLD-101292","Noor Al-Sayed","Noor Al-Sayed",,,"3","Sales & Distribution","Commercial","Commercial","CC-310"
"BLD-100673","BLD-100951","Yasmin Sharma","Yasmin Sharma","Noor Al-Sayed",,"4","Sales & Distribution","Commercial","Commercial","CC-310"
"BLD-100674","BLD-100026","Yasmin Chowdhury","Yasmin Chowdhury","Sameer Al-Sayed","Rakesh Cruz","5","Quality Assurance & Food Safety","Operations","Operations","CC-564"
"BLD-100675","BLD-100800","Sameer Ibrahim","Sameer Ibrahim","Manoj Fernandes",,"4","Marketing","Commercial","Commercial","CC-916"
"BLD-100676","BLD-101292","Noor Al-Sayed","Noor Al-Sayed",,,"3","Sales & Distribution","Commercial","Commercial","CC-310"
"BLD-100677","BLD-101369","Anil Gurung","Anil Gurung","Anil Khan",,"4","Quality Assurance & Food Safety","Operations","Operations","CC-564"
"BLD-100678","BLD-100168","Lubna Mansour","Lubna Mansour","Ali Cruz","Ramesh Islam","5","IT & Digital","Corporate","Corporate","CC-289"
"BLD-100679","BLD-101053","Nadia Mendoza","Nadia Mendoza","Huda Abdullah",,"4","Marketing","Commercial","Commercial","CC-916"
"BLD-100680","BLD-100066","Prakash Ibrahim","Prakash Ibrahim","Ali Ahmed","Mariam Khan","5","Finance","Corporate","Corporate","CC-502"
"BLD-100681","BLD-100944","Prakash Kapoor","Prakash Kapoor","Bikram Hassan","Anil Khan","5","Farm Operations","Operations","Operations","CC-662"
"BLD-100682","BLD-100123","Ramesh Al-Kuwari","Ramesh Al-Kuwari","Ali Kapoor","Mohamed Rai","5","Procurement","Supply Chain","Supply Chain","CC-637"
"BLD-100683","BLD-100192","Nadia Al-Marri","Nadia Al-Marri","Ravi Malik","Krishna Kapoor","5","Finance","Corporate","Corporate","CC-502"
"BLD-100684","BLD-100731","Amina Farouk","Amina Farouk","Omar Sharma","Manoj Fernandes","5","Quality Assurance & Food Safety","Operations","Operations","CC-564"
"BLD-100685","BLD-101471","Ravi Chowdhury","Ravi Chowdhury","Ramesh Kapoor","Ahmed Ibrahim","5","Engineering & Maintenance","Operations","Operations","CC-178"
"BLD-100686","BLD-101212","Layla Chowdhury","Layla Chowdhury","Salma Mansour","Priya Farouk","5","R&D","Operations","Operations","CC-118"
"BLD-100687","BLD-100728","Bishnu Mansour","Bishnu Mansour","Mona Abdullah","Rakesh Kapoor","5","R&D","Operations","Operations","CC-118"
"BLD-100688","BLD-101066","Kumar Mansour","Kumar Mansour","Omar Sharma","Manoj Fernandes","5","Quality Assurance & Food Safety","Operations","Operations","CC-564"
"BLD-100689","BLD-100509","Rina Hassan","Rina Hassan","Sanjay Abdullah","Suresh Reyes","5","Supply Chain & Logistics","Supply Chain","Supply Chain","CC-370"
"BLD-100690","BLD-100338","Sanjay Devi","Sanjay Devi","Noor Al-Sayed",,"4","Supply Chain & Logistics","Supply Chain","Supply Chain","CC-370"
"BLD-100691","BLD-100290","Bishnu Khan","Bishnu Khan","Ravi Al-Sayed","Ahmed Ibrahim","5","R&D","Operations","Operations","CC-118"
"BLD-100692","BLD-100800","Sameer Ibrahim","Sameer Ibrahim","Manoj Fernandes",,"4","Marketing","Commercial","Commercial","CC-916"
"BLD-100693","BLD-100191","Rina Malik","Rina Malik","Ahmed Al-Sayed","Deepak Gurung","5","IT & Digital","Corporate","Corporate","CC-289"
"BLD-100694","BLD-100215","Vikram Abdullah","Vikram Abdullah","Ravi Youssef","Ahmed Ibrahim","5","Engineering & Maintenance","Operations","Operations","CC-178"
"BLD-100695","BLD-100036","Waleed Gurung","Waleed Gurung",,,"3","Production","Operations","Operations","CC-956"
"BLD-100696","BLD-100594","Rina Abdullah","Rina Abdullah","Waleed Mendoza","Prakash Mendoza","5","People & Culture","Corporate","Corporate","CC-310"
"BLD-100697","BLD-101199","Ramesh Islam","Ramesh Islam",,,"3","Sales & Distribution","Commercial","Commercial","CC-310"
"BLD-100698","BLD-100653","Reem Pereira","Reem Pereira","Ahmed Santos","Noor Al-Sayed","5","People & Culture","Corporate","Corporate","CC-310"
"BLD-100699","BLD-101201","Santosh Devi","Santosh Devi","Khalid Ibrahim","Priya Farouk","5","Supply Chain & Logistics","Supply Chain","Supply Chain","CC-370"
"BLD-100700","BLD-100001","Yousef Al-Attiyah",,,,"2","People & Culture","Corporate","Corporate","CC-310"
"BLD-100701","BLD-101208","Rina Ibrahim","Rina Ibrahim","Suresh Reyes",,"4","R&D","Operations","Operations","CC-118"
"BLD-100702","BLD-101399","Anil Al-Kuwari","Anil Al-Kuwari","Hassan Baig","Suresh Reyes","5","Sales & Distribution","Commercial","Commercial","CC-310"
"BLD-100703","BLD-100714","Sameer Al-Sayed","Sameer Al-Sayed","Rakesh Cruz",,"4","Quality Assurance & Food Safety","Operations","Operations","CC-564"
"BLD-100704","BLD-101070","Vikram Pereira","Vikram Pereira","Kumar Islam",,"4","Production","Operations","Operations","CC-956"
"BLD-100705","BLD-100665","Ahmed Baig","Ahmed Baig","Ahmed Ibrahim",,"4","Quality Assurance & Food Safety","Operations","Operations","CC-564"
"BLD-100706","BLD-100097","Juan Sharma","Juan Sharma","Sunita Rai","Huda Abdullah","5","Marketing","Commercial","Commercial","CC-916"
"BLD-100707","BLD-100096","Anil Thapa","Anil Thapa","Dalia Gurung","Mohamed Rai","5","Procurement","Supply Chain","Supply Chain","CC-637"
"BLD-100708","BLD-100773","Priya Mendoza","Priya Mendoza","Sanjay Devi","Noor Al-Sayed","5","Supply Chain & Logistics","Supply Chain","Supply Chain","CC-370"
"BLD-100709","BLD-100225","Omar Malik","Omar Malik","Anil Khan",,"4","Production","Operations","Operations","CC-956"
"BLD-100710","BLD-100151","Ali Cruz","Ali Cruz","Ramesh Islam",,"4","IT & Digital","Corporate","Corporate","CC-289"
"BLD-100711","BLD-100094","Bikram Youssef","Bikram Youssef","Arjun Hassan","Mohamed Rai","5","Procurement","Supply Chain","Supply Chain","CC-637"
"BLD-100712","BLD-100408","Suresh Reyes","Suresh Reyes","Anil Gurung","Anil Khan","5","Quality Assurance & Food Safety","Operations","Operations","CC-564"
"BLD-100713","BLD-101262","Nadia Santos","Nadia Santos","Sameer Al-Sayed","Rakesh Cruz","5","Quality Assurance & Food Safety","Operations","Operations","CC-564"
"BLD-100714","BLD-101128","Rakesh Cruz","Rakesh Cruz",,,"3","Quality Assurance & Food Safety","Operations","Operations","CC-564"
"BLD-100715","BLD-100884","Manoj Iqbal","Manoj Iqbal",,,"3","Procurement","Supply Chain","Supply Chain","CC-637"
"BLD-100716","BLD-101112","Rina Fernandes","Rina Fernandes","Suresh Hassan","Deepak Gurung","5","Sales & Distribution","Commercial","Commercial","CC-310"
"BLD-100717","BLD-100869","Santosh Baig","Santosh Baig","Ali Kapoor","Mohamed Rai","5","Procurement","Supply Chain","Supply Chain","CC-637"
"BLD-100718","BLD-100362","Ali Hassan","Ali Hassan","Rakesh Baig","Noor Al-Sayed","5","Sales & Distribution","Commercial","Commercial","CC-310"
"BLD-100719","BLD-100837","Ali Gurung","Ali Gurung","Priya Farouk",,"4","Supply Chain & Logistics","Supply Chain","Supply Chain","CC-370"
"BLD-100720","BLD-101360","Dalia Al-Kuwari","Dalia Al-Kuwari","Ahmed Al-Sayed","Deepak Gurung","5","IT & Digital","Corporate","Corporate","CC-289"
"BLD-100721","BLD-100182","Juan Hassan","Juan Hassan","Huda Abdullah",,"4","Production","Operations","Operations","CC-956"
"BLD-100722","BLD-100561","Ravi Farouk","Ravi Farouk","Sameer Abdullah",,"4","Production","Operations","Operations","CC-956"
"BLD-100723","BLD-101425","Ahmed Mahmoud","Ahmed Mahmoud","Anil Kapoor","Huda Abdullah","5","Marketing","Commercial","Commercial","CC-916"
"BLD-100724","BLD-100824","Kumar Islam","Kumar Islam",,,"3","Farm Operations","Operations","Operations","CC-662"
"BLD-100725","BLD-101136","Deepak Mahmoud","Deepak Mahmoud","Pooja Chowdhury",,"4","Corporate & Executive Office","Corporate","Corporate","CC-577"
"BLD-100726","BLD-101366","Cherry Khan","Cherry Khan","Ahmed Cruz","Anil Khan","5","Farm Operations","Operations","Operations","CC-662"
"BLD-100727","BLD-100087","Anil Hassan","Anil Hassan","Suresh Reyes",,"4","R&D","Operations","Operations","CC-118"
"BLD-100728","BLD-100878","Mona Abdullah","Mona Abdullah","Rakesh Kapoor",,"4","R&D","Operations","Operations","CC-118"
"BLD-100729","BLD-101241","Prakash Kapoor","Prakash Kapoor","Rakesh Cruz",,"4","Supply Chain & Logistics","Supply Chain","Supply Chain","CC-370"
"BLD-100730","BLD-101154","Ali Ibrahim","Ali Ibrahim","Prakash Mendoza",,"4","Production","Operations","Operations","CC-956"
"BLD-100731","BLD-100994","Omar Sharma","Omar Sharma","Manoj Fernandes",,"4","Quality Assurance & Food Safety","Operations","Operations","CC-564"
"BLD-100732","BLD-100907","Dalia Baig","Dalia Baig","Ahmed Farouk","Rakesh Cruz","5","Quality Assurance & Food Safety","Operations","Operations","CC-564"
"BLD-100733","BLD-100859","Waleed Baig","Waleed Baig","Sameer Al-Sayed","Rakesh Cruz","5","Quality Assurance & Food Safety","Operations","Operations","CC-564"
"BLD-100734","BLD-100137","Mohamed Al-Kuwari","Mohamed Al-Kuwari","Ramesh Islam",,"4","Production","Operations","Operations","CC-956"
"BLD-100735","BLD-101483","Tariq El-Sayed","Tariq El-Sayed","Ahmed Ibrahim",,"4","Quality Assurance & Food Safety","Operations","Operations","CC-564"
"BLD-100736","BLD-100360","Suresh Baig","Suresh Baig","Ravi Malik","Krishna Kapoor","5","Finance","Corporate","Corporate","CC-502"
"BLD-100737","BLD-100375","Manoj Fernandes","Manoj Fernandes",,,"3","R&D","Operations","Operations","CC-118"
"BLD-100738","BLD-100303","Rakesh Kapoor","Rakesh Kapoor",,,"3","Marketing","Commercial","Commercial","CC-916"
"BLD-100739","BLD-101252","Ramesh Sharma","Ramesh Sharma","Manoj Fernandes",,"4","Marketing","Commercial","Commercial","CC-916"
"BLD-100740","BLD-100979","Sanjay Ibrahim","Sanjay Ibrahim","Ahmed Cruz","Anil Khan","5","Farm Operations","Operations","Operations","CC-662"
"BLD-100741","BLD-100431","Ramesh Devi","Ramesh Devi","Juan Hassan","Huda Abdullah","5","Production","Operations","Operations","CC-956"
"BLD-100742","BLD-100243","Hassan Youssef","Hassan Youssef","Ravi Youssef","Ahmed Ibrahim","5","Engineering & Maintenance","Operations","Operations","CC-178"
"BLD-100743","BLD-101199","Ramesh Islam","Ramesh Islam",,,"3","IT & Digital","Corporate","Corporate","CC-289"
"BLD-100744","BLD-101093","Reem Kapoor","Reem Kapoor",,,"3","Quality Assurance & Food Safety","Operations","Operations","CC-564"
"BLD-100745","BLD-101178","Hari Al-Marri","Hari Al-Marri","Pooja Chowdhury",,"4","Corporate & Executive Office","Corporate","Corporate","CC-577"
"BLD-100746","BLD-101093","Reem Kapoor","Reem Kapoor",,,"3","People & Culture","Corporate","Corporate","CC-310"
"BLD-100747","BLD-101186","Maria Pereira","Maria Pereira","Rowena Fernandes","Waleed Gurung","5","Finance","Corporate","Corporate","CC-502"
"BLD-100748","BLD-101143","Noor Abdullah","Noor Abdullah","Pooja Chowdhury",,"4","Corporate & Executive Office","Corporate","Corporate","CC-577"
"BLD-100749","BLD-100265","Sanjay Islam","Sanjay Islam","Sameer Abdullah",,"4","Sales & Distribution","Commercial","Commercial","CC-310"
"BLD-100750","BLD-100495","Krishna Youssef","Krishna Youssef","Vikram Hassan","Reem Kapoor","5","Quality Assurance & Food Safety","Operations","Operations","CC-564"
"BLD-100751","BLD-101305","Sunita Thapa","Sunita Thapa","Yasmin Malik","Rakesh Kapoor","5","R&D","Operations","Operations","CC-118"
"BLD-100752","BLD-101192","Rajesh Ahmed","Rajesh Ahmed","Rania Kapoor","Pooja Chowdhury","5","Corporate & Executive Office","Corporate","Corporate","CC-577"
"BLD-100753","BLD-100338","Sanjay Devi","Sanjay Devi","Noor Al-Sayed",,"4","Supply Chain & Logistics","Supply Chain","Supply Chain","CC-370"
"BLD-100754","BLD-100141","Lubna Al-Kuwari","Lubna Al-Kuwari","Mohamed Rai",,"4","Procurement","Supply Chain","Supply Chain","CC-637"
"BLD-100755","BLD-100427","Deepak Devi","Deepak Devi","Santosh Mansour","Manoj Iqbal","5","Procurement","Supply Chain","Supply Chain","CC-637"
"BLD-100756","BLD-101369","Anil Gurung","Anil Gurung","Anil Khan",,"4","Quality Assurance & Food Safety","Operations","Operations","CC-564"
"BLD-100757","BLD-101153","Krishna Santos","Krishna Santos","Tariq Khan","Prakash Mendoza","5","People & Culture","Corporate","Corporate","CC-310"
"BLD-100758","BLD-100930","Sanjay Rai","Sanjay Rai","Priya Farouk",,"4","Supply Chain & Logistics","Supply Chain","Supply Chain","CC-370"
"BLD-100759","BLD-101153","Krishna Santos","Krishna Santos","Tariq Khan","Prakash Mendoza","5","People & Culture","Corporate","Corporate","CC-310"
"BLD-100760","BLD-100385","Manoj Pereira","Manoj Pereira","Waleed Mendoza","Prakash Mendoza","5","People & Culture","Corporate","Corporate","CC-310"
"BLD-100761","BLD-100545","Ravi Santos","Ravi Santos","Reem Kapoor",,"4","People & Culture","Corporate","Corporate","CC-310"
"BLD-100762","BLD-100480","Nadia Reyes","Nadia Reyes","Krishna Cruz",,"4","Finance","Corporate","Corporate","CC-502"
"BLD-100763","BLD-100001","Yousef Al-Attiyah",,,,"2","Procurement","Supply Chain","Supply Chain","CC-637"
"BLD-100764","BLD-100734","Omar Al-Kuwari","Omar Al-Kuwari","Mohamed Al-Kuwari","Ramesh Islam","5","Production","Operations","Operations","CC-956"
"BLD-100765","BLD-100317","Aisha Farouk","Aisha Farouk","Noor Abdullah","Pooja Chowdhury","5","Corporate & Executive Office","Corporate","Corporate","CC-577"
"BLD-100766","BLD-100001","Yousef Al-Attiyah",,,,"2","Supply Chain & Logistics","Supply Chain","Supply Chain","CC-370"
"BLD-100767","BLD-100634","Pooja Malik","Pooja Malik","Ravi Devi","Deepak Gurung","5","IT & Digital","Corporate","Corporate","CC-289"
"BLD-100768","BLD-101045","Dalia Gurung","Dalia Gurung","Mohamed Rai",,"4","Procurement","Supply Chain","Supply Chain","CC-637"
"BLD-100769","BLD-100093","Bishnu Iqbal","Bishnu Iqbal","Khalid Ibrahim","Priya Farouk","5","Supply Chain & Logistics","Supply Chain","Supply Chain","CC-370"
"BLD-100770","BLD-101164","Mona Thapa","Mona Thapa","Khalid Thapa","Reem Kapoor","5","People & Culture","Corporate","Corporate","CC-310"
"BLD-100771","BLD-101065","Mohamed Al-Sayed","Mohamed Al-Sayed","Arjun Cruz","Krishna Kapoor","5","Finance","Corporate","Corporate","CC-502"
"BLD-100772","BLD-100055","Anil Fernandes","Anil Fernandes","Anil Khan",,"4","Farm Operations","Operations","Operations","CC-662"
"BLD-100773","BLD-100338","Sanjay Devi","Sanjay Devi","Noor Al-Sayed",,"4","Supply Chain & Logistics","Supply Chain","Supply Chain","CC-370"
"BLD-100774","BLD-100496","Priya Devi","Priya Devi","Sunita Rai","Huda Abdullah","5","Marketing","Commercial","Commercial","CC-916"
"BLD-100775","BLD-100831","Hari Al-Kuwari","Hari Al-Kuwari","Sunita Al-Marri","Ramesh Islam","5","Sales & Distribution","Commercial","Commercial","CC-310"
"BLD-100776","BLD-100700","Prakash Mendoza","Prakash Mendoza",,,"3","People & Culture","Corporate","Corporate","CC-310"
"BLD-100777","BLD-101066","Kumar Mansour","Kumar Mansour","Omar Sharma","Manoj Fernandes","5","Quality Assurance & Food Safety","Operations","Operations","CC-564"
"BLD-100778","BLD-100853","Arjun Kapoor","Arjun Kapoor","Tariq Khan","Prakash Mendoza","5","People & Culture","Corporate","Corporate","CC-310"
"BLD-100779","BLD-100902","Noor Islam","Noor Islam","Mohamed Rai",,"4","Procurement","Supply Chain","Supply Chain","CC-637"
"BLD-100780","BLD-100989","Aisha Malik","Aisha Malik","Tariq Pereira","Pooja Chowdhury","5","Corporate & Executive Office","Corporate","Corporate","CC-577"
"BLD-100781","BLD-100951","Yasmin Sharma","Yasmin Sharma","Noor Al-Sayed",,"4","Sales & Distribution","Commercial","Commercial","CC-310"
"BLD-100782","BLD-100341","Anil Cruz","Anil Cruz","Kumar Islam",,"4","Farm Operations","Operations","Operations","CC-662"
"BLD-100783","BLD-101264","Sanjay Gurung","Sanjay Gurung","Ahmed Malik","Krishna Kapoor","5","Finance","Corporate","Corporate","CC-502"
"BLD-100784","BLD-101012","Sameer Islam","Sameer Islam","Pooja Chowdhury",,"4","Corporate & Executive Office","Corporate","Corporate","CC-577"
"BLD-100785","BLD-101136","Deepak Mahmoud","Deepak Mahmoud","Pooja Chowdhury",,"4","Corporate & Executive Office","Corporate","Corporate","CC-577"
"BLD-100786","BLD-100394","Hari Abdullah","Hari Abdullah","Prakash Mendoza",,"4","Production","Operations","Operations","CC-956"
"BLD-100787","BLD-100529","Khalid Cruz","Khalid Cruz","Sanjay Santos","Mohamed Rai","5","Sales & Distribution","Commercial","Commercial","CC-310"
"BLD-100788","BLD-100209","Rania Al-Kuwari","Rania Al-Kuwari","Sanjay Cruz","Pooja Chowdhury","5","Production","Operations","Operations","CC-956"
"BLD-100789","BLD-101307","Mariam Khan","Mariam Khan",,,"3","People & Culture","Corporate","Corporate","CC-310"
"BLD-100790","BLD-100413","Ahmed Ibrahim","Ahmed Ibrahim",,,"3","Engineering & Maintenance","Operations","Operations","CC-178"
"BLD-100791","BLD-101482","Reem Ibrahim","Reem Ibrahim","Mona Sharma","Rakesh Kapoor","5","Marketing","Commercial","Commercial","CC-916"
"BLD-100792","BLD-100283","Krishna Islam","Krishna Islam","Tariq El-Sayed","Ahmed Ibrahim","5","Quality Assurance & Food Safety","Operations","Operations","CC-564"
"BLD-100793","BLD-101040","Prakash Pereira","Prakash Pereira","Kumar El-Sayed","Waleed Gurung","5","Sales & Distribution","Commercial","Commercial","CC-310"
"BLD-100794","BLD-101092","Prakash Kapoor","Prakash Kapoor","Sanjay Rai","Priya Farouk","5","Supply Chain & Logistics","Supply Chain","Supply Chain","CC-370"
"BLD-100795","BLD-100256","Vikram Abdullah","Vikram Abdullah","Sameer Abdullah",,"4","Finance","Corporate","Corporate","CC-502"
"BLD-100796","BLD-100150","Hari Hassan","Hari Hassan","Sunita Baig","Manoj Iqbal","5","Procurement","Supply Chain","Supply Chain","CC-637"
"BLD-100797","BLD-100665","Ahmed Baig","Ahmed Baig","Ahmed Ibrahim",,"4","Quality Assurance & Food Safety","Operations","Operations","CC-564"
"BLD-100798","BLD-101239","Prakash Gurung","Prakash Gurung","Sanjay Devi","Noor Al-Sayed","5","Supply Chain & Logistics","Supply Chain","Supply Chain","CC-370"
"BLD-100799","BLD-101297","Krishna Kapoor","Krishna Kapoor",,,"3","Finance","Corporate","Corporate","CC-502"
"BLD-100800","BLD-100375","Manoj Fernandes","Manoj Fernandes",,,"3","Marketing","Commercial","Commercial","CC-916"
"BLD-100801","BLD-100066","Prakash Ibrahim","Prakash Ibrahim","Ali Ahmed","Mariam Khan","5","Finance","Corporate","Corporate","CC-502"
"BLD-100802","BLD-100009","Juan Al-Sayed","Juan Al-Sayed","Deepak Gurung",,"4","IT & Digital","Corporate","Corporate","CC-289"
"BLD-100803","BLD-101399","Anil Al-Kuwari","Anil Al-Kuwari","Hassan Baig","Suresh Reyes","5","Sales & Distribution","Commercial","Commercial","CC-310"
"BLD-100804","BLD-100171","Huda Abdullah","Huda Abdullah",,,"3","Sales & Distribution","Commercial","Commercial","CC-310"
"BLD-100805","BLD-100086","Sameer Al-Marri","Sameer Al-Marri","Rakesh Cruz",,"4","Quality Assurance & Food Safety","Operations","Operations","CC-564"
"BLD-100806","BLD-100036","Waleed Gurung","Waleed Gurung",,,"3","Finance","Corporate","Corporate","CC-502"
"BLD-100807","BLD-100730","Lubna Devi","Lubna Devi","Ali Ibrahim","Prakash Mendoza","5","Production","Operations","Operations","CC-956"
"BLD-100808","BLD-101150","Ravi Devi","Ravi Devi","Deepak Gurung",,"4","IT & Digital","Corporate","Corporate","CC-289"
"BLD-100809","BLD-100107","Aisha Thapa","Aisha Thapa","Sunita Rai","Huda Abdullah","5","Marketing","Commercial","Commercial","CC-916"
"BLD-100810","BLD-100055","Anil Fernandes","Anil Fernandes","Anil Khan",,"4","Farm Operations","Operations","Operations","CC-662"
"BLD-100811","BLD-100602","Layla Chowdhury","Layla Chowdhury","Mona Sharma","Rakesh Kapoor","5","Marketing","Commercial","Commercial","CC-916"
"BLD-100812","BLD-101066","Kumar Mansour","Kumar Mansour","Omar Sharma","Manoj Fernandes","5","Quality Assurance & Food Safety","Operations","Operations","CC-564"
"BLD-100813","BLD-101509","Suresh Reyes","Suresh Reyes",,,"3","R&D","Operations","Operations","CC-118"
"BLD-100814","BLD-101231","Arjun Khan","Arjun Khan","Mohamed Rai",,"4","Procurement","Supply Chain","Supply Chain","CC-637"
"BLD-100815","BLD-101247","Ahmed El-Sayed","Ahmed El-Sayed","Anil Khan",,"4","Farm Operations","Operations","Operations","CC-662"
"BLD-100816","BLD-100802","Jose Chowdhury","Jose Chowdhury","Juan Al-Sayed","Deepak Gurung","5","IT & Digital","Corporate","Corporate","CC-289"
"BLD-100817","BLD-101382","Rania Iqbal","Rania Iqbal","Ahmed Al-Sayed","Deepak Gurung","5","IT & Digital","Corporate","Corporate","CC-289"
"BLD-100818","BLD-100842","Anita Fernandes","Anita Fernandes","Deepak Gurung",,"4","IT & Digital","Corporate","Corporate","CC-289"
"BLD-100819","BLD-100786","Deepak Mahmoud","Deepak Mahmoud","Hari Abdullah","Prakash Mendoza","5","Production","Operations","Operations","CC-956"
"BLD-100820","BLD-101497","Mariam Chowdhury","Mariam Chowdhury","Sameer Abdullah",,"4","Finance","Corporate","Corporate","CC-502"
"BLD-100821","BLD-100735","Juan Al-Marri","Juan Al-Marri","Tariq El-Sayed","Ahmed Ibrahim","5","Quality Assurance & Food Safety","Operations","Operations","CC-564"
"BLD-100822","BLD-100221","Juan Malik","Juan Malik","Ali Devi","Manoj Iqbal","5","Procurement","Supply Chain","Supply Chain","CC-637"
"BLD-100823","BLD-101291","Reem Mahmoud","Reem Mahmoud","Manoj Al-Kuwari","Huda Abdullah","5","Quality Assurance & Food Safety","Operations","Operations","CC-564"
"BLD-100824","BLD-100001","Yousef Al-Attiyah",,,,"2","Farm Operations","Operations","Operations","CC-662"
"BLD-100825","BLD-100115","Hassan Kapoor","Hassan Kapoor","Suresh Devi","Ahmed Ibrahim","5","Engineering & Maintenance","Operations","Operations","CC-178"
"BLD-100826","BLD-100561","Ravi Farouk","Ravi Farouk","Sameer Abdullah",,"4","Production","Operations","Operations","CC-956"
"BLD-100827","BLD-100980","Arjun Cruz","Arjun Cruz","Hari Al-Marri","Pooja Chowdhury","5","Corporate & Executive Office","Corporate","Corporate","CC-577"
"BLD-100828","BLD-100241","Ali Mansour","Ali Mansour","Anil Fernandes","Anil Khan","5","Farm Operations","Operations","Operations","CC-662"
"BLD-100829","BLD-100604","Manoj Fernandes","Manoj Fernandes","Huda Ahmed","Rakesh Kapoor","5","Marketing","Commercial","Commercial","CC-916"
"BLD-100830","BLD-101468","Omar Al-Kuwari","Omar Al-Kuwari","Hari Abdullah","Prakash Mendoza","5","Production","Operations","Operations","CC-956"
"BLD-100831","BLD-100697","Sunita Al-Marri","Sunita Al-Marri","Ramesh Islam",,"4","Sales & Distribution","Commercial","Commercial","CC-310"
"BLD-100832","BLD-100142","Santosh El-Sayed","Santosh El-Sayed","Kumar Islam",,"4","Farm Operations","Operations","Operations","CC-662"
"BLD-100833","BLD-100317","Aisha Farouk","Aisha Farouk","Noor Abdullah","Pooja Chowdhury","5","Corporate & Executive Office","Corporate","Corporate","CC-577"
"BLD-100834","BLD-100758","Kumar Thapa","Kumar Thapa","Sanjay Rai","Priya Farouk","5","Supply Chain & Logistics","Supply Chain","Supply Chain","CC-370"
"BLD-100835","BLD-101084","Mohamed Baig","Mohamed Baig","Krishna Cruz",,"4","Production","Operations","Operations","CC-956"
"BLD-100836","BLD-100600","Arjun Cruz","Arjun Cruz","Krishna Kapoor",,"4","Finance","Corporate","Corporate","CC-502"
"BLD-100837","BLD-100766","Priya Farouk","Priya Farouk",,,"3","Supply Chain & Logistics","Supply Chain","Supply Chain","CC-370"
"BLD-100838","BLD-100222","Tariq Pereira","Tariq Pereira","Ahmed Cruz","Anil Khan","5","Farm Operations","Operations","Operations","CC-662"
"BLD-100839","BLD-100035","Noor Mahmoud","Noor Mahmoud","Waleed Rai","Reem Kapoor","5","People & Culture","Corporate","Corporate","CC-310"
"BLD-100840","BLD-100447","Pooja Mansour","Pooja Mansour","Aisha Malik","Rakesh Cruz","5","Quality Assurance & Food Safety","Operations","Operations","CC-564"
"BLD-100841","BLD-101352","Ali Thapa","Ali Thapa","Mohamed Baig","Krishna Cruz","5","Production","Operations","Operations","CC-956"
"BLD-100842","BLD-101147","Deepak Gurung","Deepak Gurung",,,"3","IT & Digital","Corporate","Corporate","CC-289"
"BLD-100843","BLD-100107","Aisha Thapa","Aisha Thapa","Sunita Rai","Huda Abdullah","5","Marketing","Commercial","Commercial","CC-916"
"BLD-100844","BLD-101358","Anil Mendoza","Anil Mendoza","Deepak Gurung",,"4","IT & Digital","Corporate","Corporate","CC-289"
"BLD-100845","BLD-100593","Santosh Mahmoud","Santosh Mahmoud","Noor Mansour","Manoj Fernandes","5","R&D","Operations","Operations","CC-118"
"BLD-100846","BLD-101436","Juan Ibrahim","Juan Ibrahim","Ramesh Kapoor","Ahmed Ibrahim","5","Engineering & Maintenance","Operations","Operations","CC-178"
"BLD-100847","BLD-101504","Ravi El-Sayed","Ravi El-Sayed","Juan Hassan","Huda Abdullah","5","Production","Operations","Operations","CC-956"
"BLD-100848","BLD-101223","Sameer Devi","Sameer Devi","Juan Al-Sayed","Deepak Gurung","5","IT & Digital","Corporate","Corporate","CC-289"
"BLD-100849","BLD-100804","Suresh Khan","Suresh Khan","Huda Abdullah",,"4","Sales & Distribution","Commercial","Commercial","CC-310"
"BLD-100850","BLD-100763","Mohamed Rai","Mohamed Rai",,,"3","Procurement","Supply Chain","Supply Chain","CC-637"
"BLD-100851","BLD-100008","Ramesh Kapoor","Ramesh Kapoor","Ahmed Ibrahim",,"4","Engineering & Maintenance","Operations","Operations","CC-178"
"BLD-100852","BLD-101112","Rina Fernandes","Rina Fernandes","Suresh Hassan","Deepak Gurung","5","Sales & Distribution","Commercial","Commercial","CC-310"
"BLD-100853","BLD-101401","Tariq Khan","Tariq Khan","Prakash Mendoza",,"4","People & Culture","Corporate","Corporate","CC-310"
"BLD-100854","BLD-100221","Juan Malik","Juan Malik","Ali Devi","Manoj Iqbal","5","Procurement","Supply Chain","Supply Chain","CC-637"
"BLD-100855","BLD-100386","Jose Islam","Jose Islam","Krishna Kapoor",,"4","Finance","Corporate","Corporate","CC-502"
"BLD-100856","BLD-100613","Hassan Pereira","Hassan Pereira","Sameer Abdullah",,"4","Production","Operations","Operations","CC-956"
"BLD-100857","BLD-100756","Bishnu Reyes","Bishnu Reyes","Anil Gurung","Anil Khan","5","Quality Assurance & Food Safety","Operations","Operations","CC-564"
"BLD-100858","BLD-100418","Arjun Santos","Arjun Santos","Hassan Pereira","Sameer Abdullah","5","Production","Operations","Operations","CC-956"
"BLD-100859","BLD-100714","Sameer Al-Sayed","Sameer Al-Sayed","Rakesh Cruz",,"4","Quality Assurance & Food Safety","Operations","Operations","CC-564"
"BLD-100860","BLD-100700","Prakash Mendoza","Prakash Mendoza",,,"3","Sales & Distribution","Commercial","Commercial","CC-310"
"BLD-100861","BLD-100001","Yousef Al-Attiyah",,,,"2","Corporate & Executive Office","Corporate","Corporate","CC-577"
"BLD-100862","BLD-101154","Ali Ibrahim","Ali Ibrahim","Prakash Mendoza",,"4","Production","Operations","Operations","CC-956"
"BLD-100863","BLD-100940","Anita Mahmoud","Anita Mahmoud","Rajesh Reyes","Krishna Kapoor","5","Finance","Corporate","Corporate","CC-502"
"BLD-100864","BLD-100038","Ali Devi","Ali Devi","Manoj Iqbal",,"4","Procurement","Supply Chain","Supply Chain","CC-637"
"BLD-100865","BLD-100408","Suresh Reyes","Suresh Reyes","Anil Gurung","Anil Khan","5","Quality Assurance & Food Safety","Operations","Operations","CC-564"
"BLD-100866","BLD-100618","Deepak Cruz","Deepak Cruz","Vikram Hassan","Reem Kapoor","5","Quality Assurance & Food Safety","Operations","Operations","CC-564"
"BLD-100867","BLD-100994","Omar Sharma","Omar Sharma","Manoj Fernandes",,"4","Quality Assurance & Food Safety","Operations","Operations","CC-564"
"BLD-100868","BLD-100559","Sameer Reyes","Sameer Reyes","Krishna Cruz",,"4","Production","Operations","Operations","CC-956"
"BLD-100869","BLD-101289","Ali Kapoor","Ali Kapoor","Mohamed Rai",,"4","Procurement","Supply Chain","Supply Chain","CC-637"
"BLD-100870","BLD-101446","Khalid Sharma","Khalid Sharma","Anil Khan",,"4","Sales & Distribution","Commercial","Commercial","CC-310"
"BLD-100871","BLD-100014","Sanjay Baig","Sanjay Baig","Ravi Youssef","Ahmed Ibrahim","5","Engineering & Maintenance","Operations","Operations","CC-178"
"BLD-100872","BLD-101161","Ramesh Al-Sayed","Ramesh Al-Sayed","Ravi Youssef","Ahmed Ibrahim","5","Engineering & Maintenance","Operations","Operations","CC-178"
"BLD-100873","BLD-100895","Rina Malik","Rina Malik","Noor Sharma","Noor Al-Sayed","5","Finance","Corporate","Corporate","CC-502"
"BLD-100874","BLD-100420","Sameer Cruz","Sameer Cruz","Omar Malik","Anil Khan","5","Production","Operations","Operations","CC-956"
"BLD-100875","BLD-100701","Rowena Kapoor","Rowena Kapoor","Rina Ibrahim","Suresh Reyes","5","R&D","Operations","Operations","CC-118"
"BLD-100876","BLD-100773","Priya Mendoza","Priya Mendoza","Sanjay Devi","Noor Al-Sayed","5","Supply Chain & Logistics","Supply Chain","Supply Chain","CC-370"
"BLD-100877","BLD-100139","Rajesh Ibrahim","Rajesh Ibrahim","Sanjay Devi","Noor Al-Sayed","5","Supply Chain & Logistics","Supply Chain","Supply Chain","CC-370"
"BLD-100878","BLD-100303","Rakesh Kapoor","Rakesh Kapoor",,,"3","R&D","Operations","Operations","CC-118"
"BLD-100879","BLD-100784","Manoj Pereira","Manoj Pereira","Sameer Islam","Pooja Chowdhury","5","Corporate & Executive Office","Corporate","Corporate","CC-577"
"BLD-100880","BLD-101024","Amina Fernandes","Amina Fernandes","Salma Ibrahim","Ramesh Islam","5","IT & Digital","Corporate","Corporate","CC-289"
"BLD-100881","BLD-100895","Rina Malik","Rina Malik","Noor Sharma","Noor Al-Sayed","5","Finance","Corporate","Corporate","CC-502"
"BLD-100882","BLD-101350","Omar Abdullah","Omar Abdullah","Sunita Youssef","Mariam Khan","5","People & Culture","Corporate","Corporate","CC-310"
"BLD-100883","BLD-100222","Tariq Pereira","Tariq Pereira","Ahmed Cruz","Anil Khan","5","Farm Operations","Operations","Operations","CC-662"
"BLD-100884","BLD-100001","Yousef Al-Attiyah",,,,"2","Procurement","Supply Chain","Supply Chain","CC-637"
"BLD-100885","BLD-100509","Rina Hassan","Rina Hassan","Sanjay Abdullah","Suresh Reyes","5","Supply Chain & Logistics","Supply Chain","Supply Chain","CC-370"
"BLD-100886","BLD-100051","Rajesh Kapoor","Rajesh Kapoor","Ahmed Farouk","Rakesh Cruz","5","Quality Assurance & Food Safety","Operations","Operations","CC-564"
"BLD-100887","BLD-100137","Mohamed Al-Kuwari","Mohamed Al-Kuwari","Ramesh Islam",,"4","Production","Operations","Operations","CC-956"
"BLD-100888","BLD-100864","Khalid Baig","Khalid Baig","Ali Devi","Manoj Iqbal","5","Procurement","Supply Chain","Supply Chain","CC-637"
"BLD-100889","BLD-101364","Manoj Rai","Manoj Rai","Krishna Kapoor",,"4","Finance","Corporate","Corporate","CC-502"
"BLD-100890","BLD-100261","Yasmin Devi","Yasmin Devi","Sanjay Abdullah","Suresh Reyes","5","Supply Chain & Logistics","Supply Chain","Supply Chain","CC-370"
"BLD-100891","BLD-101297","Krishna Kapoor","Krishna Kapoor",,,"3","Finance","Corporate","Corporate","CC-502"
"BLD-100892","BLD-100509","Rina Hassan","Rina Hassan","Sanjay Abdullah","Suresh Reyes","5","Supply Chain & Logistics","Supply Chain","Supply Chain","CC-370"
"BLD-100893","BLD-101412","Hassan Pereira","Hassan Pereira","Priya Abdullah","Huda Abdullah","5","Marketing","Commercial","Commercial","CC-916"
"BLD-100894","BLD-100276","Jose Pereira","Jose Pereira","Manoj Iqbal",,"4","Procurement","Supply Chain","Supply Chain","CC-637"
"BLD-100895","BLD-100295","Noor Sharma","Noor Sharma","Noor Al-Sayed",,"4","Finance","Corporate","Corporate","CC-502"
"BLD-100896","BLD-100657","Waleed Mendoza","Waleed Mendoza","Prakash Mendoza",,"4","People & Culture","Corporate","Corporate","CC-310"
"BLD-100897","BLD-100303","Rakesh Kapoor","Rakesh Kapoor",,,"3","R&D","Operations","Operations","CC-118"
"BLD-100898","BLD-100592","Yasmin Cruz","Yasmin Cruz","Sunita Youssef","Mariam Khan","5","People & Culture","Corporate","Corporate","CC-310"
"BLD-100899","BLD-100093","Bishnu Iqbal","Bishnu Iqbal","Khalid Ibrahim","Priya Farouk","5","Supply Chain & Logistics","Supply Chain","Supply Chain","CC-370"
"BLD-100900","BLD-101280","Santosh Reyes","Santosh Reyes","Mariam Chowdhury","Sameer Abdullah","5","Finance","Corporate","Corporate","CC-502"
"BLD-100901","BLD-101180","Reem Farouk","Reem Farouk","Dalia Al-Kuwari","Krishna Kapoor","5","Finance","Corporate","Corporate","CC-502"
"BLD-100902","BLD-100763","Mohamed Rai","Mohamed Rai",,,"3","Procurement","Supply Chain","Supply Chain","CC-637"
"BLD-100903","BLD-100391","Rowena Pereira","Rowena Pereira","Rania Kapoor","Pooja Chowdhury","5","Corporate & Executive Office","Corporate","Corporate","CC-577"
"BLD-100904","BLD-100016","Rajesh Sharma","Rajesh Sharma","Rania Islam","Pooja Chowdhury","5","Corporate & Executive Office","Corporate","Corporate","CC-577"
"BLD-100905","BLD-100444","Amina Al-Kuwari","Amina Al-Kuwari","Priya Farouk",,"4","Supply Chain & Logistics","Supply Chain","Supply Chain","CC-370"
"BLD-100906","BLD-100035","Noor Mahmoud","Noor Mahmoud","Waleed Rai","Reem Kapoor","5","People & Culture","Corporate","Corporate","CC-310"
"BLD-100907","BLD-101465","Ahmed Farouk","Ahmed Farouk","Rakesh Cruz",,"4","Quality Assurance & Food Safety","Operations","Operations","CC-564"
"BLD-100908","BLD-100861","Pooja Chowdhury","Pooja Chowdhury",,,"3","Corporate & Executive Office","Corporate","Corporate","CC-577"
"BLD-100909","BLD-100363","Kavita Chowdhury","Kavita Chowdhury","Manoj Fernandes","Sameer Abdullah","5","Production","Operations","Operations","CC-956"
"BLD-100910","BLD-101212","Layla Chowdhury","Layla Chowdhury","Salma Mansour","Priya Farouk","5","R&D","Operations","Operations","CC-118"
"BLD-100911","BLD-101138","Manoj Ibrahim","Manoj Ibrahim","Faisal Santos","Kumar Islam","5","Farm Operations","Operations","Operations","CC-662"
"BLD-100912","BLD-100744","Vikram Hassan","Vikram Hassan","Reem Kapoor",,"4","Quality Assurance & Food Safety","Operations","Operations","CC-564"
"BLD-100913","BLD-101491","Bishnu Cruz","Bishnu Cruz","Hind Khan","Suresh Reyes","5","R&D","Operations","Operations","CC-118"
"BLD-100914","BLD-100790","Suresh Devi","Suresh Devi","Ahmed Ibrahim",,"4","Engineering & Maintenance","Operations","Operations","CC-178"
"BLD-100915","BLD-100804","Suresh Khan","Suresh Khan","Huda Abdullah",,"4","Sales & Distribution","Commercial","Commercial","CC-310"
"BLD-100916","BLD-100884","Manoj Iqbal","Manoj Iqbal",,,"3","Procurement","Supply Chain","Supply Chain","CC-637"
"BLD-100917","BLD-100951","Yasmin Sharma","Yasmin Sharma","Noor Al-Sayed",,"4","Sales & Distribution","Commercial","Commercial","CC-310"
"BLD-100918","BLD-100394","Hari Abdullah","Hari Abdullah","Prakash Mendoza",,"4","Production","Operations","Operations","CC-956"
"BLD-100919","BLD-100837","Ali Gurung","Ali Gurung","Priya Farouk",,"4","Supply Chain & Logistics","Supply Chain","Supply Chain","CC-370"
"BLD-100920","BLD-100073","Krishna Sharma","Krishna Sharma","Mohamed El-Sayed","Kumar Islam","5","Farm Operations","Operations","Operations","CC-662"
"BLD-100921","BLD-100709","Rakesh Youssef","Rakesh Youssef","Omar Malik","Anil Khan","5","Production","Operations","Operations","CC-956"
"BLD-100922","BLD-100380","Dalia Mendoza","Dalia Mendoza","Anil Kapoor","Huda Abdullah","5","Marketing","Commercial","Commercial","CC-916"
"BLD-100923","BLD-101297","Krishna Kapoor","Krishna Kapoor",,,"3","Finance","Corporate","Corporate","CC-502"
"BLD-100924","BLD-101074","Omar Iqbal","Omar Iqbal","Juan Santos","Mohamed Rai","5","Procurement","Supply Chain","Supply Chain","CC-637"
"BLD-100925","BLD-101231","Arjun Khan","Arjun Khan","Mohamed Rai",,"4","Procurement","Supply Chain","Supply Chain","CC-637"
"BLD-100926","BLD-101005","Rania Santos","Rania Santos","Deepak Gurung",,"4","R&D","Operations","Operations","CC-118"
"BLD-100927","BLD-100105","Rowena Islam","Rowena Islam","Arjun Al-Marri","Prakash Mendoza","5","People & Culture","Corporate","Corporate","CC-310"
"BLD-100928","BLD-101304","Nadia Youssef","Nadia Youssef","Krishna Kapoor",,"4","Finance","Corporate","Corporate","CC-502"
"BLD-100929","BLD-100494","Ravi Youssef","Ravi Youssef","Ahmed Ibrahim",,"4","Engineering & Maintenance","Operations","Operations","CC-178"
"BLD-100930","BLD-100766","Priya Farouk","Priya Farouk",,,"3","Supply Chain & Logistics","Supply Chain","Supply Chain","CC-370"
"BLD-100931","BLD-100199","Anil Khan","Anil Khan",,,"3","Farm Operations","Operations","Operations","CC-662"
"BLD-100932","BLD-100066","Prakash Ibrahim","Prakash Ibrahim","Ali Ahmed","Mariam Khan","5","Finance","Corporate","Corporate","CC-502"
"BLD-100933","BLD-100983","Aisha Mendoza","Aisha Mendoza","Prakash Kapoor","Rakesh Cruz","5","Supply Chain & Logistics","Supply Chain","Supply Chain","CC-370"
"BLD-100934","BLD-100851","Mohamed Rai","Mohamed Rai","Ramesh Kapoor","Ahmed Ibrahim","5","Engineering & Maintenance","Operations","Operations","CC-178"
"BLD-100935","BLD-100804","Suresh Khan","Suresh Khan","Huda Abdullah",,"4","Sales & Distribution","Commercial","Commercial","CC-310"
"BLD-100936","BLD-100516","Reem Islam","Reem Islam","Jose Islam","Krishna Kapoor","5","Finance","Corporate","Corporate","CC-502"
"BLD-100937","BLD-101252","Ramesh Sharma","Ramesh Sharma","Manoj Fernandes",,"4","Marketing","Commercial","Commercial","CC-916"
"BLD-100938","BLD-100227","Bishnu Al-Marri","Bishnu Al-Marri","Khalid Sharma","Anil Khan","5","Sales & Distribution","Commercial","Commercial","CC-310"
"BLD-100939","BLD-100356","Ramesh El-Sayed","Ramesh El-Sayed","Hari Chowdhury","Ramesh Islam","5","Sales & Distribution","Commercial","Commercial","CC-310"
"BLD-100940","BLD-100250","Rajesh Reyes","Rajesh Reyes","Krishna Kapoor",,"4","Finance","Corporate","Corporate","CC-502"
"BLD-100941","BLD-100236","Suresh El-Sayed","Suresh El-Sayed","Reem El-Sayed","Noor Al-Sayed","5","Finance","Corporate","Corporate","CC-502"
"BLD-100942","BLD-100902","Noor Islam","Noor Islam","Mohamed Rai",,"4","Procurement","Supply Chain","Supply Chain","CC-637"
"BLD-100943","BLD-100072","Jose Reyes","Jose Reyes","Sanjay Devi","Noor Al-Sayed","5","Supply Chain & Logistics","Supply Chain","Supply Chain","CC-370"
"BLD-100944","BLD-100931","Bikram Hassan","Bikram Hassan","Anil Khan",,"4","Farm Operations","Operations","Operations","CC-662"
"BLD-100945","BLD-100127","Ravi Iqbal","Ravi Iqbal","Sanjay Cruz","Pooja Chowdhury","5","Production","Operations","Operations","CC-956"
"BLD-100946","BLD-101219","Santosh Mansour","Santosh Mansour","Manoj Iqbal",,"4","Procurement","Supply Chain","Supply Chain","CC-637"
"BLD-100947","BLD-100347","Ahmed Santos","Ahmed Santos","Noor Al-Sayed",,"4","People & Culture","Corporate","Corporate","CC-310"
"BLD-100948","BLD-100483","Ahmed Khan","Ahmed Khan","Hari Abdullah","Prakash Mendoza","5","Production","Operations","Operations","CC-956"
"BLD-100949","BLD-101270","Shobha Thapa","Shobha Thapa","Rakesh Cruz",,"4","Finance","Corporate","Corporate","CC-502"
"BLD-100950","BLD-101163","Ali Santos","Ali Santos","Vikram Hassan","Reem Kapoor","5","Quality Assurance & Food Safety","Operations","Operations","CC-564"
"BLD-100951","BLD-101292","Noor Al-Sayed","Noor Al-Sayed",,,"3","Sales & Distribution","Commercial","Commercial","CC-310"
"BLD-100952","BLD-100957","Mohamed Mansour","Mohamed Mansour","Prakash Kapoor","Rakesh Cruz","5","Supply Chain & Logistics","Supply Chain","Supply Chain","CC-370"
"BLD-100953","BLD-101115","Krishna Youssef","Krishna Youssef","Sanjay Devi","Noor Al-Sayed","5","Supply Chain & Logistics","Supply Chain","Supply Chain","CC-370"
"BLD-100954","BLD-100083","Ali Al-Kuwari","Ali Al-Kuwari","Arjun Hassan","Mohamed Rai","5","Procurement","Supply Chain","Supply Chain","CC-637"
"BLD-100955","BLD-101212","Layla Chowdhury","Layla Chowdhury","Salma Mansour","Priya Farouk","5","R&D","Operations","Operations","CC-118"
"BLD-100956","BLD-100508","Sameer Rai","Sameer Rai","Ravi Farouk","Sameer Abdullah","5","Production","Operations","Operations","CC-956"
"BLD-100957","BLD-101241","Prakash Kapoor","Prakash Kapoor","Rakesh Cruz",,"4","Supply Chain & Logistics","Supply Chain","Supply Chain","CC-370"
"BLD-100958","BLD-100505","Rajesh Malik","Rajesh Malik","Rakesh Kapoor",,"4","Marketing","Commercial","Commercial","CC-916"
"BLD-100959","BLD-101104","Juan Gurung","Juan Gurung","Juan Malik","Mariam Khan","5","People & Culture","Corporate","Corporate","CC-310"
"BLD-100960","BLD-100582","Santosh Islam","Santosh Islam","Tariq Pereira","Pooja Chowdhury","5","Corporate & Executive Office","Corporate","Corporate","CC-577"
"BLD-100961","BLD-100724","Mohamed El-Sayed","Mohamed El-Sayed","Kumar Islam",,"4","Farm Operations","Operations","Operations","CC-662"
"BLD-100962","BLD-100134","Arjun Mendoza","Arjun Mendoza","Manoj Abdullah","Deepak Gurung","5","IT & Digital","Corporate","Corporate","CC-289"
"BLD-100963","BLD-101328","Ali Ahmed","Ali Ahmed","Mariam Khan",,"4","Finance","Corporate","Corporate","CC-502"
"BLD-100964","BLD-100495","Krishna Youssef","Krishna Youssef","Vikram Hassan","Reem Kapoor","5","Quality Assurance & Food Safety","Operations","Operations","CC-564"
"BLD-100965","BLD-100756","Bishnu Reyes","Bishnu Reyes","Anil Gurung","Anil Khan","5","Quality Assurance & Food Safety","Operations","Operations","CC-564"
"BLD-100966","BLD-100329","Santosh Cruz","Santosh Cruz","Mohamed Al-Kuwari","Ramesh Islam","5","Production","Operations","Operations","CC-956"
"BLD-100967","BLD-100072","Jose Reyes","Jose Reyes","Sanjay Devi","Noor Al-Sayed","5","Supply Chain & Logistics","Supply Chain","Supply Chain","CC-370"
"BLD-100968","BLD-100993","Faisal Chowdhury","Faisal Chowdhury","Krishna Cruz",,"4","Production","Operations","Operations","CC-956"
"BLD-100969","BLD-100961","Ravi Ahmed","Ravi Ahmed","Mohamed El-Sayed","Kumar Islam","5","Farm Operations","Operations","Operations","CC-662"
"BLD-100970","BLD-100704","Waleed Gurung","Waleed Gurung","Vikram Pereira","Kumar Islam","5","Production","Operations","Operations","CC-956"
"BLD-100971","BLD-100370","Ravi Islam","Ravi Islam","Noor Sharma","Noor Al-Sayed","5","Finance","Corporate","Corporate","CC-502"
"BLD-100972","BLD-101065","Mohamed Al-Sayed","Mohamed Al-Sayed","Arjun Cruz","Krishna Kapoor","5","Finance","Corporate","Corporate","CC-502"
"BLD-100973","BLD-100557","Hari Cruz","Hari Cruz","Ahmed El-Sayed","Anil Khan","5","Farm Operations","Operations","Operations","CC-662"
"BLD-100974","BLD-101025","Santosh Fernandes","Santosh Fernandes","Vikram Abdullah","Sameer Abdullah","5","Finance","Corporate","Corporate","CC-502"
"BLD-100975","BLD-101339","Rania Baig","Rania Baig","Juan Malik","Mariam Khan","5","People & Culture","Corporate","Corporate","CC-310"
"BLD-100976","BLD-101128","Rakesh Cruz","Rakesh Cruz",,,"3","Finance","Corporate","Corporate","CC-502"
"BLD-100977","BLD-100283","Krishna Islam","Krishna Islam","Tariq El-Sayed","Ahmed Ibrahim","5","Quality Assurance & Food Safety","Operations","Operations","CC-564"
"BLD-100978","BLD-100709","Rakesh Youssef","Rakesh Youssef","Omar Malik","Anil Khan","5","Production","Operations","Operations","CC-956"
"BLD-100979","BLD-100331","Ahmed Cruz","Ahmed Cruz","Anil Khan",,"4","Farm Operations","Operations","Operations","CC-662"
"BLD-100980","BLD-101178","Hari Al-Marri","Hari Al-Marri","Pooja Chowdhury",,"4","Corporate & Executive Office","Corporate","Corporate","CC-577"
"BLD-100981","BLD-101509","Suresh Reyes","Suresh Reyes",,,"3","Sales & Distribution","Commercial","Commercial","CC-310"
"BLD-100982","BLD-101241","Prakash Kapoor","Prakash Kapoor","Rakesh Cruz",,"4","Supply Chain & Logistics","Supply Chain","Supply Chain","CC-370"
"BLD-100983","BLD-101241","Prakash Kapoor","Prakash Kapoor","Rakesh Cruz",,"4","Supply Chain & Logistics","Supply Chain","Supply Chain","CC-370"
"BLD-100984","BLD-101412","Hassan Pereira","Hassan Pereira","Priya Abdullah","Huda Abdullah","5","Marketing","Commercial","Commercial","CC-916"
"BLD-100985","BLD-100385","Manoj Pereira","Manoj Pereira","Waleed Mendoza","Prakash Mendoza","5","People & Culture","Corporate","Corporate","CC-310"
"BLD-100986","BLD-101390","Omar Chowdhury","Omar Chowdhury","Suresh Hassan","Deepak Gurung","5","Sales & Distribution","Commercial","Commercial","CC-310"
"BLD-100987","BLD-100584","Prakash Farouk","Prakash Farouk","Ramesh Kapoor","Ahmed Ibrahim","5","Engineering & Maintenance","Operations","Operations","CC-178"
"BLD-100988","BLD-101382","Rania Iqbal","Rania Iqbal","Ahmed Al-Sayed","Deepak Gurung","5","IT & Digital","Corporate","Corporate","CC-289"
"BLD-100989","BLD-100406","Tariq Pereira","Tariq Pereira","Pooja Chowdhury",,"4","Corporate & Executive Office","Corporate","Corporate","CC-577"
"BLD-100990","BLD-100158","Manoj Farouk","Manoj Farouk","Ravi Youssef","Ahmed Ibrahim","5","Engineering & Maintenance","Operations","Operations","CC-178"
"BLD-100991","BLD-101338","Hassan El-Sayed","Hassan El-Sayed","Sameer Iqbal","Mariam Khan","5","People & Culture","Corporate","Corporate","CC-310"
"BLD-100992","BLD-100154","Bishnu Mendoza","Bishnu Mendoza","Pooja Chowdhury",,"4","Corporate & Executive Office","Corporate","Corporate","CC-577"
"BLD-100993","BLD-100109","Krishna Cruz","Krishna Cruz",,,"3","Production","Operations","Operations","CC-956"
"BLD-100994","BLD-100375","Manoj Fernandes","Manoj Fernandes",,,"3","Quality Assurance & Food Safety","Operations","Operations","CC-564"
"BLD-100995","BLD-101302","Khalid Santos","Khalid Santos","Ravi Khan","Suresh Reyes","5","Supply Chain & Logistics","Supply Chain","Supply Chain","CC-370"
"BLD-100996","BLD-101124","Nadia Iqbal","Nadia Iqbal","Rajesh Malik","Rakesh Kapoor","5","Marketing","Commercial","Commercial","CC-916"
"BLD-100997","BLD-100018","Ramesh Gurung","Ramesh Gurung","Ramesh Kapoor","Ahmed Ibrahim","5","Engineering & Maintenance","Operations","Operations","CC-178"
"BLD-100998","BLD-100513","Hari Al-Marri","Hari Al-Marri","Ali Baig","Ramesh Islam","5","IT & Digital","Corporate","Corporate","CC-289"
"BLD-100999","BLD-100447","Pooja Mansour","Pooja Mansour","Aisha Malik","Rakesh Cruz","5","Quality Assurance & Food Safety","Operations","Operations","CC-564"
"BLD-101000","BLD-100009","Juan Al-Sayed","Juan Al-Sayed","Deepak Gurung",,"4","IT & Digital","Corporate","Corporate","CC-289"
"BLD-101001","BLD-100036","Waleed Gurung","Waleed Gurung",,,"3","Production","Operations","Operations","CC-956"
"BLD-101002","BLD-101012","Sameer Islam","Sameer Islam","Pooja Chowdhury",,"4","Corporate & Executive Office","Corporate","Corporate","CC-577"
"BLD-101003","BLD-100051","Rajesh Kapoor","Rajesh Kapoor","Ahmed Farouk","Rakesh Cruz","5","Quality Assurance & Food Safety","Operations","Operations","CC-564"
"BLD-101004","BLD-101164","Mona Thapa","Mona Thapa","Khalid Thapa","Reem Kapoor","5","People & Culture","Corporate","Corporate","CC-310"
"BLD-101005","BLD-101147","Deepak Gurung","Deepak Gurung",,,"3","R&D","Operations","Operations","CC-118"
"BLD-101006","BLD-100753","Anil Islam","Anil Islam","Sanjay Devi","Noor Al-Sayed","5","Supply Chain & Logistics","Supply Chain","Supply Chain","CC-370"
"BLD-101007","BLD-100207","Rina Rai","Rina Rai","Deepak Mahmoud","Pooja Chowdhury","5","Corporate & Executive Office","Corporate","Corporate","CC-577"
"BLD-101008","BLD-100499","Kumar Iqbal","Kumar Iqbal","Anil Khan",,"4","R&D","Operations","Operations","CC-118"
"BLD-101009","BLD-100303","Rakesh Kapoor","Rakesh Kapoor",,,"3","R&D","Operations","Operations","CC-118"
"BLD-101010","BLD-100928","Dina Chowdhury","Dina Chowdhury","Nadia Youssef","Krishna Kapoor","5","Finance","Corporate","Corporate","CC-502"
"BLD-101011","BLD-101243","Waleed Chowdhury","Waleed Chowdhury","Santosh Fernandes","Deepak Gurung","5","IT & Digital","Corporate","Corporate","CC-289"
"BLD-101012","BLD-100861","Pooja Chowdhury","Pooja Chowdhury",,,"3","Corporate & Executive Office","Corporate","Corporate","CC-577"
"BLD-101013","BLD-101307","Mariam Khan","Mariam Khan",,,"3","People & Culture","Corporate","Corporate","CC-310"
"BLD-101014","BLD-101199","Ramesh Islam","Ramesh Islam",,,"3","IT & Digital","Corporate","Corporate","CC-289"
"BLD-101015","BLD-100735","Juan Al-Marri","Juan Al-Marri","Tariq El-Sayed","Ahmed Ibrahim","5","Quality Assurance & Food Safety","Operations","Operations","CC-564"
"BLD-101016","BLD-100044","Prakash Islam","Prakash Islam","Fatima Malik","Noor Al-Sayed","5","People & Culture","Corporate","Corporate","CC-310"
"BLD-101017","BLD-101374","Layla Ahmed","Layla Ahmed","Rakesh Cruz","Suresh Reyes","5","Supply Chain & Logistics","Supply Chain","Supply Chain","CC-370"
"BLD-101018","BLD-100861","Pooja Chowdhury","Pooja Chowdhury",,,"3","Corporate & Executive Office","Corporate","Corporate","CC-577"
"BLD-101019","BLD-100870","Kumar Thapa","Kumar Thapa","Khalid Sharma","Anil Khan","5","Sales & Distribution","Commercial","Commercial","CC-310"
"BLD-101020","BLD-100527","Arjun Kapoor","Arjun Kapoor","Ali Ibrahim","Prakash Mendoza","5","Production","Operations","Operations","CC-956"
"BLD-101021","BLD-100171","Huda Abdullah","Huda Abdullah",,,"3","Marketing","Commercial","Commercial","CC-916"
"BLD-101022","BLD-100447","Pooja Mansour","Pooja Mansour","Aisha Malik","Rakesh Cruz","5","Quality Assurance & Food Safety","Operations","Operations","CC-564"
"BLD-101023","BLD-100905","Sanjay El-Sayed","Sanjay El-Sayed","Amina Al-Kuwari","Priya Farouk","5","Supply Chain & Logistics","Supply Chain","Supply Chain","CC-370"
"BLD-101024","BLD-100663","Salma Ibrahim","Salma Ibrahim","Ramesh Islam",,"4","IT & Digital","Corporate","Corporate","CC-289"
"BLD-101025","BLD-100256","Vikram Abdullah","Vikram Abdullah","Sameer Abdullah",,"4","Finance","Corporate","Corporate","CC-502"
"BLD-101026","BLD-100290","Bishnu Khan","Bishnu Khan","Ravi Al-Sayed","Ahmed Ibrahim","5","R&D","Operations","Operations","CC-118"
"BLD-101027","BLD-100820","Manoj Abdullah","Manoj Abdullah","Mariam Chowdhury","Sameer Abdullah","5","Finance","Corporate","Corporate","CC-502"
"BLD-101028","BLD-100746","Yasmin Youssef","Yasmin Youssef","Reem Kapoor",,"4","People & Culture","Corporate","Corporate","CC-310"
"BLD-101029","BLD-101412","Hassan Pereira","Hassan Pereira","Priya Abdullah","Huda Abdullah","5","Marketing","Commercial","Commercial","CC-916"
"BLD-101030","BLD-100171","Huda Abdullah","Huda Abdullah",,,"3","R&D","Operations","Operations","CC-118"
"BLD-101031","BLD-100917","Tariq Iqbal","Tariq Iqbal","Yasmin Sharma","Noor Al-Sayed","5","Sales & Distribution","Commercial","Commercial","CC-310"
"BLD-101032","BLD-100473","Bishnu Al-Marri","Bishnu Al-Marri","Sanjay Abdullah","Suresh Reyes","5","Supply Chain & Logistics","Supply Chain","Supply Chain","CC-370"
"BLD-101033","BLD-100776","Dina Reyes","Dina Reyes","Prakash Mendoza",,"4","People & Culture","Corporate","Corporate","CC-310"
"BLD-101034","BLD-101265","Suresh Hassan","Suresh Hassan","Deepak Gurung",,"4","Sales & Distribution","Commercial","Commercial","CC-310"
"BLD-101035","BLD-100269","Faisal Ibrahim","Faisal Ibrahim","Mohamed Baig","Krishna Cruz","5","Production","Operations","Operations","CC-956"
"BLD-101036","BLD-100192","Nadia Al-Marri","Nadia Al-Marri","Ravi Malik","Krishna Kapoor","5","Finance","Corporate","Corporate","CC-502"
"BLD-101037","BLD-100637","Noor Baig","Noor Baig","Dina Reyes","Prakash Mendoza","5","People & Culture","Corporate","Corporate","CC-310"
"BLD-101038","BLD-100175","Sanjay Kapoor","Sanjay Kapoor","Bikram Hassan","Anil Khan","5","Farm Operations","Operations","Operations","CC-662"
"BLD-101039","BLD-101018","Priya Farouk","Priya Farouk","Pooja Chowdhury",,"4","Corporate & Executive Office","Corporate","Corporate","CC-577"
"BLD-101040","BLD-100583","Kumar El-Sayed","Kumar El-Sayed","Waleed Gurung",,"4","Sales & Distribution","Commercial","Commercial","CC-310"
"BLD-101041","BLD-101013","Juan Malik","Juan Malik","Mariam Khan",,"4","People & Culture","Corporate","Corporate","CC-310"
"BLD-101042","BLD-100055","Anil Fernandes","Anil Fernandes","Anil Khan",,"4","Farm Operations","Operations","Operations","CC-662"
"BLD-101043","BLD-101074","Omar Iqbal","Omar Iqbal","Juan Santos","Mohamed Rai","5","Procurement","Supply Chain","Supply Chain","CC-637"
"BLD-101044","BLD-100083","Ali Al-Kuwari","Ali Al-Kuwari","Arjun Hassan","Mohamed Rai","5","Procurement","Supply Chain","Supply Chain","CC-637"
"BLD-101045","BLD-100763","Mohamed Rai","Mohamed Rai",,,"3","Procurement","Supply Chain","Supply Chain","CC-637"
"BLD-101046","BLD-100942","Sanjay Fernandes","Sanjay Fernandes","Noor Islam","Mohamed Rai","5","Procurement","Supply Chain","Supply Chain","CC-637"
"BLD-101047","BLD-100358","Sara Sharma","Sara Sharma","Jose Islam","Krishna Kapoor","5","Finance","Corporate","Corporate","CC-502"
"BLD-101048","BLD-100271","Rajesh Baig","Rajesh Baig","Mariam Khan",,"4","People & Culture","Corporate","Corporate","CC-310"
"BLD-101049","BLD-101400","Omar Thapa","Omar Thapa","Anita Fernandes","Deepak Gurung","5","IT & Digital","Corporate","Corporate","CC-289"
"BLD-101050","BLD-100499","Kumar Iqbal","Kumar Iqbal","Anil Khan",,"4","R&D","Operations","Operations","CC-118"
"BLD-101051","BLD-100340","Rakesh Fernandes","Rakesh Fernandes","Sameer Reyes","Manoj Iqbal","5","Procurement","Supply Chain","Supply Chain","CC-637"
"BLD-101052","BLD-100100","Tariq Islam","Tariq Islam","Waleed Gurung",,"4","Sales & Distribution","Commercial","Commercial","CC-310"
"BLD-101053","BLD-100171","Huda Abdullah","Huda Abdullah",,,"3","Marketing","Commercial","Commercial","CC-916"
"BLD-101054","BLD-100093","Bishnu Iqbal","Bishnu Iqbal","Khalid Ibrahim","Priya Farouk","5","Supply Chain & Logistics","Supply Chain","Supply Chain","CC-370"
"BLD-101055","BLD-100327","Arjun Santos","Arjun Santos","Sameer Sharma","Kumar Islam","5","R&D","Operations","Operations","CC-118"
"BLD-101056","BLD-100735","Juan Al-Marri","Juan Al-Marri","Tariq El-Sayed","Ahmed Ibrahim","5","Quality Assurance & Food Safety","Operations","Operations","CC-564"
"BLD-101057","BLD-101128","Rakesh Cruz","Rakesh Cruz",,,"3","Quality Assurance & Food Safety","Operations","Operations","CC-564"
"BLD-101058","BLD-100551","Prakash Reyes","Prakash Reyes","Sanjay Rai","Priya Farouk","5","Supply Chain & Logistics","Supply Chain","Supply Chain","CC-370"
"BLD-101059","BLD-100729","Manoj Fernandes","Manoj Fernandes","Prakash Kapoor","Rakesh Cruz","5","Supply Chain & Logistics","Supply Chain","Supply Chain","CC-370"
"BLD-101060","BLD-100979","Sanjay Ibrahim","Sanjay Ibrahim","Ahmed Cruz","Anil Khan","5","Farm Operations","Operations","Operations","CC-662"
"BLD-101061","BLD-100327","Arjun Santos","Arjun Santos","Sameer Sharma","Kumar Islam","5","R&D","Operations","Operations","CC-118"
"BLD-101062","BLD-100490","Sameer Sharma","Sameer Sharma","Kumar Islam",,"4","R&D","Operations","Operations","CC-118"
"BLD-101063","BLD-101270","Shobha Thapa","Shobha Thapa","Rakesh Cruz",,"4","Finance","Corporate","Corporate","CC-502"
"BLD-101064","BLD-100981","Hassan Baig","Hassan Baig","Suresh Reyes",,"4","Sales & Distribution","Commercial","Commercial","CC-310"
"BLD-101065","BLD-100600","Arjun Cruz","Arjun Cruz","Krishna Kapoor",,"4","Finance","Corporate","Corporate","CC-502"
"BLD-101066","BLD-100994","Omar Sharma","Omar Sharma","Manoj Fernandes",,"4","Quality Assurance & Food Safety","Operations","Operations","CC-564"
"BLD-101067","BLD-100545","Ravi Santos","Ravi Santos","Reem Kapoor",,"4","People & Culture","Corporate","Corporate","CC-310"
"BLD-101068","BLD-101350","Omar Abdullah","Omar Abdullah","Sunita Youssef","Mariam Khan","5","People & Culture","Corporate","Corporate","CC-310"
"BLD-101069","BLD-100613","Hassan Pereira","Hassan Pereira","Sameer Abdullah",,"4","Production","Operations","Operations","CC-956"
"BLD-101070","BLD-100824","Kumar Islam","Kumar Islam",,,"3","Production","Operations","Operations","CC-956"
"BLD-101071","BLD-101040","Prakash Pereira","Prakash Pereira","Kumar El-Sayed","Waleed Gurung","5","Sales & Distribution","Commercial","Commercial","CC-310"
"BLD-101072","BLD-100646","Mona Khan","Mona Khan","Arjun Malik","Ramesh Islam","5","IT & Digital","Corporate","Corporate","CC-289"
"BLD-101073","BLD-100161","Tariq Kapoor","Tariq Kapoor","Rakesh Kapoor",,"4","Marketing","Commercial","Commercial","CC-916"
"BLD-101074","BLD-100626","Juan Santos","Juan Santos","Mohamed Rai",,"4","Procurement","Supply Chain","Supply Chain","CC-637"
"BLD-101075","BLD-100729","Manoj Fernandes","Manoj Fernandes","Prakash Kapoor","Rakesh Cruz","5","Supply Chain & Logistics","Supply Chain","Supply Chain","CC-370"
"BLD-101076","BLD-100947","Manoj Fernandes","Manoj Fernandes","Ahmed Santos","Noor Al-Sayed","5","People & Culture","Corporate","Corporate","CC-310"
"BLD-101077","BLD-100637","Noor Baig","Noor Baig","Dina Reyes","Prakash Mendoza","5","People & Culture","Corporate","Corporate","CC-310"
"BLD-101078","BLD-101122","Waleed Cruz","Waleed Cruz","Ravi Al-Sayed","Ahmed Ibrahim","5","R&D","Operations","Operations","CC-118"
"BLD-101079","BLD-101369","Anil Gurung","Anil Gurung","Anil Khan",,"4","Quality Assurance & Food Safety","Operations","Operations","CC-564"
"BLD-101080","BLD-100905","Sanjay El-Sayed","Sanjay El-Sayed","Amina Al-Kuwari","Priya Farouk","5","Supply Chain & Logistics","Supply Chain","Supply Chain","CC-370"
"BLD-101081","BLD-100155","Sameer Abdullah","Sameer Abdullah",,,"3","Production","Operations","Operations","CC-956"
"BLD-101082","BLD-101034","Manoj Baig","Manoj Baig","Suresh Hassan","Deepak Gurung","5","Sales & Distribution","Commercial","Commercial","CC-310"
"BLD-101083","BLD-101123","Sameer Gurung","Sameer Gurung","Aisha Malik","Rakesh Cruz","5","Quality Assurance & Food Safety","Operations","Operations","CC-564"
"BLD-101084","BLD-100109","Krishna Cruz","Krishna Cruz",,,"3","Production","Operations","Operations","CC-956"
"BLD-101085","BLD-101018","Priya Farouk","Priya Farouk","Pooja Chowdhury",,"4","Corporate & Executive Office","Corporate","Corporate","CC-577"
"BLD-101086","BLD-100338","Sanjay Devi","Sanjay Devi","Noor Al-Sayed",,"4","Supply Chain & Logistics","Supply Chain","Supply Chain","CC-370"
"BLD-101087","BLD-100842","Anita Fernandes","Anita Fernandes","Deepak Gurung",,"4","IT & Digital","Corporate","Corporate","CC-289"
"BLD-101088","BLD-100551","Prakash Reyes","Prakash Reyes","Sanjay Rai","Priya Farouk","5","Supply Chain & Logistics","Supply Chain","Supply Chain","CC-370"
"BLD-101089","BLD-100227","Bishnu Al-Marri","Bishnu Al-Marri","Khalid Sharma","Anil Khan","5","Sales & Distribution","Commercial","Commercial","CC-310"
"BLD-101090","BLD-100935","Reem Youssef","Reem Youssef","Suresh Khan","Huda Abdullah","5","Sales & Distribution","Commercial","Commercial","CC-310"
"BLD-101091","BLD-100291","Waleed Hassan","Waleed Hassan","Sameer Reyes","Krishna Cruz","5","Production","Operations","Operations","CC-956"
"BLD-101092","BLD-100930","Sanjay Rai","Sanjay Rai","Priya Farouk",,"4","Supply Chain & Logistics","Supply Chain","Supply Chain","CC-370"
"BLD-101093","BLD-100001","Yousef Al-Attiyah",,,,"2","People & Culture","Corporate","Corporate","CC-310"
"BLD-101094","BLD-100455","Faisal Santos","Faisal Santos","Kumar Islam",,"4","Farm Operations","Operations","Operations","CC-662"
"BLD-101095","BLD-100627","Rakesh Youssef","Rakesh Youssef","Hari Abdullah","Prakash Mendoza","5","Production","Operations","Operations","CC-956"
"BLD-101096","BLD-101482","Reem Ibrahim","Reem Ibrahim","Mona Sharma","Rakesh Kapoor","5","Marketing","Commercial","Commercial","CC-916"
"BLD-101097","BLD-100628","Rowena Ibrahim","Rowena Ibrahim","Ali Baig","Ramesh Islam","5","IT & Digital","Corporate","Corporate","CC-289"
"BLD-101098","BLD-101073","Maria Khan","Maria Khan","Tariq Kapoor","Rakesh Kapoor","5","Marketing","Commercial","Commercial","CC-916"
"BLD-101099","BLD-100551","Prakash Reyes","Prakash Reyes","Sanjay Rai","Priya Farouk","5","Supply Chain & Logistics","Supply Chain","Supply Chain","CC-370"
"BLD-101100","BLD-100257","Rajesh Abdullah","Rajesh Abdullah","Kumar El-Sayed","Waleed Gurung","5","Sales & Distribution","Commercial","Commercial","CC-310"
"BLD-101101","BLD-100637","Noor Baig","Noor Baig","Dina Reyes","Prakash Mendoza","5","People & Culture","Corporate","Corporate","CC-310"
"BLD-101102","BLD-100093","Bishnu Iqbal","Bishnu Iqbal","Khalid Ibrahim","Priya Farouk","5","Supply Chain & Logistics","Supply Chain","Supply Chain","CC-370"
"BLD-101103","BLD-100335","Ali Islam","Ali Islam","Manoj Abdullah","Deepak Gurung","5","IT & Digital","Corporate","Corporate","CC-289"
"BLD-101104","BLD-101013","Juan Malik","Juan Malik","Mariam Khan",,"4","People & Culture","Corporate","Corporate","CC-310"
"BLD-101105","BLD-101292","Noor Al-Sayed","Noor Al-Sayed",,,"3","People & Culture","Corporate","Corporate","CC-310"
"BLD-101106","BLD-101065","Mohamed Al-Sayed","Mohamed Al-Sayed","Arjun Cruz","Krishna Kapoor","5","Finance","Corporate","Corporate","CC-502"
"BLD-101107","BLD-101403","Ahmed Santos","Ahmed Santos","Manoj Abdullah","Deepak Gurung","5","IT & Digital","Corporate","Corporate","CC-289"
"BLD-101108","BLD-100331","Ahmed Cruz","Ahmed Cruz","Anil Khan",,"4","Farm Operations","Operations","Operations","CC-662"
"BLD-101109","BLD-101231","Arjun Khan","Arjun Khan","Mohamed Rai",,"4","Procurement","Supply Chain","Supply Chain","CC-637"
"BLD-101110","BLD-100206","Rakesh Sharma","Rakesh Sharma","Bishnu Mendoza","Pooja Chowdhury","5","Corporate & Executive Office","Corporate","Corporate","CC-577"
"BLD-101111","BLD-101108","Mohamed Kapoor","Mohamed Kapoor","Ahmed Cruz","Anil Khan","5","Farm Operations","Operations","Operations","CC-662"
"BLD-101112","BLD-101265","Suresh Hassan","Suresh Hassan","Deepak Gurung",,"4","Sales & Distribution","Commercial","Commercial","CC-310"
"BLD-101113","BLD-101337","Sameer Hassan","Sameer Hassan","Manoj Al-Kuwari","Huda Abdullah","5","Quality Assurance & Food Safety","Operations","Operations","CC-564"
"BLD-101114","BLD-100925","Mohamed Chowdhury","Mohamed Chowdhury","Arjun Khan","Mohamed Rai","5","Procurement","Supply Chain","Supply Chain","CC-637"
"BLD-101115","BLD-100338","Sanjay Devi","Sanjay Devi","Noor Al-Sayed",,"4","Supply Chain & Logistics","Supply Chain","Supply Chain","CC-370"
"BLD-101116","BLD-101122","Waleed Cruz","Waleed Cruz","Ravi Al-Sayed","Ahmed Ibrahim","5","R&D","Operations","Operations","CC-118"
"BLD-101117","BLD-101399","Anil Al-Kuwari","Anil Al-Kuwari","Hassan Baig","Suresh Reyes","5","Sales & Distribution","Commercial","Commercial","CC-310"
"BLD-101118","BLD-100779","Bikram Al-Kuwari","Bikram Al-Kuwari","Noor Islam","Mohamed Rai","5","Procurement","Supply Chain","Supply Chain","CC-637"
"BLD-101119","BLD-100397","Ahmed Rai","Ahmed Rai","Sunita Baig","Manoj Iqbal","5","Procurement","Supply Chain","Supply Chain","CC-637"
"BLD-101120","BLD-100013","Aisha Iqbal","Aisha Iqbal","Anil Kapoor","Huda Abdullah","5","Marketing","Commercial","Commercial","CC-916"
"BLD-101121","BLD-101066","Kumar Mansour","Kumar Mansour","Omar Sharma","Manoj Fernandes","5","Quality Assurance & Food Safety","Operations","Operations","CC-564"
"BLD-101122","BLD-100268","Ravi Al-Sayed","Ravi Al-Sayed","Ahmed Ibrahim",,"4","R&D","Operations","Operations","CC-118"
"BLD-101123","BLD-101220","Aisha Malik","Aisha Malik","Rakesh Cruz",,"4","Quality Assurance & Food Safety","Operations","Operations","CC-564"
"BLD-101124","BLD-100505","Rajesh Malik","Rajesh Malik","Rakesh Kapoor",,"4","Marketing","Commercial","Commercial","CC-916"
"BLD-101125","BLD-100715","Jose Fernandes","Jose Fernandes","Manoj Iqbal",,"4","Procurement","Supply Chain","Supply Chain","CC-637"
"BLD-101126","BLD-100171","Huda Abdullah","Huda Abdullah",,,"3","Marketing","Commercial","Commercial","CC-916"
"BLD-101127","BLD-101063","Grace Reyes","Grace Reyes","Shobha Thapa","Rakesh Cruz","5","Finance","Corporate","Corporate","CC-502"
"BLD-101128","BLD-100001","Yousef Al-Attiyah",,,,"2","Quality Assurance & Food Safety","Operations","Operations","CC-564"
"BLD-101129","BLD-100583","Kumar El-Sayed","Kumar El-Sayed","Waleed Gurung",,"4","Sales & Distribution","Commercial","Commercial","CC-310"
"BLD-101130","BLD-101507","Khalid Al-Marri","Khalid Al-Marri","Rajesh Fernandes","Rakesh Cruz","5","Quality Assurance & Food Safety","Operations","Operations","CC-564"
"BLD-101131","BLD-101063","Grace Reyes","Grace Reyes","Shobha Thapa","Rakesh Cruz","5","Finance","Corporate","Corporate","CC-502"
"BLD-101132","BLD-100557","Hari Cruz","Hari Cruz","Ahmed El-Sayed","Anil Khan","5","Farm Operations","Operations","Operations","CC-662"
"BLD-101133","BLD-100036","Waleed Gurung","Waleed Gurung",,,"3","Finance","Corporate","Corporate","CC-502"
"BLD-101134","BLD-100637","Noor Baig","Noor Baig","Dina Reyes","Prakash Mendoza","5","People & Culture","Corporate","Corporate","CC-310"
"BLD-101135","BLD-101494","Manoj Santos","Manoj Santos","Maria Farouk","Manoj Fernandes","5","R&D","Operations","Operations","CC-118"
"BLD-101136","BLD-100861","Pooja Chowdhury","Pooja Chowdhury",,,"3","Corporate & Executive Office","Corporate","Corporate","CC-577"
"BLD-101137","BLD-100363","Kavita Chowdhury","Kavita Chowdhury","Manoj Fernandes","Sameer Abdullah","5","Production","Operations","Operations","CC-956"
"BLD-101138","BLD-100455","Faisal Santos","Faisal Santos","Kumar Islam",,"4","Farm Operations","Operations","Operations","CC-662"
"BLD-101139","BLD-101067","Sanjay Kapoor","Sanjay Kapoor","Ravi Santos","Reem Kapoor","5","People & Culture","Corporate","Corporate","CC-310"
"BLD-101140","BLD-100134","Arjun Mendoza","Arjun Mendoza","Manoj Abdullah","Deepak Gurung","5","IT & Digital","Corporate","Corporate","CC-289"
"BLD-101141","BLD-101448","Nadia Youssef","Nadia Youssef","Rakesh Cruz",,"4","Quality Assurance & Food Safety","Operations","Operations","CC-564"
"BLD-101142","BLD-100894","Yasmin Iqbal","Yasmin Iqbal","Jose Pereira","Manoj Iqbal","5","Procurement","Supply Chain","Supply Chain","CC-637"
"BLD-101143","BLD-100861","Pooja Chowdhury","Pooja Chowdhury",,,"3","Corporate & Executive Office","Corporate","Corporate","CC-577"
"BLD-101144","BLD-100797","Rajesh Farouk","Rajesh Farouk","Ahmed Baig","Ahmed Ibrahim","5","Quality Assurance & Food Safety","Operations","Operations","CC-564"
"BLD-101145","BLD-100692","Ahmed Kapoor","Ahmed Kapoor","Sameer Ibrahim","Manoj Fernandes","5","Marketing","Commercial","Commercial","CC-916"
"BLD-101146","BLD-100215","Vikram Abdullah","Vikram Abdullah","Ravi Youssef","Ahmed Ibrahim","5","Engineering & Maintenance","Operations","Operations","CC-178"
"BLD-101147","BLD-100001","Yousef Al-Attiyah",,,,"2","IT & Digital","Corporate","Corporate","CC-289"
"BLD-101148","BLD-101143","Noor Abdullah","Noor Abdullah","Pooja Chowdhury",,"4","Corporate & Executive Office","Corporate","Corporate","CC-577"
"BLD-101149","BLD-101401","Tariq Khan","Tariq Khan","Prakash Mendoza",,"4","People & Culture","Corporate","Corporate","CC-310"
"BLD-101150","BLD-101147","Deepak Gurung","Deepak Gurung",,,"3","IT & Digital","Corporate","Corporate","CC-289"
"BLD-101151","BLD-100607","Omar Santos","Omar Santos","Sameer Abdullah",,"4","Finance","Corporate","Corporate","CC-502"
"BLD-101152","BLD-100862","Omar Gurung","Omar Gurung","Ali Ibrahim","Prakash Mendoza","5","Production","Operations","Operations","CC-956"
"BLD-101153","BLD-101401","Tariq Khan","Tariq Khan","Prakash Mendoza",,"4","People & Culture","Corporate","Corporate","CC-310"
"BLD-101154","BLD-100700","Prakash Mendoza","Prakash Mendoza",,,"3","Production","Operations","Operations","CC-956"
"BLD-101155","BLD-100551","Prakash Reyes","Prakash Reyes","Sanjay Rai","Priya Farouk","5","Supply Chain & Logistics","Supply Chain","Supply Chain","CC-370"
"BLD-101156","BLD-101138","Manoj Ibrahim","Manoj Ibrahim","Faisal Santos","Kumar Islam","5","Farm Operations","Operations","Operations","CC-662"
"BLD-101157","BLD-100055","Anil Fernandes","Anil Fernandes","Anil Khan",,"4","Farm Operations","Operations","Operations","CC-662"
"BLD-101158","BLD-100860","Bishnu Al-Marri","Bishnu Al-Marri","Prakash Mendoza",,"4","Sales & Distribution","Commercial","Commercial","CC-310"
"BLD-101159","BLD-100593","Santosh Mahmoud","Santosh Mahmoud","Noor Mansour","Manoj Fernandes","5","R&D","Operations","Operations","CC-118"
"BLD-101160","BLD-101509","Suresh Reyes","Suresh Reyes",,,"3","Supply Chain & Logistics","Supply Chain","Supply Chain","CC-370"
"BLD-101161","BLD-100494","Ravi Youssef","Ravi Youssef","Ahmed Ibrahim",,"4","Engineering & Maintenance","Operations","Operations","CC-178"
"BLD-101162","BLD-100134","Arjun Mendoza","Arjun Mendoza","Manoj Abdullah","Deepak Gurung","5","IT & Digital","Corporate","Corporate","CC-289"
"BLD-101163","BLD-100744","Vikram Hassan","Vikram Hassan","Reem Kapoor",,"4","Quality Assurance & Food Safety","Operations","Operations","CC-564"
"BLD-101164","BLD-100349","Khalid Thapa","Khalid Thapa","Reem Kapoor",,"4","People & Culture","Corporate","Corporate","CC-310"
"BLD-101165","BLD-100398","Rania Islam","Rania Islam","Pooja Chowdhury",,"4","Corporate & Executive Office","Corporate","Corporate","CC-577"
"BLD-101166","BLD-101094","Santosh Abdullah","Santosh Abdullah","Faisal Santos","Kumar Islam","5","Farm Operations","Operations","Operations","CC-662"
"BLD-101167","BLD-100171","Huda Abdullah","Huda Abdullah",,,"3","Marketing","Commercial","Commercial","CC-916"
"BLD-101168","BLD-100782","Khalid Santos","Khalid Santos","Anil Cruz","Kumar Islam","5","Farm Operations","Operations","Operations","CC-662"
"BLD-101169","BLD-100549","Suresh Mansour","Suresh Mansour","Juan Al-Sayed","Deepak Gurung","5","IT & Digital","Corporate","Corporate","CC-289"
"BLD-101170","BLD-100754","Priya Baig","Priya Baig","Lubna Al-Kuwari","Mohamed Rai","5","Procurement","Supply Chain","Supply Chain","CC-637"
"BLD-101171","BLD-100894","Yasmin Iqbal","Yasmin Iqbal","Jose Pereira","Manoj Iqbal","5","Procurement","Supply Chain","Supply Chain","CC-637"
"BLD-101172","BLD-100663","Salma Ibrahim","Salma Ibrahim","Ramesh Islam",,"4","IT & Digital","Corporate","Corporate","CC-289"
"BLD-101173","BLD-100475","Tariq Mansour","Tariq Mansour","Sanjay Cruz","Pooja Chowdhury","5","Production","Operations","Operations","CC-956"
"BLD-101174","BLD-100397","Ahmed Rai","Ahmed Rai","Sunita Baig","Manoj Iqbal","5","Procurement","Supply Chain","Supply Chain","CC-637"
"BLD-101175","BLD-100894","Yasmin Iqbal","Yasmin Iqbal","Jose Pereira","Manoj Iqbal","5","Procurement","Supply Chain","Supply Chain","CC-637"
"BLD-101176","BLD-101079","Sanjay Devi","Sanjay Devi","Anil Gurung","Anil Khan","5","Quality Assurance & Food Safety","Operations","Operations","CC-564"
"BLD-101177","BLD-100520","Bikram Cruz","Bikram Cruz","Ramesh Kapoor","Ahmed Ibrahim","5","Engineering & Maintenance","Operations","Operations","CC-178"
"BLD-101178","BLD-100861","Pooja Chowdhury","Pooja Chowdhury",,,"3","Corporate & Executive Office","Corporate","Corporate","CC-577"
"BLD-101179","BLD-100421","Huda Ahmed","Huda Ahmed","Rakesh Kapoor",,"4","Marketing","Commercial","Commercial","CC-916"
"BLD-101180","BLD-100576","Dalia Al-Kuwari","Dalia Al-Kuwari","Krishna Kapoor",,"4","Finance","Corporate","Corporate","CC-502"
"BLD-101181","BLD-100935","Reem Youssef","Reem Youssef","Suresh Khan","Huda Abdullah","5","Sales & Distribution","Commercial","Commercial","CC-310"
"BLD-101182","BLD-101233","Manoj Mansour","Manoj Mansour","Arjun Malik","Ramesh Islam","5","IT & Digital","Corporate","Corporate","CC-289"
"BLD-101183","BLD-100331","Ahmed Cruz","Ahmed Cruz","Anil Khan",,"4","Farm Operations","Operations","Operations","CC-662"
"BLD-101184","BLD-101350","Omar Abdullah","Omar Abdullah","Sunita Youssef","Mariam Khan","5","People & Culture","Corporate","Corporate","CC-310"
"BLD-101185","BLD-100559","Sameer Reyes","Sameer Reyes","Krishna Cruz",,"4","Production","Operations","Operations","CC-956"
"BLD-101186","BLD-101133","Rowena Fernandes","Rowena Fernandes","Waleed Gurung",,"4","Finance","Corporate","Corporate","CC-502"
"BLD-101187","BLD-100367","Bishnu Pereira","Bishnu Pereira","Sameer Abdullah","Krishna Kapoor","5","Finance","Corporate","Corporate","CC-502"
"BLD-101188","BLD-100912","Hari Al-Kuwari","Hari Al-Kuwari","Vikram Hassan","Reem Kapoor","5","Quality Assurance & Food Safety","Operations","Operations","CC-564"
"BLD-101189","BLD-100709","Rakesh Youssef","Rakesh Youssef","Omar Malik","Anil Khan","5","Production","Operations","Operations","CC-956"
"BLD-101190","BLD-100416","Arjun Islam","Arjun Islam","Ravi Santos","Reem Kapoor","5","People & Culture","Corporate","Corporate","CC-310"
"BLD-101191","BLD-100808","Rajesh Mansour","Rajesh Mansour","Ravi Devi","Deepak Gurung","5","IT & Digital","Corporate","Corporate","CC-289"
"BLD-101192","BLD-100908","Rania Kapoor","Rania Kapoor","Pooja Chowdhury",,"4","Corporate & Executive Office","Corporate","Corporate","CC-577"
"BLD-101193","BLD-100942","Sanjay Fernandes","Sanjay Fernandes","Noor Islam","Mohamed Rai","5","Procurement","Supply Chain","Supply Chain","CC-637"
"BLD-101194","BLD-101307","Mariam Khan","Mariam Khan",,,"3","People & Culture","Corporate","Corporate","CC-310"
"BLD-101195","BLD-101413","Amina Cruz","Amina Cruz","Shobha Thapa","Rakesh Cruz","5","Finance","Corporate","Corporate","CC-502"
"BLD-101196","BLD-100419","Ahmed Malik","Ahmed Malik","Ravi Youssef","Ahmed Ibrahim","5","Engineering & Maintenance","Operations","Operations","CC-178"
"BLD-101197","BLD-101335","Lubna Thapa","Lubna Thapa","Noor Abdullah","Pooja Chowdhury","5","Corporate & Executive Office","Corporate","Corporate","CC-577"
"BLD-101198","BLD-100675","Rowena Chowdhury","Rowena Chowdhury","Sameer Ibrahim","Manoj Fernandes","5","Marketing","Commercial","Commercial","CC-916"
"BLD-101199","BLD-100001","Yousef Al-Attiyah",,,,"2","IT & Digital","Corporate","Corporate","CC-289"
"BLD-101200","BLD-101360","Dalia Al-Kuwari","Dalia Al-Kuwari","Ahmed Al-Sayed","Deepak Gurung","5","IT & Digital","Corporate","Corporate","CC-289"
"BLD-101201","BLD-100403","Khalid Ibrahim","Khalid Ibrahim","Priya Farouk",,"4","Supply Chain & Logistics","Supply Chain","Supply Chain","CC-370"
"BLD-101202","BLD-101092","Prakash Kapoor","Prakash Kapoor","Sanjay Rai","Priya Farouk","5","Supply Chain & Logistics","Supply Chain","Supply Chain","CC-370"
"BLD-101203","BLD-101041","Layla Reyes","Layla Reyes","Juan Malik","Mariam Khan","5","People & Culture","Corporate","Corporate","CC-310"
"BLD-101204","BLD-101086","Nadia El-Sayed","Nadia El-Sayed","Sanjay Devi","Noor Al-Sayed","5","Supply Chain & Logistics","Supply Chain","Supply Chain","CC-370"
"BLD-101205","BLD-100671","Kumar Kapoor","Kumar Kapoor","Mohamed El-Sayed","Kumar Islam","5","Farm Operations","Operations","Operations","CC-662"
"BLD-101206","BLD-101141","Pooja Thapa","Pooja Thapa","Nadia Youssef","Rakesh Cruz","5","Quality Assurance & Food Safety","Operations","Operations","CC-564"
"BLD-101207","BLD-100456","Krishna Thapa","Krishna Thapa","Ahmed Cruz","Anil Khan","5","Farm Operations","Operations","Operations","CC-662"
"BLD-101208","BLD-101509","Suresh Reyes","Suresh Reyes",,,"3","R&D","Operations","Operations","CC-118"
"BLD-101209","BLD-100452","Anita Ahmed","Anita Ahmed","Salma Mansour","Priya Farouk","5","R&D","Operations","Operations","CC-118"
"BLD-101210","BLD-101292","Noor Al-Sayed","Noor Al-Sayed",,,"3","Finance","Corporate","Corporate","CC-502"
"BLD-101211","BLD-100502","Sara Santos","Sara Santos","Khalid Santos","Prakash Mendoza","5","People & Culture","Corporate","Corporate","CC-310"
"BLD-101212","BLD-101308","Salma Mansour","Salma Mansour","Priya Farouk",,"4","R&D","Operations","Operations","CC-118"
"BLD-101213","BLD-100230","Ali Hassan","Ali Hassan","Omar Sharma","Manoj Fernandes","5","Quality Assurance & Food Safety","Operations","Operations","CC-564"
"BLD-101214","BLD-100728","Bishnu Mansour","Bishnu Mansour","Mona Abdullah","Rakesh Kapoor","5","R&D","Operations","Operations","CC-118"
"BLD-101215","BLD-100763","Mohamed Rai","Mohamed Rai",,,"3","Procurement","Supply Chain","Supply Chain","CC-637"
"BLD-101216","BLD-101352","Ali Thapa","Ali Thapa","Mohamed Baig","Krishna Cruz","5","Production","Operations","Operations","CC-956"
"BLD-101217","BLD-101001","Grace Pereira","Grace Pereira","Waleed Gurung",,"4","Production","Operations","Operations","CC-956"
"BLD-101218","BLD-100583","Kumar El-Sayed","Kumar El-Sayed","Waleed Gurung",,"4","Sales & Distribution","Commercial","Commercial","CC-310"
"BLD-101219","BLD-100884","Manoj Iqbal","Manoj Iqbal",,,"3","Procurement","Supply Chain","Supply Chain","CC-637"
"BLD-101220","BLD-101128","Rakesh Cruz","Rakesh Cruz",,,"3","Quality Assurance & Food Safety","Operations","Operations","CC-564"
"BLD-101221","BLD-101008","Ramesh Devi","Ramesh Devi","Kumar Iqbal","Anil Khan","5","R&D","Operations","Operations","CC-118"
"BLD-101222","BLD-100265","Sanjay Islam","Sanjay Islam","Sameer Abdullah",,"4","Sales & Distribution","Commercial","Commercial","CC-310"
"BLD-101223","BLD-100009","Juan Al-Sayed","Juan Al-Sayed","Deepak Gurung",,"4","IT & Digital","Corporate","Corporate","CC-289"
"BLD-101224","BLD-100580","Noor Islam","Noor Islam","Mohamed El-Sayed","Kumar Islam","5","Farm Operations","Operations","Operations","CC-662"
"BLD-101225","BLD-100327","Arjun Santos","Arjun Santos","Sameer Sharma","Kumar Islam","5","R&D","Operations","Operations","CC-118"
"BLD-101226","BLD-100360","Suresh Baig","Suresh Baig","Ravi Malik","Krishna Kapoor","5","Finance","Corporate","Corporate","CC-502"
"BLD-101227","BLD-100100","Tariq Islam","Tariq Islam","Waleed Gurung",,"4","Sales & Distribution","Commercial","Commercial","CC-310"
"BLD-101228","BLD-100856","Bikram Islam","Bikram Islam","Hassan Pereira","Sameer Abdullah","5","Production","Operations","Operations","CC-956"
"BLD-101229","BLD-100944","Prakash Kapoor","Prakash Kapoor","Bikram Hassan","Anil Khan","5","Farm Operations","Operations","Operations","CC-662"
"BLD-101230","BLD-101251","Santosh El-Sayed","Santosh El-Sayed","Noor Abdullah","Pooja Chowdhury","5","Corporate & Executive Office","Corporate","Corporate","CC-577"
"BLD-101231","BLD-100763","Mohamed Rai","Mohamed Rai",,,"3","Procurement","Supply Chain","Supply Chain","CC-637"
"BLD-101232","BLD-100456","Krishna Thapa","Krishna Thapa","Ahmed Cruz","Anil Khan","5","Farm Operations","Operations","Operations","CC-662"
"BLD-101233","BLD-100743","Arjun Malik","Arjun Malik","Ramesh Islam",,"4","IT & Digital","Corporate","Corporate","CC-289"
"BLD-101234","BLD-100354","Jose Fernandes","Jose Fernandes","Ravi Malik","Krishna Kapoor","5","Finance","Corporate","Corporate","CC-502"
"BLD-101235","BLD-100772","Ramesh Malik","Ramesh Malik","Anil Fernandes","Anil Khan","5","Farm Operations","Operations","Operations","CC-662"
"BLD-101236","BLD-100551","Prakash Reyes","Prakash Reyes","Sanjay Rai","Priya Farouk","5","Supply Chain & Logistics","Supply Chain","Supply Chain","CC-370"
"BLD-101237","BLD-101008","Ramesh Devi","Ramesh Devi","Kumar Iqbal","Anil Khan","5","R&D","Operations","Operations","CC-118"
"BLD-101238","BLD-101028","Sara Hassan","Sara Hassan","Yasmin Youssef","Reem Kapoor","5","People & Culture","Corporate","Corporate","CC-310"
"BLD-101239","BLD-100338","Sanjay Devi","Sanjay Devi","Noor Al-Sayed",,"4","Supply Chain & Logistics","Supply Chain","Supply Chain","CC-370"
"BLD-101240","BLD-100383","Juan Santos","Juan Santos","Sunita Youssef","Mariam Khan","5","People & Culture","Corporate","Corporate","CC-310"
"BLD-101241","BLD-101128","Rakesh Cruz","Rakesh Cruz",,,"3","Supply Chain & Logistics","Supply Chain","Supply Chain","CC-370"
"BLD-101242","BLD-100401","Kumar Malik","Kumar Malik","Deepak Al-Kuwari","Rakesh Kapoor","5","R&D","Operations","Operations","CC-118"
"BLD-101243","BLD-101314","Santosh Fernandes","Santosh Fernandes","Deepak Gurung",,"4","IT & Digital","Corporate","Corporate","CC-289"
"BLD-101244","BLD-101410","Anil Fernandes","Anil Fernandes","Prakash Kapoor","Rakesh Cruz","5","Supply Chain & Logistics","Supply Chain","Supply Chain","CC-370"
"BLD-101245","BLD-101025","Santosh Fernandes","Santosh Fernandes","Vikram Abdullah","Sameer Abdullah","5","Finance","Corporate","Corporate","CC-502"
"BLD-101246","BLD-101280","Santosh Reyes","Santosh Reyes","Mariam Chowdhury","Sameer Abdullah","5","Finance","Corporate","Corporate","CC-502"
"BLD-101247","BLD-100199","Anil Khan","Anil Khan",,,"3","Farm Operations","Operations","Operations","CC-662"
"BLD-101248","BLD-100926","Kavita Sharma","Kavita Sharma","Rania Santos","Deepak Gurung","5","R&D","Operations","Operations","CC-118"
"BLD-101249","BLD-101180","Reem Farouk","Reem Farouk","Dalia Al-Kuwari","Krishna Kapoor","5","Finance","Corporate","Corporate","CC-502"
"BLD-101250","BLD-100790","Suresh Devi","Suresh Devi","Ahmed Ibrahim",,"4","Engineering & Maintenance","Operations","Operations","CC-178"
"BLD-101251","BLD-101143","Noor Abdullah","Noor Abdullah","Pooja Chowdhury",,"4","Corporate & Executive Office","Corporate","Corporate","CC-577"
"BLD-101252","BLD-100375","Manoj Fernandes","Manoj Fernandes",,,"3","Marketing","Commercial","Commercial","CC-916"
"BLD-101253","BLD-100494","Ravi Youssef","Ravi Youssef","Ahmed Ibrahim",,"4","Engineering & Maintenance","Operations","Operations","CC-178"
"BLD-101254","BLD-100456","Krishna Thapa","Krishna Thapa","Ahmed Cruz","Anil Khan","5","Farm Operations","Operations","Operations","CC-662"
"BLD-101255","BLD-100086","Sameer Al-Marri","Sameer Al-Marri","Rakesh Cruz",,"4","Quality Assurance & Food Safety","Operations","Operations","CC-564"
"BLD-101256","BLD-101039","Deepak Abdullah","Deepak Abdullah","Priya Farouk","Pooja Chowdhury","5","Corporate & Executive Office","Corporate","Corporate","CC-577"
"BLD-101257","BLD-101012","Sameer Islam","Sameer Islam","Pooja Chowdhury",,"4","Corporate & Executive Office","Corporate","Corporate","CC-577"
"BLD-101258","BLD-100961","Ravi Ahmed","Ravi Ahmed","Mohamed El-Sayed","Kumar Islam","5","Farm Operations","Operations","Operations","CC-662"
"BLD-101259","BLD-100171","Huda Abdullah","Huda Abdullah",,,"3","Quality Assurance & Food Safety","Operations","Operations","CC-564"
"BLD-101260","BLD-100176","Juan Baig","Juan Baig","Suresh Hassan","Deepak Gurung","5","Sales & Distribution","Commercial","Commercial","CC-310"
"BLD-101261","BLD-101289","Ali Kapoor","Ali Kapoor","Mohamed Rai",,"4","Procurement","Supply Chain","Supply Chain","CC-637"
"BLD-101262","BLD-100714","Sameer Al-Sayed","Sameer Al-Sayed","Rakesh Cruz",,"4","Quality Assurance & Food Safety","Operations","Operations","CC-564"
"BLD-101263","BLD-100504","Rowena Kapoor","Rowena Kapoor","Huda Abdullah",,"4","Marketing","Commercial","Commercial","CC-916"
"BLD-101264","BLD-100891","Ahmed Malik","Ahmed Malik","Krishna Kapoor",,"4","Finance","Corporate","Corporate","CC-502"
"BLD-101265","BLD-101147","Deepak Gurung","Deepak Gurung",,,"3","Sales & Distribution","Commercial","Commercial","CC-310"
"BLD-101266","BLD-101024","Amina Fernandes","Amina Fernandes","Salma Ibrahim","Ramesh Islam","5","IT & Digital","Corporate","Corporate","CC-289"
"BLD-101267","BLD-101302","Khalid Santos","Khalid Santos","Ravi Khan","Suresh Reyes","5","Supply Chain & Logistics","Supply Chain","Supply Chain","CC-370"
"BLD-101268","BLD-100513","Hari Al-Marri","Hari Al-Marri","Ali Baig","Ramesh Islam","5","IT & Digital","Corporate","Corporate","CC-289"
"BLD-101269","BLD-100690","Faisal Al-Marri","Faisal Al-Marri","Sanjay Devi","Noor Al-Sayed","5","Supply Chain & Logistics","Supply Chain","Supply Chain","CC-370"
"BLD-101270","BLD-101128","Rakesh Cruz","Rakesh Cruz",,,"3","Finance","Corporate","Corporate","CC-502"
"BLD-101271","BLD-101507","Khalid Al-Marri","Khalid Al-Marri","Rajesh Fernandes","Rakesh Cruz","5","Quality Assurance & Food Safety","Operations","Operations","CC-564"
"BLD-101272","BLD-101033","Hassan Cruz","Hassan Cruz","Dina Reyes","Prakash Mendoza","5","People & Culture","Corporate","Corporate","CC-310"
"BLD-101273","BLD-101468","Omar Al-Kuwari","Omar Al-Kuwari","Hari Abdullah","Prakash Mendoza","5","Production","Operations","Operations","CC-956"
"BLD-101274","BLD-100700","Prakash Mendoza","Prakash Mendoza",,,"3","People & Culture","Corporate","Corporate","CC-310"
"BLD-101275","BLD-100727","Yasmin Rai","Yasmin Rai","Anil Hassan","Suresh Reyes","5","R&D","Operations","Operations","CC-118"
"BLD-101276","BLD-101064","Nadia Baig","Nadia Baig","Hassan Baig","Suresh Reyes","5","Sales & Distribution","Commercial","Commercial","CC-310"
"BLD-101277","BLD-100753","Anil Islam","Anil Islam","Sanjay Devi","Noor Al-Sayed","5","Supply Chain & Logistics","Supply Chain","Supply Chain","CC-370"
"BLD-101278","BLD-101048","Cherry Reyes","Cherry Reyes","Rajesh Baig","Mariam Khan","5","People & Culture","Corporate","Corporate","CC-310"
"BLD-101279","BLD-101509","Suresh Reyes","Suresh Reyes",,,"3","Supply Chain & Logistics","Supply Chain","Supply Chain","CC-370"
"BLD-101280","BLD-101497","Mariam Chowdhury","Mariam Chowdhury","Sameer Abdullah",,"4","Finance","Corporate","Corporate","CC-502"
"BLD-101281","BLD-100754","Priya Baig","Priya Baig","Lubna Al-Kuwari","Mohamed Rai","5","Procurement","Supply Chain","Supply Chain","CC-637"
"BLD-101282","BLD-101366","Cherry Khan","Cherry Khan","Ahmed Cruz","Anil Khan","5","Farm Operations","Operations","Operations","CC-662"
"BLD-101283","BLD-100896","Hind Youssef","Hind Youssef","Waleed Mendoza","Prakash Mendoza","5","People & Culture","Corporate","Corporate","CC-310"
"BLD-101284","BLD-101376","Joy Reyes","Joy Reyes","Bikram Al-Sayed","Manoj Iqbal","5","Procurement","Supply Chain","Supply Chain","CC-637"
"BLD-101285","BLD-100919","Ramesh Santos","Ramesh Santos","Ali Gurung","Priya Farouk","5","Supply Chain & Logistics","Supply Chain","Supply Chain","CC-370"
"BLD-101286","BLD-101352","Ali Thapa","Ali Thapa","Mohamed Baig","Krishna Cruz","5","Production","Operations","Operations","CC-956"
"BLD-101287","BLD-101473","Pooja Abdullah","Pooja Abdullah","Deepak Mahmoud","Pooja Chowdhury","5","Corporate & Executive Office","Corporate","Corporate","CC-577"
"BLD-101288","BLD-101086","Nadia El-Sayed","Nadia El-Sayed","Sanjay Devi","Noor Al-Sayed","5","Supply Chain & Logistics","Supply Chain","Supply Chain","CC-370"
"BLD-101289","BLD-100763","Mohamed Rai","Mohamed Rai",,,"3","Procurement","Supply Chain","Supply Chain","CC-637"
"BLD-101290","BLD-100615","Dina Reyes","Dina Reyes","Dina Reyes","Prakash Mendoza","5","People & Culture","Corporate","Corporate","CC-310"
"BLD-101291","BLD-101259","Manoj Al-Kuwari","Manoj Al-Kuwari","Huda Abdullah",,"4","Quality Assurance & Food Safety","Operations","Operations","CC-564"
"BLD-101292","BLD-100001","Yousef Al-Attiyah",,,,"2","People & Culture","Corporate","Corporate","CC-310"
"BLD-101293","BLD-101220","Aisha Malik","Aisha Malik","Rakesh Cruz",,"4","Quality Assurance & Food Safety","Operations","Operations","CC-564"
"BLD-101294","BLD-100207","Rina Rai","Rina Rai","Deepak Mahmoud","Pooja Chowdhury","5","Corporate & Executive Office","Corporate","Corporate","CC-577"
"BLD-101295","BLD-100072","Jose Reyes","Jose Reyes","Sanjay Devi","Noor Al-Sayed","5","Supply Chain & Logistics","Supply Chain","Supply Chain","CC-370"
"BLD-101296","BLD-100035","Noor Mahmoud","Noor Mahmoud","Waleed Rai","Reem Kapoor","5","People & Culture","Corporate","Corporate","CC-310"
"BLD-101297","BLD-100001","Yousef Al-Attiyah",,,,"2","Finance","Corporate","Corporate","CC-502"
"BLD-101298","BLD-101339","Rania Baig","Rania Baig","Juan Malik","Mariam Khan","5","People & Culture","Corporate","Corporate","CC-310"
"BLD-101299","BLD-101297","Krishna Kapoor","Krishna Kapoor",,,"3","Finance","Corporate","Corporate","CC-502"
"BLD-101300","BLD-100512","Anita Pereira","Anita Pereira","Sameer Hassan","Sameer Abdullah","5","Finance","Corporate","Corporate","CC-502"
"BLD-101301","BLD-101494","Manoj Santos","Manoj Santos","Maria Farouk","Manoj Fernandes","5","R&D","Operations","Operations","CC-118"
"BLD-101302","BLD-100020","Ravi Khan","Ravi Khan","Suresh Reyes",,"4","Supply Chain & Logistics","Supply Chain","Supply Chain","CC-370"
"BLD-101303","BLD-100495","Krishna Youssef","Krishna Youssef","Vikram Hassan","Reem Kapoor","5","Quality Assurance & Food Safety","Operations","Operations","CC-564"
"BLD-101304","BLD-101297","Krishna Kapoor","Krishna Kapoor",,,"3","Finance","Corporate","Corporate","CC-502"
"BLD-101305","BLD-100897","Yasmin Malik","Yasmin Malik","Rakesh Kapoor",,"4","R&D","Operations","Operations","CC-118"
"BLD-101306","BLD-100452","Anita Ahmed","Anita Ahmed","Salma Mansour","Priya Farouk","5","R&D","Operations","Operations","CC-118"
"BLD-101307","BLD-100001","Yousef Al-Attiyah",,,,"2","People & Culture","Corporate","Corporate","CC-310"
"BLD-101308","BLD-100766","Priya Farouk","Priya Farouk",,,"3","R&D","Operations","Operations","CC-118"
"BLD-101309","BLD-101297","Krishna Kapoor","Krishna Kapoor",,,"3","Finance","Corporate","Corporate","CC-502"
"BLD-101310","BLD-101252","Ramesh Sharma","Ramesh Sharma","Manoj Fernandes",,"4","Marketing","Commercial","Commercial","CC-916"
"BLD-101311","BLD-100895","Rina Malik","Rina Malik","Noor Sharma","Noor Al-Sayed","5","Finance","Corporate","Corporate","CC-502"
"BLD-101312","BLD-101018","Priya Farouk","Priya Farouk","Pooja Chowdhury",,"4","Corporate & Executive Office","Corporate","Corporate","CC-577"
"BLD-101313","BLD-100538","Anita Gurung","Anita Gurung","Rakesh Kapoor",,"4","Marketing","Commercial","Commercial","CC-916"
"BLD-101314","BLD-101147","Deepak Gurung","Deepak Gurung",,,"3","IT & Digital","Corporate","Corporate","CC-289"
"BLD-101315","BLD-101478","Juan Islam","Juan Islam","Juan Al-Sayed","Deepak Gurung","5","IT & Digital","Corporate","Corporate","CC-289"
"BLD-101316","BLD-100628","Rowena Ibrahim","Rowena Ibrahim","Ali Baig","Ramesh Islam","5","IT & Digital","Corporate","Corporate","CC-289"
"BLD-101317","BLD-100947","Manoj Fernandes","Manoj Fernandes","Ahmed Santos","Noor Al-Sayed","5","People & Culture","Corporate","Corporate","CC-310"
"BLD-101318","BLD-100980","Arjun Cruz","Arjun Cruz","Hari Al-Marri","Pooja Chowdhury","5","Corporate & Executive Office","Corporate","Corporate","CC-577"
"BLD-101319","BLD-100318","Grace Fernandes","Grace Fernandes","Khalid Chowdhury","Krishna Kapoor","5","Finance","Corporate","Corporate","CC-502"
"BLD-101320","BLD-100831","Hari Al-Kuwari","Hari Al-Kuwari","Sunita Al-Marri","Ramesh Islam","5","Sales & Distribution","Commercial","Commercial","CC-310"
"BLD-101321","BLD-100331","Ahmed Cruz","Ahmed Cruz","Anil Khan",,"4","Farm Operations","Operations","Operations","CC-662"
"BLD-101322","BLD-100456","Krishna Thapa","Krishna Thapa","Ahmed Cruz","Anil Khan","5","Farm Operations","Operations","Operations","CC-662"
"BLD-101323","BLD-101406","Omar Ibrahim","Omar Ibrahim","Rajesh Fernandes","Rakesh Cruz","5","Quality Assurance & Food Safety","Operations","Operations","CC-564"
"BLD-101324","BLD-100675","Rowena Chowdhury","Rowena Chowdhury","Sameer Ibrahim","Manoj Fernandes","5","Marketing","Commercial","Commercial","CC-916"
"BLD-101325","BLD-100383","Juan Santos","Juan Santos","Sunita Youssef","Mariam Khan","5","People & Culture","Corporate","Corporate","CC-310"
"BLD-101326","BLD-100008","Ramesh Kapoor","Ramesh Kapoor","Ahmed Ibrahim",,"4","Engineering & Maintenance","Operations","Operations","CC-178"
"BLD-101327","BLD-100703","Sunita Cruz","Sunita Cruz","Sameer Al-Sayed","Rakesh Cruz","5","Quality Assurance & Food Safety","Operations","Operations","CC-564"
"BLD-101328","BLD-101307","Mariam Khan","Mariam Khan",,,"3","Finance","Corporate","Corporate","CC-502"
"BLD-101329","BLD-100619","Hassan Rai","Hassan Rai","Vikram Hassan","Reem Kapoor","5","Quality Assurance & Food Safety","Operations","Operations","CC-564"
"BLD-101330","BLD-100992","Rakesh Islam","Rakesh Islam","Bishnu Mendoza","Pooja Chowdhury","5","Corporate & Executive Office","Corporate","Corporate","CC-577"
"BLD-101331","BLD-100407","Rowena Fernandes","Rowena Fernandes","Deepak Mahmoud","Pooja Chowdhury","5","Corporate & Executive Office","Corporate","Corporate","CC-577"
"BLD-101332","BLD-100772","Ramesh Malik","Ramesh Malik","Anil Fernandes","Anil Khan","5","Farm Operations","Operations","Operations","CC-662"
"BLD-101333","BLD-100463","Aisha Ahmed","Aisha Ahmed","Manoj Al-Kuwari","Huda Abdullah","5","Quality Assurance & Food Safety","Operations","Operations","CC-564"
"BLD-101334","BLD-101371","Priya Abdullah","Priya Abdullah","Huda Abdullah",,"4","Marketing","Commercial","Commercial","CC-916"
"BLD-101335","BLD-101143","Noor Abdullah","Noor Abdullah","Pooja Chowdhury",,"4","Corporate & Executive Office","Corporate","Corporate","CC-577"
"BLD-101336","BLD-101374","Layla Ahmed","Layla Ahmed","Rakesh Cruz","Suresh Reyes","5","Supply Chain & Logistics","Supply Chain","Supply Chain","CC-370"
"BLD-101337","BLD-101259","Manoj Al-Kuwari","Manoj Al-Kuwari","Huda Abdullah",,"4","Quality Assurance & Food Safety","Operations","Operations","CC-564"
"BLD-101338","BLD-100789","Sameer Iqbal","Sameer Iqbal","Mariam Khan",,"4","People & Culture","Corporate","Corporate","CC-310"
"BLD-101339","BLD-101013","Juan Malik","Juan Malik","Mariam Khan",,"4","People & Culture","Corporate","Corporate","CC-310"
"BLD-101340","BLD-100919","Ramesh Santos","Ramesh Santos","Ali Gurung","Priya Farouk","5","Supply Chain & Logistics","Supply Chain","Supply Chain","CC-370"
"BLD-101341","BLD-101154","Ali Ibrahim","Ali Ibrahim","Prakash Mendoza",,"4","Production","Operations","Operations","CC-956"
"BLD-101342","BLD-100008","Ramesh Kapoor","Ramesh Kapoor","Ahmed Ibrahim",,"4","Engineering & Maintenance","Operations","Operations","CC-178"
"BLD-101343","BLD-100894","Yasmin Iqbal","Yasmin Iqbal","Jose Pereira","Manoj Iqbal","5","Procurement","Supply Chain","Supply Chain","CC-637"
"BLD-101344","BLD-100925","Mohamed Chowdhury","Mohamed Chowdhury","Arjun Khan","Mohamed Rai","5","Procurement","Supply Chain","Supply Chain","CC-637"
"BLD-101345","BLD-100753","Anil Islam","Anil Islam","Sanjay Devi","Noor Al-Sayed","5","Supply Chain & Logistics","Supply Chain","Supply Chain","CC-370"
"BLD-101346","BLD-100790","Suresh Devi","Suresh Devi","Ahmed Ibrahim",,"4","Engineering & Maintenance","Operations","Operations","CC-178"
"BLD-101347","BLD-101309","Sameer Abdullah","Sameer Abdullah","Krishna Kapoor",,"4","Finance","Corporate","Corporate","CC-502"
"BLD-101348","BLD-100447","Pooja Mansour","Pooja Mansour","Aisha Malik","Rakesh Cruz","5","Quality Assurance & Food Safety","Operations","Operations","CC-564"
"BLD-101349","BLD-100951","Yasmin Sharma","Yasmin Sharma","Noor Al-Sayed",,"4","Sales & Distribution","Commercial","Commercial","CC-310"
"BLD-101350","BLD-100651","Sunita Youssef","Sunita Youssef","Mariam Khan",,"4","People & Culture","Corporate","Corporate","CC-310"
"BLD-101351","BLD-101434","Bishnu El-Sayed","Bishnu El-Sayed","Ravi Youssef","Ahmed Ibrahim","5","Engineering & Maintenance","Operations","Operations","CC-178"
"BLD-101352","BLD-101084","Mohamed Baig","Mohamed Baig","Krishna Cruz",,"4","Production","Operations","Operations","CC-956"
"BLD-101353","BLD-100676","Suresh Iqbal","Suresh Iqbal","Noor Al-Sayed",,"4","Sales & Distribution","Commercial","Commercial","CC-310"
"BLD-101354","BLD-100124","Sameer Kapoor","Sameer Kapoor","Anil Cruz","Kumar Islam","5","Farm Operations","Operations","Operations","CC-662"
"BLD-101355","BLD-100673","Jose Malik","Jose Malik","Yasmin Sharma","Noor Al-Sayed","5","Sales & Distribution","Commercial","Commercial","CC-310"
"BLD-101356","BLD-100458","Fatima Youssef","Fatima Youssef","Reem El-Sayed","Noor Al-Sayed","5","Finance","Corporate","Corporate","CC-502"
"BLD-101357","BLD-101066","Kumar Mansour","Kumar Mansour","Omar Sharma","Manoj Fernandes","5","Quality Assurance & Food Safety","Operations","Operations","CC-564"
"BLD-101358","BLD-101147","Deepak Gurung","Deepak Gurung",,,"3","IT & Digital","Corporate","Corporate","CC-289"
"BLD-101359","BLD-100813","Hind Khan","Hind Khan","Suresh Reyes",,"4","R&D","Operations","Operations","CC-118"
"BLD-101360","BLD-100273","Ahmed Al-Sayed","Ahmed Al-Sayed","Deepak Gurung",,"4","IT & Digital","Corporate","Corporate","CC-289"
"BLD-101361","BLD-100363","Kavita Chowdhury","Kavita Chowdhury","Manoj Fernandes","Sameer Abdullah","5","Production","Operations","Operations","CC-956"
"BLD-101362","BLD-101280","Santosh Reyes","Santosh Reyes","Mariam Chowdhury","Sameer Abdullah","5","Finance","Corporate","Corporate","CC-502"
"BLD-101363","BLD-101039","Deepak Abdullah","Deepak Abdullah","Priya Farouk","Pooja Chowdhury","5","Corporate & Executive Office","Corporate","Corporate","CC-577"
"BLD-101364","BLD-101297","Krishna Kapoor","Krishna Kapoor",,,"3","Finance","Corporate","Corporate","CC-502"
"BLD-101365","BLD-100937","Dina Farouk","Dina Farouk","Ramesh Sharma","Manoj Fernandes","5","Marketing","Commercial","Commercial","CC-916"
"BLD-101366","BLD-100331","Ahmed Cruz","Ahmed Cruz","Anil Khan",,"4","Farm Operations","Operations","Operations","CC-662"
"BLD-101367","BLD-101065","Mohamed Al-Sayed","Mohamed Al-Sayed","Arjun Cruz","Krishna Kapoor","5","Finance","Corporate","Corporate","CC-502"
"BLD-101368","BLD-100937","Dina Farouk","Dina Farouk","Ramesh Sharma","Manoj Fernandes","5","Marketing","Commercial","Commercial","CC-916"
"BLD-101369","BLD-100199","Anil Khan","Anil Khan",,,"3","Quality Assurance & Food Safety","Operations","Operations","CC-564"
"BLD-101370","BLD-100375","Manoj Fernandes","Manoj Fernandes",,,"3","R&D","Operations","Operations","CC-118"
"BLD-101371","BLD-100171","Huda Abdullah","Huda Abdullah",,,"3","Marketing","Commercial","Commercial","CC-916"
"BLD-101372","BLD-100094","Bikram Youssef","Bikram Youssef","Arjun Hassan","Mohamed Rai","5","Procurement","Supply Chain","Supply Chain","CC-637"
"BLD-101373","BLD-100356","Ramesh El-Sayed","Ramesh El-Sayed","Hari Chowdhury","Ramesh Islam","5","Sales & Distribution","Commercial","Commercial","CC-310"
"BLD-101374","BLD-100511","Rakesh Cruz","Rakesh Cruz","Suresh Reyes",,"4","Supply Chain & Logistics","Supply Chain","Supply Chain","CC-370"
"BLD-101375","BLD-101025","Santosh Fernandes","Santosh Fernandes","Vikram Abdullah","Sameer Abdullah","5","Finance","Corporate","Corporate","CC-502"
"BLD-101376","BLD-100426","Bikram Al-Sayed","Bikram Al-Sayed","Manoj Iqbal",,"4","Procurement","Supply Chain","Supply Chain","CC-637"
"BLD-101377","BLD-101509","Suresh Reyes","Suresh Reyes",,,"3","Supply Chain & Logistics","Supply Chain","Supply Chain","CC-370"
"BLD-101378","BLD-100206","Rakesh Sharma","Rakesh Sharma","Bishnu Mendoza","Pooja Chowdhury","5","Corporate & Executive Office","Corporate","Corporate","CC-577"
"BLD-101379","BLD-100509","Rina Hassan","Rina Hassan","Sanjay Abdullah","Suresh Reyes","5","Supply Chain & Logistics","Supply Chain","Supply Chain","CC-370"
"BLD-101380","BLD-100537","Bishnu Mansour","Bishnu Mansour","Ali Ibrahim","Prakash Mendoza","5","Production","Operations","Operations","CC-956"
"BLD-101381","BLD-100340","Rakesh Fernandes","Rakesh Fernandes","Sameer Reyes","Manoj Iqbal","5","Procurement","Supply Chain","Supply Chain","CC-637"
"BLD-101382","BLD-100273","Ahmed Al-Sayed","Ahmed Al-Sayed","Deepak Gurung",,"4","IT & Digital","Corporate","Corporate","CC-289"
"BLD-101383","BLD-100802","Jose Chowdhury","Jose Chowdhury","Juan Al-Sayed","Deepak Gurung","5","IT & Digital","Corporate","Corporate","CC-289"
"BLD-101384","BLD-100630","Bishnu Sharma","Bishnu Sharma","Bishnu Kapoor","Manoj Fernandes","5","Marketing","Commercial","Commercial","CC-916"
"BLD-101385","BLD-100282","Sameer Islam","Sameer Islam","Hassan Baig","Suresh Reyes","5","Sales & Distribution","Commercial","Commercial","CC-310"
"BLD-101386","BLD-100925","Mohamed Chowdhury","Mohamed Chowdhury","Arjun Khan","Mohamed Rai","5","Procurement","Supply Chain","Supply Chain","CC-637"
"BLD-101387","BLD-100786","Deepak Mahmoud","Deepak Mahmoud","Hari Abdullah","Prakash Mendoza","5","Production","Operations","Operations","CC-956"
"BLD-101388","BLD-100583","Kumar El-Sayed","Kumar El-Sayed","Waleed Gurung",,"4","Sales & Distribution","Commercial","Commercial","CC-310"
"BLD-101389","BLD-101125","Faisal Iqbal","Faisal Iqbal","Jose Fernandes","Manoj Iqbal","5","Procurement","Supply Chain","Supply Chain","CC-637"
"BLD-101390","BLD-101265","Suresh Hassan","Suresh Hassan","Deepak Gurung",,"4","Sales & Distribution","Commercial","Commercial","CC-310"
"BLD-101391","BLD-100318","Grace Fernandes","Grace Fernandes","Khalid Chowdhury","Krishna Kapoor","5","Finance","Corporate","Corporate","CC-502"
"BLD-101392","BLD-101104","Juan Gurung","Juan Gurung","Juan Malik","Mariam Khan","5","People & Culture","Corporate","Corporate","CC-310"
"BLD-101393","BLD-100826","Santosh Gurung","Santosh Gurung","Ravi Farouk","Sameer Abdullah","5","Production","Operations","Operations","CC-956"
"BLD-101394","BLD-101459","Manoj Reyes","Manoj Reyes","Rakesh Baig","Noor Al-Sayed","5","Sales & Distribution","Commercial","Commercial","CC-310"
"BLD-101395","BLD-100420","Sameer Cruz","Sameer Cruz","Omar Malik","Anil Khan","5","Production","Operations","Operations","CC-956"
"BLD-101396","BLD-100401","Kumar Malik","Kumar Malik","Deepak Al-Kuwari","Rakesh Kapoor","5","R&D","Operations","Operations","CC-118"
"BLD-101397","BLD-101212","Layla Chowdhury","Layla Chowdhury","Salma Mansour","Priya Farouk","5","R&D","Operations","Operations","CC-118"
"BLD-101398","BLD-100370","Ravi Islam","Ravi Islam","Noor Sharma","Noor Al-Sayed","5","Finance","Corporate","Corporate","CC-502"
"BLD-101399","BLD-100981","Hassan Baig","Hassan Baig","Suresh Reyes",,"4","Sales & Distribution","Commercial","Commercial","CC-310"
"BLD-101400","BLD-100842","Anita Fernandes","Anita Fernandes","Deepak Gurung",,"4","IT & Digital","Corporate","Corporate","CC-289"
"BLD-101401","BLD-100700","Prakash Mendoza","Prakash Mendoza",,,"3","People & Culture","Corporate","Corporate","CC-310"
"BLD-101402","BLD-100779","Bikram Al-Kuwari","Bikram Al-Kuwari","Noor Islam","Mohamed Rai","5","Procurement","Supply Chain","Supply Chain","CC-637"
"BLD-101403","BLD-100159","Manoj Abdullah","Manoj Abdullah","Deepak Gurung",,"4","IT & Digital","Corporate","Corporate","CC-289"
"BLD-101404","BLD-100734","Omar Al-Kuwari","Omar Al-Kuwari","Mohamed Al-Kuwari","Ramesh Islam","5","Production","Operations","Operations","CC-956"
"BLD-101405","BLD-100894","Yasmin Iqbal","Yasmin Iqbal","Jose Pereira","Manoj Iqbal","5","Procurement","Supply Chain","Supply Chain","CC-637"
"BLD-101406","BLD-101057","Rajesh Fernandes","Rajesh Fernandes","Rakesh Cruz",,"4","Quality Assurance & Food Safety","Operations","Operations","CC-564"
"BLD-101407","BLD-100227","Bishnu Al-Marri","Bishnu Al-Marri","Khalid Sharma","Anil Khan","5","Sales & Distribution","Commercial","Commercial","CC-310"
"BLD-101408","BLD-100473","Bishnu Al-Marri","Bishnu Al-Marri","Sanjay Abdullah","Suresh Reyes","5","Supply Chain & Logistics","Supply Chain","Supply Chain","CC-370"
"BLD-101409","BLD-101297","Krishna Kapoor","Krishna Kapoor",,,"3","Finance","Corporate","Corporate","CC-502"
"BLD-101410","BLD-101241","Prakash Kapoor","Prakash Kapoor","Rakesh Cruz",,"4","Supply Chain & Logistics","Supply Chain","Supply Chain","CC-370"
"BLD-101411","BLD-100527","Arjun Kapoor","Arjun Kapoor","Ali Ibrahim","Prakash Mendoza","5","Production","Operations","Operations","CC-956"
"BLD-101412","BLD-101371","Priya Abdullah","Priya Abdullah","Huda Abdullah",,"4","Marketing","Commercial","Commercial","CC-916"
"BLD-101413","BLD-101270","Shobha Thapa","Shobha Thapa","Rakesh Cruz",,"4","Finance","Corporate","Corporate","CC-502"
"BLD-101414","BLD-100035","Noor Mahmoud","Noor Mahmoud","Waleed Rai","Reem Kapoor","5","People & Culture","Corporate","Corporate","CC-310"
"BLD-101415","BLD-100700","Prakash Mendoza","Prakash Mendoza",,,"3","People & Culture","Corporate","Corporate","CC-310"
"BLD-101416","BLD-101241","Prakash Kapoor","Prakash Kapoor","Rakesh Cruz",,"4","Supply Chain & Logistics","Supply Chain","Supply Chain","CC-370"
"BLD-101417","BLD-100447","Pooja Mansour","Pooja Mansour","Aisha Malik","Rakesh Cruz","5","Quality Assurance & Food Safety","Operations","Operations","CC-564"
"BLD-101418","BLD-101000","Aisha Al-Sayed","Aisha Al-Sayed","Juan Al-Sayed","Deepak Gurung","5","IT & Digital","Corporate","Corporate","CC-289"
"BLD-101419","BLD-101274","Khalid Santos","Khalid Santos","Prakash Mendoza",,"4","People & Culture","Corporate","Corporate","CC-310"
"BLD-101420","BLD-101148","Krishna Al-Sayed","Krishna Al-Sayed","Noor Abdullah","Pooja Chowdhury","5","Corporate & Executive Office","Corporate","Corporate","CC-577"
"BLD-101421","BLD-100867","Waleed Gurung","Waleed Gurung","Omar Sharma","Manoj Fernandes","5","Quality Assurance & Food Safety","Operations","Operations","CC-564"
"BLD-101422","BLD-100818","Hassan Malik","Hassan Malik","Anita Fernandes","Deepak Gurung","5","IT & Digital","Corporate","Corporate","CC-289"
"BLD-101423","BLD-100496","Priya Devi","Priya Devi","Sunita Rai","Huda Abdullah","5","Marketing","Commercial","Commercial","CC-916"
"BLD-101424","BLD-101141","Pooja Thapa","Pooja Thapa","Nadia Youssef","Rakesh Cruz","5","Quality Assurance & Food Safety","Operations","Operations","CC-564"
"BLD-101425","BLD-101126","Anil Kapoor","Anil Kapoor","Huda Abdullah",,"4","Marketing","Commercial","Commercial","CC-916"
"BLD-101426","BLD-100213","Dina Al-Marri","Dina Al-Marri","Nadia Ahmed","Kumar Islam","5","R&D","Operations","Operations","CC-118"
"BLD-101427","BLD-100351","Khalid Gurung","Khalid Gurung","Deepak Reyes","Anil Khan","5","Farm Operations","Operations","Operations","CC-662"
"BLD-101428","BLD-100600","Arjun Cruz","Arjun Cruz","Krishna Kapoor",,"4","Finance","Corporate","Corporate","CC-502"
"BLD-101429","BLD-100537","Bishnu Mansour","Bishnu Mansour","Ali Ibrahim","Prakash Mendoza","5","Production","Operations","Operations","CC-956"
"BLD-101430","BLD-101104","Juan Gurung","Juan Gurung","Juan Malik","Mariam Khan","5","People & Culture","Corporate","Corporate","CC-310"
"BLD-101431","BLD-101473","Pooja Abdullah","Pooja Abdullah","Deepak Mahmoud","Pooja Chowdhury","5","Corporate & Executive Office","Corporate","Corporate","CC-577"
"BLD-101432","BLD-101473","Pooja Abdullah","Pooja Abdullah","Deepak Mahmoud","Pooja Chowdhury","5","Corporate & Executive Office","Corporate","Corporate","CC-577"
"BLD-101433","BLD-101390","Omar Chowdhury","Omar Chowdhury","Suresh Hassan","Deepak Gurung","5","Sales & Distribution","Commercial","Commercial","CC-310"
"BLD-101434","BLD-100494","Ravi Youssef","Ravi Youssef","Ahmed Ibrahim",,"4","Engineering & Maintenance","Operations","Operations","CC-178"
"BLD-101435","BLD-101302","Khalid Santos","Khalid Santos","Ravi Khan","Suresh Reyes","5","Supply Chain & Logistics","Supply Chain","Supply Chain","CC-370"
"BLD-101436","BLD-100008","Ramesh Kapoor","Ramesh Kapoor","Ahmed Ibrahim",,"4","Engineering & Maintenance","Operations","Operations","CC-178"
"BLD-101437","BLD-100905","Sanjay El-Sayed","Sanjay El-Sayed","Amina Al-Kuwari","Priya Farouk","5","Supply Chain & Logistics","Supply Chain","Supply Chain","CC-370"
"BLD-101438","BLD-100115","Hassan Kapoor","Hassan Kapoor","Suresh Devi","Ahmed Ibrahim","5","Engineering & Maintenance","Operations","Operations","CC-178"
"BLD-101439","BLD-100868","Kumar Iqbal","Kumar Iqbal","Sameer Reyes","Krishna Cruz","5","Production","Operations","Operations","CC-956"
"BLD-101440","BLD-100580","Noor Islam","Noor Islam","Mohamed El-Sayed","Kumar Islam","5","Farm Operations","Operations","Operations","CC-662"
"BLD-101441","BLD-100763","Mohamed Rai","Mohamed Rai",,,"3","Sales & Distribution","Commercial","Commercial","CC-310"
"BLD-101442","BLD-100859","Waleed Baig","Waleed Baig","Sameer Al-Sayed","Rakesh Cruz","5","Quality Assurance & Food Safety","Operations","Operations","CC-564"
"BLD-101443","BLD-101219","Santosh Mansour","Santosh Mansour","Manoj Iqbal",,"4","Procurement","Supply Chain","Supply Chain","CC-637"
"BLD-101444","BLD-100014","Sanjay Baig","Sanjay Baig","Ravi Youssef","Ahmed Ibrahim","5","Engineering & Maintenance","Operations","Operations","CC-178"
"BLD-101445","BLD-101369","Anil Gurung","Anil Gurung","Anil Khan",,"4","Quality Assurance & Food Safety","Operations","Operations","CC-564"
"BLD-101446","BLD-100199","Anil Khan","Anil Khan",,,"3","Sales & Distribution","Commercial","Commercial","CC-310"
"BLD-101447","BLD-100919","Ramesh Santos","Ramesh Santos","Ali Gurung","Priya Farouk","5","Supply Chain & Logistics","Supply Chain","Supply Chain","CC-370"
"BLD-101448","BLD-101128","Rakesh Cruz","Rakesh Cruz",,,"3","Quality Assurance & Food Safety","Operations","Operations","CC-564"
"BLD-101449","BLD-100136","Rina Iqbal","Rina Iqbal","Deepak Mahmoud","Pooja Chowdhury","5","Corporate & Executive Office","Corporate","Corporate","CC-577"
"BLD-101450","BLD-100456","Krishna Thapa","Krishna Thapa","Ahmed Cruz","Anil Khan","5","Farm Operations","Operations","Operations","CC-662"
"BLD-101451","BLD-100785","Faisal Cruz","Faisal Cruz","Deepak Mahmoud","Pooja Chowdhury","5","Corporate & Executive Office","Corporate","Corporate","CC-577"
"BLD-101452","BLD-100709","Rakesh Youssef","Rakesh Youssef","Omar Malik","Anil Khan","5","Production","Operations","Operations","CC-956"
"BLD-101453","BLD-100968","Krishna Santos","Krishna Santos","Faisal Chowdhury","Krishna Cruz","5","Production","Operations","Operations","CC-956"
"BLD-101454","BLD-100951","Yasmin Sharma","Yasmin Sharma","Noor Al-Sayed",,"4","Sales & Distribution","Commercial","Commercial","CC-310"
"BLD-101455","BLD-100463","Aisha Ahmed","Aisha Ahmed","Manoj Al-Kuwari","Huda Abdullah","5","Quality Assurance & Food Safety","Operations","Operations","CC-564"
"BLD-101456","BLD-100772","Ramesh Malik","Ramesh Malik","Anil Fernandes","Anil Khan","5","Farm Operations","Operations","Operations","CC-662"
"BLD-101457","BLD-100513","Hari Al-Marri","Hari Al-Marri","Ali Baig","Ramesh Islam","5","IT & Digital","Corporate","Corporate","CC-289"
"BLD-101458","BLD-101509","Suresh Reyes","Suresh Reyes",,,"3","R&D","Operations","Operations","CC-118"
"BLD-101459","BLD-100672","Rakesh Baig","Rakesh Baig","Noor Al-Sayed",,"4","Sales & Distribution","Commercial","Commercial","CC-310"
"BLD-101460","BLD-100005","Ravi Mansour","Ravi Mansour","Ramesh Kapoor","Ahmed Ibrahim","5","Engineering & Maintenance","Operations","Operations","CC-178"
"BLD-101461","BLD-100942","Sanjay Fernandes","Sanjay Fernandes","Noor Islam","Mohamed Rai","5","Procurement","Supply Chain","Supply Chain","CC-637"
"BLD-101462","BLD-101033","Hassan Cruz","Hassan Cruz","Dina Reyes","Prakash Mendoza","5","People & Culture","Corporate","Corporate","CC-310"
"BLD-101463","BLD-100154","Bishnu Mendoza","Bishnu Mendoza","Pooja Chowdhury",,"4","Corporate & Executive Office","Corporate","Corporate","CC-577"
"BLD-101464","BLD-100762","Juan Mendoza","Juan Mendoza","Nadia Reyes","Krishna Cruz","5","Finance","Corporate","Corporate","CC-502"
"BLD-101465","BLD-101128","Rakesh Cruz","Rakesh Cruz",,,"3","Quality Assurance & Food Safety","Operations","Operations","CC-564"
"BLD-101466","BLD-100139","Rajesh Ibrahim","Rajesh Ibrahim","Sanjay Devi","Noor Al-Sayed","5","Supply Chain & Logistics","Supply Chain","Supply Chain","CC-370"
"BLD-101467","BLD-101374","Layla Ahmed","Layla Ahmed","Rakesh Cruz","Suresh Reyes","5","Supply Chain & Logistics","Supply Chain","Supply Chain","CC-370"
"BLD-101468","BLD-100394","Hari Abdullah","Hari Abdullah","Prakash Mendoza",,"4","Production","Operations","Operations","CC-956"
"BLD-101469","BLD-100509","Rina Hassan","Rina Hassan","Sanjay Abdullah","Suresh Reyes","5","Supply Chain & Logistics","Supply Chain","Supply Chain","CC-370"
"BLD-101470","BLD-101472","Suresh Mahmoud","Suresh Mahmoud","Jose Islam","Krishna Kapoor","5","Finance","Corporate","Corporate","CC-502"
"BLD-101471","BLD-100008","Ramesh Kapoor","Ramesh Kapoor","Ahmed Ibrahim",,"4","Engineering & Maintenance","Operations","Operations","CC-178"
"BLD-101472","BLD-100386","Jose Islam","Jose Islam","Krishna Kapoor",,"4","Finance","Corporate","Corporate","CC-502"
"BLD-101473","BLD-101136","Deepak Mahmoud","Deepak Mahmoud","Pooja Chowdhury",,"4","Corporate & Executive Office","Corporate","Corporate","CC-577"
"BLD-101474","BLD-101364","Manoj Rai","Manoj Rai","Krishna Kapoor",,"4","Finance","Corporate","Corporate","CC-502"
"BLD-101475","BLD-100790","Suresh Devi","Suresh Devi","Ahmed Ibrahim",,"4","Engineering & Maintenance","Operations","Operations","CC-178"
"BLD-101476","BLD-100915","Ahmed Iqbal","Ahmed Iqbal","Suresh Khan","Huda Abdullah","5","Sales & Distribution","Commercial","Commercial","CC-310"
"BLD-101477","BLD-101125","Faisal Iqbal","Faisal Iqbal","Jose Fernandes","Manoj Iqbal","5","Procurement","Supply Chain","Supply Chain","CC-637"
"BLD-101478","BLD-100009","Juan Al-Sayed","Juan Al-Sayed","Deepak Gurung",,"4","IT & Digital","Corporate","Corporate","CC-289"
"BLD-101479","BLD-101359","Anita Mansour","Anita Mansour","Hind Khan","Suresh Reyes","5","R&D","Operations","Operations","CC-118"
"BLD-101480","BLD-100861","Pooja Chowdhury","Pooja Chowdhury",,,"3","Production","Operations","Operations","CC-956"
"BLD-101481","BLD-101115","Krishna Youssef","Krishna Youssef","Sanjay Devi","Noor Al-Sayed","5","Supply Chain & Logistics","Supply Chain","Supply Chain","CC-370"
"BLD-101482","BLD-100445","Mona Sharma","Mona Sharma","Rakesh Kapoor",,"4","Marketing","Commercial","Commercial","CC-916"
"BLD-101483","BLD-100413","Ahmed Ibrahim","Ahmed Ibrahim",,,"3","Quality Assurance & Food Safety","Operations","Operations","CC-564"
"BLD-101484","BLD-101147","Deepak Gurung","Deepak Gurung",,,"3","IT & Digital","Corporate","Corporate","CC-289"
"BLD-101485","BLD-101409","Faisal Mahmoud","Faisal Mahmoud","Krishna Kapoor",,"4","Finance","Corporate","Corporate","CC-502"
"BLD-101486","BLD-100820","Manoj Abdullah","Manoj Abdullah","Mariam Chowdhury","Sameer Abdullah","5","Finance","Corporate","Corporate","CC-502"
"BLD-101487","BLD-100947","Manoj Fernandes","Manoj Fernandes","Ahmed Santos","Noor Al-Sayed","5","People & Culture","Corporate","Corporate","CC-310"
"BLD-101488","BLD-100923","Vikram Islam","Vikram Islam","Krishna Kapoor",,"4","Finance","Corporate","Corporate","CC-502"
"BLD-101489","BLD-100907","Dalia Baig","Dalia Baig","Ahmed Farouk","Rakesh Cruz","5","Quality Assurance & Food Safety","Operations","Operations","CC-564"
"BLD-101490","BLD-100014","Sanjay Baig","Sanjay Baig","Ravi Youssef","Ahmed Ibrahim","5","Engineering & Maintenance","Operations","Operations","CC-178"
"BLD-101491","BLD-100813","Hind Khan","Hind Khan","Suresh Reyes",,"4","R&D","Operations","Operations","CC-118"
"BLD-101492","BLD-100290","Bishnu Khan","Bishnu Khan","Ravi Al-Sayed","Ahmed Ibrahim","5","R&D","Operations","Operations","CC-118"
"BLD-101493","BLD-100567","Pooja Chowdhury","Pooja Chowdhury","Sunita Youssef","Mariam Khan","5","People & Culture","Corporate","Corporate","CC-310"
"BLD-101494","BLD-101370","Maria Farouk","Maria Farouk","Manoj Fernandes",,"4","R&D","Operations","Operations","CC-118"
"BLD-101495","BLD-100665","Ahmed Baig","Ahmed Baig","Ahmed Ibrahim",,"4","Quality Assurance & Food Safety","Operations","Operations","CC-564"
"BLD-101496","BLD-100481","Mohamed Khan","Mohamed Khan","Sameer Reyes","Krishna Cruz","5","Production","Operations","Operations","CC-956"
"BLD-101497","BLD-100155","Sameer Abdullah","Sameer Abdullah",,,"3","Finance","Corporate","Corporate","CC-502"
"BLD-101498","BLD-101185","Anil Mendoza","Anil Mendoza","Sameer Reyes","Krishna Cruz","5","Production","Operations","Operations","CC-956"
"BLD-101499","BLD-100035","Noor Mahmoud","Noor Mahmoud","Waleed Rai","Reem Kapoor","5","People & Culture","Corporate","Corporate","CC-310"
"BLD-101500","BLD-101374","Layla Ahmed","Layla Ahmed","Rakesh Cruz","Suresh Reyes","5","Supply Chain & Logistics","Supply Chain","Supply Chain","CC-370"
"BLD-101501","BLD-100701","Rowena Kapoor","Rowena Kapoor","Rina Ibrahim","Suresh Reyes","5","R&D","Operations","Operations","CC-118"
"BLD-101502","BLD-101399","Anil Al-Kuwari","Anil Al-Kuwari","Hassan Baig","Suresh Reyes","5","Sales & Distribution","Commercial","Commercial","CC-310"
"BLD-101503","BLD-101064","Nadia Baig","Nadia Baig","Hassan Baig","Suresh Reyes","5","Sales & Distribution","Commercial","Commercial","CC-310"
"BLD-101504","BLD-100182","Juan Hassan","Juan Hassan","Huda Abdullah",,"4","Production","Operations","Operations","CC-956"
"BLD-101505","BLD-101192","Rajesh Ahmed","Rajesh Ahmed","Rania Kapoor","Pooja Chowdhury","5","Corporate & Executive Office","Corporate","Corporate","CC-577"
"BLD-101506","BLD-101410","Anil Fernandes","Anil Fernandes","Prakash Kapoor","Rakesh Cruz","5","Supply Chain & Logistics","Supply Chain","Supply Chain","CC-370"
"BLD-101507","BLD-101057","Rajesh Fernandes","Rajesh Fernandes","Rakesh Cruz",,"4","Quality Assurance & Food Safety","Operations","Operations","CC-564"
"BLD-101508","BLD-100015","Omar Al-Sayed","Omar Al-Sayed","Ravi Youssef","Ahmed Ibrahim","5","Engineering & Maintenance","Operations","Operations","CC-178"
"BLD-101509","BLD-100001","Yousef Al-Attiyah",,,,"2","Supply Chain & Logistics","Supply Chain","Supply Chain","CC-370"
"BLD-101510","BLD-100993","Faisal Chowdhury","Faisal Chowdhury","Krishna Cruz",,"4","Production","Operations","Operations","CC-956"
"BLD-101511","BLD-101149","Noor Sharma","Noor Sharma","Tariq Khan","Prakash Mendoza","5","People & Culture","Corporate","Corporate","CC-310"
