"employee_id","course_name","training_category","training_hours","training_cost","completion_status","completion_date","certification_achieved"
"BLD-100002","Conflict Resolution","Soft Skills","8","1060","Completed","2024-12-06","No"
"BLD-100002","Coaching for Performance","Leadership","8","1440","Completed","2023-03-11","No"
"BLD-100002","Dairy Processing Fundamentals","Technical","8","1750","Completed","2025-11-29","Yes"
"BLD-100002","Anti-Bribery & Ethics","Mandatory","8","0","Completed","2023-06-19","No"
"BLD-100002","Time Management","Soft Skills","4","1110","Completed","2023-12-24","No"
"BLD-100002","Data Privacy Awareness","Mandatory","2","0","Completed","2024-06-05","No"
"BLD-100002","Dairy Processing Fundamentals","Technical","8","790","In Progress",,"No"
"BLD-100002","Conflict Resolution","Soft Skills","4","740","Completed","2024-11-28","No"
"BLD-100002","Food Safety & HACCP Refresher","Mandatory","2","0","Completed","2025-05-05","No"
"BLD-100002","DOA & Governance Training","Compliance","8","0","Completed","2024-07-08","Yes"
"BLD-100004","Quality Control Techniques","Technical","2","990","In Progress",,"No"
"BLD-100004","Fire & Emergency Response","Mandatory","2","0","Completed","2023-03-05","No"
"BLD-100004","First-Time Manager Program","Leadership","8","1510","Completed","2024-09-02","No"
"BLD-100004","Time Management","Soft Skills","2","330","Completed","2023-07-03","No"
"BLD-100004","Cold Chain Logistics","Technical","4","460","Completed","2023-06-26","Yes"
"BLD-100004","SAP for HR Users","Technical","4","890","Completed","2023-11-27","Yes"
"BLD-100004","Time Management","Soft Skills","8","700","Not Started",,"No"
"BLD-100004","DOA & Governance Training","Compliance","8","0","Completed","2025-03-18","Yes"
"BLD-100005","Health & Safety Induction","Mandatory","8","0","Completed","2023-09-17","No"
"BLD-100005","Cold Chain Logistics","Technical","4","1350","Completed","2023-11-27","Yes"
"BLD-100005","Food Safety & HACCP Refresher","Mandatory","4","0","Completed","2023-12-14","No"
"BLD-100005","Food Safety & HACCP Refresher","Mandatory","4","0","Completed","2023-06-07","No"
"BLD-100006","Advanced Excel for Reporting","Technical","4","2070","Completed","2024-08-17","Yes"
"BLD-100006","Quality Control Techniques","Technical","4","1050","Completed","2024-02-03","No"
"BLD-100006","Fire & Emergency Response","Mandatory","4","0","Completed","2024-12-30","No"
"BLD-100006","Data Privacy Awareness","Mandatory","8","0","Completed","2025-10-25","No"
"BLD-100006","Data Privacy Awareness","Mandatory","16","0","Completed","2023-09-17","No"
"BLD-100006","First-Time Manager Program","Leadership","4","1850","Completed","2025-11-21","No"
"BLD-100006","Time Management","Soft Skills","2","1210","Completed","2025-12-22","No"
"BLD-100008","Fire & Emergency Response","Mandatory","8","0","Completed","2023-01-06","No"
"BLD-100008","Fire & Emergency Response","Mandatory","2","0","In Progress",,"No"
"BLD-100008","Data Privacy Awareness","Mandatory","4","0","In Progress",,"No"
"BLD-100008","Food Safety & HACCP Refresher","Mandatory","2","0","Completed","2023-12-18","No"
"BLD-100008","Advanced Excel for Reporting","Technical","2","180","Completed","2023-11-03","No"
"BLD-100008","Food Safety & HACCP Refresher","Mandatory","4","0","Completed","2025-04-19","No"
"BLD-100008","Anti-Bribery & Ethics","Mandatory","8","0","Completed","2023-04-03","No"
"BLD-100008","Data Privacy Awareness","Mandatory","2","0","In Progress",,"No"
"BLD-100008","Advanced Excel for Reporting","Technical","4","1510","Not Started",,"No"
"BLD-100008","Health & Safety Induction","Mandatory","16","0","Completed","2024-10-16","No"
"BLD-100008","Strategic Leadership Workshop","Leadership","2","440","Completed","2023-01-08","No"
"BLD-100009","Conflict Resolution","Soft Skills","8","630","Completed","2025-04-18","No"
"BLD-100009","Presentation Skills","Soft Skills","4","1000","Completed","2025-10-12","No"
"BLD-100009","Strategic Leadership Workshop","Leadership","8","1080","Completed","2023-10-22","No"
"BLD-100009","Qatar Labor Law Essentials","Compliance","8","0","Completed","2025-08-24","No"
"BLD-100009","Food Safety & HACCP Refresher","Mandatory","8","0","Completed","2025-10-09","No"
"BLD-100009","Effective Communication","Soft Skills","2","730","Completed","2024-05-14","No"
"BLD-100010","Food Safety & HACCP Refresher","Mandatory","2","0","Completed","2024-03-18","No"
"BLD-100011","Cold Chain Logistics","Technical","8","1890","Completed","2023-05-01","Yes"
"BLD-100012","Effective Communication","Soft Skills","2","2050","Completed","2025-07-06","No"
"BLD-100012","Conflict Resolution","Soft Skills","16","1790","Completed","2024-11-19","No"
"BLD-100012","DOA & Governance Training","Compliance","2","0","Completed","2023-12-21","No"
"BLD-100012","Quality Control Techniques","Technical","4","1460","Completed","2023-03-09","Yes"
"BLD-100012","Dairy Processing Fundamentals","Technical","2","900","Completed","2025-03-18","Yes"
"BLD-100012","Egyptian Labor Law Essentials","Compliance","2","0","Not Started",,"No"
"BLD-100013","DOA & Governance Training","Compliance","2","0","Completed","2025-05-10","Yes"
"BLD-100013","DOA & Governance Training","Compliance","16","0","Completed","2023-03-26","No"
"BLD-100013","Time Management","Soft Skills","8","1780","Not Started",,"No"
"BLD-100013","Anti-Bribery & Ethics","Mandatory","4","0","Completed","2024-06-04","No"
"BLD-100013","Data Privacy Awareness","Mandatory","4","0","Completed","2024-04-20","No"
"BLD-100013","Quality Control Techniques","Technical","8","1790","Completed","2023-08-24","No"
"BLD-100013","Anti-Bribery & Ethics","Mandatory","2","0","Completed","2024-05-03","No"
"BLD-100013","Cold Chain Logistics","Technical","8","1530","Completed","2025-01-08","No"
"BLD-100013","Fire & Emergency Response","Mandatory","4","0","Completed","2023-11-10","No"
"BLD-100013","Food Safety & HACCP Refresher","Mandatory","16","0","Completed","2025-01-07","No"
"BLD-100013","Qatar Labor Law Essentials","Compliance","4","0","In Progress",,"No"
"BLD-100014","Conflict Resolution","Soft Skills","2","1360","Completed","2023-11-02","No"
"BLD-100014","Food Safety & HACCP Refresher","Mandatory","8","0","Completed","2023-08-06","No"
"BLD-100014","SAP for HR Users","Technical","2","2030","Completed","2023-07-31","Yes"
"BLD-100014","Effective Communication","Soft Skills","2","1870","Completed","2024-02-26","No"
"BLD-100014","Effective Communication","Soft Skills","8","340","In Progress",,"No"
"BLD-100014","Data Privacy Awareness","Mandatory","2","0","Completed","2024-02-14","No"
"BLD-100015","Data Privacy Awareness","Mandatory","4","0","Completed","2025-11-21","No"
"BLD-100015","Effective Communication","Soft Skills","2","1790","In Progress",,"No"
"BLD-100015","DOA & Governance Training","Compliance","8","0","Completed","2025-02-04","Yes"
"BLD-100015","Data Privacy Awareness","Mandatory","8","0","Completed","2024-07-06","No"
"BLD-100016","First-Time Manager Program","Leadership","8","1600","Completed","2023-02-16","No"
"BLD-100016","Data Privacy Awareness","Mandatory","16","0","Completed","2023-07-21","No"
"BLD-100016","Qatar Labor Law Essentials","Compliance","4","0","Completed","2024-11-28","No"
"BLD-100016","Quality Control Techniques","Technical","8","1480","Not Started",,"No"
"BLD-100016","Anti-Bribery & Ethics","Mandatory","4","0","Completed","2025-09-28","No"
"BLD-100016","Anti-Bribery & Ethics","Mandatory","2","0","Completed","2023-04-13","No"
"BLD-100016","SAP for HR Users","Technical","4","1450","Completed","2023-06-18","Yes"
"BLD-100016","Strategic Leadership Workshop","Leadership","2","220","Completed","2024-06-07","No"
"BLD-100017","Quality Control Techniques","Technical","8","1970","In Progress",,"No"
"BLD-100017","Cold Chain Logistics","Technical","8","790","In Progress",,"No"
"BLD-100017","Quality Control Techniques","Technical","2","300","In Progress",,"No"
"BLD-100017","Food Safety & HACCP Refresher","Mandatory","2","0","Completed","2023-11-04","No"
"BLD-100017","Dairy Processing Fundamentals","Technical","2","1850","In Progress",,"No"
"BLD-100017","Cold Chain Logistics","Technical","2","1380","Completed","2024-07-11","No"
"BLD-100017","Time Management","Soft Skills","8","790","Completed","2023-06-07","No"
"BLD-100017","Cold Chain Logistics","Technical","4","170","Completed","2025-04-09","Yes"
"BLD-100017","Anti-Bribery & Ethics","Mandatory","8","0","Not Started",,"No"
"BLD-100017","First-Time Manager Program","Leadership","16","440","Completed","2025-07-08","No"
"BLD-100017","SAP for HR Users","Technical","8","1040","Completed","2023-03-29","Yes"
"BLD-100018","Food Safety & HACCP Refresher","Mandatory","4","0","Completed","2024-02-19","No"
"BLD-100018","Health & Safety Induction","Mandatory","8","0","Completed","2023-07-25","No"
"BLD-100018","Strategic Leadership Workshop","Leadership","8","270","Completed","2024-07-20","No"
"BLD-100019","Advanced Excel for Reporting","Technical","4","510","Completed","2025-10-02","Yes"
"BLD-100019","Data Privacy Awareness","Mandatory","4","0","Completed","2025-10-13","No"
"BLD-100019","Strategic Leadership Workshop","Leadership","2","1590","Completed","2023-01-09","No"
"BLD-100019","Conflict Resolution","Soft Skills","4","1710","In Progress",,"No"
"BLD-100019","DOA & Governance Training","Compliance","16","0","Completed","2024-05-19","Yes"
"BLD-100019","DOA & Governance Training","Compliance","4","0","Completed","2025-11-19","No"
"BLD-100019","Presentation Skills","Soft Skills","2","1650","Completed","2024-11-29","No"
"BLD-100019","Health & Safety Induction","Mandatory","2","0","Completed","2025-11-21","No"
"BLD-100019","Time Management","Soft Skills","4","2150","Completed","2023-03-23","No"
"BLD-100019","Data Privacy Awareness","Mandatory","4","0","Completed","2023-10-19","No"
"BLD-100019","Conflict Resolution","Soft Skills","2","910","Completed","2024-02-09","No"
"BLD-100019","Qatar Labor Law Essentials","Compliance","8","0","Completed","2023-01-09","No"
"BLD-100019","Conflict Resolution","Soft Skills","2","630","Completed","2023-09-14","No"
"BLD-100020","Advanced Excel for Reporting","Technical","8","1530","Completed","2024-03-30","Yes"
"BLD-100020","Conflict Resolution","Soft Skills","2","1360","Completed","2023-05-06","No"
"BLD-100020","Time Management","Soft Skills","2","320","Completed","2024-05-08","No"
"BLD-100021","Cold Chain Logistics","Technical","2","560","Completed","2023-11-27","No"
"BLD-100021","Quality Control Techniques","Technical","4","2120","Completed","2024-07-05","Yes"
"BLD-100021","Presentation Skills","Soft Skills","2","820","In Progress",,"No"
"BLD-100021","Advanced Excel for Reporting","Technical","4","1490","Completed","2025-03-24","Yes"
"BLD-100021","Dairy Processing Fundamentals","Technical","8","730","Completed","2023-06-20","No"
"BLD-100021","DOA & Governance Training","Compliance","4","0","Not Started",,"No"
"BLD-100021","Qatar Labor Law Essentials","Compliance","8","0","In Progress",,"No"
"BLD-100021","Qatar Labor Law Essentials","Compliance","4","0","Completed","2023-07-22","No"
"BLD-100021","Conflict Resolution","Soft Skills","4","220","Not Started",,"No"
"BLD-100021","Anti-Bribery & Ethics","Mandatory","2","0","Completed","2024-09-19","No"
"BLD-100021","Dairy Processing Fundamentals","Technical","4","790","Completed","2025-07-22","Yes"
"BLD-100021","Food Safety & HACCP Refresher","Mandatory","8","0","Completed","2025-12-06","No"
"BLD-100022","Health & Safety Induction","Mandatory","8","0","Completed","2023-03-15","No"
"BLD-100022","Quality Control Techniques","Technical","2","1030","Completed","2023-11-05","Yes"
"BLD-100023","Advanced Excel for Reporting","Technical","8","460","Completed","2023-12-16","No"
"BLD-100023","Food Safety & HACCP Refresher","Mandatory","2","0","Completed","2023-06-18","No"
"BLD-100023","First-Time Manager Program","Leadership","2","1320","Completed","2025-01-23","No"
"BLD-100023","Fire & Emergency Response","Mandatory","8","0","Completed","2024-05-16","No"
"BLD-100023","Qatar Labor Law Essentials","Compliance","8","0","Completed","2023-09-30","Yes"
"BLD-100023","Coaching for Performance","Leadership","16","890","Completed","2023-06-12","No"
"BLD-100023","Qatar Labor Law Essentials","Compliance","4","0","Completed","2024-07-18","Yes"
"BLD-100025","Anti-Bribery & Ethics","Mandatory","8","0","Completed","2023-11-27","No"
"BLD-100025","Cold Chain Logistics","Technical","8","1370","Completed","2025-04-30","No"
"BLD-100026","Food Safety & HACCP Refresher","Mandatory","16","0","Completed","2023-09-20","No"
"BLD-100026","Effective Communication","Soft Skills","8","1250","Completed","2023-05-04","No"
"BLD-100026","Health & Safety Induction","Mandatory","4","0","Completed","2023-08-21","No"
"BLD-100027","Strategic Leadership Workshop","Leadership","4","1540","Completed","2025-04-16","No"
"BLD-100027","DOA & Governance Training","Compliance","16","0","Completed","2025-10-09","Yes"
"BLD-100027","DOA & Governance Training","Compliance","4","0","Completed","2025-10-26","No"
"BLD-100027","Dairy Processing Fundamentals","Technical","8","460","Not Started",,"No"
"BLD-100027","Data Privacy Awareness","Mandatory","8","0","In Progress",,"No"
"BLD-100027","Food Safety & HACCP Refresher","Mandatory","4","0","Completed","2024-12-07","No"
"BLD-100028","Fire & Emergency Response","Mandatory","8","0","Completed","2023-08-19","No"
"BLD-100028","Advanced Excel for Reporting","Technical","8","1970","Completed","2024-11-17","No"
"BLD-100028","First-Time Manager Program","Leadership","4","1380","In Progress",,"No"
"BLD-100028","Dairy Processing Fundamentals","Technical","4","960","Completed","2023-08-04","Yes"
"BLD-100028","Qatar Labor Law Essentials","Compliance","16","0","Completed","2024-01-08","Yes"
"BLD-100028","DOA & Governance Training","Compliance","2","0","Completed","2025-08-23","Yes"
"BLD-100028","Dairy Processing Fundamentals","Technical","2","240","Completed","2024-05-28","No"
"BLD-100028","Coaching for Performance","Leadership","2","670","Completed","2024-06-27","No"
"BLD-100028","Qatar Labor Law Essentials","Compliance","16","0","Not Started",,"No"
"BLD-100028","Conflict Resolution","Soft Skills","16","300","Completed","2025-10-28","No"
"BLD-100029","Health & Safety Induction","Mandatory","2","0","In Progress",,"No"
"BLD-100029","Strategic Leadership Workshop","Leadership","2","910","Completed","2024-05-02","No"
"BLD-100029","Egyptian Labor Law Essentials","Compliance","2","0","Not Started",,"No"
"BLD-100029","Data Privacy Awareness","Mandatory","8","0","Completed","2023-09-13","No"
"BLD-100029","Time Management","Soft Skills","2","1000","Completed","2023-05-03","No"
"BLD-100030","SAP for HR Users","Technical","4","1250","Completed","2024-02-01","Yes"
"BLD-100030","Effective Communication","Soft Skills","4","2100","Completed","2024-02-13","No"
"BLD-100030","Anti-Bribery & Ethics","Mandatory","2","0","Completed","2024-02-21","No"
"BLD-100030","Effective Communication","Soft Skills","2","1400","Completed","2025-11-30","No"
"BLD-100030","Quality Control Techniques","Technical","2","2180","Completed","2025-06-14","Yes"
"BLD-100030","Data Privacy Awareness","Mandatory","16","0","Completed","2024-09-04","No"
"BLD-100030","Dairy Processing Fundamentals","Technical","8","1430","Completed","2024-11-29","Yes"
"BLD-100030","Conflict Resolution","Soft Skills","4","1460","Completed","2024-08-28","No"
"BLD-100030","Fire & Emergency Response","Mandatory","2","0","Completed","2025-05-24","No"
"BLD-100030","Food Safety & HACCP Refresher","Mandatory","4","0","Completed","2023-06-17","No"
"BLD-100030","Advanced Excel for Reporting","Technical","8","1100","Completed","2024-12-22","Yes"
"BLD-100031","DOA & Governance Training","Compliance","8","0","Completed","2023-12-18","No"
"BLD-100031","Qatar Labor Law Essentials","Compliance","16","0","Completed","2023-09-25","Yes"
"BLD-100032","Data Privacy Awareness","Mandatory","2","0","Completed","2023-05-24","No"
"BLD-100032","Strategic Leadership Workshop","Leadership","2","820","Completed","2023-06-28","No"
"BLD-100032","Conflict Resolution","Soft Skills","2","1520","Completed","2025-08-12","No"
"BLD-100032","Health & Safety Induction","Mandatory","2","0","Completed","2025-09-29","No"
"BLD-100032","Fire & Emergency Response","Mandatory","4","0","Completed","2025-04-22","No"
"BLD-100032","Coaching for Performance","Leadership","2","1430","Completed","2025-02-25","No"
"BLD-100032","Advanced Excel for Reporting","Technical","8","200","Completed","2025-02-07","No"
"BLD-100032","Advanced Excel for Reporting","Technical","16","1900","Completed","2025-07-27","Yes"
"BLD-100032","Strategic Leadership Workshop","Leadership","2","650","In Progress",,"No"
"BLD-100032","Time Management","Soft Skills","16","1680","Completed","2025-07-13","No"
"BLD-100032","Qatar Labor Law Essentials","Compliance","4","0","Completed","2024-06-10","No"
"BLD-100032","Health & Safety Induction","Mandatory","4","0","Completed","2023-10-10","No"
"BLD-100033","Quality Control Techniques","Technical","8","430","Completed","2025-05-24","Yes"
"BLD-100033","Quality Control Techniques","Technical","2","470","Completed","2025-12-30","No"
"BLD-100033","Time Management","Soft Skills","2","430","Completed","2025-12-10","No"
"BLD-100033","Anti-Bribery & Ethics","Mandatory","8","0","Completed","2025-08-27","No"
"BLD-100034","Qatar Labor Law Essentials","Compliance","2","0","Completed","2025-12-06","Yes"
"BLD-100034","Health & Safety Induction","Mandatory","4","0","Completed","2025-01-06","No"
"BLD-100034","Conflict Resolution","Soft Skills","4","810","Completed","2025-06-19","No"
"BLD-100034","Effective Communication","Soft Skills","8","450","In Progress",,"No"
"BLD-100034","Anti-Bribery & Ethics","Mandatory","2","0","Completed","2023-11-04","No"
"BLD-100034","Food Safety & HACCP Refresher","Mandatory","2","0","Completed","2025-07-21","No"
"BLD-100034","Data Privacy Awareness","Mandatory","8","0","In Progress",,"No"
"BLD-100034","Food Safety & HACCP Refresher","Mandatory","8","0","In Progress",,"No"
"BLD-100034","Dairy Processing Fundamentals","Technical","8","340","Completed","2024-08-20","Yes"
"BLD-100034","DOA & Governance Training","Compliance","4","0","Completed","2025-02-21","Yes"
"BLD-100035","Qatar Labor Law Essentials","Compliance","2","0","Completed","2023-03-25","Yes"
"BLD-100036","First-Time Manager Program","Leadership","2","1660","Completed","2025-03-28","No"
"BLD-100036","Presentation Skills","Soft Skills","8","200","Completed","2025-10-17","No"
"BLD-100036","Cold Chain Logistics","Technical","2","1010","Completed","2023-04-24","No"
"BLD-100036","Advanced Excel for Reporting","Technical","2","1220","Completed","2024-05-08","No"
"BLD-100036","Anti-Bribery & Ethics","Mandatory","2","0","Completed","2024-10-17","No"
"BLD-100036","Coaching for Performance","Leadership","2","1980","Completed","2025-06-28","No"
"BLD-100036","Time Management","Soft Skills","2","590","Completed","2024-05-23","No"
"BLD-100036","Egyptian Labor Law Essentials","Compliance","2","0","Completed","2024-03-30","Yes"
"BLD-100036","Health & Safety Induction","Mandatory","2","0","In Progress",,"No"
"BLD-100036","SAP for HR Users","Technical","2","880","Completed","2024-01-31","No"
"BLD-100036","Fire & Emergency Response","Mandatory","16","0","Completed","2025-08-31","No"
"BLD-100037","Qatar Labor Law Essentials","Compliance","4","0","Not Started",,"No"
"BLD-100037","Fire & Emergency Response","Mandatory","4","0","Completed","2024-04-11","No"
"BLD-100037","Coaching for Performance","Leadership","8","500","Not Started",,"No"
"BLD-100037","Quality Control Techniques","Technical","16","930","Completed","2024-05-06","No"
"BLD-100038","Quality Control Techniques","Technical","4","2050","In Progress",,"No"
"BLD-100038","Quality Control Techniques","Technical","2","1070","Completed","2024-02-25","No"
"BLD-100038","Strategic Leadership Workshop","Leadership","2","860","Completed","2024-08-06","No"
"BLD-100038","Food Safety & HACCP Refresher","Mandatory","8","0","Completed","2025-08-04","No"
"BLD-100038","First-Time Manager Program","Leadership","8","680","In Progress",,"No"
"BLD-100038","Effective Communication","Soft Skills","8","260","Not Started",,"No"
"BLD-100039","DOA & Governance Training","Compliance","4","0","Completed","2024-01-03","No"
"BLD-100039","Cold Chain Logistics","Technical","4","160","Completed","2025-10-23","No"
"BLD-100039","SAP for HR Users","Technical","4","700","Completed","2024-04-21","Yes"
"BLD-100039","Cold Chain Logistics","Technical","16","2130","In Progress",,"No"
"BLD-100040","Dairy Processing Fundamentals","Technical","2","1780","In Progress",,"No"
"BLD-100040","Anti-Bribery & Ethics","Mandatory","2","0","In Progress",,"No"
"BLD-100040","Fire & Emergency Response","Mandatory","4","0","Completed","2024-07-24","No"
"BLD-100040","Data Privacy Awareness","Mandatory","4","0","Completed","2025-01-02","No"
"BLD-100040","Anti-Bribery & Ethics","Mandatory","4","0","Completed","2024-05-21","No"
"BLD-100040","Anti-Bribery & Ethics","Mandatory","2","0","Completed","2023-07-26","No"
"BLD-100040","Effective Communication","Soft Skills","8","2150","Completed","2024-03-19","No"
"BLD-100040","Coaching for Performance","Leadership","4","1030","Completed","2025-08-13","No"
"BLD-100040","Health & Safety Induction","Mandatory","16","0","Not Started",,"No"
"BLD-100040","Anti-Bribery & Ethics","Mandatory","8","0","Completed","2024-07-26","No"
"BLD-100041","Conflict Resolution","Soft Skills","2","1250","In Progress",,"No"
"BLD-100041","Coaching for Performance","Leadership","4","280","Not Started",,"No"
"BLD-100041","SAP for HR Users","Technical","2","740","Not Started",,"No"
"BLD-100041","Data Privacy Awareness","Mandatory","8","0","In Progress",,"No"
"BLD-100042","Advanced Excel for Reporting","Technical","4","890","Completed","2023-03-17","Yes"
"BLD-100042","Qatar Labor Law Essentials","Compliance","4","0","In Progress",,"No"
"BLD-100042","First-Time Manager Program","Leadership","2","570","Not Started",,"No"
"BLD-100042","Food Safety & HACCP Refresher","Mandatory","4","0","In Progress",,"No"
"BLD-100042","Effective Communication","Soft Skills","2","460","Completed","2023-06-05","No"
"BLD-100042","Food Safety & HACCP Refresher","Mandatory","16","0","Completed","2024-01-10","No"
"BLD-100042","Coaching for Performance","Leadership","8","1420","In Progress",,"No"
"BLD-100042","Effective Communication","Soft Skills","2","340","Completed","2023-09-26","No"
"BLD-100042","Time Management","Soft Skills","4","1730","Completed","2023-10-06","No"
"BLD-100042","Dairy Processing Fundamentals","Technical","8","1530","Completed","2024-06-16","No"
"BLD-100043","SAP for HR Users","Technical","4","1190","Completed","2023-06-20","Yes"
"BLD-100043","Advanced Excel for Reporting","Technical","4","290","Completed","2023-05-28","No"
"BLD-100043","Health & Safety Induction","Mandatory","16","0","Completed","2023-10-31","No"
"BLD-100044","Coaching for Performance","Leadership","8","2120","Completed","2024-07-22","No"
"BLD-100044","Time Management","Soft Skills","4","1660","Completed","2024-05-20","No"
"BLD-100044","Egyptian Labor Law Essentials","Compliance","2","0","Completed","2023-12-21","No"
"BLD-100044","Presentation Skills","Soft Skills","2","380","Not Started",,"No"
"BLD-100044","Health & Safety Induction","Mandatory","2","0","Completed","2023-07-07","No"
"BLD-100044","Presentation Skills","Soft Skills","8","510","Completed","2024-12-22","No"
"BLD-100044","Advanced Excel for Reporting","Technical","2","780","Completed","2023-05-20","No"
"BLD-100044","Egyptian Labor Law Essentials","Compliance","4","0","Completed","2023-03-08","No"
"BLD-100044","Effective Communication","Soft Skills","8","640","Completed","2024-03-01","No"
"BLD-100045","Cold Chain Logistics","Technical","4","630","Completed","2023-11-29","No"
"BLD-100045","Cold Chain Logistics","Technical","8","2200","Completed","2024-12-05","No"
"BLD-100045","Presentation Skills","Soft Skills","4","320","Completed","2025-05-17","No"
"BLD-100045","Quality Control Techniques","Technical","4","1310","Completed","2024-06-25","No"
"BLD-100045","Data Privacy Awareness","Mandatory","8","0","In Progress",,"No"
"BLD-100045","Effective Communication","Soft Skills","8","1970","Completed","2023-05-21","No"
"BLD-100045","Anti-Bribery & Ethics","Mandatory","4","0","In Progress",,"No"
"BLD-100046","Conflict Resolution","Soft Skills","8","1550","Completed","2024-03-17","No"
"BLD-100046","Health & Safety Induction","Mandatory","2","0","In Progress",,"No"
"BLD-100046","Fire & Emergency Response","Mandatory","8","0","Completed","2024-04-05","No"
"BLD-100046","Health & Safety Induction","Mandatory","16","0","Completed","2023-01-06","No"
"BLD-100046","Quality Control Techniques","Technical","2","1740","Completed","2024-09-26","No"
"BLD-100047","Strategic Leadership Workshop","Leadership","16","230","Completed","2024-10-13","No"
"BLD-100048","Quality Control Techniques","Technical","8","910","Completed","2023-01-27","Yes"
"BLD-100049","Qatar Labor Law Essentials","Compliance","16","0","Completed","2023-04-29","No"
"BLD-100049","Anti-Bribery & Ethics","Mandatory","8","0","Completed","2023-06-25","No"
"BLD-100051","Food Safety & HACCP Refresher","Mandatory","2","0","Not Started",,"No"
"BLD-100051","Advanced Excel for Reporting","Technical","8","970","Completed","2023-09-04","Yes"
"BLD-100051","Strategic Leadership Workshop","Leadership","2","2030","In Progress",,"No"
"BLD-100051","Conflict Resolution","Soft Skills","2","250","In Progress",,"No"
"BLD-100051","Dairy Processing Fundamentals","Technical","8","410","Completed","2024-11-09","No"
"BLD-100051","DOA & Governance Training","Compliance","8","0","Completed","2024-04-28","No"
"BLD-100051","Effective Communication","Soft Skills","2","390","Completed","2025-04-01","No"
"BLD-100051","Cold Chain Logistics","Technical","4","960","Completed","2024-07-07","No"
"BLD-100052","Cold Chain Logistics","Technical","2","1760","Completed","2025-08-17","No"
"BLD-100052","Conflict Resolution","Soft Skills","8","840","Completed","2023-11-27","No"
"BLD-100052","Coaching for Performance","Leadership","2","600","Completed","2025-06-28","No"
"BLD-100052","Strategic Leadership Workshop","Leadership","2","860","In Progress",,"No"
"BLD-100052","Anti-Bribery & Ethics","Mandatory","4","0","Not Started",,"No"
"BLD-100052","Health & Safety Induction","Mandatory","2","0","In Progress",,"No"
"BLD-100052","DOA & Governance Training","Compliance","8","0","Completed","2024-08-23","No"
"BLD-100052","Anti-Bribery & Ethics","Mandatory","2","0","Completed","2024-01-09","No"
"BLD-100052","DOA & Governance Training","Compliance","4","0","Completed","2025-10-14","Yes"
"BLD-100052","Quality Control Techniques","Technical","4","560","In Progress",,"No"
"BLD-100052","Effective Communication","Soft Skills","4","440","Not Started",,"No"
"BLD-100052","Time Management","Soft Skills","16","830","Completed","2023-11-15","No"
"BLD-100052","Health & Safety Induction","Mandatory","2","0","Completed","2023-03-09","No"
"BLD-100052","Fire & Emergency Response","Mandatory","2","0","In Progress",,"No"
"BLD-100053","Time Management","Soft Skills","4","1610","Completed","2023-04-15","No"
"BLD-100053","Dairy Processing Fundamentals","Technical","2","1780","Completed","2023-03-18","Yes"
"BLD-100054","DOA & Governance Training","Compliance","2","0","Completed","2025-09-24","Yes"
"BLD-100054","First-Time Manager Program","Leadership","4","1430","Completed","2024-11-12","No"
"BLD-100054","DOA & Governance Training","Compliance","8","0","Completed","2025-01-09","Yes"
"BLD-100054","Quality Control Techniques","Technical","2","1050","Completed","2023-04-06","Yes"
"BLD-100054","Time Management","Soft Skills","8","1120","Completed","2024-08-21","No"
"BLD-100054","Coaching for Performance","Leadership","4","1230","Completed","2025-10-14","No"
"BLD-100054","Qatar Labor Law Essentials","Compliance","4","0","Completed","2023-03-20","No"
"BLD-100054","Quality Control Techniques","Technical","16","1070","Completed","2024-05-28","Yes"
"BLD-100055","SAP for HR Users","Technical","8","220","Completed","2025-04-23","Yes"
"BLD-100056","Qatar Labor Law Essentials","Compliance","16","0","Completed","2023-05-13","No"
"BLD-100056","Time Management","Soft Skills","2","740","Completed","2024-07-27","No"
"BLD-100056","Data Privacy Awareness","Mandatory","16","0","Not Started",,"No"
"BLD-100056","Quality Control Techniques","Technical","4","1910","In Progress",,"No"
"BLD-100056","Health & Safety Induction","Mandatory","8","0","Completed","2023-10-31","No"
"BLD-100057","Dairy Processing Fundamentals","Technical","4","1460","Completed","2023-10-02","No"
"BLD-100057","Quality Control Techniques","Technical","2","540","In Progress",,"No"
"BLD-100057","SAP for HR Users","Technical","2","1710","Completed","2023-03-28","Yes"
"BLD-100057","Food Safety & HACCP Refresher","Mandatory","8","0","Completed","2023-12-03","No"
"BLD-100057","Food Safety & HACCP Refresher","Mandatory","4","0","Completed","2023-01-11","No"
"BLD-100057","Fire & Emergency Response","Mandatory","4","0","Completed","2023-11-27","No"
"BLD-100058","Anti-Bribery & Ethics","Mandatory","16","0","Completed","2024-07-21","No"
"BLD-100058","Food Safety & HACCP Refresher","Mandatory","8","0","Completed","2023-06-13","No"
"BLD-100058","Presentation Skills","Soft Skills","4","770","Completed","2024-10-04","No"
"BLD-100059","SAP for HR Users","Technical","4","1400","Completed","2024-07-26","No"
"BLD-100059","Fire & Emergency Response","Mandatory","4","0","Completed","2025-01-31","No"
"BLD-100059","Health & Safety Induction","Mandatory","2","0","Completed","2023-06-27","No"
"BLD-100059","Anti-Bribery & Ethics","Mandatory","8","0","In Progress",,"No"
"BLD-100060","DOA & Governance Training","Compliance","16","0","Not Started",,"No"
"BLD-100060","Coaching for Performance","Leadership","2","1890","Completed","2025-07-27","No"
"BLD-100060","Cold Chain Logistics","Technical","4","460","Completed","2024-12-09","No"
"BLD-100060","Effective Communication","Soft Skills","4","1200","Completed","2025-07-16","No"
"BLD-100060","DOA & Governance Training","Compliance","4","0","Completed","2024-01-12","Yes"
"BLD-100061","Health & Safety Induction","Mandatory","8","0","Completed","2023-12-06","No"
"BLD-100061","Dairy Processing Fundamentals","Technical","8","730","Completed","2023-01-28","No"
"BLD-100061","Conflict Resolution","Soft Skills","4","2100","Completed","2023-07-27","No"
"BLD-100061","Effective Communication","Soft Skills","4","440","Completed","2023-07-25","No"
"BLD-100061","Data Privacy Awareness","Mandatory","2","0","Completed","2023-08-19","No"
"BLD-100061","Quality Control Techniques","Technical","4","720","Completed","2025-01-21","Yes"
"BLD-100061","Strategic Leadership Workshop","Leadership","2","180","Completed","2024-01-04","No"
"BLD-100061","Quality Control Techniques","Technical","8","920","Completed","2023-08-13","Yes"
"BLD-100061","Quality Control Techniques","Technical","2","1010","Completed","2023-04-17","No"
"BLD-100061","Data Privacy Awareness","Mandatory","4","0","Completed","2025-09-17","No"
"BLD-100061","Qatar Labor Law Essentials","Compliance","4","0","In Progress",,"No"
"BLD-100061","Presentation Skills","Soft Skills","4","1270","Completed","2023-02-16","No"
"BLD-100062","Dairy Processing Fundamentals","Technical","2","1130","Not Started",,"No"
"BLD-100062","Advanced Excel for Reporting","Technical","2","260","Not Started",,"No"
"BLD-100063","Cold Chain Logistics","Technical","4","720","In Progress",,"No"
"BLD-100063","Advanced Excel for Reporting","Technical","4","2150","Completed","2024-12-31","Yes"
"BLD-100063","SAP for HR Users","Technical","2","1540","Completed","2024-06-08","Yes"
"BLD-100063","Cold Chain Logistics","Technical","2","1620","Completed","2024-11-06","No"
"BLD-100063","Strategic Leadership Workshop","Leadership","2","2000","Completed","2025-02-05","No"
"BLD-100063","Dairy Processing Fundamentals","Technical","2","640","Completed","2023-12-22","No"
"BLD-100063","Effective Communication","Soft Skills","4","1610","Completed","2024-12-09","No"
"BLD-100064","Advanced Excel for Reporting","Technical","4","510","Completed","2023-03-23","No"
"BLD-100066","Food Safety & HACCP Refresher","Mandatory","2","0","Completed","2025-09-27","No"
"BLD-100066","SAP for HR Users","Technical","2","820","Completed","2024-10-24","Yes"
"BLD-100066","Egyptian Labor Law Essentials","Compliance","16","0","In Progress",,"No"
"BLD-100068","First-Time Manager Program","Leadership","8","1790","Completed","2023-02-07","No"
"BLD-100068","Time Management","Soft Skills","2","1000","Completed","2023-04-18","No"
"BLD-100068","Quality Control Techniques","Technical","4","1020","In Progress",,"No"
"BLD-100068","Health & Safety Induction","Mandatory","8","0","Completed","2025-04-09","No"
"BLD-100068","SAP for HR Users","Technical","4","680","Completed","2023-02-24","Yes"
"BLD-100068","First-Time Manager Program","Leadership","4","1840","Completed","2025-01-03","No"
"BLD-100068","DOA & Governance Training","Compliance","16","0","In Progress",,"No"
"BLD-100068","Fire & Emergency Response","Mandatory","2","0","Completed","2024-07-31","No"
"BLD-100068","First-Time Manager Program","Leadership","16","390","Completed","2023-10-16","No"
"BLD-100068","Qatar Labor Law Essentials","Compliance","4","0","Completed","2023-03-06","Yes"
"BLD-100068","SAP for HR Users","Technical","8","390","In Progress",,"No"
"BLD-100068","Time Management","Soft Skills","2","810","Completed","2024-01-01","No"
"BLD-100068","Cold Chain Logistics","Technical","2","360","Not Started",,"No"
"BLD-100068","SAP for HR Users","Technical","4","2040","Completed","2025-08-14","Yes"
"BLD-100069","Food Safety & HACCP Refresher","Mandatory","2","0","Completed","2024-12-17","No"
"BLD-100069","Data Privacy Awareness","Mandatory","8","0","In Progress",,"No"
"BLD-100069","Fire & Emergency Response","Mandatory","2","0","Completed","2025-08-10","No"
"BLD-100069","Anti-Bribery & Ethics","Mandatory","2","0","Completed","2024-08-18","No"
"BLD-100069","SAP for HR Users","Technical","2","690","Completed","2023-12-28","Yes"
"BLD-100069","SAP for HR Users","Technical","8","930","Completed","2023-10-19","No"
"BLD-100069","Conflict Resolution","Soft Skills","8","270","Completed","2025-12-21","No"
"BLD-100069","Presentation Skills","Soft Skills","4","340","Completed","2023-02-03","No"
"BLD-100069","Qatar Labor Law Essentials","Compliance","4","0","Completed","2025-07-03","No"
"BLD-100069","Coaching for Performance","Leadership","8","1880","In Progress",,"No"
"BLD-100070","Cold Chain Logistics","Technical","2","340","In Progress",,"No"
"BLD-100070","DOA & Governance Training","Compliance","2","0","Completed","2023-08-01","No"
"BLD-100070","Coaching for Performance","Leadership","2","760","Completed","2023-03-21","No"
"BLD-100070","Data Privacy Awareness","Mandatory","2","0","Completed","2025-12-19","No"
"BLD-100070","DOA & Governance Training","Compliance","4","0","Completed","2025-08-14","Yes"
"BLD-100070","Quality Control Techniques","Technical","4","1380","In Progress",,"No"
"BLD-100071","DOA & Governance Training","Compliance","16","0","Completed","2024-06-27","Yes"
"BLD-100071","Cold Chain Logistics","Technical","2","2170","Completed","2023-03-29","Yes"
"BLD-100071","Strategic Leadership Workshop","Leadership","4","920","In Progress",,"No"
"BLD-100071","Anti-Bribery & Ethics","Mandatory","4","0","Completed","2023-08-19","No"
"BLD-100071","Advanced Excel for Reporting","Technical","4","290","Completed","2025-02-03","No"
"BLD-100071","Food Safety & HACCP Refresher","Mandatory","8","0","Completed","2025-12-21","No"
"BLD-100072","Conflict Resolution","Soft Skills","2","1270","Completed","2023-11-09","No"
"BLD-100072","Cold Chain Logistics","Technical","4","2180","Completed","2024-09-19","Yes"
"BLD-100072","Advanced Excel for Reporting","Technical","8","1510","Completed","2025-04-16","Yes"
"BLD-100073","Time Management","Soft Skills","4","420","Completed","2025-11-25","No"
"BLD-100073","Fire & Emergency Response","Mandatory","2","0","Completed","2023-05-05","No"
"BLD-100073","Qatar Labor Law Essentials","Compliance","16","0","Completed","2024-01-03","Yes"
"BLD-100073","Coaching for Performance","Leadership","8","890","Completed","2023-12-02","No"
"BLD-100073","Presentation Skills","Soft Skills","2","540","Completed","2024-03-04","No"
"BLD-100073","Strategic Leadership Workshop","Leadership","8","1690","In Progress",,"No"
"BLD-100073","Effective Communication","Soft Skills","4","760","Completed","2023-09-29","No"
"BLD-100074","Health & Safety Induction","Mandatory","4","0","Completed","2023-03-17","No"
"BLD-100074","Conflict Resolution","Soft Skills","2","1720","Completed","2023-02-09","No"
"BLD-100074","Conflict Resolution","Soft Skills","2","1570","Completed","2023-08-21","No"
"BLD-100074","Qatar Labor Law Essentials","Compliance","8","0","Completed","2023-09-23","Yes"
"BLD-100074","Qatar Labor Law Essentials","Compliance","4","0","Completed","2023-11-04","Yes"
"BLD-100075","Advanced Excel for Reporting","Technical","4","1500","Completed","2024-09-30","No"
"BLD-100075","DOA & Governance Training","Compliance","4","0","Completed","2024-11-15","Yes"
"BLD-100075","Fire & Emergency Response","Mandatory","8","0","Completed","2024-08-01","No"
"BLD-100075","Health & Safety Induction","Mandatory","2","0","Completed","2024-10-11","No"
"BLD-100075","Time Management","Soft Skills","4","840","Completed","2024-10-12","No"
"BLD-100075","Effective Communication","Soft Skills","4","900","Completed","2025-03-03","No"
"BLD-100075","Health & Safety Induction","Mandatory","4","0","Not Started",,"No"
"BLD-100076","Effective Communication","Soft Skills","4","1730","Completed","2024-03-13","No"
"BLD-100076","First-Time Manager Program","Leadership","16","970","Completed","2025-01-07","No"
"BLD-100076","Conflict Resolution","Soft Skills","4","1280","Completed","2024-07-23","No"
"BLD-100077","DOA & Governance Training","Compliance","16","0","In Progress",,"No"
"BLD-100080","Coaching for Performance","Leadership","4","390","Completed","2023-02-04","No"
"BLD-100080","Health & Safety Induction","Mandatory","2","0","Completed","2023-03-04","No"
"BLD-100081","Health & Safety Induction","Mandatory","4","0","Completed","2023-06-15","No"
"BLD-100082","Conflict Resolution","Soft Skills","8","920","Completed","2024-10-03","No"
"BLD-100082","SAP for HR Users","Technical","4","850","Completed","2024-07-09","No"
"BLD-100082","Dairy Processing Fundamentals","Technical","2","810","Completed","2025-11-29","No"
"BLD-100082","Dairy Processing Fundamentals","Technical","16","730","Completed","2024-12-06","Yes"
"BLD-100082","Health & Safety Induction","Mandatory","2","0","Completed","2024-05-23","No"
"BLD-100082","Qatar Labor Law Essentials","Compliance","4","0","Completed","2025-03-29","Yes"
"BLD-100082","Data Privacy Awareness","Mandatory","8","0","Not Started",,"No"
"BLD-100082","Food Safety & HACCP Refresher","Mandatory","4","0","Completed","2024-06-05","No"
"BLD-100082","Advanced Excel for Reporting","Technical","4","1580","In Progress",,"No"
"BLD-100083","Health & Safety Induction","Mandatory","4","0","Completed","2023-01-05","No"
"BLD-100083","Health & Safety Induction","Mandatory","4","0","Completed","2024-05-09","No"
"BLD-100083","Conflict Resolution","Soft Skills","2","760","In Progress",,"No"
"BLD-100083","Data Privacy Awareness","Mandatory","4","0","Not Started",,"No"
"BLD-100084","Anti-Bribery & Ethics","Mandatory","2","0","Completed","2023-08-01","No"
"BLD-100084","SAP for HR Users","Technical","8","1160","Completed","2023-11-03","Yes"
"BLD-100084","SAP for HR Users","Technical","8","1840","In Progress",,"No"
"BLD-100084","Effective Communication","Soft Skills","16","620","In Progress",,"No"
"BLD-100084","First-Time Manager Program","Leadership","4","850","Completed","2023-05-27","No"
"BLD-100085","Advanced Excel for Reporting","Technical","4","1220","Completed","2024-04-11","Yes"
"BLD-100086","Time Management","Soft Skills","4","2050","Completed","2025-03-27","No"
"BLD-100086","Strategic Leadership Workshop","Leadership","2","1870","Completed","2023-04-27","No"
"BLD-100086","Quality Control Techniques","Technical","4","1800","In Progress",,"No"
"BLD-100086","Health & Safety Induction","Mandatory","4","0","Completed","2023-11-27","No"
"BLD-100086","Cold Chain Logistics","Technical","4","1120","Completed","2023-09-06","Yes"
"BLD-100086","Presentation Skills","Soft Skills","8","850","Completed","2024-09-30","No"
"BLD-100086","Fire & Emergency Response","Mandatory","4","0","Completed","2025-05-08","No"
"BLD-100086","Data Privacy Awareness","Mandatory","8","0","Completed","2024-06-16","No"
"BLD-100086","Presentation Skills","Soft Skills","4","1950","Not Started",,"No"
"BLD-100086","Effective Communication","Soft Skills","8","220","Completed","2023-07-01","No"
"BLD-100086","Conflict Resolution","Soft Skills","4","950","Completed","2025-01-24","No"
"BLD-100086","Egyptian Labor Law Essentials","Compliance","8","0","Completed","2024-05-28","Yes"
"BLD-100086","Coaching for Performance","Leadership","2","660","Completed","2025-12-01","No"
"BLD-100086","Conflict Resolution","Soft Skills","4","2180","Completed","2023-09-06","No"
"BLD-100087","Conflict Resolution","Soft Skills","2","1290","Completed","2023-01-03","No"
"BLD-100087","Anti-Bribery & Ethics","Mandatory","2","0","Completed","2024-05-19","No"
"BLD-100087","Qatar Labor Law Essentials","Compliance","2","0","In Progress",,"No"
"BLD-100087","Anti-Bribery & Ethics","Mandatory","8","0","Completed","2024-06-03","No"
"BLD-100087","Data Privacy Awareness","Mandatory","2","0","Completed","2025-12-21","No"
"BLD-100087","Food Safety & HACCP Refresher","Mandatory","8","0","In Progress",,"No"
"BLD-100087","Anti-Bribery & Ethics","Mandatory","8","0","In Progress",,"No"
"BLD-100087","DOA & Governance Training","Compliance","8","0","Completed","2024-04-23","No"
"BLD-100087","Data Privacy Awareness","Mandatory","2","0","Completed","2024-10-10","No"
"BLD-100088","Coaching for Performance","Leadership","4","680","Completed","2024-06-05","No"
"BLD-100088","Food Safety & HACCP Refresher","Mandatory","4","0","Completed","2023-12-11","No"
"BLD-100088","Qatar Labor Law Essentials","Compliance","8","0","Completed","2024-09-25","Yes"
"BLD-100088","Conflict Resolution","Soft Skills","2","1670","Not Started",,"No"
"BLD-100088","Effective Communication","Soft Skills","4","870","Completed","2024-09-27","No"
"BLD-100088","Qatar Labor Law Essentials","Compliance","4","0","Completed","2025-12-30","No"
"BLD-100088","Health & Safety Induction","Mandatory","2","0","Completed","2023-09-26","No"
"BLD-100088","Fire & Emergency Response","Mandatory","2","0","In Progress",,"No"
"BLD-100088","Qatar Labor Law Essentials","Compliance","2","0","Completed","2024-06-05","Yes"
"BLD-100089","Presentation Skills","Soft Skills","16","1670","Completed","2023-04-25","No"
"BLD-100089","Effective Communication","Soft Skills","8","610","Completed","2023-09-14","No"
"BLD-100089","Time Management","Soft Skills","8","1470","Completed","2023-08-20","No"
"BLD-100089","SAP for HR Users","Technical","2","1760","Completed","2023-09-13","Yes"
"BLD-100089","Anti-Bribery & Ethics","Mandatory","4","0","Completed","2023-10-03","No"
"BLD-100090","Dairy Processing Fundamentals","Technical","2","360","Completed","2025-07-04","Yes"
"BLD-100090","First-Time Manager Program","Leadership","16","220","Completed","2025-09-03","No"
"BLD-100090","Anti-Bribery & Ethics","Mandatory","2","0","Completed","2025-08-23","No"
"BLD-100090","Health & Safety Induction","Mandatory","4","0","Completed","2024-08-11","No"
"BLD-100090","Food Safety & HACCP Refresher","Mandatory","2","0","Completed","2023-12-05","No"
"BLD-100090","SAP for HR Users","Technical","2","200","Not Started",,"No"
"BLD-100090","Data Privacy Awareness","Mandatory","2","0","Not Started",,"No"
"BLD-100090","First-Time Manager Program","Leadership","4","2170","Completed","2024-03-05","No"
"BLD-100090","Fire & Emergency Response","Mandatory","4","0","Completed","2023-05-17","No"
"BLD-100090","Time Management","Soft Skills","2","2190","Completed","2024-12-31","No"
"BLD-100090","Presentation Skills","Soft Skills","2","2040","Completed","2024-11-02","No"
"BLD-100090","Data Privacy Awareness","Mandatory","4","0","Completed","2023-05-10","No"
"BLD-100091","Anti-Bribery & Ethics","Mandatory","8","0","Completed","2023-07-05","No"
"BLD-100091","DOA & Governance Training","Compliance","4","0","Completed","2024-01-11","No"
"BLD-100091","Data Privacy Awareness","Mandatory","4","0","In Progress",,"No"
"BLD-100091","Coaching for Performance","Leadership","2","330","Completed","2024-06-01","No"
"BLD-100091","Food Safety & HACCP Refresher","Mandatory","2","0","Completed","2025-12-17","No"
"BLD-100091","Data Privacy Awareness","Mandatory","4","0","Completed","2023-11-07","No"
"BLD-100092","Health & Safety Induction","Mandatory","16","0","Completed","2023-09-27","No"
"BLD-100092","Conflict Resolution","Soft Skills","4","680","Completed","2023-04-20","No"
"BLD-100092","Advanced Excel for Reporting","Technical","4","530","Completed","2023-11-05","No"
"BLD-100092","Health & Safety Induction","Mandatory","4","0","Completed","2025-10-09","No"
"BLD-100092","Coaching for Performance","Leadership","8","1940","Completed","2025-02-11","No"
"BLD-100092","Data Privacy Awareness","Mandatory","4","0","Completed","2023-04-19","No"
"BLD-100092","Anti-Bribery & Ethics","Mandatory","4","0","Completed","2023-03-08","No"
"BLD-100092","Strategic Leadership Workshop","Leadership","8","780","Completed","2025-05-10","No"
"BLD-100092","First-Time Manager Program","Leadership","8","580","Not Started",,"No"
"BLD-100093","Anti-Bribery & Ethics","Mandatory","2","0","Completed","2023-10-10","No"
"BLD-100093","Time Management","Soft Skills","8","1580","Completed","2025-08-18","No"
"BLD-100093","Presentation Skills","Soft Skills","2","820","Completed","2024-03-12","No"
"BLD-100093","Qatar Labor Law Essentials","Compliance","4","0","Completed","2023-07-11","Yes"
"BLD-100093","Health & Safety Induction","Mandatory","8","0","Completed","2024-12-03","No"
"BLD-100093","Qatar Labor Law Essentials","Compliance","2","0","Completed","2024-02-24","No"
"BLD-100093","Qatar Labor Law Essentials","Compliance","4","0","Completed","2023-11-27","No"
"BLD-100094","Qatar Labor Law Essentials","Compliance","16","0","Completed","2023-03-25","No"
"BLD-100094","Data Privacy Awareness","Mandatory","8","0","Completed","2023-08-06","No"
"BLD-100094","DOA & Governance Training","Compliance","4","0","Completed","2023-05-02","Yes"
"BLD-100095","Data Privacy Awareness","Mandatory","8","0","Completed","2023-12-14","No"
"BLD-100095","Effective Communication","Soft Skills","8","1630","In Progress",,"No"
"BLD-100095","Presentation Skills","Soft Skills","4","1400","Completed","2024-01-05","No"
"BLD-100095","Health & Safety Induction","Mandatory","8","0","Completed","2023-05-05","No"
"BLD-100095","DOA & Governance Training","Compliance","2","0","Completed","2023-12-13","No"
"BLD-100095","Time Management","Soft Skills","16","1890","Not Started",,"No"
"BLD-100095","Advanced Excel for Reporting","Technical","2","320","Completed","2024-11-09","Yes"
"BLD-100095","Time Management","Soft Skills","2","2120","Completed","2023-11-15","No"
"BLD-100096","Data Privacy Awareness","Mandatory","8","0","Completed","2025-12-29","No"
"BLD-100096","Health & Safety Induction","Mandatory","2","0","Completed","2025-05-16","No"
"BLD-100096","Anti-Bribery & Ethics","Mandatory","2","0","Completed","2023-10-05","No"
"BLD-100096","Qatar Labor Law Essentials","Compliance","16","0","Completed","2023-09-14","Yes"
"BLD-100096","Fire & Emergency Response","Mandatory","8","0","Completed","2024-09-18","No"
"BLD-100096","Fire & Emergency Response","Mandatory","8","0","Completed","2023-01-18","No"
"BLD-100096","Health & Safety Induction","Mandatory","16","0","Completed","2023-10-25","No"
"BLD-100096","Coaching for Performance","Leadership","8","1610","In Progress",,"No"
"BLD-100096","Health & Safety Induction","Mandatory","4","0","Completed","2023-01-01","No"
"BLD-100096","Health & Safety Induction","Mandatory","2","0","Completed","2023-07-24","No"
"BLD-100097","Anti-Bribery & Ethics","Mandatory","4","0","Not Started",,"No"
"BLD-100097","Qatar Labor Law Essentials","Compliance","8","0","Not Started",,"No"
"BLD-100097","Qatar Labor Law Essentials","Compliance","8","0","Completed","2023-02-14","Yes"
"BLD-100097","Cold Chain Logistics","Technical","2","1160","Completed","2025-10-23","Yes"
"BLD-100097","Fire & Emergency Response","Mandatory","8","0","Completed","2025-03-07","No"
"BLD-100097","Health & Safety Induction","Mandatory","2","0","Completed","2023-08-02","No"
"BLD-100097","Qatar Labor Law Essentials","Compliance","4","0","Completed","2024-12-11","Yes"
"BLD-100097","Anti-Bribery & Ethics","Mandatory","8","0","In Progress",,"No"
"BLD-100097","Conflict Resolution","Soft Skills","4","2050","Completed","2023-04-04","No"
"BLD-100099","Dairy Processing Fundamentals","Technical","8","1770","Completed","2023-09-07","No"
"BLD-100100","Food Safety & HACCP Refresher","Mandatory","2","0","Completed","2024-01-08","No"
"BLD-100101","Advanced Excel for Reporting","Technical","2","490","Completed","2024-05-06","Yes"
"BLD-100101","Advanced Excel for Reporting","Technical","2","1990","Completed","2025-02-20","Yes"
"BLD-100101","Fire & Emergency Response","Mandatory","4","0","Completed","2023-11-05","No"
"BLD-100101","Conflict Resolution","Soft Skills","4","2140","Completed","2024-03-29","No"
"BLD-100101","SAP for HR Users","Technical","2","1800","Completed","2025-06-06","No"
"BLD-100101","Health & Safety Induction","Mandatory","2","0","Completed","2023-11-23","No"
"BLD-100101","Dairy Processing Fundamentals","Technical","2","620","Completed","2025-12-08","No"
"BLD-100101","Data Privacy Awareness","Mandatory","16","0","Completed","2023-07-09","No"
"BLD-100101","DOA & Governance Training","Compliance","8","0","Completed","2023-07-16","No"
"BLD-100102","Anti-Bribery & Ethics","Mandatory","2","0","Completed","2023-02-03","No"
"BLD-100102","Cold Chain Logistics","Technical","2","1040","Completed","2024-11-10","No"
"BLD-100102","Cold Chain Logistics","Technical","4","2130","Completed","2025-11-14","Yes"
"BLD-100102","Anti-Bribery & Ethics","Mandatory","16","0","Completed","2024-05-03","No"
"BLD-100103","First-Time Manager Program","Leadership","2","2060","In Progress",,"No"
"BLD-100103","Cold Chain Logistics","Technical","2","280","Completed","2024-08-26","Yes"
"BLD-100103","Data Privacy Awareness","Mandatory","2","0","Completed","2023-11-01","No"
"BLD-100103","Qatar Labor Law Essentials","Compliance","4","0","In Progress",,"No"
"BLD-100104","Fire & Emergency Response","Mandatory","4","0","Completed","2024-01-01","No"
"BLD-100104","Presentation Skills","Soft Skills","2","1220","Completed","2025-03-23","No"
"BLD-100104","Fire & Emergency Response","Mandatory","2","0","Completed","2024-05-09","No"
"BLD-100104","DOA & Governance Training","Compliance","4","0","Completed","2023-12-28","Yes"
"BLD-100104","Health & Safety Induction","Mandatory","2","0","Completed","2023-08-08","No"
"BLD-100104","Quality Control Techniques","Technical","4","1140","Completed","2023-07-10","Yes"
"BLD-100105","Presentation Skills","Soft Skills","2","1900","Completed","2024-02-03","No"
"BLD-100105","Quality Control Techniques","Technical","2","2030","Completed","2023-11-22","Yes"
"BLD-100105","Conflict Resolution","Soft Skills","16","1290","Completed","2024-09-08","No"
"BLD-100105","Cold Chain Logistics","Technical","16","1050","Completed","2025-08-21","No"
"BLD-100105","Effective Communication","Soft Skills","2","1670","In Progress",,"No"
"BLD-100105","Data Privacy Awareness","Mandatory","8","0","Completed","2023-05-01","No"
"BLD-100105","Anti-Bribery & Ethics","Mandatory","4","0","In Progress",,"No"
"BLD-100105","Conflict Resolution","Soft Skills","8","1210","Completed","2025-08-17","No"
"BLD-100106","Quality Control Techniques","Technical","2","760","Completed","2023-08-11","No"
"BLD-100106","Data Privacy Awareness","Mandatory","8","0","In Progress",,"No"
"BLD-100107","Coaching for Performance","Leadership","2","310","Completed","2025-12-15","No"
"BLD-100107","Quality Control Techniques","Technical","2","1370","Completed","2023-12-20","Yes"
"BLD-100107","Fire & Emergency Response","Mandatory","8","0","Completed","2024-02-04","No"
"BLD-100107","DOA & Governance Training","Compliance","2","0","In Progress",,"No"
"BLD-100107","DOA & Governance Training","Compliance","4","0","Completed","2023-02-02","No"
"BLD-100107","Qatar Labor Law Essentials","Compliance","16","0","In Progress",,"No"
"BLD-100107","Food Safety & HACCP Refresher","Mandatory","4","0","Completed","2025-05-17","No"
"BLD-100107","Health & Safety Induction","Mandatory","8","0","Completed","2023-11-12","No"
"BLD-100107","Strategic Leadership Workshop","Leadership","2","2130","Completed","2023-11-27","No"
"BLD-100108","DOA & Governance Training","Compliance","4","0","Completed","2023-08-01","Yes"
"BLD-100108","Presentation Skills","Soft Skills","2","1820","Completed","2024-09-13","No"
"BLD-100108","Qatar Labor Law Essentials","Compliance","8","0","Completed","2024-02-04","No"
"BLD-100108","Data Privacy Awareness","Mandatory","8","0","Completed","2024-10-19","No"
"BLD-100108","Quality Control Techniques","Technical","8","720","Not Started",,"No"
"BLD-100108","DOA & Governance Training","Compliance","16","0","Not Started",,"No"
"BLD-100108","Conflict Resolution","Soft Skills","4","500","Completed","2025-02-08","No"
"BLD-100108","DOA & Governance Training","Compliance","8","0","Completed","2024-06-14","Yes"
"BLD-100108","Advanced Excel for Reporting","Technical","2","460","In Progress",,"No"
"BLD-100108","Quality Control Techniques","Technical","2","180","Completed","2023-01-04","No"
"BLD-100108","Qatar Labor Law Essentials","Compliance","2","0","Completed","2025-04-07","Yes"
"BLD-100108","Effective Communication","Soft Skills","4","1970","Completed","2023-05-20","No"
"BLD-100108","SAP for HR Users","Technical","4","2200","Completed","2023-09-06","No"
"BLD-100108","Coaching for Performance","Leadership","2","1210","Completed","2023-02-10","No"
"BLD-100108","Cold Chain Logistics","Technical","16","1430","Completed","2024-06-15","No"
"BLD-100109","Cold Chain Logistics","Technical","4","1830","Completed","2025-03-09","Yes"
"BLD-100109","DOA & Governance Training","Compliance","8","0","Completed","2024-10-08","No"
"BLD-100109","Presentation Skills","Soft Skills","4","1140","Completed","2024-03-01","No"
"BLD-100109","Time Management","Soft Skills","2","1800","Completed","2023-10-14","No"
"BLD-100109","Effective Communication","Soft Skills","8","1960","Not Started",,"No"
"BLD-100109","Cold Chain Logistics","Technical","2","1180","Completed","2023-11-11","No"
"BLD-100109","Anti-Bribery & Ethics","Mandatory","2","0","Completed","2023-06-06","No"
"BLD-100109","Health & Safety Induction","Mandatory","2","0","Completed","2024-12-20","No"
"BLD-100109","Conflict Resolution","Soft Skills","8","900","Completed","2024-10-22","No"
"BLD-100109","SAP for HR Users","Technical","4","720","Completed","2025-11-22","No"
"BLD-100109","Strategic Leadership Workshop","Leadership","8","1530","Completed","2024-09-06","No"
"BLD-100110","Quality Control Techniques","Technical","2","1840","Completed","2023-12-03","No"
"BLD-100110","Cold Chain Logistics","Technical","2","1820","Completed","2023-06-08","Yes"
"BLD-100110","Qatar Labor Law Essentials","Compliance","4","0","Completed","2023-07-20","No"
"BLD-100111","Fire & Emergency Response","Mandatory","8","0","Completed","2024-04-02","No"
"BLD-100111","Fire & Emergency Response","Mandatory","8","0","Completed","2025-09-22","No"
"BLD-100111","Health & Safety Induction","Mandatory","2","0","Completed","2024-04-05","No"
"BLD-100111","Dairy Processing Fundamentals","Technical","4","1400","Completed","2024-09-23","Yes"
"BLD-100111","DOA & Governance Training","Compliance","2","0","Completed","2025-08-20","Yes"
"BLD-100112","Anti-Bribery & Ethics","Mandatory","16","0","Completed","2024-01-17","No"
"BLD-100112","Cold Chain Logistics","Technical","4","340","Completed","2023-02-12","No"
"BLD-100112","SAP for HR Users","Technical","2","200","Completed","2023-11-25","No"
"BLD-100112","Anti-Bribery & Ethics","Mandatory","8","0","Completed","2024-09-21","No"
"BLD-100112","Data Privacy Awareness","Mandatory","8","0","Completed","2023-12-30","No"
"BLD-100113","Coaching for Performance","Leadership","16","670","Completed","2023-07-03","No"
"BLD-100113","DOA & Governance Training","Compliance","2","0","Completed","2024-04-28","No"
"BLD-100113","Dairy Processing Fundamentals","Technical","8","660","In Progress",,"No"
"BLD-100113","Dairy Processing Fundamentals","Technical","2","320","Completed","2025-04-10","No"
"BLD-100113","Quality Control Techniques","Technical","2","690","Completed","2023-01-14","Yes"
"BLD-100113","Conflict Resolution","Soft Skills","2","330","Completed","2025-05-30","No"
"BLD-100113","Qatar Labor Law Essentials","Compliance","4","0","Completed","2023-09-01","No"
"BLD-100113","Presentation Skills","Soft Skills","16","1550","Completed","2024-05-29","No"
"BLD-100113","Cold Chain Logistics","Technical","8","310","Completed","2023-04-25","Yes"
"BLD-100113","Conflict Resolution","Soft Skills","16","610","Completed","2025-01-24","No"
"BLD-100113","Conflict Resolution","Soft Skills","2","870","Completed","2023-01-15","No"
"BLD-100113","SAP for HR Users","Technical","2","460","Completed","2023-05-11","No"
"BLD-100113","DOA & Governance Training","Compliance","4","0","Completed","2023-05-25","Yes"
"BLD-100113","Dairy Processing Fundamentals","Technical","2","190","Completed","2024-05-11","No"
"BLD-100113","Presentation Skills","Soft Skills","8","1310","Completed","2025-08-21","No"
"BLD-100113","Anti-Bribery & Ethics","Mandatory","4","0","Completed","2025-12-22","No"
"BLD-100113","Anti-Bribery & Ethics","Mandatory","8","0","In Progress",,"No"
"BLD-100113","Qatar Labor Law Essentials","Compliance","4","0","Completed","2024-11-19","No"
"BLD-100113","SAP for HR Users","Technical","2","2070","Completed","2023-10-24","Yes"
"BLD-100113","Coaching for Performance","Leadership","4","750","Completed","2024-03-29","No"
"BLD-100113","DOA & Governance Training","Compliance","8","0","Completed","2023-02-13","No"
"BLD-100113","Strategic Leadership Workshop","Leadership","4","2120","Completed","2024-12-16","No"
"BLD-100113","DOA & Governance Training","Compliance","2","0","Completed","2025-02-12","Yes"
"BLD-100114","Qatar Labor Law Essentials","Compliance","4","0","Completed","2023-03-11","No"
"BLD-100114","SAP for HR Users","Technical","2","1310","Completed","2025-03-19","No"
"BLD-100114","Dairy Processing Fundamentals","Technical","2","380","Completed","2023-11-12","No"
"BLD-100114","SAP for HR Users","Technical","16","190","Completed","2023-01-02","No"
"BLD-100114","Time Management","Soft Skills","4","2150","Completed","2024-08-30","No"
"BLD-100114","Effective Communication","Soft Skills","16","670","Completed","2024-12-24","No"
"BLD-100115","Data Privacy Awareness","Mandatory","8","0","Completed","2025-06-06","No"
"BLD-100115","Quality Control Techniques","Technical","8","1960","Completed","2025-01-02","No"
"BLD-100115","Dairy Processing Fundamentals","Technical","8","940","Completed","2024-06-03","Yes"
"BLD-100115","Advanced Excel for Reporting","Technical","8","1030","Completed","2024-08-19","No"
"BLD-100115","SAP for HR Users","Technical","2","1300","Completed","2025-10-07","No"
"BLD-100115","Food Safety & HACCP Refresher","Mandatory","4","0","Completed","2025-09-23","No"
"BLD-100115","Cold Chain Logistics","Technical","4","690","Completed","2023-02-09","No"
"BLD-100115","Cold Chain Logistics","Technical","2","530","Completed","2023-04-13","No"
"BLD-100117","Fire & Emergency Response","Mandatory","2","0","Completed","2023-03-11","No"
"BLD-100118","Food Safety & HACCP Refresher","Mandatory","2","0","Completed","2025-01-31","No"
"BLD-100118","Anti-Bribery & Ethics","Mandatory","2","0","Completed","2024-06-29","No"
"BLD-100118","Data Privacy Awareness","Mandatory","2","0","Completed","2025-11-11","No"
"BLD-100118","Anti-Bribery & Ethics","Mandatory","2","0","Completed","2023-03-25","No"
"BLD-100118","Data Privacy Awareness","Mandatory","8","0","Completed","2024-06-24","No"
"BLD-100118","Dairy Processing Fundamentals","Technical","2","910","Completed","2024-09-29","Yes"
"BLD-100118","Dairy Processing Fundamentals","Technical","16","2160","Completed","2025-12-21","Yes"
"BLD-100118","Dairy Processing Fundamentals","Technical","2","350","Completed","2023-09-18","Yes"
"BLD-100118","Data Privacy Awareness","Mandatory","4","0","In Progress",,"No"
"BLD-100119","Coaching for Performance","Leadership","2","500","In Progress",,"No"
"BLD-100119","Anti-Bribery & Ethics","Mandatory","4","0","Completed","2024-09-11","No"
"BLD-100119","Advanced Excel for Reporting","Technical","8","600","Completed","2023-04-07","Yes"
"BLD-100119","Presentation Skills","Soft Skills","16","1490","Completed","2025-05-22","No"
"BLD-100119","Cold Chain Logistics","Technical","4","880","Completed","2025-09-19","No"
"BLD-100121","Health & Safety Induction","Mandatory","4","0","Completed","2023-10-18","No"
"BLD-100121","Effective Communication","Soft Skills","4","1070","In Progress",,"No"
"BLD-100121","Presentation Skills","Soft Skills","2","2100","Completed","2024-04-10","No"
"BLD-100121","Conflict Resolution","Soft Skills","8","480","Completed","2023-08-17","No"
"BLD-100121","Qatar Labor Law Essentials","Compliance","2","0","Completed","2025-06-13","Yes"
"BLD-100121","Advanced Excel for Reporting","Technical","4","1010","Completed","2023-04-17","Yes"
"BLD-100121","First-Time Manager Program","Leadership","4","470","Completed","2023-07-03","No"
"BLD-100121","Health & Safety Induction","Mandatory","8","0","Completed","2024-05-27","No"
"BLD-100121","Presentation Skills","Soft Skills","4","1410","Completed","2025-01-06","No"
"BLD-100121","Food Safety & HACCP Refresher","Mandatory","8","0","In Progress",,"No"
"BLD-100122","SAP for HR Users","Technical","2","1610","Completed","2025-09-21","No"
"BLD-100122","SAP for HR Users","Technical","8","1730","Completed","2023-12-19","No"
"BLD-100122","Fire & Emergency Response","Mandatory","8","0","Completed","2024-10-08","No"
"BLD-100122","Cold Chain Logistics","Technical","8","1970","Completed","2025-11-08","No"
"BLD-100122","Food Safety & HACCP Refresher","Mandatory","4","0","Completed","2024-07-22","No"
"BLD-100122","Presentation Skills","Soft Skills","4","1030","Completed","2025-03-12","No"
"BLD-100122","SAP for HR Users","Technical","4","1900","Completed","2023-01-23","No"
"BLD-100122","Dairy Processing Fundamentals","Technical","2","940","Completed","2024-08-02","Yes"
"BLD-100122","Food Safety & HACCP Refresher","Mandatory","4","0","Completed","2025-01-26","No"
"BLD-100123","Effective Communication","Soft Skills","4","580","Completed","2023-03-16","No"
"BLD-100123","Anti-Bribery & Ethics","Mandatory","4","0","Completed","2025-06-19","No"
"BLD-100123","Data Privacy Awareness","Mandatory","4","0","Completed","2023-01-21","No"
"BLD-100123","Advanced Excel for Reporting","Technical","8","2190","Completed","2025-10-04","No"
"BLD-100123","Strategic Leadership Workshop","Leadership","16","1490","In Progress",,"No"
"BLD-100124","Cold Chain Logistics","Technical","16","1800","Completed","2023-11-08","Yes"
"BLD-100124","Dairy Processing Fundamentals","Technical","2","1630","Completed","2023-07-26","Yes"
"BLD-100125","Conflict Resolution","Soft Skills","2","1410","Completed","2025-09-30","No"
"BLD-100125","Data Privacy Awareness","Mandatory","2","0","Completed","2025-03-27","No"
"BLD-100125","Egyptian Labor Law Essentials","Compliance","4","0","Completed","2023-10-13","No"
"BLD-100125","Food Safety & HACCP Refresher","Mandatory","8","0","Completed","2023-07-29","No"
"BLD-100125","DOA & Governance Training","Compliance","2","0","Completed","2025-03-29","Yes"
"BLD-100126","Egyptian Labor Law Essentials","Compliance","8","0","Completed","2024-09-03","Yes"
"BLD-100126","Effective Communication","Soft Skills","4","1490","Completed","2025-12-12","No"
"BLD-100126","Advanced Excel for Reporting","Technical","4","1620","Completed","2024-05-16","Yes"
"BLD-100126","Fire & Emergency Response","Mandatory","8","0","Completed","2023-11-04","No"
"BLD-100126","Food Safety & HACCP Refresher","Mandatory","4","0","In Progress",,"No"
"BLD-100126","Fire & Emergency Response","Mandatory","4","0","Not Started",,"No"
"BLD-100126","Food Safety & HACCP Refresher","Mandatory","16","0","In Progress",,"No"
"BLD-100127","Advanced Excel for Reporting","Technical","2","1590","Completed","2025-07-27","Yes"
"BLD-100127","Coaching for Performance","Leadership","8","470","In Progress",,"No"
"BLD-100127","Food Safety & HACCP Refresher","Mandatory","16","0","Completed","2023-08-05","No"
"BLD-100127","Food Safety & HACCP Refresher","Mandatory","2","0","Completed","2024-07-21","No"
"BLD-100127","Advanced Excel for Reporting","Technical","4","1360","Completed","2023-11-24","Yes"
"BLD-100127","DOA & Governance Training","Compliance","16","0","Completed","2025-03-07","Yes"
"BLD-100127","First-Time Manager Program","Leadership","2","2080","Completed","2023-01-29","No"
"BLD-100127","DOA & Governance Training","Compliance","2","0","Completed","2023-11-04","No"
"BLD-100127","Effective Communication","Soft Skills","8","1900","Completed","2024-10-08","No"
"BLD-100127","Coaching for Performance","Leadership","4","270","Completed","2025-09-02","No"
"BLD-100127","Anti-Bribery & Ethics","Mandatory","8","0","In Progress",,"No"
"BLD-100127","Conflict Resolution","Soft Skills","16","290","Completed","2023-04-22","No"
"BLD-100127","Presentation Skills","Soft Skills","2","200","Completed","2023-03-19","No"
"BLD-100128","Fire & Emergency Response","Mandatory","8","0","Completed","2023-03-16","No"
"BLD-100128","Effective Communication","Soft Skills","16","790","Completed","2025-01-27","No"
"BLD-100128","DOA & Governance Training","Compliance","4","0","Completed","2023-09-24","No"
"BLD-100128","DOA & Governance Training","Compliance","4","0","Completed","2023-05-10","Yes"
"BLD-100128","Dairy Processing Fundamentals","Technical","2","1200","Completed","2023-11-08","No"
"BLD-100128","Anti-Bribery & Ethics","Mandatory","2","0","In Progress",,"No"
"BLD-100128","Data Privacy Awareness","Mandatory","4","0","Completed","2023-11-24","No"
"BLD-100128","SAP for HR Users","Technical","8","2030","Completed","2024-07-18","No"
"BLD-100128","First-Time Manager Program","Leadership","2","1710","Completed","2023-09-29","No"
"BLD-100128","Cold Chain Logistics","Technical","4","520","Completed","2024-01-01","No"
"BLD-100129","Effective Communication","Soft Skills","4","1940","Completed","2024-04-18","No"
"BLD-100129","Health & Safety Induction","Mandatory","8","0","Completed","2024-08-26","No"
"BLD-100129","Qatar Labor Law Essentials","Compliance","4","0","Completed","2023-10-06","No"
"BLD-100129","Dairy Processing Fundamentals","Technical","2","1410","Completed","2023-12-07","Yes"
"BLD-100129","Anti-Bribery & Ethics","Mandatory","2","0","Completed","2023-10-03","No"
"BLD-100130","Dairy Processing Fundamentals","Technical","8","2020","Completed","2025-09-18","Yes"
"BLD-100130","Quality Control Techniques","Technical","4","190","In Progress",,"No"
"BLD-100130","Presentation Skills","Soft Skills","8","1230","Completed","2024-12-17","No"
"BLD-100130","Data Privacy Awareness","Mandatory","2","0","In Progress",,"No"
"BLD-100130","Quality Control Techniques","Technical","4","820","Not Started",,"No"
"BLD-100130","Fire & Emergency Response","Mandatory","2","0","Completed","2023-06-15","No"
"BLD-100130","Conflict Resolution","Soft Skills","16","720","Completed","2023-09-16","No"
"BLD-100130","Fire & Emergency Response","Mandatory","8","0","Completed","2024-06-27","No"
"BLD-100130","Data Privacy Awareness","Mandatory","16","0","Completed","2025-06-27","No"
"BLD-100130","Coaching for Performance","Leadership","2","1920","Completed","2025-05-16","No"
"BLD-100131","Food Safety & HACCP Refresher","Mandatory","4","0","Completed","2023-11-29","No"
"BLD-100131","Effective Communication","Soft Skills","2","1080","Completed","2024-12-18","No"
"BLD-100131","Dairy Processing Fundamentals","Technical","4","990","Completed","2023-05-02","No"
"BLD-100131","Cold Chain Logistics","Technical","4","1950","Completed","2024-07-02","Yes"
"BLD-100131","Cold Chain Logistics","Technical","2","1710","Completed","2024-02-06","Yes"
"BLD-100131","Advanced Excel for Reporting","Technical","8","1650","Completed","2024-12-21","No"
"BLD-100131","DOA & Governance Training","Compliance","4","0","Completed","2023-08-07","Yes"
"BLD-100132","Food Safety & HACCP Refresher","Mandatory","8","0","Completed","2023-05-10","No"
"BLD-100132","Advanced Excel for Reporting","Technical","2","2180","Completed","2023-01-10","Yes"
"BLD-100133","Qatar Labor Law Essentials","Compliance","8","0","Completed","2023-01-02","No"
"BLD-100133","DOA & Governance Training","Compliance","2","0","Completed","2024-11-10","No"
"BLD-100133","Food Safety & HACCP Refresher","Mandatory","8","0","Completed","2023-09-15","No"
"BLD-100133","Coaching for Performance","Leadership","2","1290","Completed","2024-12-09","No"
"BLD-100133","Dairy Processing Fundamentals","Technical","2","900","In Progress",,"No"
"BLD-100134","DOA & Governance Training","Compliance","8","0","In Progress",,"No"
"BLD-100134","Presentation Skills","Soft Skills","8","1190","In Progress",,"No"
"BLD-100134","Coaching for Performance","Leadership","8","630","Completed","2025-04-11","No"
"BLD-100134","Data Privacy Awareness","Mandatory","2","0","Not Started",,"No"
"BLD-100136","Strategic Leadership Workshop","Leadership","16","1490","Completed","2024-04-28","No"
"BLD-100136","Advanced Excel for Reporting","Technical","2","370","Not Started",,"No"
"BLD-100137","Advanced Excel for Reporting","Technical","2","2070","Completed","2025-10-06","Yes"
"BLD-100137","Coaching for Performance","Leadership","8","830","Completed","2023-07-15","No"
"BLD-100137","Health & Safety Induction","Mandatory","4","0","Completed","2024-08-07","No"
"BLD-100137","First-Time Manager Program","Leadership","2","850","Completed","2023-07-08","No"
"BLD-100137","Food Safety & HACCP Refresher","Mandatory","2","0","Completed","2023-01-18","No"
"BLD-100137","Anti-Bribery & Ethics","Mandatory","2","0","Not Started",,"No"
"BLD-100137","Effective Communication","Soft Skills","2","1100","In Progress",,"No"
"BLD-100137","Effective Communication","Soft Skills","2","410","Completed","2025-05-17","No"
"BLD-100138","Coaching for Performance","Leadership","4","1810","Completed","2024-03-05","No"
"BLD-100138","Fire & Emergency Response","Mandatory","2","0","Completed","2025-12-23","No"
"BLD-100138","Food Safety & HACCP Refresher","Mandatory","8","0","Completed","2023-02-12","No"
"BLD-100138","Food Safety & HACCP Refresher","Mandatory","2","0","In Progress",,"No"
"BLD-100138","Conflict Resolution","Soft Skills","8","1660","Not Started",,"No"
"BLD-100138","Dairy Processing Fundamentals","Technical","2","1080","In Progress",,"No"
"BLD-100138","Egyptian Labor Law Essentials","Compliance","2","0","Completed","2024-05-31","No"
"BLD-100139","Egyptian Labor Law Essentials","Compliance","4","0","Completed","2024-04-23","Yes"
"BLD-100139","Fire & Emergency Response","Mandatory","2","0","Completed","2023-05-26","No"
"BLD-100139","Food Safety & HACCP Refresher","Mandatory","8","0","Completed","2023-06-19","No"
"BLD-100139","Strategic Leadership Workshop","Leadership","4","550","Completed","2024-03-16","No"
"BLD-100140","Cold Chain Logistics","Technical","2","1390","Completed","2025-05-31","Yes"
"BLD-100140","Effective Communication","Soft Skills","2","2010","Completed","2024-01-12","No"
"BLD-100140","Qatar Labor Law Essentials","Compliance","2","0","Completed","2023-02-24","Yes"
"BLD-100140","Anti-Bribery & Ethics","Mandatory","2","0","Completed","2025-05-03","No"
"BLD-100140","Anti-Bribery & Ethics","Mandatory","4","0","In Progress",,"No"
"BLD-100140","Anti-Bribery & Ethics","Mandatory","2","0","Completed","2023-02-02","No"
"BLD-100140","SAP for HR Users","Technical","16","1270","Completed","2024-11-24","Yes"
"BLD-100141","Fire & Emergency Response","Mandatory","4","0","Completed","2025-05-14","No"
"BLD-100141","Dairy Processing Fundamentals","Technical","2","720","Completed","2024-08-27","No"
"BLD-100141","Time Management","Soft Skills","4","2130","In Progress",,"No"
"BLD-100141","Cold Chain Logistics","Technical","2","1550","Completed","2025-04-01","Yes"
"BLD-100141","Fire & Emergency Response","Mandatory","2","0","Completed","2025-11-13","No"
"BLD-100141","Anti-Bribery & Ethics","Mandatory","8","0","Completed","2024-06-09","No"
"BLD-100141","Dairy Processing Fundamentals","Technical","2","1100","Completed","2023-08-17","No"
"BLD-100141","Cold Chain Logistics","Technical","4","1340","Completed","2024-10-13","No"
"BLD-100141","SAP for HR Users","Technical","4","180","Completed","2025-10-27","No"
"BLD-100141","Advanced Excel for Reporting","Technical","8","710","Completed","2024-08-28","No"
"BLD-100141","SAP for HR Users","Technical","2","1000","Completed","2024-03-16","No"
"BLD-100141","First-Time Manager Program","Leadership","8","1670","Completed","2023-11-25","No"
"BLD-100142","Food Safety & HACCP Refresher","Mandatory","4","0","Completed","2025-08-21","No"
"BLD-100142","SAP for HR Users","Technical","2","430","Completed","2024-03-08","Yes"
"BLD-100142","Qatar Labor Law Essentials","Compliance","8","0","Completed","2023-08-10","Yes"
"BLD-100143","Dairy Processing Fundamentals","Technical","2","1740","Completed","2025-08-29","Yes"
"BLD-100143","Health & Safety Induction","Mandatory","4","0","Completed","2023-09-18","No"
"BLD-100143","Quality Control Techniques","Technical","8","1350","Completed","2023-09-26","No"
"BLD-100143","Anti-Bribery & Ethics","Mandatory","4","0","Completed","2025-01-15","No"
"BLD-100143","Fire & Emergency Response","Mandatory","4","0","Completed","2024-10-16","No"
"BLD-100144","Qatar Labor Law Essentials","Compliance","2","0","Completed","2024-06-11","No"
"BLD-100144","DOA & Governance Training","Compliance","2","0","Completed","2024-06-30","No"
"BLD-100144","DOA & Governance Training","Compliance","8","0","Completed","2024-09-19","No"
"BLD-100144","Data Privacy Awareness","Mandatory","4","0","Completed","2023-05-13","No"
"BLD-100144","Conflict Resolution","Soft Skills","8","1690","Completed","2023-12-22","No"
"BLD-100144","Effective Communication","Soft Skills","4","480","Completed","2024-03-23","No"
"BLD-100144","Presentation Skills","Soft Skills","2","590","Completed","2024-06-03","No"
"BLD-100144","Qatar Labor Law Essentials","Compliance","8","0","Completed","2023-11-11","No"
"BLD-100144","Anti-Bribery & Ethics","Mandatory","2","0","Completed","2024-11-22","No"
"BLD-100145","Conflict Resolution","Soft Skills","8","1370","Completed","2024-03-18","No"
"BLD-100145","Strategic Leadership Workshop","Leadership","2","1670","Completed","2024-07-29","No"
"BLD-100145","Presentation Skills","Soft Skills","2","1910","Completed","2023-07-09","No"
"BLD-100145","Cold Chain Logistics","Technical","2","480","Completed","2024-08-17","Yes"
"BLD-100145","Health & Safety Induction","Mandatory","4","0","Completed","2023-01-08","No"
"BLD-100146","Conflict Resolution","Soft Skills","4","1100","Completed","2024-09-30","No"
"BLD-100146","Time Management","Soft Skills","16","610","Completed","2025-09-28","No"
"BLD-100146","Health & Safety Induction","Mandatory","2","0","Completed","2023-12-03","No"
"BLD-100146","Health & Safety Induction","Mandatory","2","0","Completed","2025-10-04","No"
"BLD-100147","Advanced Excel for Reporting","Technical","4","600","Completed","2023-09-10","No"
"BLD-100147","Fire & Emergency Response","Mandatory","4","0","Completed","2023-02-01","No"
"BLD-100147","Coaching for Performance","Leadership","4","630","Completed","2024-05-16","No"
"BLD-100147","Fire & Emergency Response","Mandatory","2","0","Completed","2024-06-02","No"
"BLD-100147","Cold Chain Logistics","Technical","4","1050","In Progress",,"No"
"BLD-100148","Anti-Bribery & Ethics","Mandatory","8","0","Completed","2025-05-06","No"
"BLD-100148","Strategic Leadership Workshop","Leadership","2","1990","Completed","2024-09-07","No"
"BLD-100148","DOA & Governance Training","Compliance","2","0","Completed","2023-07-12","Yes"
"BLD-100148","Health & Safety Induction","Mandatory","16","0","Completed","2025-06-06","No"
"BLD-100148","Fire & Emergency Response","Mandatory","16","0","Completed","2025-09-05","No"
"BLD-100148","Strategic Leadership Workshop","Leadership","2","1820","Completed","2023-03-03","No"
"BLD-100148","Quality Control Techniques","Technical","4","260","Completed","2025-03-05","Yes"
"BLD-100148","Food Safety & HACCP Refresher","Mandatory","16","0","Completed","2025-12-11","No"
"BLD-100149","Cold Chain Logistics","Technical","2","870","Completed","2025-07-11","No"
"BLD-100149","Dairy Processing Fundamentals","Technical","2","2060","Completed","2024-07-21","Yes"
"BLD-100149","Conflict Resolution","Soft Skills","2","1000","Completed","2025-07-04","No"
"BLD-100149","SAP for HR Users","Technical","16","1290","Completed","2025-09-14","No"
"BLD-100149","Presentation Skills","Soft Skills","4","750","Completed","2025-08-19","No"
"BLD-100149","Presentation Skills","Soft Skills","4","490","Completed","2024-09-22","No"
"BLD-100149","Presentation Skills","Soft Skills","2","1400","Completed","2024-01-08","No"
"BLD-100149","Fire & Emergency Response","Mandatory","16","0","Completed","2025-06-09","No"
"BLD-100150","Cold Chain Logistics","Technical","2","2030","Not Started",,"No"
"BLD-100150","Fire & Emergency Response","Mandatory","2","0","Completed","2023-07-12","No"
"BLD-100150","Conflict Resolution","Soft Skills","2","230","Completed","2024-07-02","No"
"BLD-100150","Presentation Skills","Soft Skills","4","800","In Progress",,"No"
"BLD-100150","Cold Chain Logistics","Technical","8","1990","Completed","2024-10-01","Yes"
"BLD-100150","Coaching for Performance","Leadership","2","1120","Completed","2023-04-22","No"
"BLD-100150","Food Safety & HACCP Refresher","Mandatory","2","0","Completed","2023-12-05","No"
"BLD-100151","Quality Control Techniques","Technical","4","1650","Completed","2023-05-02","Yes"
"BLD-100151","Cold Chain Logistics","Technical","8","1430","In Progress",,"No"
"BLD-100151","Data Privacy Awareness","Mandatory","2","0","Completed","2023-03-12","No"
"BLD-100152","Health & Safety Induction","Mandatory","2","0","In Progress",,"No"
"BLD-100152","Data Privacy Awareness","Mandatory","4","0","In Progress",,"No"
"BLD-100152","Coaching for Performance","Leadership","8","400","Completed","2024-10-28","No"
"BLD-100152","Effective Communication","Soft Skills","4","860","Completed","2025-12-03","No"
"BLD-100153","Health & Safety Induction","Mandatory","2","0","Completed","2023-08-22","No"
"BLD-100153","Health & Safety Induction","Mandatory","2","0","Completed","2024-04-17","No"
"BLD-100154","Food Safety & HACCP Refresher","Mandatory","2","0","Completed","2023-05-15","No"
"BLD-100154","Anti-Bribery & Ethics","Mandatory","4","0","Completed","2023-04-23","No"
"BLD-100154","Food Safety & HACCP Refresher","Mandatory","2","0","Completed","2023-01-05","No"
"BLD-100154","Effective Communication","Soft Skills","4","980","Completed","2025-09-30","No"
"BLD-100154","Coaching for Performance","Leadership","2","1050","Completed","2023-07-21","No"
"BLD-100154","Fire & Emergency Response","Mandatory","2","0","Completed","2023-11-18","No"
"BLD-100154","Advanced Excel for Reporting","Technical","4","560","Completed","2024-12-16","No"
"BLD-100155","Food Safety & HACCP Refresher","Mandatory","8","0","In Progress",,"No"
"BLD-100156","Advanced Excel for Reporting","Technical","2","1480","Completed","2023-02-10","No"
"BLD-100157","First-Time Manager Program","Leadership","8","510","Completed","2025-04-14","No"
"BLD-100157","Advanced Excel for Reporting","Technical","16","930","Completed","2025-05-08","No"
"BLD-100157","First-Time Manager Program","Leadership","2","1400","Completed","2024-11-25","No"
"BLD-100157","Time Management","Soft Skills","8","1710","Completed","2023-11-06","No"
"BLD-100157","Fire & Emergency Response","Mandatory","2","0","Completed","2025-03-21","No"
"BLD-100157","Strategic Leadership Workshop","Leadership","8","840","Completed","2024-01-30","No"
"BLD-100157","Presentation Skills","Soft Skills","2","530","Completed","2024-02-21","No"
"BLD-100157","Anti-Bribery & Ethics","Mandatory","2","0","Completed","2025-01-30","No"
"BLD-100157","SAP for HR Users","Technical","2","2030","Completed","2025-04-17","Yes"
"BLD-100157","First-Time Manager Program","Leadership","8","230","Completed","2024-08-07","No"
"BLD-100157","First-Time Manager Program","Leadership","16","1050","Completed","2024-10-02","No"
"BLD-100158","Data Privacy Awareness","Mandatory","8","0","Completed","2025-07-19","No"
"BLD-100158","Health & Safety Induction","Mandatory","8","0","Completed","2023-05-20","No"
"BLD-100158","Data Privacy Awareness","Mandatory","16","0","Completed","2024-08-04","No"
"BLD-100158","Strategic Leadership Workshop","Leadership","16","2050","Completed","2023-12-26","No"
"BLD-100158","Quality Control Techniques","Technical","8","1470","Completed","2025-07-18","No"
"BLD-100158","Effective Communication","Soft Skills","16","1030","Completed","2023-02-17","No"
"BLD-100158","Advanced Excel for Reporting","Technical","2","2190","Completed","2024-10-10","No"
"BLD-100158","DOA & Governance Training","Compliance","2","0","Completed","2023-06-27","No"
"BLD-100158","Health & Safety Induction","Mandatory","8","0","Completed","2025-11-10","No"
"BLD-100159","Effective Communication","Soft Skills","4","1040","Completed","2023-12-05","No"
"BLD-100159","SAP for HR Users","Technical","8","230","Completed","2023-10-11","Yes"
"BLD-100159","Health & Safety Induction","Mandatory","4","0","Completed","2024-07-08","No"
"BLD-100159","Health & Safety Induction","Mandatory","2","0","Completed","2025-09-11","No"
"BLD-100159","Qatar Labor Law Essentials","Compliance","2","0","Completed","2025-02-06","Yes"
"BLD-100159","Data Privacy Awareness","Mandatory","16","0","Completed","2023-02-18","No"
"BLD-100159","SAP for HR Users","Technical","4","1760","Completed","2025-10-08","No"
"BLD-100160","Advanced Excel for Reporting","Technical","8","340","In Progress",,"No"
"BLD-100160","Food Safety & HACCP Refresher","Mandatory","2","0","Completed","2024-02-06","No"
"BLD-100160","Effective Communication","Soft Skills","8","2120","Completed","2023-12-14","No"
"BLD-100160","Time Management","Soft Skills","4","1060","Completed","2023-05-30","No"
"BLD-100160","Strategic Leadership Workshop","Leadership","2","2060","Completed","2023-11-14","No"
"BLD-100160","Food Safety & HACCP Refresher","Mandatory","2","0","Completed","2023-10-02","No"
"BLD-100161","Effective Communication","Soft Skills","2","1210","Completed","2025-05-22","No"
"BLD-100161","Strategic Leadership Workshop","Leadership","16","580","Completed","2023-03-10","No"
"BLD-100161","Fire & Emergency Response","Mandatory","4","0","Completed","2023-08-18","No"
"BLD-100161","Conflict Resolution","Soft Skills","2","870","Completed","2023-01-29","No"
"BLD-100162","Cold Chain Logistics","Technical","2","1510","Completed","2023-06-25","Yes"
"BLD-100162","Time Management","Soft Skills","16","780","Completed","2023-02-28","No"
"BLD-100162","Fire & Emergency Response","Mandatory","4","0","Completed","2023-02-10","No"
"BLD-100163","Cold Chain Logistics","Technical","2","2160","Completed","2023-12-25","Yes"
"BLD-100163","Data Privacy Awareness","Mandatory","4","0","Completed","2024-09-16","No"
"BLD-100163","Quality Control Techniques","Technical","2","2030","Completed","2025-01-08","Yes"
"BLD-100163","Conflict Resolution","Soft Skills","2","1870","Completed","2025-06-07","No"
"BLD-100163","Quality Control Techniques","Technical","8","760","Completed","2025-07-09","Yes"
"BLD-100163","Food Safety & HACCP Refresher","Mandatory","4","0","Completed","2025-11-20","No"
"BLD-100163","First-Time Manager Program","Leadership","2","2140","Completed","2024-08-26","No"
"BLD-100163","Qatar Labor Law Essentials","Compliance","2","0","Completed","2024-05-13","Yes"
"BLD-100165","Health & Safety Induction","Mandatory","16","0","Completed","2023-05-15","No"
"BLD-100165","Coaching for Performance","Leadership","2","1950","Completed","2023-05-01","No"
"BLD-100165","Data Privacy Awareness","Mandatory","8","0","Completed","2024-01-21","No"
"BLD-100165","Food Safety & HACCP Refresher","Mandatory","8","0","In Progress",,"No"
"BLD-100165","DOA & Governance Training","Compliance","8","0","Completed","2024-04-02","No"
"BLD-100165","Egyptian Labor Law Essentials","Compliance","16","0","Completed","2023-02-23","Yes"
"BLD-100165","First-Time Manager Program","Leadership","4","1770","Completed","2024-03-17","No"
"BLD-100166","Food Safety & HACCP Refresher","Mandatory","4","0","Completed","2023-11-19","No"
"BLD-100166","Data Privacy Awareness","Mandatory","8","0","Completed","2025-10-10","No"
"BLD-100166","Strategic Leadership Workshop","Leadership","2","1050","In Progress",,"No"
"BLD-100166","Coaching for Performance","Leadership","4","790","Completed","2023-03-17","No"
"BLD-100166","Coaching for Performance","Leadership","4","1660","Completed","2023-01-12","No"
"BLD-100166","Data Privacy Awareness","Mandatory","4","0","Completed","2023-11-29","No"
"BLD-100166","Dairy Processing Fundamentals","Technical","2","1520","Completed","2023-03-19","No"
"BLD-100166","Food Safety & HACCP Refresher","Mandatory","4","0","Completed","2024-09-08","No"
"BLD-100166","Qatar Labor Law Essentials","Compliance","4","0","Completed","2024-02-16","No"
"BLD-100166","Fire & Emergency Response","Mandatory","2","0","In Progress",,"No"
"BLD-100166","Quality Control Techniques","Technical","4","890","Completed","2025-11-18","No"
"BLD-100167","SAP for HR Users","Technical","2","580","Completed","2025-02-19","No"
"BLD-100167","First-Time Manager Program","Leadership","8","1410","In Progress",,"No"
"BLD-100167","Cold Chain Logistics","Technical","4","2000","Completed","2024-03-27","No"
"BLD-100167","Qatar Labor Law Essentials","Compliance","8","0","Completed","2023-11-01","Yes"
"BLD-100168","Fire & Emergency Response","Mandatory","8","0","Completed","2025-04-23","No"
"BLD-100168","Health & Safety Induction","Mandatory","8","0","Completed","2024-08-08","No"
"BLD-100168","Food Safety & HACCP Refresher","Mandatory","16","0","In Progress",,"No"
"BLD-100169","Qatar Labor Law Essentials","Compliance","4","0","Completed","2025-06-04","No"
"BLD-100169","Fire & Emergency Response","Mandatory","4","0","Completed","2025-09-01","No"
"BLD-100169","Presentation Skills","Soft Skills","8","360","Completed","2024-07-18","No"
"BLD-100170","Conflict Resolution","Soft Skills","8","1960","Completed","2025-12-27","No"
"BLD-100170","Time Management","Soft Skills","2","710","In Progress",,"No"
"BLD-100170","DOA & Governance Training","Compliance","2","0","Not Started",,"No"
"BLD-100170","Coaching for Performance","Leadership","8","2020","Completed","2023-09-18","No"
"BLD-100170","Coaching for Performance","Leadership","8","1990","Completed","2024-07-09","No"
"BLD-100171","First-Time Manager Program","Leadership","2","1160","Completed","2023-01-20","No"
"BLD-100171","Food Safety & HACCP Refresher","Mandatory","16","0","Completed","2024-01-12","No"
"BLD-100171","Advanced Excel for Reporting","Technical","4","880","Completed","2024-12-06","No"
"BLD-100171","Time Management","Soft Skills","8","650","Completed","2023-12-19","No"
"BLD-100171","Health & Safety Induction","Mandatory","8","0","Completed","2024-02-02","No"
"BLD-100171","Data Privacy Awareness","Mandatory","16","0","Not Started",,"No"
"BLD-100171","Dairy Processing Fundamentals","Technical","2","1660","In Progress",,"No"
"BLD-100171","Conflict Resolution","Soft Skills","8","1100","Completed","2023-05-08","No"
"BLD-100172","Coaching for Performance","Leadership","8","1310","Completed","2024-01-07","No"
"BLD-100172","DOA & Governance Training","Compliance","8","0","Completed","2024-01-05","No"
"BLD-100172","Data Privacy Awareness","Mandatory","8","0","Completed","2024-06-22","No"
"BLD-100172","DOA & Governance Training","Compliance","2","0","Completed","2024-01-02","Yes"
"BLD-100172","Qatar Labor Law Essentials","Compliance","8","0","Completed","2023-05-06","Yes"
"BLD-100172","Food Safety & HACCP Refresher","Mandatory","8","0","Completed","2024-01-13","No"
"BLD-100172","DOA & Governance Training","Compliance","8","0","Completed","2025-06-20","No"
"BLD-100172","SAP for HR Users","Technical","2","1940","Completed","2025-08-27","Yes"
"BLD-100173","Anti-Bribery & Ethics","Mandatory","4","0","Completed","2023-01-28","No"
"BLD-100174","Fire & Emergency Response","Mandatory","2","0","In Progress",,"No"
"BLD-100174","Strategic Leadership Workshop","Leadership","4","670","Completed","2024-07-17","No"
"BLD-100174","Health & Safety Induction","Mandatory","8","0","Completed","2024-12-09","No"
"BLD-100174","SAP for HR Users","Technical","8","410","Completed","2025-06-24","No"
"BLD-100174","Anti-Bribery & Ethics","Mandatory","2","0","Completed","2023-05-11","No"
"BLD-100174","Quality Control Techniques","Technical","2","1610","Completed","2024-10-27","Yes"
"BLD-100175","Anti-Bribery & Ethics","Mandatory","8","0","Completed","2023-04-02","No"
"BLD-100175","Conflict Resolution","Soft Skills","4","1890","Completed","2023-12-08","No"
"BLD-100175","Qatar Labor Law Essentials","Compliance","8","0","Completed","2023-03-09","Yes"
"BLD-100175","Presentation Skills","Soft Skills","2","1790","Completed","2023-01-16","No"
"BLD-100176","Data Privacy Awareness","Mandatory","4","0","Completed","2023-09-23","No"
"BLD-100176","DOA & Governance Training","Compliance","2","0","Completed","2025-05-24","Yes"
"BLD-100176","DOA & Governance Training","Compliance","4","0","Completed","2023-11-01","No"
"BLD-100176","Presentation Skills","Soft Skills","2","2180","Completed","2025-06-02","No"
"BLD-100176","Quality Control Techniques","Technical","2","1280","Completed","2023-09-09","Yes"
"BLD-100176","Coaching for Performance","Leadership","8","1370","Completed","2025-04-21","No"
"BLD-100176","Conflict Resolution","Soft Skills","2","270","Completed","2023-02-07","No"
"BLD-100177","Coaching for Performance","Leadership","2","1520","Completed","2024-08-21","No"
"BLD-100177","Food Safety & HACCP Refresher","Mandatory","4","0","Completed","2023-06-20","No"
"BLD-100177","Qatar Labor Law Essentials","Compliance","8","0","Completed","2023-09-21","No"
"BLD-100177","Qatar Labor Law Essentials","Compliance","2","0","Completed","2024-02-27","No"
"BLD-100177","Presentation Skills","Soft Skills","8","860","Completed","2023-08-31","No"
"BLD-100177","Coaching for Performance","Leadership","4","1850","Completed","2024-07-02","No"
"BLD-100178","DOA & Governance Training","Compliance","16","0","Completed","2025-08-19","Yes"
"BLD-100178","Coaching for Performance","Leadership","8","1830","Completed","2025-03-25","No"
"BLD-100178","Anti-Bribery & Ethics","Mandatory","2","0","Completed","2024-07-22","No"
"BLD-100178","Cold Chain Logistics","Technical","8","1750","In Progress",,"No"
"BLD-100178","DOA & Governance Training","Compliance","8","0","Completed","2023-06-20","Yes"
"BLD-100178","Data Privacy Awareness","Mandatory","2","0","In Progress",,"No"
"BLD-100179","Dairy Processing Fundamentals","Technical","2","190","Not Started",,"No"
"BLD-100179","Time Management","Soft Skills","16","730","Completed","2025-06-21","No"
"BLD-100179","Quality Control Techniques","Technical","2","1750","Not Started",,"No"
"BLD-100179","Quality Control Techniques","Technical","4","350","Completed","2024-03-01","No"
"BLD-100179","Dairy Processing Fundamentals","Technical","8","610","Completed","2024-08-20","Yes"
"BLD-100179","Data Privacy Awareness","Mandatory","8","0","In Progress",,"No"
"BLD-100179","Strategic Leadership Workshop","Leadership","4","470","Completed","2025-06-28","No"
"BLD-100179","Time Management","Soft Skills","4","610","Completed","2024-10-09","No"
"BLD-100179","Effective Communication","Soft Skills","2","180","Completed","2023-04-23","No"
"BLD-100179","Advanced Excel for Reporting","Technical","4","880","Completed","2023-04-28","Yes"
"BLD-100179","Fire & Emergency Response","Mandatory","4","0","Completed","2025-10-29","No"
"BLD-100180","Dairy Processing Fundamentals","Technical","8","290","Completed","2023-01-15","No"
"BLD-100180","Presentation Skills","Soft Skills","4","280","Completed","2023-01-07","No"
"BLD-100181","Strategic Leadership Workshop","Leadership","2","930","Completed","2023-08-09","No"
"BLD-100181","Advanced Excel for Reporting","Technical","8","940","Completed","2024-08-07","Yes"
"BLD-100181","Fire & Emergency Response","Mandatory","4","0","Completed","2023-07-13","No"
"BLD-100181","Health & Safety Induction","Mandatory","2","0","Completed","2025-11-29","No"
"BLD-100181","Dairy Processing Fundamentals","Technical","2","740","Completed","2023-12-08","Yes"
"BLD-100181","Cold Chain Logistics","Technical","2","2110","Completed","2025-08-09","Yes"
"BLD-100181","Food Safety & HACCP Refresher","Mandatory","2","0","Completed","2024-05-24","No"
"BLD-100181","Strategic Leadership Workshop","Leadership","8","1740","Completed","2025-03-14","No"
"BLD-100181","DOA & Governance Training","Compliance","8","0","Completed","2023-08-07","Yes"
"BLD-100182","Time Management","Soft Skills","8","1300","Completed","2023-08-05","No"
"BLD-100182","Presentation Skills","Soft Skills","8","1390","Completed","2025-11-28","No"
"BLD-100182","Qatar Labor Law Essentials","Compliance","16","0","Completed","2024-09-07","Yes"
"BLD-100182","SAP for HR Users","Technical","16","1600","Completed","2025-12-01","Yes"
"BLD-100184","Qatar Labor Law Essentials","Compliance","2","0","Completed","2023-11-25","No"
"BLD-100184","Data Privacy Awareness","Mandatory","2","0","Completed","2023-11-20","No"
"BLD-100184","Dairy Processing Fundamentals","Technical","8","450","Completed","2024-02-10","No"
"BLD-100184","Advanced Excel for Reporting","Technical","4","530","Completed","2023-12-21","Yes"
"BLD-100186","DOA & Governance Training","Compliance","4","0","Completed","2024-07-04","Yes"
"BLD-100186","SAP for HR Users","Technical","8","550","Completed","2023-09-05","Yes"
"BLD-100187","Quality Control Techniques","Technical","16","1150","Completed","2025-06-17","Yes"
"BLD-100187","Health & Safety Induction","Mandatory","4","0","Completed","2023-04-04","No"
"BLD-100187","Coaching for Performance","Leadership","4","510","Completed","2023-07-03","No"
"BLD-100187","Data Privacy Awareness","Mandatory","2","0","In Progress",,"No"
"BLD-100187","Time Management","Soft Skills","4","1860","Completed","2024-11-06","No"
"BLD-100187","SAP for HR Users","Technical","16","2040","Completed","2024-01-27","Yes"
"BLD-100188","DOA & Governance Training","Compliance","8","0","Completed","2024-01-20","No"
"BLD-100188","Food Safety & HACCP Refresher","Mandatory","4","0","Completed","2023-01-24","No"
"BLD-100188","Coaching for Performance","Leadership","2","1640","Completed","2023-01-22","No"
"BLD-100188","First-Time Manager Program","Leadership","2","1730","Completed","2024-09-27","No"
"BLD-100189","Effective Communication","Soft Skills","4","2140","Completed","2023-09-05","No"
"BLD-100190","Qatar Labor Law Essentials","Compliance","4","0","Completed","2023-09-01","No"
"BLD-100190","Fire & Emergency Response","Mandatory","4","0","Completed","2023-06-01","No"
"BLD-100190","DOA & Governance Training","Compliance","8","0","In Progress",,"No"
"BLD-100190","Dairy Processing Fundamentals","Technical","8","470","In Progress",,"No"
"BLD-100190","Conflict Resolution","Soft Skills","8","1190","Completed","2023-02-16","No"
"BLD-100191","Presentation Skills","Soft Skills","4","660","Completed","2024-09-26","No"
"BLD-100191","Time Management","Soft Skills","4","1680","Completed","2024-07-12","No"
"BLD-100191","Quality Control Techniques","Technical","2","1610","In Progress",,"No"
"BLD-100191","Time Management","Soft Skills","8","1080","Completed","2025-08-19","No"
"BLD-100191","Presentation Skills","Soft Skills","8","1160","Completed","2025-09-26","No"
"BLD-100191","Conflict Resolution","Soft Skills","8","1040","Completed","2025-08-26","No"
"BLD-100191","Quality Control Techniques","Technical","16","1190","Completed","2024-09-12","No"
"BLD-100191","SAP for HR Users","Technical","2","1930","Completed","2024-11-16","Yes"
"BLD-100192","Anti-Bribery & Ethics","Mandatory","2","0","In Progress",,"No"
"BLD-100192","Fire & Emergency Response","Mandatory","8","0","In Progress",,"No"
"BLD-100192","Strategic Leadership Workshop","Leadership","8","510","In Progress",,"No"
"BLD-100192","Food Safety & HACCP Refresher","Mandatory","16","0","Completed","2023-04-07","No"
"BLD-100192","Anti-Bribery & Ethics","Mandatory","2","0","Completed","2024-04-17","No"
"BLD-100192","First-Time Manager Program","Leadership","8","470","Completed","2024-07-27","No"
"BLD-100193","Dairy Processing Fundamentals","Technical","8","2120","Completed","2023-08-02","No"
"BLD-100193","Anti-Bribery & Ethics","Mandatory","8","0","Completed","2023-01-20","No"
"BLD-100193","Presentation Skills","Soft Skills","2","1070","Completed","2024-08-08","No"
"BLD-100194","Health & Safety Induction","Mandatory","4","0","Completed","2023-12-09","No"
"BLD-100194","Quality Control Techniques","Technical","2","2030","Completed","2024-01-19","Yes"
"BLD-100194","Advanced Excel for Reporting","Technical","8","1330","Completed","2023-09-30","No"
"BLD-100194","Conflict Resolution","Soft Skills","2","460","Completed","2024-12-06","No"
"BLD-100194","Dairy Processing Fundamentals","Technical","8","760","Completed","2024-08-16","Yes"
"BLD-100194","Health & Safety Induction","Mandatory","8","0","Completed","2024-08-02","No"
"BLD-100194","DOA & Governance Training","Compliance","8","0","Completed","2024-03-19","No"
"BLD-100195","Conflict Resolution","Soft Skills","4","1390","Not Started",,"No"
"BLD-100195","Coaching for Performance","Leadership","2","240","Completed","2023-05-20","No"
"BLD-100195","Anti-Bribery & Ethics","Mandatory","2","0","Completed","2023-02-22","No"
"BLD-100195","Time Management","Soft Skills","8","2150","In Progress",,"No"
"BLD-100195","Food Safety & HACCP Refresher","Mandatory","2","0","Not Started",,"No"
"BLD-100196","Cold Chain Logistics","Technical","4","920","Completed","2025-01-08","Yes"
"BLD-100196","Coaching for Performance","Leadership","8","1730","Completed","2025-09-12","No"
"BLD-100196","Fire & Emergency Response","Mandatory","4","0","Completed","2025-04-13","No"
"BLD-100196","Data Privacy Awareness","Mandatory","2","0","Completed","2023-08-13","No"
"BLD-100196","Dairy Processing Fundamentals","Technical","8","1490","Completed","2024-01-09","No"
"BLD-100197","SAP for HR Users","Technical","2","710","Not Started",,"No"
"BLD-100197","DOA & Governance Training","Compliance","4","0","Completed","2023-02-25","Yes"
"BLD-100197","First-Time Manager Program","Leadership","8","1980","Completed","2024-07-08","No"
"BLD-100197","Presentation Skills","Soft Skills","2","1880","Completed","2024-07-21","No"
"BLD-100197","First-Time Manager Program","Leadership","2","1920","Completed","2025-03-01","No"
"BLD-100197","Conflict Resolution","Soft Skills","2","930","In Progress",,"No"
"BLD-100198","Dairy Processing Fundamentals","Technical","4","390","Not Started",,"No"
"BLD-100198","Advanced Excel for Reporting","Technical","4","1180","Completed","2023-08-27","No"
"BLD-100199","Cold Chain Logistics","Technical","2","2130","In Progress",,"No"
"BLD-100199","SAP for HR Users","Technical","2","1570","Completed","2023-09-01","No"
"BLD-100199","Advanced Excel for Reporting","Technical","2","700","Completed","2023-03-06","Yes"
"BLD-100199","Health & Safety Induction","Mandatory","2","0","Completed","2024-10-14","No"
"BLD-100199","Data Privacy Awareness","Mandatory","8","0","Completed","2024-03-07","No"
"BLD-100199","Food Safety & HACCP Refresher","Mandatory","8","0","Completed","2023-12-03","No"
"BLD-100199","Anti-Bribery & Ethics","Mandatory","16","0","Completed","2023-08-27","No"
"BLD-100199","Time Management","Soft Skills","2","700","Completed","2023-09-26","No"
"BLD-100199","Health & Safety Induction","Mandatory","4","0","Completed","2023-06-08","No"
"BLD-100199","Coaching for Performance","Leadership","4","560","Completed","2024-06-08","No"
"BLD-100199","Data Privacy Awareness","Mandatory","8","0","Completed","2023-06-27","No"
"BLD-100199","Data Privacy Awareness","Mandatory","2","0","Completed","2023-09-16","No"
"BLD-100199","Cold Chain Logistics","Technical","2","1830","Completed","2024-08-16","No"
"BLD-100201","Time Management","Soft Skills","2","1500","Not Started",,"No"
"BLD-100202","DOA & Governance Training","Compliance","4","0","Completed","2025-06-02","No"
"BLD-100202","SAP for HR Users","Technical","4","1040","Completed","2023-12-18","Yes"
"BLD-100202","Advanced Excel for Reporting","Technical","2","1090","Completed","2025-09-04","No"
"BLD-100202","First-Time Manager Program","Leadership","2","870","Not Started",,"No"
"BLD-100202","Conflict Resolution","Soft Skills","4","1120","Completed","2025-04-27","No"
"BLD-100202","Effective Communication","Soft Skills","8","1090","Completed","2025-03-07","No"
"BLD-100202","Health & Safety Induction","Mandatory","8","0","Completed","2025-09-29","No"
"BLD-100202","First-Time Manager Program","Leadership","16","400","Completed","2025-09-02","No"
"BLD-100202","Anti-Bribery & Ethics","Mandatory","4","0","Completed","2024-04-15","No"
"BLD-100202","Food Safety & HACCP Refresher","Mandatory","8","0","Completed","2023-03-29","No"
"BLD-100202","Strategic Leadership Workshop","Leadership","8","1670","In Progress",,"No"
"BLD-100202","Strategic Leadership Workshop","Leadership","4","930","Completed","2024-05-07","No"
"BLD-100203","SAP for HR Users","Technical","2","1690","Completed","2023-01-11","No"
"BLD-100204","First-Time Manager Program","Leadership","2","1380","Completed","2024-04-30","No"
"BLD-100204","Data Privacy Awareness","Mandatory","2","0","Completed","2023-01-06","No"
"BLD-100204","First-Time Manager Program","Leadership","4","1570","Completed","2023-11-19","No"
"BLD-100204","Food Safety & HACCP Refresher","Mandatory","16","0","Completed","2024-04-21","No"
"BLD-100204","Health & Safety Induction","Mandatory","8","0","Completed","2024-05-04","No"
"BLD-100205","Time Management","Soft Skills","2","1350","Completed","2024-03-05","No"
"BLD-100205","Effective Communication","Soft Skills","4","960","Completed","2024-07-19","No"
"BLD-100205","Quality Control Techniques","Technical","4","940","Completed","2025-03-03","Yes"
"BLD-100205","First-Time Manager Program","Leadership","4","1620","Completed","2024-07-07","No"
"BLD-100205","Time Management","Soft Skills","2","1610","Completed","2024-02-15","No"
"BLD-100205","First-Time Manager Program","Leadership","8","540","Completed","2024-08-31","No"
"BLD-100205","Anti-Bribery & Ethics","Mandatory","8","0","Completed","2024-03-22","No"
"BLD-100205","Dairy Processing Fundamentals","Technical","8","1230","Not Started",,"No"
"BLD-100206","Fire & Emergency Response","Mandatory","2","0","Completed","2023-05-31","No"
"BLD-100206","Anti-Bribery & Ethics","Mandatory","4","0","Completed","2023-01-26","No"
"BLD-100207","Effective Communication","Soft Skills","4","1680","Completed","2024-07-15","No"
"BLD-100207","Data Privacy Awareness","Mandatory","16","0","Completed","2025-05-31","No"
"BLD-100207","Food Safety & HACCP Refresher","Mandatory","4","0","Not Started",,"No"
"BLD-100207","Presentation Skills","Soft Skills","16","1630","Completed","2024-11-07","No"
"BLD-100207","Coaching for Performance","Leadership","2","1010","Completed","2023-03-18","No"
"BLD-100207","Time Management","Soft Skills","4","1600","Completed","2025-08-16","No"
"BLD-100207","Food Safety & HACCP Refresher","Mandatory","2","0","Completed","2023-11-21","No"
"BLD-100208","Quality Control Techniques","Technical","4","1210","Completed","2024-08-02","No"
"BLD-100208","Strategic Leadership Workshop","Leadership","4","1050","Completed","2025-01-16","No"
"BLD-100208","Anti-Bribery & Ethics","Mandatory","2","0","Completed","2024-07-02","No"
"BLD-100208","DOA & Governance Training","Compliance","2","0","Completed","2023-04-30","Yes"
"BLD-100209","Health & Safety Induction","Mandatory","2","0","In Progress",,"No"
"BLD-100209","Food Safety & HACCP Refresher","Mandatory","4","0","Not Started",,"No"
"BLD-100209","Cold Chain Logistics","Technical","8","800","Completed","2024-07-31","No"
"BLD-100209","DOA & Governance Training","Compliance","16","0","Completed","2025-06-05","No"
"BLD-100209","Strategic Leadership Workshop","Leadership","8","1690","In Progress",,"No"
"BLD-100209","Cold Chain Logistics","Technical","8","720","Completed","2024-10-26","No"
"BLD-100209","Cold Chain Logistics","Technical","4","830","Completed","2024-01-09","No"
"BLD-100209","SAP for HR Users","Technical","16","650","Completed","2025-11-15","No"
"BLD-100209","Strategic Leadership Workshop","Leadership","8","2010","Completed","2024-12-09","No"
"BLD-100210","First-Time Manager Program","Leadership","8","1130","Completed","2025-11-28","No"
"BLD-100210","Quality Control Techniques","Technical","16","880","Completed","2025-05-05","Yes"
"BLD-100210","Anti-Bribery & Ethics","Mandatory","4","0","Completed","2025-07-22","No"
"BLD-100210","First-Time Manager Program","Leadership","4","1740","Completed","2025-02-10","No"
"BLD-100210","Effective Communication","Soft Skills","4","210","In Progress",,"No"
"BLD-100210","Data Privacy Awareness","Mandatory","8","0","Not Started",,"No"
"BLD-100210","Conflict Resolution","Soft Skills","2","1720","Completed","2025-12-14","No"
"BLD-100210","Strategic Leadership Workshop","Leadership","2","160","Completed","2025-10-18","No"
"BLD-100210","Food Safety & HACCP Refresher","Mandatory","16","0","Completed","2025-04-28","No"
"BLD-100210","Conflict Resolution","Soft Skills","8","950","In Progress",,"No"
"BLD-100210","Qatar Labor Law Essentials","Compliance","16","0","Completed","2025-03-25","No"
"BLD-100210","Presentation Skills","Soft Skills","8","260","Completed","2024-05-13","No"
"BLD-100210","Quality Control Techniques","Technical","16","160","Completed","2023-03-22","Yes"
"BLD-100211","Food Safety & HACCP Refresher","Mandatory","16","0","Not Started",,"No"
"BLD-100211","Quality Control Techniques","Technical","4","360","Completed","2023-04-29","Yes"
"BLD-100212","Anti-Bribery & Ethics","Mandatory","2","0","Completed","2024-07-02","No"
"BLD-100212","Data Privacy Awareness","Mandatory","8","0","In Progress",,"No"
"BLD-100212","Effective Communication","Soft Skills","2","320","Completed","2024-12-24","No"
"BLD-100213","SAP for HR Users","Technical","2","1350","Completed","2025-07-27","Yes"
"BLD-100213","Food Safety & HACCP Refresher","Mandatory","2","0","Completed","2023-10-27","No"
"BLD-100213","Conflict Resolution","Soft Skills","16","1030","Completed","2025-02-27","No"
"BLD-100213","Coaching for Performance","Leadership","2","1240","Completed","2023-08-26","No"
"BLD-100213","Advanced Excel for Reporting","Technical","16","390","Not Started",,"No"
"BLD-100213","Effective Communication","Soft Skills","8","1780","Completed","2025-10-25","No"
"BLD-100213","DOA & Governance Training","Compliance","8","0","Completed","2023-05-08","Yes"
"BLD-100213","Dairy Processing Fundamentals","Technical","4","1870","Completed","2025-09-25","Yes"
"BLD-100213","Cold Chain Logistics","Technical","2","630","Completed","2025-07-06","Yes"
"BLD-100213","Strategic Leadership Workshop","Leadership","2","700","Completed","2025-11-11","No"
"BLD-100214","Strategic Leadership Workshop","Leadership","4","160","Not Started",,"No"
"BLD-100214","Effective Communication","Soft Skills","16","800","Completed","2023-11-15","No"
"BLD-100214","Time Management","Soft Skills","4","1510","Completed","2023-11-30","No"
"BLD-100214","Dairy Processing Fundamentals","Technical","8","430","Completed","2023-12-06","No"
"BLD-100214","Data Privacy Awareness","Mandatory","8","0","Completed","2024-04-07","No"
"BLD-100214","Data Privacy Awareness","Mandatory","8","0","Completed","2025-07-22","No"
"BLD-100214","Qatar Labor Law Essentials","Compliance","4","0","Completed","2025-03-09","No"
"BLD-100214","Conflict Resolution","Soft Skills","8","1680","In Progress",,"No"
"BLD-100214","Presentation Skills","Soft Skills","2","490","Completed","2024-01-21","No"
"BLD-100214","Strategic Leadership Workshop","Leadership","8","2060","Completed","2024-01-09","No"
"BLD-100214","Data Privacy Awareness","Mandatory","4","0","Completed","2023-07-15","No"
"BLD-100215","Presentation Skills","Soft Skills","16","820","Completed","2025-07-09","No"
"BLD-100215","Qatar Labor Law Essentials","Compliance","4","0","Completed","2023-02-11","Yes"
"BLD-100215","Quality Control Techniques","Technical","2","1500","Completed","2024-06-05","No"
"BLD-100215","SAP for HR Users","Technical","8","2110","Completed","2024-03-18","No"
"BLD-100215","DOA & Governance Training","Compliance","4","0","Completed","2025-08-21","No"
"BLD-100216","Qatar Labor Law Essentials","Compliance","8","0","Completed","2024-08-16","Yes"
"BLD-100216","DOA & Governance Training","Compliance","8","0","Completed","2023-07-25","Yes"
"BLD-100216","Food Safety & HACCP Refresher","Mandatory","4","0","Completed","2024-07-14","No"
"BLD-100216","Data Privacy Awareness","Mandatory","2","0","Completed","2025-07-23","No"
"BLD-100216","Effective Communication","Soft Skills","2","610","Completed","2024-12-08","No"
"BLD-100216","Strategic Leadership Workshop","Leadership","8","900","Completed","2025-06-21","No"
"BLD-100217","Anti-Bribery & Ethics","Mandatory","4","0","In Progress",,"No"
"BLD-100217","Qatar Labor Law Essentials","Compliance","8","0","In Progress",,"No"
"BLD-100217","Dairy Processing Fundamentals","Technical","2","1300","Completed","2025-11-28","No"
"BLD-100217","Time Management","Soft Skills","4","1910","In Progress",,"No"
"BLD-100217","Fire & Emergency Response","Mandatory","8","0","Completed","2023-09-20","No"
"BLD-100217","SAP for HR Users","Technical","4","1670","Completed","2024-12-20","Yes"
"BLD-100217","Data Privacy Awareness","Mandatory","16","0","In Progress",,"No"
"BLD-100217","Qatar Labor Law Essentials","Compliance","2","0","Completed","2025-08-06","Yes"
"BLD-100217","Food Safety & HACCP Refresher","Mandatory","8","0","Completed","2024-08-11","No"
"BLD-100217","Presentation Skills","Soft Skills","8","310","In Progress",,"No"
"BLD-100217","First-Time Manager Program","Leadership","8","1950","Completed","2024-05-15","No"
"BLD-100217","Advanced Excel for Reporting","Technical","2","1760","Completed","2024-05-10","Yes"
"BLD-100217","Quality Control Techniques","Technical","4","1420","Completed","2023-11-03","Yes"
"BLD-100217","Effective Communication","Soft Skills","4","820","Completed","2025-11-30","No"
"BLD-100217","Anti-Bribery & Ethics","Mandatory","16","0","Completed","2024-03-06","No"
"BLD-100218","Time Management","Soft Skills","8","950","In Progress",,"No"
"BLD-100218","Strategic Leadership Workshop","Leadership","4","420","In Progress",,"No"
"BLD-100218","Quality Control Techniques","Technical","8","260","Completed","2023-07-03","No"
"BLD-100218","Cold Chain Logistics","Technical","2","420","Completed","2023-11-03","Yes"
"BLD-100218","Presentation Skills","Soft Skills","4","940","Completed","2024-01-05","No"
"BLD-100219","Fire & Emergency Response","Mandatory","16","0","In Progress",,"No"
"BLD-100219","Data Privacy Awareness","Mandatory","8","0","Completed","2023-03-19","No"
"BLD-100219","Advanced Excel for Reporting","Technical","2","310","Not Started",,"No"
"BLD-100219","Quality Control Techniques","Technical","4","930","Not Started",,"No"
"BLD-100219","Health & Safety Induction","Mandatory","2","0","Completed","2024-04-03","No"
"BLD-100219","Anti-Bribery & Ethics","Mandatory","2","0","Completed","2025-09-25","No"
"BLD-100219","Health & Safety Induction","Mandatory","2","0","Completed","2025-08-30","No"
"BLD-100219","Conflict Resolution","Soft Skills","4","800","Not Started",,"No"
"BLD-100220","Presentation Skills","Soft Skills","4","580","Completed","2024-09-22","No"
"BLD-100220","DOA & Governance Training","Compliance","4","0","Completed","2023-04-15","No"
"BLD-100220","Food Safety & HACCP Refresher","Mandatory","4","0","Completed","2025-08-19","No"
"BLD-100220","Anti-Bribery & Ethics","Mandatory","2","0","Completed","2023-08-05","No"
"BLD-100220","Qatar Labor Law Essentials","Compliance","16","0","Completed","2023-07-24","No"
"BLD-100220","Conflict Resolution","Soft Skills","4","1620","Completed","2025-07-01","No"
"BLD-100221","Dairy Processing Fundamentals","Technical","16","1950","Completed","2023-09-03","No"
"BLD-100221","Data Privacy Awareness","Mandatory","8","0","Completed","2023-02-23","No"
"BLD-100222","Strategic Leadership Workshop","Leadership","4","230","In Progress",,"No"
"BLD-100222","Time Management","Soft Skills","2","590","Completed","2025-10-20","No"
"BLD-100222","Coaching for Performance","Leadership","2","1820","Completed","2025-06-12","No"
"BLD-100222","Quality Control Techniques","Technical","4","1130","Completed","2024-01-25","No"
"BLD-100222","Quality Control Techniques","Technical","16","1280","Completed","2024-02-19","No"
"BLD-100222","Health & Safety Induction","Mandatory","2","0","Completed","2023-05-20","No"
"BLD-100222","Effective Communication","Soft Skills","16","1710","Completed","2023-01-18","No"
"BLD-100222","DOA & Governance Training","Compliance","2","0","Completed","2024-08-17","Yes"
"BLD-100222","Cold Chain Logistics","Technical","8","540","Completed","2025-12-14","No"
"BLD-100222","Presentation Skills","Soft Skills","8","1420","Completed","2023-05-22","No"
"BLD-100222","Cold Chain Logistics","Technical","2","1580","Completed","2025-05-03","No"
"BLD-100223","Anti-Bribery & Ethics","Mandatory","4","0","Completed","2024-11-08","No"
"BLD-100223","Food Safety & HACCP Refresher","Mandatory","2","0","Completed","2024-05-14","No"
"BLD-100224","Data Privacy Awareness","Mandatory","2","0","Not Started",,"No"
"BLD-100224","SAP for HR Users","Technical","2","700","Not Started",,"No"
"BLD-100224","Advanced Excel for Reporting","Technical","4","2150","Completed","2025-08-11","No"
"BLD-100224","Health & Safety Induction","Mandatory","2","0","Completed","2023-11-30","No"
"BLD-100225","Advanced Excel for Reporting","Technical","2","1960","Completed","2024-12-25","No"
"BLD-100225","Presentation Skills","Soft Skills","8","2100","Completed","2023-08-24","No"
"BLD-100225","Health & Safety Induction","Mandatory","16","0","In Progress",,"No"
"BLD-100225","Data Privacy Awareness","Mandatory","4","0","Completed","2023-01-20","No"
"BLD-100225","Presentation Skills","Soft Skills","8","1290","Completed","2023-06-25","No"
"BLD-100225","Data Privacy Awareness","Mandatory","4","0","Completed","2025-12-29","No"
"BLD-100225","Cold Chain Logistics","Technical","8","1810","Completed","2025-09-19","No"
"BLD-100225","Anti-Bribery & Ethics","Mandatory","4","0","Completed","2025-02-10","No"
"BLD-100225","Effective Communication","Soft Skills","4","1330","In Progress",,"No"
"BLD-100225","Conflict Resolution","Soft Skills","8","280","Completed","2025-05-08","No"
"BLD-100225","DOA & Governance Training","Compliance","8","0","Completed","2024-02-23","Yes"
"BLD-100226","Egyptian Labor Law Essentials","Compliance","8","0","In Progress",,"No"
"BLD-100227","Data Privacy Awareness","Mandatory","4","0","Completed","2023-01-25","No"
"BLD-100228","Cold Chain Logistics","Technical","4","910","Completed","2025-11-06","No"
"BLD-100228","Cold Chain Logistics","Technical","8","670","Completed","2025-02-11","Yes"
"BLD-100228","Advanced Excel for Reporting","Technical","8","610","Completed","2025-02-06","Yes"
"BLD-100228","Health & Safety Induction","Mandatory","8","0","Completed","2025-04-14","No"
"BLD-100228","Anti-Bribery & Ethics","Mandatory","4","0","Not Started",,"No"
"BLD-100228","Strategic Leadership Workshop","Leadership","16","450","Completed","2025-05-26","No"
"BLD-100228","Cold Chain Logistics","Technical","4","1200","Not Started",,"No"
"BLD-100228","Data Privacy Awareness","Mandatory","4","0","Completed","2025-10-22","No"
"BLD-100228","SAP for HR Users","Technical","16","2020","Not Started",,"No"
"BLD-100229","Health & Safety Induction","Mandatory","4","0","Completed","2025-11-12","No"
"BLD-100229","Health & Safety Induction","Mandatory","4","0","Completed","2025-01-05","No"
"BLD-100229","Fire & Emergency Response","Mandatory","4","0","Completed","2023-02-16","No"
"BLD-100229","Strategic Leadership Workshop","Leadership","4","1030","Completed","2023-08-02","No"
"BLD-100229","Dairy Processing Fundamentals","Technical","4","1520","Completed","2024-02-11","Yes"
"BLD-100229","Data Privacy Awareness","Mandatory","2","0","Completed","2023-01-29","No"
"BLD-100229","Presentation Skills","Soft Skills","8","1050","Completed","2024-09-13","No"
"BLD-100229","Fire & Emergency Response","Mandatory","4","0","In Progress",,"No"
"BLD-100229","Advanced Excel for Reporting","Technical","2","1380","Completed","2023-05-10","No"
"BLD-100231","Presentation Skills","Soft Skills","8","1050","Completed","2023-05-09","No"
"BLD-100232","Presentation Skills","Soft Skills","2","860","Completed","2023-05-13","No"
"BLD-100232","Cold Chain Logistics","Technical","2","730","Completed","2025-10-29","Yes"
"BLD-100232","Egyptian Labor Law Essentials","Compliance","16","0","Completed","2024-02-18","Yes"
"BLD-100232","Data Privacy Awareness","Mandatory","16","0","Completed","2023-04-07","No"
"BLD-100232","Quality Control Techniques","Technical","8","560","Completed","2023-08-08","No"
"BLD-100232","Anti-Bribery & Ethics","Mandatory","2","0","Completed","2024-07-07","No"
"BLD-100232","Time Management","Soft Skills","8","1260","Completed","2025-01-29","No"
"BLD-100232","Egyptian Labor Law Essentials","Compliance","2","0","Completed","2024-07-02","No"
"BLD-100232","Egyptian Labor Law Essentials","Compliance","8","0","Completed","2023-09-24","Yes"
"BLD-100232","Data Privacy Awareness","Mandatory","4","0","Completed","2025-05-31","No"
"BLD-100232","Data Privacy Awareness","Mandatory","8","0","Completed","2025-01-21","No"
"BLD-100232","Conflict Resolution","Soft Skills","2","1360","Completed","2023-02-03","No"
"BLD-100232","Fire & Emergency Response","Mandatory","2","0","Completed","2024-08-30","No"
"BLD-100232","Strategic Leadership Workshop","Leadership","4","1480","Completed","2025-12-02","No"
"BLD-100232","Quality Control Techniques","Technical","16","570","Completed","2023-10-05","Yes"
"BLD-100233","Qatar Labor Law Essentials","Compliance","2","0","In Progress",,"No"
"BLD-100233","Data Privacy Awareness","Mandatory","2","0","Completed","2025-01-10","No"
"BLD-100233","Food Safety & HACCP Refresher","Mandatory","4","0","Completed","2024-05-12","No"
"BLD-100233","Qatar Labor Law Essentials","Compliance","4","0","In Progress",,"No"
"BLD-100233","Coaching for Performance","Leadership","2","1770","Completed","2024-06-13","No"
"BLD-100233","Data Privacy Awareness","Mandatory","8","0","Completed","2025-07-11","No"
"BLD-100233","Data Privacy Awareness","Mandatory","4","0","Completed","2023-05-20","No"
"BLD-100233","SAP for HR Users","Technical","2","1360","Completed","2023-01-19","Yes"
"BLD-100234","Anti-Bribery & Ethics","Mandatory","2","0","Completed","2023-10-11","No"
"BLD-100235","Cold Chain Logistics","Technical","2","1600","Completed","2023-11-23","No"
"BLD-100235","Time Management","Soft Skills","2","940","Completed","2023-04-24","No"
"BLD-100235","First-Time Manager Program","Leadership","16","780","Completed","2023-03-23","No"
"BLD-100235","Coaching for Performance","Leadership","8","2110","Completed","2025-11-01","No"
"BLD-100235","Coaching for Performance","Leadership","4","890","Not Started",,"No"
"BLD-100235","Fire & Emergency Response","Mandatory","4","0","In Progress",,"No"
"BLD-100235","Conflict Resolution","Soft Skills","8","250","In Progress",,"No"
"BLD-100236","DOA & Governance Training","Compliance","2","0","Completed","2025-05-08","Yes"
"BLD-100236","First-Time Manager Program","Leadership","2","590","Completed","2023-02-17","No"
"BLD-100236","First-Time Manager Program","Leadership","2","890","Completed","2023-08-19","No"
"BLD-100236","Strategic Leadership Workshop","Leadership","2","2060","Completed","2025-08-24","No"
"BLD-100236","Time Management","Soft Skills","8","1410","In Progress",,"No"
"BLD-100236","Data Privacy Awareness","Mandatory","8","0","Completed","2025-07-07","No"
"BLD-100236","Anti-Bribery & Ethics","Mandatory","16","0","Completed","2023-04-25","No"
"BLD-100236","Health & Safety Induction","Mandatory","8","0","Completed","2025-01-27","No"
"BLD-100236","Presentation Skills","Soft Skills","8","330","Completed","2024-07-13","No"
"BLD-100237","Cold Chain Logistics","Technical","8","1990","In Progress",,"No"
"BLD-100238","Dairy Processing Fundamentals","Technical","2","1130","Completed","2024-12-29","No"
"BLD-100238","Conflict Resolution","Soft Skills","2","200","Completed","2023-01-23","No"
"BLD-100238","Cold Chain Logistics","Technical","8","1870","Completed","2023-12-06","No"
"BLD-100238","DOA & Governance Training","Compliance","4","0","Completed","2024-10-04","No"
"BLD-100238","Qatar Labor Law Essentials","Compliance","2","0","Completed","2024-12-19","Yes"
"BLD-100238","Effective Communication","Soft Skills","4","650","Completed","2025-02-27","No"
"BLD-100238","Qatar Labor Law Essentials","Compliance","16","0","Completed","2023-01-19","Yes"
"BLD-100238","Strategic Leadership Workshop","Leadership","2","150","In Progress",,"No"
"BLD-100238","Dairy Processing Fundamentals","Technical","2","1870","Completed","2024-06-23","Yes"
"BLD-100238","Conflict Resolution","Soft Skills","16","580","Completed","2024-05-16","No"
"BLD-100238","Time Management","Soft Skills","8","960","Completed","2024-08-25","No"
"BLD-100238","Conflict Resolution","Soft Skills","16","1360","Completed","2025-02-09","No"
"BLD-100238","Advanced Excel for Reporting","Technical","8","1470","Completed","2025-02-16","No"
"BLD-100238","Qatar Labor Law Essentials","Compliance","2","0","Completed","2025-10-26","Yes"
"BLD-100238","Health & Safety Induction","Mandatory","4","0","Completed","2025-12-10","No"
"BLD-100238","Health & Safety Induction","Mandatory","16","0","Completed","2024-05-07","No"
"BLD-100238","Fire & Emergency Response","Mandatory","16","0","Not Started",,"No"
"BLD-100239","SAP for HR Users","Technical","2","850","Completed","2023-04-26","No"
"BLD-100239","Health & Safety Induction","Mandatory","8","0","Completed","2025-07-02","No"
"BLD-100239","Quality Control Techniques","Technical","16","560","Completed","2024-05-11","No"
"BLD-100239","DOA & Governance Training","Compliance","2","0","Completed","2025-11-09","No"
"BLD-100239","Coaching for Performance","Leadership","2","680","Not Started",,"No"
"BLD-100239","DOA & Governance Training","Compliance","16","0","Completed","2023-05-20","Yes"
"BLD-100239","SAP for HR Users","Technical","4","1340","Completed","2025-03-06","Yes"
"BLD-100240","Egyptian Labor Law Essentials","Compliance","2","0","Completed","2023-12-21","Yes"
"BLD-100240","Cold Chain Logistics","Technical","4","670","Completed","2024-10-24","No"
"BLD-100240","Anti-Bribery & Ethics","Mandatory","4","0","Completed","2024-07-16","No"
"BLD-100240","Effective Communication","Soft Skills","16","1940","Completed","2024-11-14","No"
"BLD-100240","Health & Safety Induction","Mandatory","4","0","Completed","2024-01-13","No"
"BLD-100240","Health & Safety Induction","Mandatory","4","0","Completed","2023-09-01","No"
"BLD-100240","DOA & Governance Training","Compliance","2","0","Completed","2025-12-05","No"
"BLD-100240","Egyptian Labor Law Essentials","Compliance","4","0","Completed","2024-10-11","No"
"BLD-100240","First-Time Manager Program","Leadership","4","950","Completed","2024-09-18","No"
"BLD-100240","DOA & Governance Training","Compliance","2","0","Completed","2024-07-12","No"
"BLD-100240","Cold Chain Logistics","Technical","4","1790","Completed","2024-03-28","No"
"BLD-100240","Data Privacy Awareness","Mandatory","16","0","Completed","2025-10-10","No"
"BLD-100240","Coaching for Performance","Leadership","4","570","Completed","2023-08-22","No"
"BLD-100241","Advanced Excel for Reporting","Technical","16","1030","Not Started",,"No"
"BLD-100241","Strategic Leadership Workshop","Leadership","4","640","Completed","2024-04-03","No"
"BLD-100241","Coaching for Performance","Leadership","4","1810","Completed","2024-08-19","No"
"BLD-100241","Cold Chain Logistics","Technical","16","700","Completed","2024-05-21","Yes"
"BLD-100241","Presentation Skills","Soft Skills","8","620","Completed","2024-01-21","No"
"BLD-100242","Conflict Resolution","Soft Skills","4","2080","Completed","2024-06-13","No"
"BLD-100242","Food Safety & HACCP Refresher","Mandatory","4","0","Completed","2024-07-22","No"
"BLD-100242","Health & Safety Induction","Mandatory","8","0","In Progress",,"No"
"BLD-100242","DOA & Governance Training","Compliance","8","0","Completed","2023-08-08","No"
"BLD-100242","Strategic Leadership Workshop","Leadership","2","1850","In Progress",,"No"
"BLD-100242","Strategic Leadership Workshop","Leadership","16","2060","Completed","2024-12-25","No"
"BLD-100242","Cold Chain Logistics","Technical","4","470","Not Started",,"No"
"BLD-100242","DOA & Governance Training","Compliance","4","0","Completed","2023-10-20","No"
"BLD-100243","SAP for HR Users","Technical","2","660","Completed","2025-09-29","No"
"BLD-100243","Cold Chain Logistics","Technical","8","1000","Completed","2023-01-10","Yes"
"BLD-100243","Food Safety & HACCP Refresher","Mandatory","8","0","Completed","2024-01-13","No"
"BLD-100243","Anti-Bribery & Ethics","Mandatory","8","0","Completed","2024-05-23","No"
"BLD-100243","Qatar Labor Law Essentials","Compliance","4","0","Not Started",,"No"
"BLD-100243","Presentation Skills","Soft Skills","2","210","Completed","2025-12-18","No"
"BLD-100243","SAP for HR Users","Technical","16","1930","Completed","2025-04-21","Yes"
"BLD-100244","Qatar Labor Law Essentials","Compliance","4","0","Completed","2024-05-24","Yes"
"BLD-100244","Strategic Leadership Workshop","Leadership","2","1350","Completed","2023-07-07","No"
"BLD-100244","Presentation Skills","Soft Skills","2","970","Completed","2023-11-12","No"
"BLD-100244","First-Time Manager Program","Leadership","8","880","In Progress",,"No"
"BLD-100246","Time Management","Soft Skills","8","560","Completed","2025-08-25","No"
"BLD-100246","Egyptian Labor Law Essentials","Compliance","2","0","In Progress",,"No"
"BLD-100246","Data Privacy Awareness","Mandatory","2","0","In Progress",,"No"
"BLD-100247","Quality Control Techniques","Technical","2","980","Completed","2024-08-24","No"
"BLD-100247","Qatar Labor Law Essentials","Compliance","4","0","Completed","2025-07-05","Yes"
"BLD-100247","First-Time Manager Program","Leadership","2","500","Completed","2023-04-29","No"
"BLD-100247","Time Management","Soft Skills","4","1310","Completed","2024-09-30","No"
"BLD-100247","SAP for HR Users","Technical","8","270","Completed","2024-05-05","No"
"BLD-100247","DOA & Governance Training","Compliance","8","0","Completed","2025-12-12","Yes"
"BLD-100247","Strategic Leadership Workshop","Leadership","16","1840","Completed","2025-07-03","No"
"BLD-100248","Presentation Skills","Soft Skills","8","830","Completed","2024-05-08","No"
"BLD-100248","Food Safety & HACCP Refresher","Mandatory","8","0","Not Started",,"No"
"BLD-100248","Advanced Excel for Reporting","Technical","4","1770","Completed","2023-10-23","No"
"BLD-100248","Fire & Emergency Response","Mandatory","2","0","In Progress",,"No"
"BLD-100248","Coaching for Performance","Leadership","8","1010","Completed","2024-02-04","No"
"BLD-100248","Effective Communication","Soft Skills","8","780","Completed","2023-04-01","No"
"BLD-100248","Advanced Excel for Reporting","Technical","2","1040","Completed","2024-03-27","Yes"
"BLD-100249","Health & Safety Induction","Mandatory","2","0","Completed","2023-05-09","No"
"BLD-100249","Time Management","Soft Skills","8","1280","In Progress",,"No"
"BLD-100250","Fire & Emergency Response","Mandatory","2","0","Completed","2024-05-15","No"
"BLD-100250","Anti-Bribery & Ethics","Mandatory","8","0","Completed","2025-06-29","No"
"BLD-100250","Effective Communication","Soft Skills","4","1740","In Progress",,"No"
"BLD-100250","Conflict Resolution","Soft Skills","8","1600","Completed","2023-03-11","No"
"BLD-100250","Conflict Resolution","Soft Skills","8","1390","Completed","2024-03-19","No"
"BLD-100250","Food Safety & HACCP Refresher","Mandatory","4","0","Completed","2025-09-29","No"
"BLD-100250","Fire & Emergency Response","Mandatory","2","0","Completed","2025-05-02","No"
"BLD-100250","Qatar Labor Law Essentials","Compliance","4","0","Completed","2023-11-03","No"
"BLD-100250","Time Management","Soft Skills","4","1180","Not Started",,"No"
"BLD-100250","SAP for HR Users","Technical","4","2050","Completed","2025-12-31","Yes"
"BLD-100250","Strategic Leadership Workshop","Leadership","4","2130","Completed","2024-01-31","No"
"BLD-100250","Effective Communication","Soft Skills","8","1570","Completed","2025-03-10","No"
"BLD-100251","Time Management","Soft Skills","8","620","Completed","2023-07-01","No"
"BLD-100251","Fire & Emergency Response","Mandatory","2","0","Completed","2024-02-21","No"
"BLD-100252","Qatar Labor Law Essentials","Compliance","8","0","Completed","2025-09-24","Yes"
"BLD-100252","Fire & Emergency Response","Mandatory","8","0","Completed","2024-08-28","No"
"BLD-100252","Quality Control Techniques","Technical","8","1080","Completed","2023-08-04","No"
"BLD-100252","Conflict Resolution","Soft Skills","8","970","Not Started",,"No"
"BLD-100252","Cold Chain Logistics","Technical","2","1420","Completed","2023-01-25","No"
"BLD-100252","SAP for HR Users","Technical","2","1890","Completed","2024-08-08","Yes"
"BLD-100252","Quality Control Techniques","Technical","4","1230","Completed","2024-06-16","No"
"BLD-100252","SAP for HR Users","Technical","8","1500","Completed","2023-03-26","Yes"
"BLD-100252","Advanced Excel for Reporting","Technical","2","760","Not Started",,"No"
"BLD-100252","Strategic Leadership Workshop","Leadership","4","610","Completed","2024-12-17","No"
"BLD-100252","Health & Safety Induction","Mandatory","2","0","Completed","2025-02-10","No"
"BLD-100252","Data Privacy Awareness","Mandatory","2","0","Completed","2025-04-12","No"
"BLD-100252","DOA & Governance Training","Compliance","2","0","Completed","2023-04-05","No"
"BLD-100253","Conflict Resolution","Soft Skills","4","1210","Completed","2025-10-10","No"
"BLD-100253","Data Privacy Awareness","Mandatory","4","0","Completed","2025-03-26","No"
"BLD-100253","SAP for HR Users","Technical","2","730","Not Started",,"No"
"BLD-100253","Food Safety & HACCP Refresher","Mandatory","2","0","Completed","2023-12-17","No"
"BLD-100253","Qatar Labor Law Essentials","Compliance","4","0","Completed","2023-09-29","Yes"
"BLD-100253","Conflict Resolution","Soft Skills","2","850","Completed","2025-12-09","No"
"BLD-100255","Fire & Emergency Response","Mandatory","16","0","Completed","2024-01-20","No"
"BLD-100255","Strategic Leadership Workshop","Leadership","8","1370","In Progress",,"No"
"BLD-100255","Anti-Bribery & Ethics","Mandatory","2","0","Not Started",,"No"
"BLD-100256","Egyptian Labor Law Essentials","Compliance","2","0","Completed","2025-08-06","No"
"BLD-100256","Food Safety & HACCP Refresher","Mandatory","8","0","Completed","2023-02-04","No"
"BLD-100256","Dairy Processing Fundamentals","Technical","2","1770","Completed","2023-01-13","Yes"
"BLD-100256","Quality Control Techniques","Technical","2","720","Completed","2023-07-01","Yes"
"BLD-100256","SAP for HR Users","Technical","4","410","Completed","2024-06-07","Yes"
"BLD-100256","Cold Chain Logistics","Technical","2","1760","Completed","2025-02-26","Yes"
"BLD-100256","Health & Safety Induction","Mandatory","2","0","Completed","2023-08-02","No"
"BLD-100256","Anti-Bribery & Ethics","Mandatory","4","0","Completed","2025-05-29","No"
"BLD-100257","Advanced Excel for Reporting","Technical","2","1250","Completed","2025-04-16","No"
"BLD-100257","Strategic Leadership Workshop","Leadership","8","500","Completed","2023-01-10","No"
"BLD-100257","Coaching for Performance","Leadership","8","1910","Completed","2024-03-16","No"
"BLD-100257","Quality Control Techniques","Technical","4","1770","In Progress",,"No"
"BLD-100257","Data Privacy Awareness","Mandatory","2","0","Completed","2024-06-22","No"
"BLD-100257","Dairy Processing Fundamentals","Technical","2","1370","Completed","2025-06-11","No"
"BLD-100257","SAP for HR Users","Technical","4","1790","Not Started",,"No"
"BLD-100257","Strategic Leadership Workshop","Leadership","2","2140","Completed","2023-03-28","No"
"BLD-100257","Egyptian Labor Law Essentials","Compliance","2","0","Completed","2025-01-10","No"
"BLD-100258","Advanced Excel for Reporting","Technical","8","1900","Completed","2025-06-16","No"
"BLD-100258","Strategic Leadership Workshop","Leadership","4","1380","Completed","2024-10-11","No"
"BLD-100258","Dairy Processing Fundamentals","Technical","2","410","Completed","2023-07-14","No"
"BLD-100258","Cold Chain Logistics","Technical","8","2010","In Progress",,"No"
"BLD-100258","Effective Communication","Soft Skills","16","1350","Not Started",,"No"
"BLD-100258","Time Management","Soft Skills","8","1770","Completed","2023-12-10","No"
"BLD-100258","Effective Communication","Soft Skills","4","1460","Completed","2024-02-26","No"
"BLD-100258","Presentation Skills","Soft Skills","8","2110","Completed","2025-08-17","No"
"BLD-100258","Effective Communication","Soft Skills","4","330","Completed","2023-03-12","No"
"BLD-100259","Health & Safety Induction","Mandatory","4","0","Completed","2023-06-11","No"
"BLD-100259","Coaching for Performance","Leadership","4","1780","Not Started",,"No"
"BLD-100259","Advanced Excel for Reporting","Technical","2","430","Completed","2024-03-03","Yes"
"BLD-100259","Presentation Skills","Soft Skills","16","670","Completed","2024-09-06","No"
"BLD-100259","SAP for HR Users","Technical","8","1370","Completed","2024-07-08","Yes"
"BLD-100259","Quality Control Techniques","Technical","4","1480","Completed","2023-07-01","Yes"
"BLD-100260","DOA & Governance Training","Compliance","16","0","Completed","2023-05-12","Yes"
"BLD-100260","Food Safety & HACCP Refresher","Mandatory","2","0","Completed","2025-06-26","No"
"BLD-100260","Data Privacy Awareness","Mandatory","8","0","Completed","2025-02-10","No"
"BLD-100260","Data Privacy Awareness","Mandatory","4","0","Completed","2024-09-13","No"
"BLD-100260","SAP for HR Users","Technical","2","510","Completed","2024-04-04","No"
"BLD-100260","Advanced Excel for Reporting","Technical","16","640","Completed","2023-03-29","Yes"
"BLD-100261","Conflict Resolution","Soft Skills","8","990","Completed","2023-10-30","No"
"BLD-100261","Dairy Processing Fundamentals","Technical","4","1110","Completed","2025-03-03","Yes"
"BLD-100261","Advanced Excel for Reporting","Technical","4","730","Completed","2024-08-05","No"
"BLD-100261","Conflict Resolution","Soft Skills","2","190","Completed","2023-11-27","No"
"BLD-100261","Fire & Emergency Response","Mandatory","2","0","Completed","2023-10-17","No"
"BLD-100261","DOA & Governance Training","Compliance","8","0","Completed","2025-09-18","Yes"
"BLD-100261","Data Privacy Awareness","Mandatory","2","0","Completed","2024-06-06","No"
"BLD-100261","Time Management","Soft Skills","4","910","Completed","2025-04-24","No"
"BLD-100262","Cold Chain Logistics","Technical","8","1290","Completed","2023-06-16","No"
"BLD-100262","Dairy Processing Fundamentals","Technical","16","1250","In Progress",,"No"
"BLD-100263","Food Safety & HACCP Refresher","Mandatory","16","0","Completed","2023-01-20","No"
"BLD-100263","Coaching for Performance","Leadership","4","1460","In Progress",,"No"
"BLD-100263","Strategic Leadership Workshop","Leadership","8","730","Not Started",,"No"
"BLD-100264","Dairy Processing Fundamentals","Technical","16","1860","Completed","2024-04-14","No"
"BLD-100264","Coaching for Performance","Leadership","2","1150","Completed","2025-08-15","No"
"BLD-100264","Data Privacy Awareness","Mandatory","2","0","Completed","2025-02-12","No"
"BLD-100264","DOA & Governance Training","Compliance","4","0","Completed","2023-02-05","No"
"BLD-100265","Health & Safety Induction","Mandatory","16","0","Completed","2024-01-04","No"
"BLD-100265","Time Management","Soft Skills","2","2000","Completed","2024-05-21","No"
"BLD-100265","SAP for HR Users","Technical","2","440","Completed","2023-02-18","No"
"BLD-100265","Dairy Processing Fundamentals","Technical","2","990","Not Started",,"No"
"BLD-100265","Dairy Processing Fundamentals","Technical","2","1340","In Progress",,"No"
"BLD-100265","Egyptian Labor Law Essentials","Compliance","16","0","Completed","2025-07-05","No"
"BLD-100265","Anti-Bribery & Ethics","Mandatory","8","0","In Progress",,"No"
"BLD-100265","Advanced Excel for Reporting","Technical","8","550","Completed","2023-10-23","No"
"BLD-100265","Egyptian Labor Law Essentials","Compliance","2","0","Completed","2023-03-18","No"
"BLD-100265","Egyptian Labor Law Essentials","Compliance","8","0","Completed","2024-01-19","No"
"BLD-100265","Fire & Emergency Response","Mandatory","2","0","Completed","2024-09-24","No"
"BLD-100265","Health & Safety Induction","Mandatory","2","0","Completed","2023-01-16","No"
"BLD-100265","Food Safety & HACCP Refresher","Mandatory","8","0","Completed","2025-03-21","No"
"BLD-100265","Strategic Leadership Workshop","Leadership","4","420","Completed","2023-04-02","No"
"BLD-100265","First-Time Manager Program","Leadership","4","940","Completed","2023-10-23","No"
"BLD-100267","DOA & Governance Training","Compliance","2","0","Completed","2023-03-27","Yes"
"BLD-100267","Conflict Resolution","Soft Skills","4","1170","Completed","2023-01-18","No"
"BLD-100267","Time Management","Soft Skills","2","1310","Completed","2023-08-11","No"
"BLD-100268","DOA & Governance Training","Compliance","4","0","Completed","2023-02-07","No"
"BLD-100268","Dairy Processing Fundamentals","Technical","4","800","Completed","2024-10-25","No"
"BLD-100268","Anti-Bribery & Ethics","Mandatory","8","0","Completed","2025-12-16","No"
"BLD-100268","Data Privacy Awareness","Mandatory","4","0","Completed","2023-08-27","No"
"BLD-100268","Dairy Processing Fundamentals","Technical","4","1220","Not Started",,"No"
"BLD-100268","Dairy Processing Fundamentals","Technical","4","370","Completed","2025-09-29","Yes"
"BLD-100268","Advanced Excel for Reporting","Technical","8","1340","Completed","2025-08-06","Yes"
"BLD-100268","Strategic Leadership Workshop","Leadership","2","770","Completed","2023-05-17","No"
"BLD-100268","Qatar Labor Law Essentials","Compliance","2","0","In Progress",,"No"
"BLD-100268","Effective Communication","Soft Skills","4","1170","Completed","2024-01-04","No"
"BLD-100269","Dairy Processing Fundamentals","Technical","2","1150","Completed","2024-03-08","Yes"
"BLD-100269","Anti-Bribery & Ethics","Mandatory","4","0","Completed","2024-08-19","No"
"BLD-100269","Advanced Excel for Reporting","Technical","4","210","In Progress",,"No"
"BLD-100269","Coaching for Performance","Leadership","2","1680","Not Started",,"No"
"BLD-100269","Quality Control Techniques","Technical","2","370","Completed","2025-05-22","No"
"BLD-100269","Presentation Skills","Soft Skills","8","480","Not Started",,"No"
"BLD-100269","Dairy Processing Fundamentals","Technical","8","250","In Progress",,"No"
"BLD-100269","Time Management","Soft Skills","8","1750","Completed","2025-10-15","No"
"BLD-100269","Egyptian Labor Law Essentials","Compliance","4","0","In Progress",,"No"
"BLD-100269","Health & Safety Induction","Mandatory","4","0","Completed","2023-12-01","No"
"BLD-100269","DOA & Governance Training","Compliance","2","0","Completed","2025-11-19","Yes"
"BLD-100270","Qatar Labor Law Essentials","Compliance","2","0","Completed","2025-06-23","No"
"BLD-100270","Cold Chain Logistics","Technical","16","380","Completed","2024-04-16","No"
"BLD-100270","Food Safety & HACCP Refresher","Mandatory","4","0","In Progress",,"No"
"BLD-100270","Presentation Skills","Soft Skills","8","280","Completed","2025-10-12","No"
"BLD-100270","Coaching for Performance","Leadership","4","240","In Progress",,"No"
"BLD-100270","Anti-Bribery & Ethics","Mandatory","16","0","Not Started",,"No"
"BLD-100270","Time Management","Soft Skills","4","510","Completed","2023-07-28","No"
"BLD-100270","Effective Communication","Soft Skills","4","980","Completed","2025-10-23","No"
"BLD-100270","Time Management","Soft Skills","8","320","Completed","2024-08-05","No"
"BLD-100271","Health & Safety Induction","Mandatory","4","0","In Progress",,"No"
"BLD-100271","Presentation Skills","Soft Skills","4","610","Completed","2024-01-11","No"
"BLD-100271","Fire & Emergency Response","Mandatory","2","0","Not Started",,"No"
"BLD-100271","Presentation Skills","Soft Skills","2","1740","Completed","2023-05-19","No"
"BLD-100271","Data Privacy Awareness","Mandatory","2","0","Completed","2025-12-01","No"
"BLD-100271","Quality Control Techniques","Technical","4","270","Completed","2025-08-17","No"
"BLD-100271","Data Privacy Awareness","Mandatory","4","0","Completed","2024-02-16","No"
"BLD-100272","Presentation Skills","Soft Skills","2","1440","Completed","2023-01-01","No"
"BLD-100272","Time Management","Soft Skills","8","200","Completed","2024-04-14","No"
"BLD-100272","Quality Control Techniques","Technical","8","1560","Completed","2025-05-05","No"
"BLD-100272","Coaching for Performance","Leadership","2","720","Completed","2023-01-30","No"
"BLD-100272","Cold Chain Logistics","Technical","8","690","Completed","2024-03-22","No"
"BLD-100272","DOA & Governance Training","Compliance","8","0","Completed","2023-04-19","No"
"BLD-100273","Presentation Skills","Soft Skills","2","840","Completed","2023-05-19","No"
"BLD-100275","Strategic Leadership Workshop","Leadership","8","1280","Completed","2023-07-10","No"
"BLD-100275","Coaching for Performance","Leadership","4","1920","Completed","2025-11-13","No"
"BLD-100275","Coaching for Performance","Leadership","8","1230","Completed","2025-04-27","No"
"BLD-100275","Coaching for Performance","Leadership","4","410","Completed","2025-09-08","No"
"BLD-100275","Cold Chain Logistics","Technical","4","660","Not Started",,"No"
"BLD-100275","Conflict Resolution","Soft Skills","4","1660","Completed","2024-09-06","No"
"BLD-100275","Effective Communication","Soft Skills","2","1320","Completed","2023-03-02","No"
"BLD-100276","Coaching for Performance","Leadership","8","1210","Completed","2023-11-03","No"
"BLD-100276","First-Time Manager Program","Leadership","8","760","Completed","2025-11-05","No"
"BLD-100276","Food Safety & HACCP Refresher","Mandatory","4","0","Completed","2024-08-17","No"
"BLD-100276","SAP for HR Users","Technical","2","1790","Completed","2025-10-29","No"
"BLD-100276","Anti-Bribery & Ethics","Mandatory","2","0","Completed","2023-08-13","No"
"BLD-100276","Time Management","Soft Skills","2","710","Completed","2025-08-19","No"
"BLD-100276","Effective Communication","Soft Skills","2","1420","Completed","2023-09-16","No"
"BLD-100276","Anti-Bribery & Ethics","Mandatory","2","0","Completed","2025-01-04","No"
"BLD-100276","Fire & Emergency Response","Mandatory","16","0","Completed","2024-02-04","No"
"BLD-100276","DOA & Governance Training","Compliance","8","0","Not Started",,"No"
"BLD-100277","Time Management","Soft Skills","8","1360","Completed","2023-04-04","No"
"BLD-100277","Food Safety & HACCP Refresher","Mandatory","2","0","Not Started",,"No"
"BLD-100277","Anti-Bribery & Ethics","Mandatory","4","0","Completed","2024-03-11","No"
"BLD-100277","Fire & Emergency Response","Mandatory","4","0","Completed","2024-01-01","No"
"BLD-100277","Anti-Bribery & Ethics","Mandatory","2","0","Completed","2024-04-01","No"
"BLD-100277","Dairy Processing Fundamentals","Technical","8","510","In Progress",,"No"
"BLD-100277","Time Management","Soft Skills","4","780","Completed","2024-06-21","No"
"BLD-100277","Coaching for Performance","Leadership","2","1200","Completed","2024-08-09","No"
"BLD-100277","Quality Control Techniques","Technical","2","1820","Completed","2023-09-04","No"
"BLD-100278","Anti-Bribery & Ethics","Mandatory","8","0","Completed","2024-04-22","No"
"BLD-100278","Anti-Bribery & Ethics","Mandatory","16","0","Completed","2023-06-30","No"
"BLD-100278","Data Privacy Awareness","Mandatory","2","0","Completed","2025-02-12","No"
"BLD-100278","Strategic Leadership Workshop","Leadership","4","1530","Completed","2023-08-22","No"
"BLD-100278","Food Safety & HACCP Refresher","Mandatory","4","0","Completed","2025-12-26","No"
"BLD-100278","Anti-Bribery & Ethics","Mandatory","8","0","Completed","2023-01-12","No"
"BLD-100278","Data Privacy Awareness","Mandatory","8","0","Completed","2023-10-15","No"
"BLD-100278","Data Privacy Awareness","Mandatory","4","0","Completed","2023-06-23","No"
"BLD-100278","Data Privacy Awareness","Mandatory","2","0","Completed","2023-09-01","No"
"BLD-100278","Food Safety & HACCP Refresher","Mandatory","8","0","Completed","2024-01-08","No"
"BLD-100278","Advanced Excel for Reporting","Technical","4","1740","Completed","2025-04-04","Yes"
"BLD-100278","Presentation Skills","Soft Skills","4","1160","Completed","2023-09-09","No"
"BLD-100279","Qatar Labor Law Essentials","Compliance","4","0","Completed","2023-11-08","No"
"BLD-100279","Advanced Excel for Reporting","Technical","16","900","Not Started",,"No"
"BLD-100279","DOA & Governance Training","Compliance","2","0","Completed","2023-12-12","Yes"
"BLD-100279","Data Privacy Awareness","Mandatory","4","0","Completed","2023-02-08","No"
"BLD-100280","SAP for HR Users","Technical","8","1770","Not Started",,"No"
"BLD-100280","Fire & Emergency Response","Mandatory","2","0","Completed","2023-05-16","No"
"BLD-100280","First-Time Manager Program","Leadership","8","1400","Completed","2023-12-24","No"
"BLD-100280","Data Privacy Awareness","Mandatory","8","0","Completed","2024-01-22","No"
"BLD-100280","Advanced Excel for Reporting","Technical","4","1180","Completed","2023-01-25","No"
"BLD-100280","Time Management","Soft Skills","2","1530","In Progress",,"No"
"BLD-100281","Fire & Emergency Response","Mandatory","16","0","Not Started",,"No"
"BLD-100281","Presentation Skills","Soft Skills","8","720","Not Started",,"No"
"BLD-100281","Presentation Skills","Soft Skills","4","370","Completed","2024-08-08","No"
"BLD-100281","Qatar Labor Law Essentials","Compliance","4","0","Completed","2024-03-18","Yes"
"BLD-100281","Conflict Resolution","Soft Skills","2","160","In Progress",,"No"
"BLD-100281","Time Management","Soft Skills","2","460","Completed","2023-02-25","No"
"BLD-100281","Qatar Labor Law Essentials","Compliance","2","0","Completed","2024-01-18","Yes"
"BLD-100281","SAP for HR Users","Technical","2","600","Completed","2024-10-30","No"
"BLD-100282","Qatar Labor Law Essentials","Compliance","16","0","Completed","2023-09-20","No"
"BLD-100282","Cold Chain Logistics","Technical","8","1790","Completed","2024-01-31","Yes"
"BLD-100284","Anti-Bribery & Ethics","Mandatory","4","0","In Progress",,"No"
"BLD-100284","Food Safety & HACCP Refresher","Mandatory","16","0","Completed","2024-02-17","No"
"BLD-100284","Data Privacy Awareness","Mandatory","2","0","Completed","2024-10-08","No"
"BLD-100284","First-Time Manager Program","Leadership","4","940","Completed","2024-12-23","No"
"BLD-100284","Coaching for Performance","Leadership","8","1510","In Progress",,"No"
"BLD-100284","Conflict Resolution","Soft Skills","2","2110","In Progress",,"No"
"BLD-100284","Advanced Excel for Reporting","Technical","4","1050","Completed","2023-01-23","No"
"BLD-100284","Data Privacy Awareness","Mandatory","8","0","Completed","2023-09-26","No"
"BLD-100285","Qatar Labor Law Essentials","Compliance","4","0","Completed","2025-03-01","Yes"
"BLD-100285","Health & Safety Induction","Mandatory","8","0","Completed","2024-12-21","No"
"BLD-100285","Data Privacy Awareness","Mandatory","8","0","Completed","2024-07-20","No"
"BLD-100285","Dairy Processing Fundamentals","Technical","2","920","Completed","2024-11-30","No"
"BLD-100285","Fire & Emergency Response","Mandatory","2","0","Completed","2023-05-13","No"
"BLD-100285","Health & Safety Induction","Mandatory","2","0","Completed","2024-10-28","No"
"BLD-100285","Food Safety & HACCP Refresher","Mandatory","2","0","Completed","2024-03-18","No"
"BLD-100285","Qatar Labor Law Essentials","Compliance","2","0","In Progress",,"No"
"BLD-100286","Cold Chain Logistics","Technical","8","790","Completed","2023-04-17","Yes"
"BLD-100287","Data Privacy Awareness","Mandatory","2","0","Completed","2023-01-01","No"
"BLD-100288","Conflict Resolution","Soft Skills","4","1080","Completed","2023-05-05","No"
"BLD-100288","Data Privacy Awareness","Mandatory","8","0","Completed","2023-01-12","No"
"BLD-100288","Fire & Emergency Response","Mandatory","2","0","Completed","2023-02-03","No"
"BLD-100288","Conflict Resolution","Soft Skills","4","580","Completed","2024-04-01","No"
"BLD-100288","Data Privacy Awareness","Mandatory","4","0","In Progress",,"No"
"BLD-100289","Data Privacy Awareness","Mandatory","8","0","Completed","2023-02-28","No"
"BLD-100290","Dairy Processing Fundamentals","Technical","4","270","In Progress",,"No"
"BLD-100290","Food Safety & HACCP Refresher","Mandatory","4","0","Completed","2023-12-06","No"
"BLD-100290","Data Privacy Awareness","Mandatory","16","0","Completed","2025-10-11","No"
"BLD-100290","Coaching for Performance","Leadership","2","560","Completed","2023-06-14","No"
"BLD-100290","Conflict Resolution","Soft Skills","2","870","Completed","2025-01-29","No"
"BLD-100291","Food Safety & HACCP Refresher","Mandatory","8","0","Completed","2025-10-20","No"
"BLD-100291","Coaching for Performance","Leadership","8","1570","In Progress",,"No"
"BLD-100291","Health & Safety Induction","Mandatory","8","0","Completed","2023-08-10","No"
"BLD-100291","First-Time Manager Program","Leadership","4","1760","Completed","2025-02-15","No"
"BLD-100291","Time Management","Soft Skills","4","1970","Completed","2023-04-29","No"
"BLD-100291","Quality Control Techniques","Technical","4","1000","Completed","2023-12-01","No"
"BLD-100291","Data Privacy Awareness","Mandatory","4","0","Completed","2024-08-08","No"
"BLD-100291","Food Safety & HACCP Refresher","Mandatory","8","0","Completed","2025-11-30","No"
"BLD-100291","Egyptian Labor Law Essentials","Compliance","2","0","Completed","2024-07-11","Yes"
"BLD-100292","Qatar Labor Law Essentials","Compliance","2","0","Completed","2024-08-22","No"
"BLD-100292","Food Safety & HACCP Refresher","Mandatory","4","0","Completed","2024-10-23","No"
"BLD-100292","Time Management","Soft Skills","4","1540","Completed","2025-05-02","No"
"BLD-100292","Qatar Labor Law Essentials","Compliance","4","0","Completed","2023-05-21","Yes"
"BLD-100292","Quality Control Techniques","Technical","16","180","Completed","2023-05-30","Yes"
"BLD-100292","Coaching for Performance","Leadership","4","1630","Completed","2023-07-08","No"
"BLD-100292","Presentation Skills","Soft Skills","4","380","Completed","2023-12-19","No"
"BLD-100292","Effective Communication","Soft Skills","2","730","Completed","2023-04-21","No"
"BLD-100293","Advanced Excel for Reporting","Technical","2","490","Completed","2024-05-04","Yes"
"BLD-100293","Qatar Labor Law Essentials","Compliance","2","0","Completed","2025-02-18","Yes"
"BLD-100293","Health & Safety Induction","Mandatory","16","0","Completed","2024-03-09","No"
"BLD-100293","Quality Control Techniques","Technical","4","240","Completed","2025-03-05","No"
"BLD-100293","Fire & Emergency Response","Mandatory","8","0","Completed","2024-11-27","No"
"BLD-100293","DOA & Governance Training","Compliance","2","0","Completed","2023-07-06","No"
"BLD-100293","Food Safety & HACCP Refresher","Mandatory","16","0","Completed","2023-05-22","No"
"BLD-100293","Effective Communication","Soft Skills","4","1690","Completed","2024-12-13","No"
"BLD-100293","Data Privacy Awareness","Mandatory","16","0","In Progress",,"No"
"BLD-100293","Coaching for Performance","Leadership","4","1250","Completed","2023-08-13","No"
"BLD-100293","Strategic Leadership Workshop","Leadership","8","830","Completed","2025-02-21","No"
"BLD-100295","DOA & Governance Training","Compliance","4","0","In Progress",,"No"
"BLD-100295","Data Privacy Awareness","Mandatory","4","0","Completed","2023-01-16","No"
"BLD-100295","Conflict Resolution","Soft Skills","4","1820","Completed","2025-08-26","No"
"BLD-100296","Data Privacy Awareness","Mandatory","16","0","Completed","2023-05-07","No"
"BLD-100296","Presentation Skills","Soft Skills","8","1290","Completed","2023-02-10","No"
"BLD-100296","DOA & Governance Training","Compliance","4","0","Completed","2023-06-22","Yes"
"BLD-100296","Effective Communication","Soft Skills","8","1580","In Progress",,"No"
"BLD-100297","Data Privacy Awareness","Mandatory","16","0","Completed","2024-03-06","No"
"BLD-100297","Effective Communication","Soft Skills","8","2070","Completed","2025-06-11","No"
"BLD-100297","Data Privacy Awareness","Mandatory","2","0","Not Started",,"No"
"BLD-100297","Time Management","Soft Skills","4","760","Completed","2024-01-30","No"
"BLD-100297","Time Management","Soft Skills","4","2080","Completed","2023-01-12","No"
"BLD-100297","Quality Control Techniques","Technical","2","610","Completed","2023-12-09","Yes"
"BLD-100297","Health & Safety Induction","Mandatory","2","0","Not Started",,"No"
"BLD-100298","Qatar Labor Law Essentials","Compliance","8","0","Completed","2025-11-12","Yes"
"BLD-100298","Effective Communication","Soft Skills","2","430","Completed","2023-08-16","No"
"BLD-100298","Fire & Emergency Response","Mandatory","2","0","Completed","2025-03-04","No"
"BLD-100298","Cold Chain Logistics","Technical","8","240","Completed","2024-04-30","Yes"
"BLD-100298","SAP for HR Users","Technical","8","800","Completed","2023-05-30","No"
"BLD-100298","Dairy Processing Fundamentals","Technical","4","370","Not Started",,"No"
"BLD-100298","Time Management","Soft Skills","8","450","Completed","2025-06-24","No"
"BLD-100299","Data Privacy Awareness","Mandatory","2","0","Completed","2023-07-12","No"
"BLD-100299","Anti-Bribery & Ethics","Mandatory","8","0","Completed","2023-07-05","No"
"BLD-100300","Data Privacy Awareness","Mandatory","4","0","Completed","2023-01-23","No"
"BLD-100301","Time Management","Soft Skills","8","1440","Completed","2023-04-19","No"
"BLD-100301","Coaching for Performance","Leadership","4","1150","Completed","2025-04-23","No"
"BLD-100301","First-Time Manager Program","Leadership","2","680","Completed","2024-07-14","No"
"BLD-100301","Anti-Bribery & Ethics","Mandatory","2","0","Completed","2024-04-02","No"
"BLD-100301","Qatar Labor Law Essentials","Compliance","8","0","Completed","2024-09-08","Yes"
"BLD-100301","Qatar Labor Law Essentials","Compliance","8","0","Completed","2025-05-29","No"
"BLD-100302","Quality Control Techniques","Technical","8","840","Completed","2023-10-30","No"
"BLD-100302","Data Privacy Awareness","Mandatory","2","0","Completed","2024-04-16","No"
"BLD-100302","Advanced Excel for Reporting","Technical","2","630","Completed","2023-06-21","Yes"
"BLD-100302","DOA & Governance Training","Compliance","4","0","Completed","2023-01-28","No"
"BLD-100303","Fire & Emergency Response","Mandatory","4","0","Completed","2023-11-26","No"
"BLD-100303","Anti-Bribery & Ethics","Mandatory","2","0","Completed","2025-05-16","No"
"BLD-100303","Conflict Resolution","Soft Skills","4","540","Completed","2024-10-23","No"
"BLD-100303","Qatar Labor Law Essentials","Compliance","2","0","Not Started",,"No"
"BLD-100303","Qatar Labor Law Essentials","Compliance","8","0","Completed","2025-02-12","Yes"
"BLD-100303","Fire & Emergency Response","Mandatory","8","0","In Progress",,"No"
"BLD-100303","Quality Control Techniques","Technical","2","1700","In Progress",,"No"
"BLD-100303","Dairy Processing Fundamentals","Technical","2","1510","Completed","2025-07-30","No"
"BLD-100303","Time Management","Soft Skills","2","1320","Completed","2025-10-08","No"
"BLD-100303","Presentation Skills","Soft Skills","4","1190","Completed","2023-08-20","No"
"BLD-100303","Data Privacy Awareness","Mandatory","2","0","Completed","2024-11-15","No"
"BLD-100303","Presentation Skills","Soft Skills","8","1890","Completed","2023-05-29","No"
"BLD-100304","Anti-Bribery & Ethics","Mandatory","2","0","Completed","2023-07-25","No"
"BLD-100304","Advanced Excel for Reporting","Technical","8","1290","Completed","2024-06-03","No"
"BLD-100304","First-Time Manager Program","Leadership","16","790","Completed","2024-05-05","No"
"BLD-100304","Conflict Resolution","Soft Skills","2","2100","Completed","2025-11-29","No"
"BLD-100304","Advanced Excel for Reporting","Technical","4","890","In Progress",,"No"
"BLD-100304","Health & Safety Induction","Mandatory","4","0","Completed","2024-06-23","No"
"BLD-100304","Quality Control Techniques","Technical","4","1500","Completed","2025-01-15","No"
"BLD-100305","Dairy Processing Fundamentals","Technical","2","190","Completed","2025-12-18","Yes"
"BLD-100305","DOA & Governance Training","Compliance","4","0","Completed","2025-04-30","No"
"BLD-100305","Anti-Bribery & Ethics","Mandatory","4","0","Completed","2025-01-17","No"
"BLD-100305","Time Management","Soft Skills","2","1450","Completed","2025-04-16","No"
"BLD-100305","Fire & Emergency Response","Mandatory","8","0","In Progress",,"No"
"BLD-100305","First-Time Manager Program","Leadership","4","1480","Completed","2023-08-03","No"
"BLD-100305","Dairy Processing Fundamentals","Technical","16","1800","In Progress",,"No"
"BLD-100306","Strategic Leadership Workshop","Leadership","4","200","Completed","2023-09-11","No"
"BLD-100306","SAP for HR Users","Technical","16","1120","Completed","2023-10-21","Yes"
"BLD-100306","DOA & Governance Training","Compliance","2","0","Completed","2023-06-12","Yes"
"BLD-100306","Strategic Leadership Workshop","Leadership","2","1760","Completed","2024-04-05","No"
"BLD-100306","First-Time Manager Program","Leadership","4","730","Completed","2023-01-04","No"
"BLD-100306","Anti-Bribery & Ethics","Mandatory","2","0","In Progress",,"No"
"BLD-100307","Conflict Resolution","Soft Skills","2","250","Completed","2024-07-10","No"
"BLD-100307","Time Management","Soft Skills","8","560","Completed","2024-08-09","No"
"BLD-100307","Cold Chain Logistics","Technical","2","960","Completed","2025-09-02","No"
"BLD-100307","Fire & Emergency Response","Mandatory","8","0","Completed","2024-06-10","No"
"BLD-100307","Advanced Excel for Reporting","Technical","2","1110","Completed","2025-04-09","No"
"BLD-100307","Egyptian Labor Law Essentials","Compliance","8","0","Completed","2025-07-29","Yes"
"BLD-100307","Dairy Processing Fundamentals","Technical","2","1990","Not Started",,"No"
"BLD-100308","Effective Communication","Soft Skills","2","1070","Not Started",,"No"
"BLD-100308","Cold Chain Logistics","Technical","16","1930","Completed","2023-09-13","No"
"BLD-100308","DOA & Governance Training","Compliance","4","0","Completed","2025-09-25","No"
"BLD-100308","Qatar Labor Law Essentials","Compliance","8","0","Completed","2025-09-29","Yes"
"BLD-100308","Qatar Labor Law Essentials","Compliance","4","0","Completed","2023-08-30","Yes"
"BLD-100308","Effective Communication","Soft Skills","2","280","Completed","2023-10-06","No"
"BLD-100309","Presentation Skills","Soft Skills","8","370","Completed","2023-04-13","No"
"BLD-100309","Data Privacy Awareness","Mandatory","2","0","Completed","2023-07-10","No"
"BLD-100309","Dairy Processing Fundamentals","Technical","8","1740","Completed","2023-11-07","No"
"BLD-100309","Advanced Excel for Reporting","Technical","2","1730","Completed","2024-09-22","No"
"BLD-100309","Advanced Excel for Reporting","Technical","4","1240","In Progress",,"No"
"BLD-100309","Health & Safety Induction","Mandatory","2","0","Completed","2024-12-16","No"
"BLD-100310","Effective Communication","Soft Skills","2","1210","Completed","2023-10-01","No"
"BLD-100310","Data Privacy Awareness","Mandatory","4","0","Completed","2023-07-24","No"
"BLD-100311","DOA & Governance Training","Compliance","4","0","Completed","2024-03-31","Yes"
"BLD-100311","Egyptian Labor Law Essentials","Compliance","16","0","Completed","2024-10-29","No"
"BLD-100311","Food Safety & HACCP Refresher","Mandatory","4","0","Completed","2025-06-04","No"
"BLD-100311","Effective Communication","Soft Skills","2","1120","Completed","2024-05-13","No"
"BLD-100311","Effective Communication","Soft Skills","8","1940","Completed","2025-03-12","No"
"BLD-100311","Cold Chain Logistics","Technical","4","2060","Not Started",,"No"
"BLD-100311","Egyptian Labor Law Essentials","Compliance","2","0","Completed","2023-07-22","Yes"
"BLD-100311","Coaching for Performance","Leadership","4","770","Completed","2024-06-02","No"
"BLD-100311","DOA & Governance Training","Compliance","4","0","Completed","2024-10-14","No"
"BLD-100311","Advanced Excel for Reporting","Technical","8","640","Completed","2023-12-17","No"
"BLD-100311","Fire & Emergency Response","Mandatory","2","0","Not Started",,"No"
"BLD-100311","First-Time Manager Program","Leadership","2","2140","In Progress",,"No"
"BLD-100312","Data Privacy Awareness","Mandatory","8","0","Completed","2023-07-05","No"
"BLD-100312","Fire & Emergency Response","Mandatory","2","0","Completed","2024-12-23","No"
"BLD-100312","DOA & Governance Training","Compliance","4","0","Completed","2024-05-23","No"
"BLD-100312","Effective Communication","Soft Skills","8","610","Completed","2024-03-23","No"
"BLD-100312","Health & Safety Induction","Mandatory","2","0","Completed","2024-10-28","No"
"BLD-100312","Qatar Labor Law Essentials","Compliance","2","0","Completed","2024-01-11","No"
"BLD-100312","Advanced Excel for Reporting","Technical","8","350","Completed","2024-07-17","No"
"BLD-100312","Time Management","Soft Skills","8","1580","Completed","2023-06-20","No"
"BLD-100312","Conflict Resolution","Soft Skills","4","2170","In Progress",,"No"
"BLD-100312","Dairy Processing Fundamentals","Technical","2","1740","Completed","2023-02-27","Yes"
"BLD-100313","Conflict Resolution","Soft Skills","4","510","Completed","2024-04-21","No"
"BLD-100313","Food Safety & HACCP Refresher","Mandatory","8","0","Completed","2024-07-10","No"
"BLD-100313","First-Time Manager Program","Leadership","2","220","Completed","2023-07-10","No"
"BLD-100313","Presentation Skills","Soft Skills","8","1400","Completed","2025-12-30","No"
"BLD-100313","Time Management","Soft Skills","2","1600","Not Started",,"No"
"BLD-100313","Anti-Bribery & Ethics","Mandatory","4","0","Completed","2025-08-09","No"
"BLD-100313","Qatar Labor Law Essentials","Compliance","4","0","Not Started",,"No"
"BLD-100313","DOA & Governance Training","Compliance","8","0","Completed","2023-01-31","No"
"BLD-100313","SAP for HR Users","Technical","4","480","Completed","2025-07-04","Yes"
"BLD-100313","DOA & Governance Training","Compliance","4","0","Completed","2023-07-16","No"
"BLD-100313","Cold Chain Logistics","Technical","16","530","Completed","2025-10-16","Yes"
"BLD-100313","Effective Communication","Soft Skills","2","660","Completed","2024-11-27","No"
"BLD-100314","Cold Chain Logistics","Technical","4","1680","Completed","2025-03-16","Yes"
"BLD-100314","Strategic Leadership Workshop","Leadership","2","2180","In Progress",,"No"
"BLD-100314","Qatar Labor Law Essentials","Compliance","2","0","Completed","2025-01-29","No"
"BLD-100314","Effective Communication","Soft Skills","4","2140","Completed","2023-12-03","No"
"BLD-100314","Anti-Bribery & Ethics","Mandatory","2","0","Not Started",,"No"
"BLD-100314","Effective Communication","Soft Skills","2","1370","Completed","2023-04-03","No"
"BLD-100315","Health & Safety Induction","Mandatory","2","0","In Progress",,"No"
"BLD-100316","Egyptian Labor Law Essentials","Compliance","8","0","Completed","2025-02-11","No"
"BLD-100316","Health & Safety Induction","Mandatory","2","0","Completed","2025-03-28","No"
"BLD-100316","First-Time Manager Program","Leadership","8","1230","Completed","2025-10-19","No"
"BLD-100316","Egyptian Labor Law Essentials","Compliance","2","0","Completed","2023-07-29","Yes"
"BLD-100316","Data Privacy Awareness","Mandatory","2","0","Completed","2025-08-11","No"
"BLD-100317","Dairy Processing Fundamentals","Technical","4","1390","Completed","2024-07-21","Yes"
"BLD-100317","Coaching for Performance","Leadership","8","1530","Completed","2024-08-07","No"
"BLD-100317","Qatar Labor Law Essentials","Compliance","2","0","Completed","2024-03-16","Yes"
"BLD-100317","Anti-Bribery & Ethics","Mandatory","2","0","Completed","2025-04-28","No"
"BLD-100317","Advanced Excel for Reporting","Technical","2","1830","Completed","2024-11-11","No"
"BLD-100317","Fire & Emergency Response","Mandatory","4","0","Completed","2023-05-13","No"
"BLD-100317","Data Privacy Awareness","Mandatory","8","0","Completed","2025-02-22","No"
"BLD-100317","Conflict Resolution","Soft Skills","2","1220","In Progress",,"No"
"BLD-100317","Cold Chain Logistics","Technical","2","650","In Progress",,"No"
"BLD-100317","Dairy Processing Fundamentals","Technical","8","2120","Completed","2023-12-06","Yes"
"BLD-100319","DOA & Governance Training","Compliance","2","0","Completed","2025-11-01","No"
"BLD-100319","Coaching for Performance","Leadership","8","1490","In Progress",,"No"
"BLD-100319","Conflict Resolution","Soft Skills","4","1800","Completed","2024-04-12","No"
"BLD-100319","Advanced Excel for Reporting","Technical","8","910","Completed","2024-12-16","Yes"
"BLD-100319","Strategic Leadership Workshop","Leadership","8","890","Completed","2025-10-04","No"
"BLD-100320","Time Management","Soft Skills","16","1830","Completed","2025-11-17","No"
"BLD-100320","Food Safety & HACCP Refresher","Mandatory","16","0","Completed","2024-02-25","No"
"BLD-100320","Qatar Labor Law Essentials","Compliance","16","0","Not Started",,"No"
"BLD-100320","Coaching for Performance","Leadership","4","2170","Completed","2025-11-03","No"
"BLD-100320","Effective Communication","Soft Skills","8","1250","Completed","2024-07-19","No"
"BLD-100320","Presentation Skills","Soft Skills","4","980","Completed","2023-10-04","No"
"BLD-100320","Conflict Resolution","Soft Skills","4","1400","Completed","2025-02-14","No"
"BLD-100320","Anti-Bribery & Ethics","Mandatory","4","0","Completed","2023-03-17","No"
"BLD-100320","Health & Safety Induction","Mandatory","2","0","Completed","2024-02-08","No"
"BLD-100320","Data Privacy Awareness","Mandatory","2","0","Not Started",,"No"
"BLD-100320","Health & Safety Induction","Mandatory","4","0","Completed","2025-09-09","No"
"BLD-100320","Strategic Leadership Workshop","Leadership","8","1850","Completed","2023-07-18","No"
"BLD-100321","Effective Communication","Soft Skills","8","400","Completed","2024-01-27","No"
"BLD-100321","Coaching for Performance","Leadership","8","1310","In Progress",,"No"
"BLD-100321","Qatar Labor Law Essentials","Compliance","2","0","Not Started",,"No"
"BLD-100321","Coaching for Performance","Leadership","4","430","Completed","2023-07-28","No"
"BLD-100322","Quality Control Techniques","Technical","16","1240","In Progress",,"No"
"BLD-100322","Time Management","Soft Skills","4","1080","Completed","2024-03-17","No"
"BLD-100322","Conflict Resolution","Soft Skills","2","1660","Completed","2025-09-24","No"
"BLD-100322","Presentation Skills","Soft Skills","8","1070","Completed","2025-02-11","No"
"BLD-100322","Health & Safety Induction","Mandatory","4","0","In Progress",,"No"
"BLD-100322","Quality Control Techniques","Technical","8","590","Completed","2023-12-14","No"
"BLD-100322","Food Safety & HACCP Refresher","Mandatory","4","0","Completed","2024-03-30","No"
"BLD-100322","Health & Safety Induction","Mandatory","2","0","In Progress",,"No"
"BLD-100322","SAP for HR Users","Technical","4","940","Not Started",,"No"
"BLD-100323","Dairy Processing Fundamentals","Technical","8","1500","Completed","2023-07-21","Yes"
"BLD-100323","Qatar Labor Law Essentials","Compliance","16","0","Completed","2023-10-03","No"
"BLD-100323","Time Management","Soft Skills","4","640","Completed","2024-06-06","No"
"BLD-100323","Quality Control Techniques","Technical","8","260","Completed","2023-02-08","Yes"
"BLD-100323","Cold Chain Logistics","Technical","2","1520","Completed","2025-01-31","No"
"BLD-100324","Cold Chain Logistics","Technical","2","1020","Completed","2023-09-29","Yes"
"BLD-100324","Fire & Emergency Response","Mandatory","4","0","Completed","2023-07-09","No"
"BLD-100324","Effective Communication","Soft Skills","8","310","Not Started",,"No"
"BLD-100324","Quality Control Techniques","Technical","4","610","Completed","2024-05-21","Yes"
"BLD-100325","DOA & Governance Training","Compliance","2","0","Completed","2024-04-04","Yes"
"BLD-100325","Data Privacy Awareness","Mandatory","2","0","Completed","2024-12-13","No"
"BLD-100325","Food Safety & HACCP Refresher","Mandatory","2","0","Completed","2025-06-15","No"
"BLD-100325","Health & Safety Induction","Mandatory","16","0","In Progress",,"No"
"BLD-100325","Health & Safety Induction","Mandatory","2","0","Completed","2023-10-18","No"
"BLD-100325","Fire & Emergency Response","Mandatory","8","0","Completed","2025-10-17","No"
"BLD-100325","Food Safety & HACCP Refresher","Mandatory","8","0","Completed","2025-08-26","No"
"BLD-100325","Health & Safety Induction","Mandatory","8","0","Not Started",,"No"
"BLD-100325","Coaching for Performance","Leadership","4","1020","Completed","2023-08-18","No"
"BLD-100325","Coaching for Performance","Leadership","2","190","Completed","2023-09-12","No"
"BLD-100326","Fire & Emergency Response","Mandatory","8","0","Completed","2023-11-29","No"
"BLD-100326","Strategic Leadership Workshop","Leadership","2","510","Completed","2023-09-25","No"
"BLD-100326","Qatar Labor Law Essentials","Compliance","2","0","Completed","2025-08-28","Yes"
"BLD-100326","Food Safety & HACCP Refresher","Mandatory","4","0","Completed","2025-04-09","No"
"BLD-100326","Fire & Emergency Response","Mandatory","4","0","Completed","2025-03-08","No"
"BLD-100326","Health & Safety Induction","Mandatory","2","0","Completed","2024-02-03","No"
"BLD-100327","Coaching for Performance","Leadership","2","1140","Completed","2023-04-02","No"
"BLD-100327","Health & Safety Induction","Mandatory","8","0","Completed","2023-05-03","No"
"BLD-100327","Data Privacy Awareness","Mandatory","16","0","Completed","2023-09-23","No"
"BLD-100328","Conflict Resolution","Soft Skills","4","640","Completed","2024-07-25","No"
"BLD-100328","SAP for HR Users","Technical","4","1750","Completed","2025-05-07","Yes"
"BLD-100328","Food Safety & HACCP Refresher","Mandatory","2","0","Completed","2023-01-08","No"
"BLD-100328","Anti-Bribery & Ethics","Mandatory","4","0","In Progress",,"No"
"BLD-100328","Dairy Processing Fundamentals","Technical","2","430","Completed","2023-11-11","No"
"BLD-100328","Health & Safety Induction","Mandatory","2","0","Completed","2023-07-23","No"
"BLD-100328","Effective Communication","Soft Skills","2","870","Completed","2023-08-12","No"
"BLD-100328","Health & Safety Induction","Mandatory","2","0","Completed","2024-03-22","No"
"BLD-100328","Strategic Leadership Workshop","Leadership","2","1920","Completed","2024-07-03","No"
"BLD-100329","Coaching for Performance","Leadership","8","1650","In Progress",,"No"
"BLD-100329","Qatar Labor Law Essentials","Compliance","4","0","Completed","2023-11-19","No"
"BLD-100329","Conflict Resolution","Soft Skills","8","1330","Completed","2024-12-15","No"
"BLD-100329","Fire & Emergency Response","Mandatory","2","0","Completed","2023-02-03","No"
"BLD-100329","Strategic Leadership Workshop","Leadership","2","360","Completed","2023-04-11","No"
"BLD-100329","Health & Safety Induction","Mandatory","8","0","Completed","2024-04-12","No"
"BLD-100330","SAP for HR Users","Technical","8","240","In Progress",,"No"
"BLD-100330","Conflict Resolution","Soft Skills","16","1000","Completed","2023-08-19","No"
"BLD-100330","Anti-Bribery & Ethics","Mandatory","2","0","Completed","2023-01-14","No"
"BLD-100331","Qatar Labor Law Essentials","Compliance","4","0","Not Started",,"No"
"BLD-100331","Food Safety & HACCP Refresher","Mandatory","4","0","Completed","2024-04-04","No"
"BLD-100331","Dairy Processing Fundamentals","Technical","2","1210","In Progress",,"No"
"BLD-100331","Data Privacy Awareness","Mandatory","8","0","Completed","2023-04-28","No"
"BLD-100331","Effective Communication","Soft Skills","4","2040","Completed","2023-12-02","No"
"BLD-100331","Time Management","Soft Skills","8","500","Completed","2024-11-23","No"
"BLD-100331","Health & Safety Induction","Mandatory","2","0","Completed","2025-11-18","No"
"BLD-100332","Data Privacy Awareness","Mandatory","2","0","Completed","2025-02-12","No"
"BLD-100332","Quality Control Techniques","Technical","8","1030","In Progress",,"No"
"BLD-100332","Qatar Labor Law Essentials","Compliance","8","0","Completed","2024-05-03","No"
"BLD-100332","Qatar Labor Law Essentials","Compliance","4","0","Completed","2023-11-24","No"
"BLD-100332","Dairy Processing Fundamentals","Technical","8","910","Completed","2023-03-24","Yes"
"BLD-100332","Food Safety & HACCP Refresher","Mandatory","8","0","Completed","2023-04-19","No"
"BLD-100332","DOA & Governance Training","Compliance","8","0","Completed","2025-04-26","No"
"BLD-100332","DOA & Governance Training","Compliance","2","0","Completed","2025-10-13","Yes"
"BLD-100332","Qatar Labor Law Essentials","Compliance","8","0","Completed","2023-10-10","No"
"BLD-100333","Food Safety & HACCP Refresher","Mandatory","8","0","In Progress",,"No"
"BLD-100333","Dairy Processing Fundamentals","Technical","2","250","Completed","2023-10-28","Yes"
"BLD-100333","DOA & Governance Training","Compliance","8","0","Completed","2023-10-08","No"
"BLD-100333","Conflict Resolution","Soft Skills","2","1690","Completed","2024-02-07","No"
"BLD-100333","Anti-Bribery & Ethics","Mandatory","8","0","Completed","2023-02-28","No"
"BLD-100333","Cold Chain Logistics","Technical","8","740","In Progress",,"No"
"BLD-100334","Anti-Bribery & Ethics","Mandatory","2","0","Completed","2024-06-25","No"
"BLD-100334","Effective Communication","Soft Skills","8","1880","Completed","2023-12-02","No"
"BLD-100334","Data Privacy Awareness","Mandatory","8","0","Completed","2024-07-05","No"
"BLD-100334","Presentation Skills","Soft Skills","8","630","Completed","2024-09-29","No"
"BLD-100334","Food Safety & HACCP Refresher","Mandatory","2","0","Completed","2023-10-14","No"
"BLD-100334","Cold Chain Logistics","Technical","2","2180","Completed","2023-11-15","No"
"BLD-100334","SAP for HR Users","Technical","4","1410","In Progress",,"No"
"BLD-100335","Health & Safety Induction","Mandatory","4","0","Completed","2025-12-29","No"
"BLD-100335","Data Privacy Awareness","Mandatory","16","0","Completed","2024-01-23","No"
"BLD-100335","Anti-Bribery & Ethics","Mandatory","4","0","Completed","2024-09-16","No"
"BLD-100335","Presentation Skills","Soft Skills","8","1770","Completed","2023-01-18","No"
"BLD-100336","Coaching for Performance","Leadership","2","1640","Completed","2023-01-07","No"
"BLD-100336","Anti-Bribery & Ethics","Mandatory","2","0","Completed","2023-03-05","No"
"BLD-100337","SAP for HR Users","Technical","8","420","In Progress",,"No"
"BLD-100337","First-Time Manager Program","Leadership","2","1590","Completed","2024-09-12","No"
"BLD-100337","Effective Communication","Soft Skills","8","1370","In Progress",,"No"
"BLD-100337","Dairy Processing Fundamentals","Technical","2","460","Completed","2024-01-24","Yes"
"BLD-100337","Qatar Labor Law Essentials","Compliance","4","0","In Progress",,"No"
"BLD-100337","Time Management","Soft Skills","2","2000","Completed","2025-01-01","No"
"BLD-100337","Dairy Processing Fundamentals","Technical","2","1510","Completed","2023-08-20","No"
"BLD-100338","Anti-Bribery & Ethics","Mandatory","16","0","Completed","2024-11-21","No"
"BLD-100338","Anti-Bribery & Ethics","Mandatory","4","0","Completed","2025-03-31","No"
"BLD-100338","Data Privacy Awareness","Mandatory","8","0","Completed","2025-09-17","No"
"BLD-100338","Time Management","Soft Skills","2","360","Completed","2023-03-16","No"
"BLD-100338","Health & Safety Induction","Mandatory","2","0","Completed","2023-11-04","No"
"BLD-100338","Anti-Bribery & Ethics","Mandatory","8","0","In Progress",,"No"
"BLD-100338","Fire & Emergency Response","Mandatory","2","0","Completed","2024-01-05","No"
"BLD-100338","Fire & Emergency Response","Mandatory","2","0","Completed","2025-05-12","No"
"BLD-100339","Cold Chain Logistics","Technical","8","1610","In Progress",,"No"
"BLD-100339","Presentation Skills","Soft Skills","8","310","Completed","2023-07-31","No"
"BLD-100339","Strategic Leadership Workshop","Leadership","2","1350","Completed","2024-01-08","No"
"BLD-100339","Time Management","Soft Skills","4","1230","Completed","2023-08-25","No"
"BLD-100339","Anti-Bribery & Ethics","Mandatory","4","0","Completed","2024-07-09","No"
"BLD-100339","Data Privacy Awareness","Mandatory","16","0","Completed","2023-01-27","No"
"BLD-100339","Quality Control Techniques","Technical","4","1630","Completed","2025-06-05","No"
"BLD-100339","Cold Chain Logistics","Technical","8","1060","Completed","2023-05-16","No"
"BLD-100339","Anti-Bribery & Ethics","Mandatory","2","0","Completed","2023-07-02","No"
"BLD-100339","Advanced Excel for Reporting","Technical","4","980","Completed","2023-01-16","No"
"BLD-100340","Advanced Excel for Reporting","Technical","8","1650","Completed","2024-03-23","No"
"BLD-100340","Advanced Excel for Reporting","Technical","8","570","Completed","2023-02-15","Yes"
"BLD-100340","Dairy Processing Fundamentals","Technical","2","1100","Completed","2023-04-06","Yes"
"BLD-100340","Data Privacy Awareness","Mandatory","4","0","In Progress",,"No"
"BLD-100340","Conflict Resolution","Soft Skills","8","1330","Not Started",,"No"
"BLD-100340","Health & Safety Induction","Mandatory","4","0","Completed","2023-09-23","No"
"BLD-100340","Health & Safety Induction","Mandatory","2","0","Completed","2025-12-30","No"
"BLD-100340","DOA & Governance Training","Compliance","2","0","In Progress",,"No"
"BLD-100340","SAP for HR Users","Technical","2","1860","In Progress",,"No"
"BLD-100341","Advanced Excel for Reporting","Technical","8","1910","Completed","2025-03-05","No"
"BLD-100341","Strategic Leadership Workshop","Leadership","8","2120","Completed","2023-11-01","No"
"BLD-100341","First-Time Manager Program","Leadership","4","1120","Completed","2025-09-17","No"
"BLD-100341","Effective Communication","Soft Skills","2","1360","Completed","2025-01-02","No"
"BLD-100341","Food Safety & HACCP Refresher","Mandatory","4","0","Completed","2024-04-30","No"
"BLD-100341","Strategic Leadership Workshop","Leadership","2","200","Completed","2025-02-04","No"
"BLD-100341","SAP for HR Users","Technical","16","240","Completed","2025-11-14","No"
"BLD-100341","Strategic Leadership Workshop","Leadership","2","1450","Completed","2023-04-01","No"
"BLD-100341","Data Privacy Awareness","Mandatory","8","0","Completed","2025-11-18","No"
"BLD-100341","Data Privacy Awareness","Mandatory","8","0","Completed","2024-01-12","No"
"BLD-100341","Quality Control Techniques","Technical","2","740","Completed","2025-08-27","No"
"BLD-100342","Strategic Leadership Workshop","Leadership","2","250","Completed","2023-02-21","No"
"BLD-100342","Cold Chain Logistics","Technical","8","1490","Completed","2024-07-16","Yes"
"BLD-100342","Health & Safety Induction","Mandatory","2","0","Completed","2023-02-05","No"
"BLD-100342","Food Safety & HACCP Refresher","Mandatory","4","0","Completed","2024-01-15","No"
"BLD-100342","Time Management","Soft Skills","4","2040","Completed","2024-09-03","No"
"BLD-100342","Effective Communication","Soft Skills","8","1450","Completed","2023-11-20","No"
"BLD-100342","Quality Control Techniques","Technical","8","1200","Completed","2023-10-19","Yes"
"BLD-100342","Food Safety & HACCP Refresher","Mandatory","4","0","In Progress",,"No"
"BLD-100342","Anti-Bribery & Ethics","Mandatory","2","0","Completed","2023-09-10","No"
"BLD-100342","Coaching for Performance","Leadership","16","2190","In Progress",,"No"
"BLD-100342","Presentation Skills","Soft Skills","4","1340","Completed","2024-08-10","No"
"BLD-100342","Data Privacy Awareness","Mandatory","2","0","Completed","2023-06-26","No"
"BLD-100343","Data Privacy Awareness","Mandatory","2","0","Completed","2024-05-22","No"
"BLD-100343","Presentation Skills","Soft Skills","4","2100","Completed","2025-08-30","No"
"BLD-100343","Time Management","Soft Skills","2","1780","Completed","2023-10-10","No"
"BLD-100343","Anti-Bribery & Ethics","Mandatory","4","0","Completed","2025-12-10","No"
"BLD-100344","Dairy Processing Fundamentals","Technical","2","720","Completed","2023-08-31","No"
"BLD-100344","Cold Chain Logistics","Technical","4","1980","In Progress",,"No"
"BLD-100344","Effective Communication","Soft Skills","16","1820","Completed","2023-10-22","No"
"BLD-100344","Coaching for Performance","Leadership","4","1670","Completed","2025-12-13","No"
"BLD-100344","DOA & Governance Training","Compliance","2","0","Completed","2025-04-03","Yes"
"BLD-100344","DOA & Governance Training","Compliance","8","0","Completed","2025-02-24","No"
"BLD-100347","Strategic Leadership Workshop","Leadership","4","1220","Completed","2023-06-05","No"
"BLD-100347","Conflict Resolution","Soft Skills","2","2180","In Progress",,"No"
"BLD-100347","Strategic Leadership Workshop","Leadership","8","410","Completed","2024-04-18","No"
"BLD-100347","SAP for HR Users","Technical","2","1700","Completed","2024-06-25","Yes"
"BLD-100347","Egyptian Labor Law Essentials","Compliance","2","0","Completed","2023-08-06","No"
"BLD-100347","Health & Safety Induction","Mandatory","16","0","Completed","2023-03-30","No"
"BLD-100347","Food Safety & HACCP Refresher","Mandatory","2","0","Completed","2025-05-17","No"
"BLD-100347","Time Management","Soft Skills","4","630","Completed","2023-02-20","No"
"BLD-100347","Food Safety & HACCP Refresher","Mandatory","2","0","Completed","2024-07-05","No"
"BLD-100347","Effective Communication","Soft Skills","8","2040","Completed","2024-07-02","No"
"BLD-100349","Fire & Emergency Response","Mandatory","16","0","Completed","2024-03-29","No"
"BLD-100349","Health & Safety Induction","Mandatory","16","0","Completed","2023-03-27","No"
"BLD-100349","Time Management","Soft Skills","2","1980","Completed","2024-07-02","No"
"BLD-100349","Health & Safety Induction","Mandatory","16","0","In Progress",,"No"
"BLD-100349","Coaching for Performance","Leadership","2","1070","Completed","2023-08-27","No"
"BLD-100349","Data Privacy Awareness","Mandatory","4","0","In Progress",,"No"
"BLD-100349","Cold Chain Logistics","Technical","2","1200","Completed","2024-03-31","No"
"BLD-100350","Presentation Skills","Soft Skills","16","260","Completed","2023-03-14","No"
"BLD-100350","Coaching for Performance","Leadership","4","1260","Completed","2023-11-23","No"
"BLD-100350","Anti-Bribery & Ethics","Mandatory","2","0","Completed","2025-03-15","No"
"BLD-100350","Coaching for Performance","Leadership","4","2010","Completed","2024-02-22","No"
"BLD-100350","Anti-Bribery & Ethics","Mandatory","8","0","Completed","2023-11-18","No"
"BLD-100350","Cold Chain Logistics","Technical","4","500","Not Started",,"No"
"BLD-100350","Fire & Emergency Response","Mandatory","8","0","Completed","2024-07-10","No"
"BLD-100351","Time Management","Soft Skills","2","1540","In Progress",,"No"
"BLD-100351","DOA & Governance Training","Compliance","4","0","Completed","2023-05-02","No"
"BLD-100351","Dairy Processing Fundamentals","Technical","2","750","Completed","2024-01-22","Yes"
"BLD-100351","Quality Control Techniques","Technical","2","1920","Completed","2025-03-21","Yes"
"BLD-100351","Dairy Processing Fundamentals","Technical","4","1400","Completed","2023-03-18","Yes"
"BLD-100351","Cold Chain Logistics","Technical","2","1080","Completed","2025-01-29","Yes"
"BLD-100351","Coaching for Performance","Leadership","2","930","Completed","2025-02-23","No"
"BLD-100352","Qatar Labor Law Essentials","Compliance","2","0","Not Started",,"No"
"BLD-100353","Effective Communication","Soft Skills","4","1130","Completed","2025-08-11","No"
"BLD-100353","Presentation Skills","Soft Skills","4","1470","In Progress",,"No"
"BLD-100353","Data Privacy Awareness","Mandatory","4","0","Completed","2023-04-25","No"
"BLD-100353","Qatar Labor Law Essentials","Compliance","2","0","Completed","2024-08-22","No"
"BLD-100353","Effective Communication","Soft Skills","4","1600","Completed","2023-11-20","No"
"BLD-100353","DOA & Governance Training","Compliance","2","0","Not Started",,"No"
"BLD-100353","Food Safety & HACCP Refresher","Mandatory","2","0","Completed","2024-11-19","No"
"BLD-100353","Anti-Bribery & Ethics","Mandatory","4","0","Not Started",,"No"
"BLD-100355","Effective Communication","Soft Skills","16","1440","Completed","2025-12-20","No"
"BLD-100355","Health & Safety Induction","Mandatory","2","0","Completed","2023-10-31","No"
"BLD-100355","First-Time Manager Program","Leadership","2","330","Completed","2024-03-25","No"
"BLD-100355","Health & Safety Induction","Mandatory","2","0","Completed","2024-09-11","No"
"BLD-100355","DOA & Governance Training","Compliance","8","0","Completed","2024-01-11","No"
"BLD-100355","Cold Chain Logistics","Technical","4","990","Completed","2024-06-14","Yes"
"BLD-100355","Qatar Labor Law Essentials","Compliance","2","0","Completed","2025-10-15","Yes"
"BLD-100355","Fire & Emergency Response","Mandatory","4","0","Completed","2023-12-10","No"
"BLD-100355","DOA & Governance Training","Compliance","8","0","Completed","2023-06-08","No"
"BLD-100355","Data Privacy Awareness","Mandatory","2","0","Completed","2025-03-02","No"
"BLD-100355","Presentation Skills","Soft Skills","4","1180","In Progress",,"No"
"BLD-100356","Conflict Resolution","Soft Skills","8","650","Not Started",,"No"
"BLD-100357","Fire & Emergency Response","Mandatory","8","0","Completed","2023-08-27","No"
"BLD-100357","Effective Communication","Soft Skills","8","160","Completed","2025-01-27","No"
"BLD-100357","Cold Chain Logistics","Technical","4","1090","Completed","2024-02-29","Yes"
"BLD-100357","Cold Chain Logistics","Technical","2","250","Completed","2025-03-10","Yes"
"BLD-100357","Fire & Emergency Response","Mandatory","2","0","Completed","2024-03-11","No"
"BLD-100357","Time Management","Soft Skills","8","1240","Completed","2025-06-10","No"
"BLD-100357","Effective Communication","Soft Skills","16","720","Completed","2023-06-08","No"
"BLD-100357","SAP for HR Users","Technical","8","2080","Completed","2024-02-13","No"
"BLD-100357","Data Privacy Awareness","Mandatory","4","0","Completed","2024-03-26","No"
"BLD-100357","Conflict Resolution","Soft Skills","2","560","Completed","2024-08-10","No"
"BLD-100357","Dairy Processing Fundamentals","Technical","8","1070","Completed","2023-06-02","Yes"
"BLD-100358","SAP for HR Users","Technical","4","360","Completed","2025-07-21","Yes"
"BLD-100358","Strategic Leadership Workshop","Leadership","2","610","Completed","2024-12-18","No"
"BLD-100358","First-Time Manager Program","Leadership","8","770","Completed","2023-10-15","No"
"BLD-100358","Anti-Bribery & Ethics","Mandatory","4","0","Completed","2023-04-22","No"
"BLD-100358","Cold Chain Logistics","Technical","16","360","In Progress",,"No"
"BLD-100358","Presentation Skills","Soft Skills","2","470","In Progress",,"No"
"BLD-100358","Anti-Bribery & Ethics","Mandatory","8","0","Completed","2023-07-11","No"
"BLD-100358","Strategic Leadership Workshop","Leadership","2","1030","In Progress",,"No"
"BLD-100358","Fire & Emergency Response","Mandatory","16","0","Completed","2025-10-07","No"
"BLD-100358","Dairy Processing Fundamentals","Technical","4","2180","In Progress",,"No"
"BLD-100358","Effective Communication","Soft Skills","2","1260","Completed","2023-10-13","No"
"BLD-100358","Fire & Emergency Response","Mandatory","2","0","Completed","2024-12-12","No"
"BLD-100359","First-Time Manager Program","Leadership","4","530","Completed","2025-03-15","No"
"BLD-100359","DOA & Governance Training","Compliance","4","0","Completed","2023-12-04","Yes"
"BLD-100359","Data Privacy Awareness","Mandatory","4","0","Completed","2024-08-20","No"
"BLD-100359","Health & Safety Induction","Mandatory","4","0","Completed","2023-02-27","No"
"BLD-100359","Coaching for Performance","Leadership","4","2070","Completed","2024-08-13","No"
"BLD-100359","Anti-Bribery & Ethics","Mandatory","4","0","Completed","2025-06-09","No"
"BLD-100359","DOA & Governance Training","Compliance","16","0","Not Started",,"No"
"BLD-100359","Coaching for Performance","Leadership","16","160","Completed","2025-11-24","No"
"BLD-100360","Fire & Emergency Response","Mandatory","2","0","Completed","2023-07-15","No"
"BLD-100361","Conflict Resolution","Soft Skills","4","350","Completed","2025-02-22","No"
"BLD-100361","Advanced Excel for Reporting","Technical","8","1470","Completed","2024-03-29","Yes"
"BLD-100361","Advanced Excel for Reporting","Technical","8","1390","Completed","2023-06-28","Yes"
"BLD-100361","Anti-Bribery & Ethics","Mandatory","8","0","Completed","2025-07-05","No"
"BLD-100361","Advanced Excel for Reporting","Technical","2","970","Completed","2025-08-18","Yes"
"BLD-100361","Conflict Resolution","Soft Skills","2","310","In Progress",,"No"
"BLD-100361","Egyptian Labor Law Essentials","Compliance","2","0","Completed","2023-10-31","Yes"
"BLD-100362","First-Time Manager Program","Leadership","16","1120","In Progress",,"No"
"BLD-100362","Coaching for Performance","Leadership","8","1350","Completed","2023-04-03","No"
"BLD-100362","Data Privacy Awareness","Mandatory","8","0","Completed","2024-04-24","No"
"BLD-100362","Fire & Emergency Response","Mandatory","4","0","In Progress",,"No"
"BLD-100362","First-Time Manager Program","Leadership","16","1080","Completed","2025-12-07","No"
"BLD-100362","Health & Safety Induction","Mandatory","8","0","Completed","2023-06-17","No"
"BLD-100363","Health & Safety Induction","Mandatory","2","0","Completed","2024-06-12","No"
"BLD-100363","DOA & Governance Training","Compliance","4","0","Completed","2024-06-27","Yes"
"BLD-100363","Dairy Processing Fundamentals","Technical","4","2070","Completed","2023-11-05","Yes"
"BLD-100363","DOA & Governance Training","Compliance","2","0","Completed","2025-02-26","Yes"
"BLD-100363","First-Time Manager Program","Leadership","4","1120","Completed","2024-08-12","No"
"BLD-100363","Fire & Emergency Response","Mandatory","4","0","In Progress",,"No"
"BLD-100363","First-Time Manager Program","Leadership","4","320","Completed","2023-12-20","No"
"BLD-100364","Data Privacy Awareness","Mandatory","4","0","Completed","2023-06-05","No"
"BLD-100364","Strategic Leadership Workshop","Leadership","16","990","Completed","2023-07-20","No"
"BLD-100364","Cold Chain Logistics","Technical","2","700","Completed","2023-08-29","No"
"BLD-100365","Conflict Resolution","Soft Skills","8","2020","Completed","2023-10-14","No"
"BLD-100365","Data Privacy Awareness","Mandatory","4","0","Completed","2024-01-11","No"
"BLD-100365","Time Management","Soft Skills","4","480","Completed","2023-06-22","No"
"BLD-100365","First-Time Manager Program","Leadership","4","830","Completed","2024-04-09","No"
"BLD-100366","Coaching for Performance","Leadership","8","2020","In Progress",,"No"
"BLD-100366","Health & Safety Induction","Mandatory","2","0","Completed","2024-01-18","No"
"BLD-100366","Presentation Skills","Soft Skills","2","1890","Completed","2024-09-02","No"
"BLD-100366","Food Safety & HACCP Refresher","Mandatory","8","0","Completed","2024-09-29","No"
"BLD-100366","Coaching for Performance","Leadership","4","710","Not Started",,"No"
"BLD-100366","DOA & Governance Training","Compliance","8","0","Completed","2024-05-31","No"
"BLD-100366","Strategic Leadership Workshop","Leadership","2","730","Completed","2023-12-12","No"
"BLD-100366","Cold Chain Logistics","Technical","16","1050","Completed","2024-04-28","No"
"BLD-100366","Data Privacy Awareness","Mandatory","4","0","Completed","2024-06-06","No"
"BLD-100366","Strategic Leadership Workshop","Leadership","2","730","Completed","2023-12-09","No"
"BLD-100367","SAP for HR Users","Technical","8","360","Completed","2023-03-07","Yes"
"BLD-100367","Dairy Processing Fundamentals","Technical","8","2090","Completed","2023-04-08","No"
"BLD-100367","Cold Chain Logistics","Technical","8","560","Completed","2023-09-30","Yes"
"BLD-100368","Coaching for Performance","Leadership","2","340","Completed","2023-07-10","No"
"BLD-100368","Anti-Bribery & Ethics","Mandatory","16","0","Completed","2023-12-22","No"
"BLD-100368","Fire & Emergency Response","Mandatory","2","0","Completed","2023-03-30","No"
"BLD-100368","Qatar Labor Law Essentials","Compliance","2","0","Completed","2023-07-03","Yes"
"BLD-100368","First-Time Manager Program","Leadership","2","1200","Completed","2024-08-01","No"
"BLD-100369","Food Safety & HACCP Refresher","Mandatory","2","0","Completed","2024-12-27","No"
"BLD-100369","Cold Chain Logistics","Technical","2","1220","Completed","2023-06-17","Yes"
"BLD-100369","Fire & Emergency Response","Mandatory","2","0","Completed","2023-11-20","No"
"BLD-100369","Effective Communication","Soft Skills","2","1940","Completed","2023-04-16","No"
"BLD-100369","Advanced Excel for Reporting","Technical","16","350","Completed","2024-12-12","No"
"BLD-100369","DOA & Governance Training","Compliance","2","0","Not Started",,"No"
"BLD-100369","Advanced Excel for Reporting","Technical","8","1960","Completed","2023-07-05","No"
"BLD-100369","Effective Communication","Soft Skills","2","1890","Completed","2025-05-01","No"
"BLD-100369","Quality Control Techniques","Technical","16","420","Completed","2024-09-06","No"
"BLD-100369","Egyptian Labor Law Essentials","Compliance","2","0","Completed","2024-07-26","Yes"
"BLD-100369","Time Management","Soft Skills","4","1030","Completed","2025-08-26","No"
"BLD-100369","Anti-Bribery & Ethics","Mandatory","2","0","Completed","2023-11-13","No"
"BLD-100370","Cold Chain Logistics","Technical","2","830","Completed","2023-10-30","No"
"BLD-100370","Anti-Bribery & Ethics","Mandatory","8","0","Completed","2024-07-11","No"
"BLD-100370","Strategic Leadership Workshop","Leadership","2","1610","Completed","2024-12-26","No"
"BLD-100370","Data Privacy Awareness","Mandatory","8","0","Completed","2023-07-31","No"
"BLD-100372","Strategic Leadership Workshop","Leadership","4","2060","Completed","2023-10-17","No"
"BLD-100372","Food Safety & HACCP Refresher","Mandatory","4","0","Completed","2023-06-11","No"
"BLD-100372","Conflict Resolution","Soft Skills","16","750","Completed","2023-02-12","No"
"BLD-100373","Cold Chain Logistics","Technical","2","720","Completed","2024-11-26","No"
"BLD-100373","Presentation Skills","Soft Skills","8","480","Completed","2024-07-18","No"
"BLD-100373","Dairy Processing Fundamentals","Technical","4","250","Completed","2025-08-18","Yes"
"BLD-100373","Time Management","Soft Skills","2","1180","Not Started",,"No"
"BLD-100373","First-Time Manager Program","Leadership","16","610","Completed","2024-03-26","No"
"BLD-100373","Quality Control Techniques","Technical","8","240","Completed","2024-04-13","No"
"BLD-100374","Fire & Emergency Response","Mandatory","4","0","Completed","2024-05-31","No"
"BLD-100374","Conflict Resolution","Soft Skills","2","1410","In Progress",,"No"
"BLD-100374","Health & Safety Induction","Mandatory","8","0","Completed","2023-11-15","No"
"BLD-100374","Effective Communication","Soft Skills","2","200","Completed","2023-09-23","No"
"BLD-100374","SAP for HR Users","Technical","8","520","Completed","2024-04-23","Yes"
"BLD-100375","First-Time Manager Program","Leadership","4","700","Completed","2023-06-04","No"
"BLD-100375","Cold Chain Logistics","Technical","2","1640","Completed","2024-09-11","Yes"
"BLD-100375","Conflict Resolution","Soft Skills","8","1590","Completed","2024-08-31","No"
"BLD-100375","Dairy Processing Fundamentals","Technical","2","740","In Progress",,"No"
"BLD-100375","Health & Safety Induction","Mandatory","4","0","In Progress",,"No"
"BLD-100375","Fire & Emergency Response","Mandatory","4","0","Completed","2023-05-14","No"
"BLD-100375","Fire & Emergency Response","Mandatory","2","0","Not Started",,"No"
"BLD-100375","Fire & Emergency Response","Mandatory","2","0","Completed","2024-11-26","No"
"BLD-100375","Strategic Leadership Workshop","Leadership","4","1120","Completed","2024-08-27","No"
"BLD-100375","Effective Communication","Soft Skills","2","810","Completed","2023-10-30","No"
"BLD-100375","SAP for HR Users","Technical","4","1400","In Progress",,"No"
"BLD-100375","Cold Chain Logistics","Technical","4","700","Completed","2023-08-25","No"
"BLD-100376","SAP for HR Users","Technical","16","770","Completed","2023-07-08","No"
"BLD-100376","Time Management","Soft Skills","2","1410","Completed","2023-03-29","No"
"BLD-100377","Cold Chain Logistics","Technical","8","1880","Completed","2025-08-06","No"
"BLD-100377","Dairy Processing Fundamentals","Technical","2","1800","Completed","2023-05-17","No"
"BLD-100377","First-Time Manager Program","Leadership","4","1570","In Progress",,"No"
"BLD-100377","Food Safety & HACCP Refresher","Mandatory","2","0","Completed","2024-11-18","No"
"BLD-100377","Quality Control Techniques","Technical","2","1800","Completed","2024-03-03","No"
"BLD-100377","Quality Control Techniques","Technical","4","940","Completed","2025-07-09","No"
"BLD-100378","Data Privacy Awareness","Mandatory","8","0","Completed","2023-06-11","No"
"BLD-100378","SAP for HR Users","Technical","8","1060","Completed","2023-07-06","Yes"
"BLD-100378","Data Privacy Awareness","Mandatory","4","0","Completed","2023-03-03","No"
"BLD-100378","Fire & Emergency Response","Mandatory","2","0","Completed","2023-11-16","No"
"BLD-100378","Fire & Emergency Response","Mandatory","2","0","Completed","2023-04-28","No"
"BLD-100378","Conflict Resolution","Soft Skills","2","2180","Not Started",,"No"
"BLD-100378","Cold Chain Logistics","Technical","2","1630","Not Started",,"No"
"BLD-100378","Egyptian Labor Law Essentials","Compliance","4","0","Not Started",,"No"
"BLD-100378","Data Privacy Awareness","Mandatory","2","0","In Progress",,"No"
"BLD-100378","Food Safety & HACCP Refresher","Mandatory","2","0","Completed","2023-12-17","No"
"BLD-100380","DOA & Governance Training","Compliance","2","0","Completed","2025-06-25","No"
"BLD-100380","Data Privacy Awareness","Mandatory","2","0","Completed","2024-08-28","No"
"BLD-100380","Effective Communication","Soft Skills","8","1630","Not Started",,"No"
"BLD-100380","Quality Control Techniques","Technical","4","730","Completed","2023-03-09","No"
"BLD-100380","Quality Control Techniques","Technical","2","1920","In Progress",,"No"
"BLD-100380","Quality Control Techniques","Technical","4","1710","Completed","2025-01-26","No"
"BLD-100380","Data Privacy Awareness","Mandatory","8","0","Completed","2023-07-11","No"
"BLD-100380","Data Privacy Awareness","Mandatory","4","0","Completed","2023-07-03","No"
"BLD-100382","Anti-Bribery & Ethics","Mandatory","8","0","Completed","2023-04-25","No"
"BLD-100382","Time Management","Soft Skills","4","530","Completed","2024-08-12","No"
"BLD-100382","Advanced Excel for Reporting","Technical","16","560","Completed","2025-10-17","No"
"BLD-100382","Coaching for Performance","Leadership","8","1790","Completed","2023-05-17","No"
"BLD-100382","Dairy Processing Fundamentals","Technical","16","370","Completed","2023-05-08","Yes"
"BLD-100382","Time Management","Soft Skills","2","530","Completed","2025-02-06","No"
"BLD-100382","Cold Chain Logistics","Technical","16","460","Completed","2023-01-29","Yes"
"BLD-100383","Health & Safety Induction","Mandatory","2","0","Completed","2025-06-26","No"
"BLD-100383","Coaching for Performance","Leadership","2","1110","Completed","2023-07-21","No"
"BLD-100383","Effective Communication","Soft Skills","8","1110","Completed","2023-06-29","No"
"BLD-100383","Food Safety & HACCP Refresher","Mandatory","4","0","Completed","2024-07-02","No"
"BLD-100383","Presentation Skills","Soft Skills","16","490","Completed","2024-05-22","No"
"BLD-100383","First-Time Manager Program","Leadership","2","340","Completed","2023-10-23","No"
"BLD-100383","DOA & Governance Training","Compliance","16","0","Completed","2023-11-06","Yes"
"BLD-100383","Advanced Excel for Reporting","Technical","8","1860","Completed","2024-07-02","Yes"
"BLD-100383","Effective Communication","Soft Skills","4","680","Completed","2023-01-01","No"
"BLD-100383","Advanced Excel for Reporting","Technical","8","1250","In Progress",,"No"
"BLD-100384","Time Management","Soft Skills","4","1400","Completed","2023-12-31","No"
"BLD-100384","Strategic Leadership Workshop","Leadership","8","590","Completed","2023-01-30","No"
"BLD-100384","Strategic Leadership Workshop","Leadership","4","520","Completed","2024-02-26","No"
"BLD-100384","Strategic Leadership Workshop","Leadership","8","1490","Completed","2024-05-23","No"
"BLD-100384","Health & Safety Induction","Mandatory","8","0","Completed","2023-08-02","No"
"BLD-100385","Effective Communication","Soft Skills","2","760","In Progress",,"No"
"BLD-100386","Dairy Processing Fundamentals","Technical","8","180","Completed","2023-09-29","No"
"BLD-100386","Data Privacy Awareness","Mandatory","4","0","Completed","2025-09-10","No"
"BLD-100386","Anti-Bribery & Ethics","Mandatory","2","0","Completed","2024-01-07","No"
"BLD-100386","Coaching for Performance","Leadership","4","1750","Completed","2024-04-20","No"
"BLD-100386","Strategic Leadership Workshop","Leadership","2","1420","Not Started",,"No"
"BLD-100387","Fire & Emergency Response","Mandatory","16","0","Completed","2023-04-02","No"
"BLD-100387","Coaching for Performance","Leadership","16","2130","Completed","2023-10-29","No"
"BLD-100387","DOA & Governance Training","Compliance","4","0","Completed","2023-04-03","Yes"
"BLD-100387","Food Safety & HACCP Refresher","Mandatory","4","0","Completed","2023-10-12","No"
"BLD-100388","Strategic Leadership Workshop","Leadership","8","180","Completed","2024-06-21","No"
"BLD-100388","Food Safety & HACCP Refresher","Mandatory","2","0","Completed","2024-04-13","No"
"BLD-100388","Data Privacy Awareness","Mandatory","2","0","Completed","2023-03-20","No"
"BLD-100388","Conflict Resolution","Soft Skills","8","1360","In Progress",,"No"
"BLD-100388","Fire & Emergency Response","Mandatory","4","0","Completed","2023-03-14","No"
"BLD-100388","Quality Control Techniques","Technical","2","1150","Completed","2024-05-15","Yes"
"BLD-100388","Effective Communication","Soft Skills","2","390","Completed","2025-02-07","No"
"BLD-100388","Fire & Emergency Response","Mandatory","2","0","In Progress",,"No"
"BLD-100388","Effective Communication","Soft Skills","8","1410","Completed","2023-10-23","No"
"BLD-100388","Presentation Skills","Soft Skills","8","1660","Completed","2023-07-17","No"
"BLD-100390","Quality Control Techniques","Technical","16","930","Completed","2025-09-10","Yes"
"BLD-100390","Qatar Labor Law Essentials","Compliance","4","0","Completed","2025-08-19","Yes"
"BLD-100390","DOA & Governance Training","Compliance","16","0","In Progress",,"No"
"BLD-100390","Fire & Emergency Response","Mandatory","8","0","In Progress",,"No"
"BLD-100391","Data Privacy Awareness","Mandatory","8","0","Completed","2024-01-12","No"
"BLD-100391","DOA & Governance Training","Compliance","8","0","Completed","2025-06-23","Yes"
"BLD-100391","Effective Communication","Soft Skills","2","950","Completed","2025-09-19","No"
"BLD-100391","Health & Safety Induction","Mandatory","4","0","Completed","2023-05-11","No"
"BLD-100391","Data Privacy Awareness","Mandatory","4","0","Completed","2023-12-21","No"
"BLD-100392","Data Privacy Awareness","Mandatory","8","0","Completed","2025-09-21","No"
"BLD-100392","SAP for HR Users","Technical","4","1770","Not Started",,"No"
"BLD-100392","Quality Control Techniques","Technical","2","2150","Completed","2024-05-10","Yes"
"BLD-100392","Time Management","Soft Skills","4","860","Completed","2025-11-19","No"
"BLD-100392","Effective Communication","Soft Skills","2","770","Completed","2024-06-30","No"
"BLD-100392","Food Safety & HACCP Refresher","Mandatory","2","0","Completed","2025-05-03","No"
"BLD-100393","Time Management","Soft Skills","4","1450","Completed","2023-01-29","No"
"BLD-100393","SAP for HR Users","Technical","4","430","Completed","2023-04-06","No"
"BLD-100393","SAP for HR Users","Technical","4","1310","Completed","2023-01-26","No"
"BLD-100393","Fire & Emergency Response","Mandatory","8","0","Completed","2023-04-08","No"
"BLD-100394","First-Time Manager Program","Leadership","4","1700","Not Started",,"No"
"BLD-100394","Quality Control Techniques","Technical","2","690","Completed","2025-08-05","No"
"BLD-100394","SAP for HR Users","Technical","2","1220","Not Started",,"No"
"BLD-100394","Food Safety & HACCP Refresher","Mandatory","8","0","Completed","2025-05-02","No"
"BLD-100394","Strategic Leadership Workshop","Leadership","2","1020","Completed","2024-04-18","No"
"BLD-100395","Qatar Labor Law Essentials","Compliance","8","0","Completed","2023-10-25","Yes"
"BLD-100395","Qatar Labor Law Essentials","Compliance","2","0","In Progress",,"No"
"BLD-100395","Quality Control Techniques","Technical","2","1000","Completed","2024-09-25","No"
"BLD-100395","Cold Chain Logistics","Technical","2","690","Completed","2024-10-21","Yes"
"BLD-100395","Coaching for Performance","Leadership","4","1760","Completed","2024-02-08","No"
"BLD-100395","Effective Communication","Soft Skills","4","1090","Completed","2023-03-20","No"
"BLD-100395","Fire & Emergency Response","Mandatory","16","0","Completed","2025-07-24","No"
"BLD-100397","Conflict Resolution","Soft Skills","16","760","Completed","2023-04-05","No"
"BLD-100398","Qatar Labor Law Essentials","Compliance","2","0","Completed","2023-10-30","Yes"
"BLD-100398","Coaching for Performance","Leadership","8","1020","Completed","2023-10-21","No"
"BLD-100398","Time Management","Soft Skills","2","280","Not Started",,"No"
"BLD-100398","Qatar Labor Law Essentials","Compliance","8","0","Completed","2024-08-15","No"
"BLD-100398","Time Management","Soft Skills","4","720","Completed","2023-11-04","No"
"BLD-100398","Coaching for Performance","Leadership","16","1120","Completed","2024-07-26","No"
"BLD-100398","First-Time Manager Program","Leadership","2","1500","Completed","2024-07-21","No"
"BLD-100398","Anti-Bribery & Ethics","Mandatory","4","0","Completed","2025-05-22","No"
"BLD-100399","Strategic Leadership Workshop","Leadership","16","960","Completed","2023-01-13","No"
"BLD-100399","Effective Communication","Soft Skills","4","1580","In Progress",,"No"
"BLD-100399","Anti-Bribery & Ethics","Mandatory","2","0","Not Started",,"No"
"BLD-100399","Fire & Emergency Response","Mandatory","4","0","Completed","2025-02-15","No"
"BLD-100399","Qatar Labor Law Essentials","Compliance","2","0","Completed","2025-12-23","No"
"BLD-100399","Dairy Processing Fundamentals","Technical","4","490","In Progress",,"No"
"BLD-100399","Conflict Resolution","Soft Skills","2","1690","Completed","2023-02-19","No"
"BLD-100400","Food Safety & HACCP Refresher","Mandatory","8","0","Completed","2025-04-11","No"
"BLD-100400","Data Privacy Awareness","Mandatory","4","0","Completed","2024-06-25","No"
"BLD-100400","Health & Safety Induction","Mandatory","4","0","Completed","2024-10-16","No"
"BLD-100400","Effective Communication","Soft Skills","4","1400","Completed","2025-10-24","No"
"BLD-100400","Strategic Leadership Workshop","Leadership","16","1000","Completed","2024-09-05","No"
"BLD-100400","First-Time Manager Program","Leadership","16","1430","Completed","2024-08-22","No"
"BLD-100401","Fire & Emergency Response","Mandatory","2","0","Completed","2024-01-17","No"
"BLD-100401","Cold Chain Logistics","Technical","2","1200","Completed","2023-12-22","Yes"
"BLD-100401","Health & Safety Induction","Mandatory","8","0","Completed","2024-08-28","No"
"BLD-100401","Health & Safety Induction","Mandatory","2","0","Completed","2024-12-29","No"
"BLD-100401","Health & Safety Induction","Mandatory","2","0","In Progress",,"No"
"BLD-100401","Quality Control Techniques","Technical","4","400","Completed","2023-04-15","Yes"
"BLD-100401","Advanced Excel for Reporting","Technical","2","560","Completed","2025-10-31","No"
"BLD-100401","Dairy Processing Fundamentals","Technical","2","1460","Completed","2024-12-11","No"
"BLD-100402","Conflict Resolution","Soft Skills","4","1040","Completed","2024-10-24","No"
"BLD-100402","Effective Communication","Soft Skills","4","910","Not Started",,"No"
"BLD-100402","Coaching for Performance","Leadership","4","1380","Completed","2025-08-30","No"
"BLD-100402","Coaching for Performance","Leadership","8","1910","Completed","2025-04-13","No"
"BLD-100402","First-Time Manager Program","Leadership","4","1220","In Progress",,"No"
"BLD-100402","Anti-Bribery & Ethics","Mandatory","8","0","In Progress",,"No"
"BLD-100402","SAP for HR Users","Technical","2","1010","Completed","2023-08-16","Yes"
"BLD-100402","Quality Control Techniques","Technical","8","1420","Completed","2023-04-24","Yes"
"BLD-100402","SAP for HR Users","Technical","16","960","Completed","2025-05-28","No"
"BLD-100403","Presentation Skills","Soft Skills","8","1300","Completed","2023-10-01","No"
"BLD-100403","First-Time Manager Program","Leadership","4","1920","Completed","2023-11-05","No"
"BLD-100403","Data Privacy Awareness","Mandatory","4","0","Completed","2025-04-21","No"
"BLD-100403","Health & Safety Induction","Mandatory","4","0","Completed","2025-02-26","No"
"BLD-100403","Data Privacy Awareness","Mandatory","4","0","Completed","2024-03-20","No"
"BLD-100403","Food Safety & HACCP Refresher","Mandatory","2","0","Completed","2024-02-10","No"
"BLD-100403","Fire & Emergency Response","Mandatory","8","0","Completed","2024-02-01","No"
"BLD-100403","Cold Chain Logistics","Technical","16","1180","In Progress",,"No"
"BLD-100404","Fire & Emergency Response","Mandatory","2","0","Completed","2023-09-11","No"
"BLD-100404","Time Management","Soft Skills","8","1800","Completed","2025-03-19","No"
"BLD-100404","Dairy Processing Fundamentals","Technical","2","1380","Completed","2024-07-11","No"
"BLD-100404","Qatar Labor Law Essentials","Compliance","8","0","Completed","2023-05-11","No"
"BLD-100404","Fire & Emergency Response","Mandatory","4","0","Completed","2024-06-23","No"
"BLD-100404","Quality Control Techniques","Technical","4","2020","Completed","2023-07-23","No"
"BLD-100404","Effective Communication","Soft Skills","8","1070","Completed","2024-05-10","No"
"BLD-100404","Data Privacy Awareness","Mandatory","4","0","In Progress",,"No"
"BLD-100404","Food Safety & HACCP Refresher","Mandatory","16","0","Completed","2024-03-09","No"
"BLD-100404","Time Management","Soft Skills","8","1230","Completed","2024-10-02","No"
"BLD-100406","Qatar Labor Law Essentials","Compliance","2","0","Completed","2023-05-14","No"
"BLD-100407","SAP for HR Users","Technical","4","830","Completed","2024-09-05","No"
"BLD-100407","Data Privacy Awareness","Mandatory","16","0","Completed","2024-08-15","No"
"BLD-100407","Quality Control Techniques","Technical","4","1530","Completed","2023-07-09","Yes"
"BLD-100407","Conflict Resolution","Soft Skills","4","290","Completed","2024-08-25","No"
"BLD-100407","Time Management","Soft Skills","8","1190","Completed","2025-01-05","No"
"BLD-100407","Coaching for Performance","Leadership","4","970","Completed","2023-07-29","No"
"BLD-100407","Coaching for Performance","Leadership","8","1280","Completed","2025-08-27","No"
"BLD-100407","Qatar Labor Law Essentials","Compliance","4","0","In Progress",,"No"
"BLD-100407","Quality Control Techniques","Technical","8","1730","Completed","2025-01-29","No"
"BLD-100407","Food Safety & HACCP Refresher","Mandatory","8","0","Completed","2023-03-05","No"
"BLD-100407","Fire & Emergency Response","Mandatory","4","0","In Progress",,"No"
"BLD-100407","DOA & Governance Training","Compliance","16","0","In Progress",,"No"
"BLD-100408","Qatar Labor Law Essentials","Compliance","8","0","Completed","2023-09-06","Yes"
"BLD-100408","Health & Safety Induction","Mandatory","2","0","Completed","2024-04-17","No"
"BLD-100408","Anti-Bribery & Ethics","Mandatory","16","0","In Progress",,"No"
"BLD-100408","Coaching for Performance","Leadership","2","1800","Completed","2023-10-20","No"
"BLD-100408","Advanced Excel for Reporting","Technical","2","2200","In Progress",,"No"
"BLD-100408","Food Safety & HACCP Refresher","Mandatory","2","0","Completed","2025-03-06","No"
"BLD-100408","Advanced Excel for Reporting","Technical","2","710","Completed","2024-02-22","Yes"
"BLD-100408","SAP for HR Users","Technical","8","1540","Completed","2024-09-24","Yes"
"BLD-100408","Time Management","Soft Skills","16","2120","Completed","2025-08-14","No"
"BLD-100408","Time Management","Soft Skills","8","2110","Completed","2024-05-06","No"
"BLD-100408","Advanced Excel for Reporting","Technical","2","900","In Progress",,"No"
"BLD-100408","Qatar Labor Law Essentials","Compliance","2","0","Completed","2025-09-05","No"
"BLD-100409","Time Management","Soft Skills","2","1280","In Progress",,"No"
"BLD-100409","DOA & Governance Training","Compliance","8","0","Completed","2025-08-03","No"
"BLD-100409","Conflict Resolution","Soft Skills","2","770","In Progress",,"No"
"BLD-100409","Time Management","Soft Skills","8","960","Completed","2025-12-22","No"
"BLD-100409","Quality Control Techniques","Technical","2","370","Completed","2025-10-15","No"
"BLD-100409","SAP for HR Users","Technical","4","1380","Not Started",,"No"
"BLD-100409","Qatar Labor Law Essentials","Compliance","8","0","Completed","2024-12-08","No"
"BLD-100409","Dairy Processing Fundamentals","Technical","4","960","Completed","2024-09-13","Yes"
"BLD-100409","SAP for HR Users","Technical","4","370","Completed","2024-09-26","Yes"
"BLD-100409","Qatar Labor Law Essentials","Compliance","2","0","Completed","2023-12-31","Yes"
"BLD-100409","Health & Safety Induction","Mandatory","4","0","In Progress",,"No"
"BLD-100409","Strategic Leadership Workshop","Leadership","2","930","Completed","2023-02-16","No"
"BLD-100410","Time Management","Soft Skills","16","1920","Completed","2023-06-23","No"
"BLD-100410","Data Privacy Awareness","Mandatory","4","0","Completed","2024-06-21","No"
"BLD-100410","Advanced Excel for Reporting","Technical","4","600","Completed","2023-02-28","No"
"BLD-100411","Dairy Processing Fundamentals","Technical","4","2080","Completed","2023-02-14","No"
"BLD-100411","Anti-Bribery & Ethics","Mandatory","8","0","Not Started",,"No"
"BLD-100411","Presentation Skills","Soft Skills","8","1140","Completed","2024-08-27","No"
"BLD-100411","Effective Communication","Soft Skills","8","1190","Completed","2023-09-24","No"
"BLD-100411","First-Time Manager Program","Leadership","4","1870","Completed","2025-04-19","No"
"BLD-100412","Cold Chain Logistics","Technical","8","1900","Completed","2024-04-16","No"
"BLD-100412","Quality Control Techniques","Technical","8","1590","Completed","2024-01-13","Yes"
"BLD-100412","Strategic Leadership Workshop","Leadership","4","1740","In Progress",,"No"
"BLD-100412","Data Privacy Awareness","Mandatory","4","0","Completed","2024-08-08","No"
"BLD-100412","SAP for HR Users","Technical","4","1830","Completed","2023-10-04","Yes"
"BLD-100412","Effective Communication","Soft Skills","4","800","In Progress",,"No"
"BLD-100413","DOA & Governance Training","Compliance","2","0","In Progress",,"No"
"BLD-100413","First-Time Manager Program","Leadership","4","2030","In Progress",,"No"
"BLD-100413","Qatar Labor Law Essentials","Compliance","2","0","Completed","2025-08-24","No"
"BLD-100413","Fire & Emergency Response","Mandatory","8","0","Completed","2023-09-02","No"
"BLD-100413","Fire & Emergency Response","Mandatory","2","0","Completed","2023-10-21","No"
"BLD-100413","Effective Communication","Soft Skills","8","180","Completed","2024-12-26","No"
"BLD-100413","SAP for HR Users","Technical","16","1020","Not Started",,"No"
"BLD-100413","Fire & Emergency Response","Mandatory","2","0","Completed","2023-07-30","No"
"BLD-100413","Time Management","Soft Skills","2","1780","Completed","2023-11-10","No"
"BLD-100415","Food Safety & HACCP Refresher","Mandatory","8","0","Completed","2025-02-05","No"
"BLD-100415","First-Time Manager Program","Leadership","4","990","Completed","2023-02-14","No"
"BLD-100415","Qatar Labor Law Essentials","Compliance","2","0","Completed","2024-09-02","No"
"BLD-100415","Effective Communication","Soft Skills","2","1090","Completed","2025-03-01","No"
"BLD-100416","Conflict Resolution","Soft Skills","8","1960","Not Started",,"No"
"BLD-100416","Advanced Excel for Reporting","Technical","8","510","Completed","2025-01-09","Yes"
"BLD-100416","Dairy Processing Fundamentals","Technical","8","1580","Completed","2023-07-05","Yes"
"BLD-100416","Strategic Leadership Workshop","Leadership","2","910","In Progress",,"No"
"BLD-100416","Dairy Processing Fundamentals","Technical","4","1940","Completed","2023-03-07","Yes"
"BLD-100416","Advanced Excel for Reporting","Technical","2","1300","Not Started",,"No"
"BLD-100416","Strategic Leadership Workshop","Leadership","2","2060","Completed","2024-10-07","No"
"BLD-100416","Health & Safety Induction","Mandatory","4","0","Completed","2025-10-15","No"
"BLD-100416","Data Privacy Awareness","Mandatory","8","0","Completed","2023-07-03","No"
"BLD-100417","DOA & Governance Training","Compliance","4","0","Completed","2023-08-15","No"
"BLD-100417","Time Management","Soft Skills","4","1450","Completed","2023-05-03","No"
"BLD-100418","Fire & Emergency Response","Mandatory","2","0","Completed","2023-03-12","No"
"BLD-100418","Conflict Resolution","Soft Skills","4","1380","Completed","2024-01-10","No"
"BLD-100418","Dairy Processing Fundamentals","Technical","2","950","Completed","2024-02-28","No"
"BLD-100418","Effective Communication","Soft Skills","2","1690","Completed","2025-08-03","No"
"BLD-100418","Food Safety & HACCP Refresher","Mandatory","8","0","Completed","2025-10-19","No"
"BLD-100419","Qatar Labor Law Essentials","Compliance","16","0","In Progress",,"No"
"BLD-100419","Conflict Resolution","Soft Skills","4","850","In Progress",,"No"
"BLD-100419","Health & Safety Induction","Mandatory","4","0","Completed","2023-07-05","No"
"BLD-100419","First-Time Manager Program","Leadership","4","1290","Completed","2025-09-19","No"
"BLD-100419","DOA & Governance Training","Compliance","2","0","Completed","2023-04-21","No"
"BLD-100419","Advanced Excel for Reporting","Technical","2","1550","Completed","2024-01-02","Yes"
"BLD-100419","Presentation Skills","Soft Skills","2","1500","Completed","2025-03-19","No"
"BLD-100420","Qatar Labor Law Essentials","Compliance","2","0","Completed","2024-01-17","No"
"BLD-100420","Fire & Emergency Response","Mandatory","8","0","Completed","2024-10-18","No"
"BLD-100420","Quality Control Techniques","Technical","16","1310","Completed","2023-08-17","No"
"BLD-100420","Fire & Emergency Response","Mandatory","2","0","Completed","2024-04-29","No"
"BLD-100420","SAP for HR Users","Technical","2","1560","Completed","2025-02-05","No"
"BLD-100420","Fire & Emergency Response","Mandatory","2","0","Completed","2025-04-28","No"
"BLD-100420","Advanced Excel for Reporting","Technical","2","1470","Completed","2025-02-14","Yes"
"BLD-100420","Coaching for Performance","Leadership","8","1550","Completed","2024-01-05","No"
"BLD-100420","DOA & Governance Training","Compliance","16","0","Completed","2025-05-20","No"
"BLD-100420","DOA & Governance Training","Compliance","2","0","Completed","2023-08-26","No"
"BLD-100421","Advanced Excel for Reporting","Technical","2","190","Completed","2025-10-22","Yes"
"BLD-100421","Dairy Processing Fundamentals","Technical","4","1870","Completed","2025-05-23","Yes"
"BLD-100421","DOA & Governance Training","Compliance","8","0","Completed","2025-01-09","No"
"BLD-100421","Qatar Labor Law Essentials","Compliance","8","0","Completed","2023-07-04","Yes"
"BLD-100421","Qatar Labor Law Essentials","Compliance","8","0","In Progress",,"No"
"BLD-100421","Data Privacy Awareness","Mandatory","4","0","Not Started",,"No"
"BLD-100421","Anti-Bribery & Ethics","Mandatory","16","0","Completed","2024-06-02","No"
"BLD-100421","Effective Communication","Soft Skills","8","1420","Completed","2024-06-19","No"
"BLD-100422","Health & Safety Induction","Mandatory","2","0","Completed","2024-11-09","No"
"BLD-100422","Anti-Bribery & Ethics","Mandatory","16","0","Completed","2025-05-27","No"
"BLD-100422","Presentation Skills","Soft Skills","2","460","Completed","2025-08-26","No"
"BLD-100422","Data Privacy Awareness","Mandatory","2","0","In Progress",,"No"
"BLD-100422","Strategic Leadership Workshop","Leadership","4","2170","Not Started",,"No"
"BLD-100422","DOA & Governance Training","Compliance","16","0","Completed","2025-05-17","No"
"BLD-100422","Fire & Emergency Response","Mandatory","4","0","Completed","2024-08-30","No"
"BLD-100422","Anti-Bribery & Ethics","Mandatory","2","0","Completed","2023-01-24","No"
"BLD-100422","Cold Chain Logistics","Technical","4","1530","Completed","2025-06-09","No"
"BLD-100422","Data Privacy Awareness","Mandatory","4","0","In Progress",,"No"
"BLD-100422","Time Management","Soft Skills","8","1650","Completed","2023-02-02","No"
"BLD-100423","Data Privacy Awareness","Mandatory","4","0","Completed","2024-11-22","No"
"BLD-100423","Food Safety & HACCP Refresher","Mandatory","8","0","Completed","2023-12-14","No"
"BLD-100423","Strategic Leadership Workshop","Leadership","8","780","Completed","2023-06-04","No"
"BLD-100423","First-Time Manager Program","Leadership","4","2050","Not Started",,"No"
"BLD-100423","Egyptian Labor Law Essentials","Compliance","2","0","Completed","2025-09-30","Yes"
"BLD-100423","Data Privacy Awareness","Mandatory","8","0","Completed","2024-07-27","No"
"BLD-100423","Time Management","Soft Skills","16","1970","In Progress",,"No"
"BLD-100425","Quality Control Techniques","Technical","2","740","Completed","2023-06-17","Yes"
"BLD-100425","Qatar Labor Law Essentials","Compliance","4","0","Completed","2023-03-24","No"
"BLD-100425","Presentation Skills","Soft Skills","8","2170","Completed","2023-10-22","No"
"BLD-100426","Conflict Resolution","Soft Skills","8","480","Completed","2024-09-10","No"
"BLD-100426","Coaching for Performance","Leadership","2","1960","Completed","2023-03-11","No"
"BLD-100426","Coaching for Performance","Leadership","8","450","In Progress",,"No"
"BLD-100426","Health & Safety Induction","Mandatory","8","0","Completed","2024-07-02","No"
"BLD-100427","Fire & Emergency Response","Mandatory","2","0","Completed","2025-04-03","No"
"BLD-100427","Anti-Bribery & Ethics","Mandatory","4","0","Completed","2024-06-19","No"
"BLD-100427","Dairy Processing Fundamentals","Technical","4","260","In Progress",,"No"
"BLD-100427","Food Safety & HACCP Refresher","Mandatory","2","0","Completed","2024-06-19","No"
"BLD-100428","Dairy Processing Fundamentals","Technical","16","610","Completed","2023-04-25","No"
"BLD-100428","Conflict Resolution","Soft Skills","2","1640","Completed","2025-08-04","No"
"BLD-100428","DOA & Governance Training","Compliance","2","0","In Progress",,"No"
"BLD-100428","Dairy Processing Fundamentals","Technical","16","1500","Completed","2024-08-19","Yes"
"BLD-100428","Data Privacy Awareness","Mandatory","2","0","Completed","2023-01-30","No"
"BLD-100428","Cold Chain Logistics","Technical","2","1380","In Progress",,"No"
"BLD-100428","Data Privacy Awareness","Mandatory","8","0","Completed","2024-11-19","No"
"BLD-100428","DOA & Governance Training","Compliance","2","0","Completed","2024-08-29","Yes"
"BLD-100428","DOA & Governance Training","Compliance","4","0","Completed","2025-04-01","No"
"BLD-100428","Data Privacy Awareness","Mandatory","16","0","Completed","2024-01-25","No"
"BLD-100428","Data Privacy Awareness","Mandatory","2","0","Completed","2023-06-27","No"
"BLD-100429","Data Privacy Awareness","Mandatory","2","0","Completed","2024-12-19","No"
"BLD-100429","Conflict Resolution","Soft Skills","8","720","In Progress",,"No"
"BLD-100429","Food Safety & HACCP Refresher","Mandatory","4","0","Completed","2024-04-08","No"
"BLD-100429","Strategic Leadership Workshop","Leadership","2","1800","Completed","2023-09-05","No"
"BLD-100429","Cold Chain Logistics","Technical","2","720","Completed","2023-07-30","Yes"
"BLD-100429","Data Privacy Awareness","Mandatory","2","0","Completed","2025-06-30","No"
"BLD-100429","Health & Safety Induction","Mandatory","2","0","Completed","2025-10-03","No"
"BLD-100429","Coaching for Performance","Leadership","8","380","Completed","2024-09-24","No"
"BLD-100429","Effective Communication","Soft Skills","4","1290","Completed","2025-09-01","No"
"BLD-100429","DOA & Governance Training","Compliance","8","0","Completed","2025-08-31","No"
"BLD-100429","Quality Control Techniques","Technical","8","1380","Completed","2023-05-10","No"
"BLD-100429","Food Safety & HACCP Refresher","Mandatory","4","0","Completed","2023-03-17","No"
"BLD-100429","SAP for HR Users","Technical","4","160","In Progress",,"No"
"BLD-100429","Food Safety & HACCP Refresher","Mandatory","8","0","Completed","2023-08-02","No"
"BLD-100430","Egyptian Labor Law Essentials","Compliance","8","0","Completed","2024-02-16","No"
"BLD-100430","Quality Control Techniques","Technical","4","1940","Completed","2024-04-14","Yes"
"BLD-100430","Coaching for Performance","Leadership","2","1230","Completed","2024-03-01","No"
"BLD-100430","Dairy Processing Fundamentals","Technical","2","1410","Completed","2023-04-02","Yes"
"BLD-100430","Dairy Processing Fundamentals","Technical","2","430","Completed","2023-03-24","No"
"BLD-100430","Data Privacy Awareness","Mandatory","8","0","Completed","2025-04-20","No"
"BLD-100430","Data Privacy Awareness","Mandatory","2","0","Completed","2024-11-10","No"
"BLD-100430","Egyptian Labor Law Essentials","Compliance","2","0","Completed","2024-09-25","Yes"
"BLD-100430","Dairy Processing Fundamentals","Technical","2","1260","Completed","2025-02-13","No"
"BLD-100431","DOA & Governance Training","Compliance","2","0","Completed","2024-01-11","Yes"
"BLD-100431","Qatar Labor Law Essentials","Compliance","8","0","Completed","2023-06-26","No"
"BLD-100431","Advanced Excel for Reporting","Technical","16","880","Completed","2023-09-07","Yes"
"BLD-100431","Conflict Resolution","Soft Skills","2","380","Completed","2023-08-04","No"
"BLD-100431","Presentation Skills","Soft Skills","4","340","Completed","2024-08-04","No"
"BLD-100431","Strategic Leadership Workshop","Leadership","8","360","Completed","2024-07-30","No"
"BLD-100432","DOA & Governance Training","Compliance","2","0","Completed","2024-11-27","Yes"
"BLD-100432","Qatar Labor Law Essentials","Compliance","4","0","Completed","2023-01-25","No"
"BLD-100432","Dairy Processing Fundamentals","Technical","8","1090","Completed","2024-04-29","Yes"
"BLD-100432","Time Management","Soft Skills","2","2000","Completed","2023-03-31","No"
"BLD-100432","Anti-Bribery & Ethics","Mandatory","8","0","Completed","2023-01-05","No"
"BLD-100434","Presentation Skills","Soft Skills","4","1700","Completed","2023-04-28","No"
"BLD-100434","Quality Control Techniques","Technical","8","910","Completed","2025-04-09","No"
"BLD-100434","Health & Safety Induction","Mandatory","2","0","Completed","2025-08-24","No"
"BLD-100434","Effective Communication","Soft Skills","4","1650","Completed","2023-06-13","No"
"BLD-100434","Qatar Labor Law Essentials","Compliance","16","0","Completed","2024-06-28","Yes"
"BLD-100435","DOA & Governance Training","Compliance","16","0","Completed","2025-06-03","No"
"BLD-100435","Conflict Resolution","Soft Skills","2","1120","In Progress",,"No"
"BLD-100435","Effective Communication","Soft Skills","2","860","Completed","2023-06-10","No"
"BLD-100435","Effective Communication","Soft Skills","2","770","In Progress",,"No"
"BLD-100435","Quality Control Techniques","Technical","2","770","Completed","2024-09-08","Yes"
"BLD-100435","Quality Control Techniques","Technical","16","1040","Completed","2025-05-17","Yes"
"BLD-100435","Effective Communication","Soft Skills","8","1040","In Progress",,"No"
"BLD-100436","SAP for HR Users","Technical","4","1960","Completed","2024-12-25","Yes"
"BLD-100436","Fire & Emergency Response","Mandatory","2","0","In Progress",,"No"
"BLD-100436","Fire & Emergency Response","Mandatory","4","0","Completed","2025-05-25","No"
"BLD-100436","Time Management","Soft Skills","2","1200","Completed","2023-07-03","No"
"BLD-100436","Fire & Emergency Response","Mandatory","2","0","Completed","2025-11-13","No"
"BLD-100436","Conflict Resolution","Soft Skills","8","1210","Completed","2023-03-22","No"
"BLD-100436","Conflict Resolution","Soft Skills","8","1830","In Progress",,"No"
"BLD-100436","Health & Safety Induction","Mandatory","16","0","Completed","2023-11-17","No"
"BLD-100436","Data Privacy Awareness","Mandatory","4","0","In Progress",,"No"
"BLD-100436","Presentation Skills","Soft Skills","2","1080","Completed","2025-08-31","No"
"BLD-100437","Advanced Excel for Reporting","Technical","2","1710","Completed","2024-01-13","Yes"
"BLD-100437","DOA & Governance Training","Compliance","2","0","Completed","2024-05-09","No"
"BLD-100437","Health & Safety Induction","Mandatory","8","0","Completed","2023-07-02","No"
"BLD-100437","DOA & Governance Training","Compliance","4","0","In Progress",,"No"
"BLD-100437","Health & Safety Induction","Mandatory","4","0","Completed","2024-11-24","No"
"BLD-100437","Data Privacy Awareness","Mandatory","8","0","Completed","2024-04-13","No"
"BLD-100437","Fire & Emergency Response","Mandatory","8","0","Completed","2024-05-23","No"
"BLD-100437","Advanced Excel for Reporting","Technical","16","220","Completed","2025-12-21","Yes"
"BLD-100438","Food Safety & HACCP Refresher","Mandatory","8","0","Completed","2024-04-06","No"
"BLD-100438","DOA & Governance Training","Compliance","4","0","Completed","2024-07-02","Yes"
"BLD-100438","Food Safety & HACCP Refresher","Mandatory","4","0","Completed","2025-04-07","No"
"BLD-100438","Presentation Skills","Soft Skills","4","890","Completed","2023-02-20","No"
"BLD-100438","Time Management","Soft Skills","2","2090","Completed","2025-11-19","No"
"BLD-100438","Effective Communication","Soft Skills","2","1380","Completed","2025-07-05","No"
"BLD-100438","Advanced Excel for Reporting","Technical","4","450","Completed","2024-01-23","Yes"
"BLD-100438","Egyptian Labor Law Essentials","Compliance","4","0","Completed","2024-02-06","Yes"
"BLD-100438","Strategic Leadership Workshop","Leadership","8","970","Completed","2023-04-29","No"
"BLD-100438","Quality Control Techniques","Technical","2","1980","Completed","2025-07-16","Yes"
"BLD-100439","Presentation Skills","Soft Skills","2","290","Completed","2023-08-31","No"
"BLD-100439","Advanced Excel for Reporting","Technical","4","1690","In Progress",,"No"
"BLD-100439","Health & Safety Induction","Mandatory","2","0","Completed","2023-10-30","No"
"BLD-100439","Dairy Processing Fundamentals","Technical","4","1750","Completed","2025-12-28","No"
"BLD-100439","Presentation Skills","Soft Skills","2","1690","Completed","2023-09-14","No"
"BLD-100439","First-Time Manager Program","Leadership","8","710","Completed","2025-09-04","No"
"BLD-100439","Egyptian Labor Law Essentials","Compliance","2","0","Completed","2024-09-21","No"
"BLD-100439","Egyptian Labor Law Essentials","Compliance","4","0","Completed","2023-12-27","Yes"
"BLD-100440","Health & Safety Induction","Mandatory","16","0","Completed","2023-06-24","No"
"BLD-100440","DOA & Governance Training","Compliance","2","0","Completed","2024-08-09","Yes"
"BLD-100440","Conflict Resolution","Soft Skills","8","2120","Completed","2024-09-04","No"
"BLD-100440","First-Time Manager Program","Leadership","2","1700","Completed","2024-09-12","No"
"BLD-100440","Fire & Emergency Response","Mandatory","2","0","Completed","2023-12-11","No"
"BLD-100440","Data Privacy Awareness","Mandatory","2","0","Completed","2023-07-14","No"
"BLD-100441","SAP for HR Users","Technical","2","210","Completed","2025-12-07","No"
"BLD-100441","Health & Safety Induction","Mandatory","8","0","Completed","2025-08-13","No"
"BLD-100441","Fire & Emergency Response","Mandatory","8","0","In Progress",,"No"
"BLD-100441","Conflict Resolution","Soft Skills","2","2090","Completed","2025-06-05","No"
"BLD-100442","Qatar Labor Law Essentials","Compliance","16","0","Completed","2024-07-15","Yes"
"BLD-100442","Data Privacy Awareness","Mandatory","16","0","Completed","2023-03-28","No"
"BLD-100442","Anti-Bribery & Ethics","Mandatory","2","0","Completed","2025-06-06","No"
"BLD-100442","DOA & Governance Training","Compliance","8","0","Completed","2024-03-13","Yes"
"BLD-100442","Coaching for Performance","Leadership","4","1660","Completed","2025-08-07","No"
"BLD-100442","Quality Control Techniques","Technical","2","1080","Completed","2025-03-15","No"
"BLD-100442","Strategic Leadership Workshop","Leadership","2","2050","Completed","2023-12-25","No"
"BLD-100443","First-Time Manager Program","Leadership","2","1420","Completed","2023-07-23","No"
"BLD-100443","Presentation Skills","Soft Skills","2","2160","Completed","2024-05-17","No"
"BLD-100443","Fire & Emergency Response","Mandatory","16","0","Completed","2024-03-29","No"
"BLD-100443","SAP for HR Users","Technical","2","480","Completed","2024-02-08","No"
"BLD-100443","Qatar Labor Law Essentials","Compliance","4","0","Completed","2023-03-26","Yes"
"BLD-100443","Coaching for Performance","Leadership","8","1130","Completed","2023-09-12","No"
"BLD-100444","Presentation Skills","Soft Skills","8","830","Not Started",,"No"
"BLD-100444","Health & Safety Induction","Mandatory","4","0","In Progress",,"No"
"BLD-100444","Food Safety & HACCP Refresher","Mandatory","8","0","In Progress",,"No"
"BLD-100444","Health & Safety Induction","Mandatory","4","0","Completed","2023-09-25","No"
"BLD-100444","First-Time Manager Program","Leadership","2","1110","Completed","2023-01-31","No"
"BLD-100444","Coaching for Performance","Leadership","2","2050","In Progress",,"No"
"BLD-100444","Fire & Emergency Response","Mandatory","2","0","Completed","2025-01-08","No"
"BLD-100444","Dairy Processing Fundamentals","Technical","8","1290","In Progress",,"No"
"BLD-100445","Food Safety & HACCP Refresher","Mandatory","4","0","In Progress",,"No"
"BLD-100445","Dairy Processing Fundamentals","Technical","8","560","Completed","2023-01-11","Yes"
"BLD-100445","Cold Chain Logistics","Technical","8","1630","Completed","2024-03-07","No"
"BLD-100445","DOA & Governance Training","Compliance","16","0","Completed","2024-12-28","Yes"
"BLD-100445","Quality Control Techniques","Technical","4","2110","Completed","2024-01-19","Yes"
"BLD-100445","Effective Communication","Soft Skills","2","2010","Completed","2025-02-06","No"
"BLD-100445","Cold Chain Logistics","Technical","16","690","Completed","2024-06-09","No"
"BLD-100445","Time Management","Soft Skills","2","2090","Completed","2023-05-06","No"
"BLD-100447","Anti-Bribery & Ethics","Mandatory","2","0","Completed","2025-01-05","No"
"BLD-100447","Data Privacy Awareness","Mandatory","4","0","Completed","2023-07-06","No"
"BLD-100447","Effective Communication","Soft Skills","4","800","Completed","2024-03-13","No"
"BLD-100447","Data Privacy Awareness","Mandatory","2","0","Completed","2023-09-09","No"
"BLD-100447","Coaching for Performance","Leadership","2","1840","Completed","2023-04-16","No"
"BLD-100447","Strategic Leadership Workshop","Leadership","8","1600","Completed","2023-10-21","No"
"BLD-100448","Conflict Resolution","Soft Skills","8","2050","Completed","2023-07-13","No"
"BLD-100448","Anti-Bribery & Ethics","Mandatory","2","0","Completed","2023-12-24","No"
"BLD-100448","Conflict Resolution","Soft Skills","2","700","Completed","2024-02-15","No"
"BLD-100448","Strategic Leadership Workshop","Leadership","8","330","Completed","2023-09-09","No"
"BLD-100448","Dairy Processing Fundamentals","Technical","4","1530","Completed","2023-05-20","No"
"BLD-100448","Quality Control Techniques","Technical","16","2090","Completed","2023-11-10","No"
"BLD-100448","Qatar Labor Law Essentials","Compliance","4","0","Completed","2023-04-27","No"
"BLD-100448","Presentation Skills","Soft Skills","4","620","Completed","2024-02-08","No"
"BLD-100448","Conflict Resolution","Soft Skills","4","880","Completed","2023-08-24","No"
"BLD-100448","DOA & Governance Training","Compliance","4","0","Completed","2025-02-04","No"
"BLD-100449","Data Privacy Awareness","Mandatory","2","0","In Progress",,"No"
"BLD-100449","Coaching for Performance","Leadership","16","1310","In Progress",,"No"
"BLD-100449","DOA & Governance Training","Compliance","4","0","Completed","2023-06-28","Yes"
"BLD-100450","Food Safety & HACCP Refresher","Mandatory","8","0","Completed","2023-08-23","No"
"BLD-100450","Effective Communication","Soft Skills","2","740","Completed","2024-11-16","No"
"BLD-100450","Egyptian Labor Law Essentials","Compliance","2","0","Completed","2024-08-07","Yes"
"BLD-100450","Coaching for Performance","Leadership","2","870","Completed","2023-02-08","No"
"BLD-100450","Strategic Leadership Workshop","Leadership","2","1550","Completed","2023-11-01","No"
"BLD-100450","Coaching for Performance","Leadership","2","1220","Completed","2024-04-09","No"
"BLD-100450","Strategic Leadership Workshop","Leadership","4","1200","Completed","2023-06-13","No"
"BLD-100450","First-Time Manager Program","Leadership","16","570","Completed","2025-04-02","No"
"BLD-100451","Coaching for Performance","Leadership","2","1450","Completed","2025-03-12","No"
"BLD-100451","Anti-Bribery & Ethics","Mandatory","8","0","In Progress",,"No"
"BLD-100451","DOA & Governance Training","Compliance","2","0","Completed","2023-06-04","Yes"
"BLD-100451","SAP for HR Users","Technical","2","160","In Progress",,"No"
"BLD-100451","Data Privacy Awareness","Mandatory","8","0","Completed","2024-07-03","No"
"BLD-100451","Data Privacy Awareness","Mandatory","8","0","In Progress",,"No"
"BLD-100451","Cold Chain Logistics","Technical","2","1400","Completed","2023-08-07","No"
"BLD-100452","Coaching for Performance","Leadership","4","500","Completed","2024-09-30","No"
"BLD-100452","Fire & Emergency Response","Mandatory","8","0","Completed","2024-02-09","No"
"BLD-100452","Cold Chain Logistics","Technical","2","1790","Completed","2024-10-10","No"
"BLD-100452","SAP for HR Users","Technical","2","2150","Completed","2025-08-29","Yes"
"BLD-100452","Qatar Labor Law Essentials","Compliance","8","0","Completed","2025-09-20","Yes"
"BLD-100452","Coaching for Performance","Leadership","2","2020","In Progress",,"No"
"BLD-100452","SAP for HR Users","Technical","4","360","Completed","2025-06-26","No"
"BLD-100452","SAP for HR Users","Technical","16","1000","Completed","2023-01-02","No"
"BLD-100452","Coaching for Performance","Leadership","2","1850","Completed","2023-11-27","No"
"BLD-100452","Qatar Labor Law Essentials","Compliance","2","0","In Progress",,"No"
"BLD-100452","DOA & Governance Training","Compliance","16","0","Completed","2025-04-18","No"
"BLD-100452","Time Management","Soft Skills","16","1000","Completed","2023-01-01","No"
"BLD-100453","Food Safety & HACCP Refresher","Mandatory","4","0","Completed","2023-11-04","No"
"BLD-100453","Quality Control Techniques","Technical","2","1760","Completed","2023-06-03","Yes"
"BLD-100453","Anti-Bribery & Ethics","Mandatory","2","0","Completed","2023-10-22","No"
"BLD-100453","Data Privacy Awareness","Mandatory","2","0","Not Started",,"No"
"BLD-100453","Quality Control Techniques","Technical","4","740","Completed","2024-07-13","No"
"BLD-100453","Dairy Processing Fundamentals","Technical","16","160","Completed","2025-02-27","Yes"
"BLD-100453","SAP for HR Users","Technical","2","2180","Completed","2025-07-17","Yes"
"BLD-100453","Health & Safety Induction","Mandatory","4","0","Completed","2024-10-05","No"
"BLD-100453","Cold Chain Logistics","Technical","16","830","Completed","2023-01-15","No"
"BLD-100453","Qatar Labor Law Essentials","Compliance","16","0","Completed","2025-08-31","Yes"
"BLD-100453","Qatar Labor Law Essentials","Compliance","8","0","Completed","2023-02-19","No"
"BLD-100454","Health & Safety Induction","Mandatory","8","0","Completed","2023-04-09","No"
"BLD-100454","Advanced Excel for Reporting","Technical","2","1740","Completed","2024-04-27","Yes"
"BLD-100454","Data Privacy Awareness","Mandatory","8","0","Completed","2023-12-27","No"
"BLD-100454","SAP for HR Users","Technical","4","1410","Completed","2023-10-28","No"
"BLD-100454","DOA & Governance Training","Compliance","8","0","Completed","2023-02-24","No"
"BLD-100454","First-Time Manager Program","Leadership","8","420","In Progress",,"No"
"BLD-100454","Effective Communication","Soft Skills","8","1240","Completed","2023-01-04","No"
"BLD-100455","Time Management","Soft Skills","4","2130","In Progress",,"No"
"BLD-100455","Qatar Labor Law Essentials","Compliance","8","0","Not Started",,"No"
"BLD-100455","Dairy Processing Fundamentals","Technical","8","990","Not Started",,"No"
"BLD-100455","First-Time Manager Program","Leadership","4","250","Completed","2023-04-16","No"
"BLD-100455","Time Management","Soft Skills","16","350","Completed","2023-09-12","No"
"BLD-100455","Presentation Skills","Soft Skills","8","2180","Completed","2024-12-17","No"
"BLD-100455","Qatar Labor Law Essentials","Compliance","4","0","Completed","2023-02-05","No"
"BLD-100455","Qatar Labor Law Essentials","Compliance","16","0","Completed","2024-11-04","No"
"BLD-100456","Health & Safety Induction","Mandatory","2","0","Completed","2024-06-21","No"
"BLD-100456","Effective Communication","Soft Skills","8","150","Completed","2025-11-05","No"
"BLD-100456","Health & Safety Induction","Mandatory","4","0","Not Started",,"No"
"BLD-100456","Strategic Leadership Workshop","Leadership","2","1470","Not Started",,"No"
"BLD-100456","Health & Safety Induction","Mandatory","2","0","Completed","2025-06-13","No"
"BLD-100456","Time Management","Soft Skills","8","330","Completed","2023-01-03","No"
"BLD-100456","Strategic Leadership Workshop","Leadership","8","1550","Completed","2025-08-03","No"
"BLD-100456","Health & Safety Induction","Mandatory","4","0","Completed","2024-11-27","No"
"BLD-100457","Qatar Labor Law Essentials","Compliance","4","0","Completed","2023-06-17","Yes"
"BLD-100457","DOA & Governance Training","Compliance","2","0","Completed","2023-09-14","Yes"
"BLD-100457","Anti-Bribery & Ethics","Mandatory","4","0","Completed","2025-04-17","No"
"BLD-100457","Strategic Leadership Workshop","Leadership","4","1970","Completed","2023-09-05","No"
"BLD-100458","Food Safety & HACCP Refresher","Mandatory","2","0","Completed","2024-11-06","No"
"BLD-100458","DOA & Governance Training","Compliance","4","0","Completed","2024-05-14","Yes"
"BLD-100458","Time Management","Soft Skills","16","220","Completed","2023-03-25","No"
"BLD-100458","Egyptian Labor Law Essentials","Compliance","2","0","Completed","2023-04-04","No"
"BLD-100458","Coaching for Performance","Leadership","4","580","Not Started",,"No"
"BLD-100458","Food Safety & HACCP Refresher","Mandatory","4","0","Completed","2025-10-19","No"
"BLD-100458","Presentation Skills","Soft Skills","2","1680","Completed","2025-02-04","No"
"BLD-100458","Cold Chain Logistics","Technical","2","320","Completed","2025-08-22","No"
"BLD-100458","Fire & Emergency Response","Mandatory","4","0","Completed","2025-02-07","No"
"BLD-100458","SAP for HR Users","Technical","8","620","Completed","2025-01-03","Yes"
"BLD-100459","Effective Communication","Soft Skills","4","2120","Not Started",,"No"
"BLD-100459","Effective Communication","Soft Skills","4","1170","In Progress",,"No"
"BLD-100459","Conflict Resolution","Soft Skills","2","770","Completed","2023-07-14","No"
"BLD-100459","Fire & Emergency Response","Mandatory","2","0","Completed","2023-01-09","No"
"BLD-100460","Food Safety & HACCP Refresher","Mandatory","8","0","Completed","2023-08-07","No"
"BLD-100460","Quality Control Techniques","Technical","16","1730","Completed","2023-03-21","No"
"BLD-100461","Strategic Leadership Workshop","Leadership","4","860","Not Started",,"No"
"BLD-100461","Health & Safety Induction","Mandatory","2","0","Completed","2024-05-06","No"
"BLD-100461","Fire & Emergency Response","Mandatory","4","0","Completed","2023-09-12","No"
"BLD-100461","Coaching for Performance","Leadership","2","860","Completed","2023-10-15","No"
"BLD-100461","Fire & Emergency Response","Mandatory","8","0","Completed","2023-05-04","No"
"BLD-100461","Time Management","Soft Skills","4","790","Completed","2024-03-23","No"
"BLD-100461","First-Time Manager Program","Leadership","2","2150","Completed","2023-06-21","No"
"BLD-100461","Anti-Bribery & Ethics","Mandatory","2","0","Completed","2024-07-16","No"
"BLD-100462","Strategic Leadership Workshop","Leadership","2","1580","In Progress",,"No"
"BLD-100462","Time Management","Soft Skills","8","1240","Completed","2023-12-20","No"
"BLD-100462","Fire & Emergency Response","Mandatory","4","0","Completed","2023-03-05","No"
"BLD-100462","Conflict Resolution","Soft Skills","8","760","Not Started",,"No"
"BLD-100462","Fire & Emergency Response","Mandatory","4","0","Completed","2023-06-14","No"
"BLD-100462","Effective Communication","Soft Skills","4","1080","Completed","2023-09-21","No"
"BLD-100463","Advanced Excel for Reporting","Technical","16","1620","Completed","2023-08-07","Yes"
"BLD-100463","Data Privacy Awareness","Mandatory","2","0","Completed","2023-09-29","No"
"BLD-100463","Fire & Emergency Response","Mandatory","4","0","Completed","2024-02-18","No"
"BLD-100463","Presentation Skills","Soft Skills","8","2010","Not Started",,"No"
"BLD-100463","Health & Safety Induction","Mandatory","2","0","Completed","2025-09-08","No"
"BLD-100463","Food Safety & HACCP Refresher","Mandatory","2","0","Completed","2025-03-20","No"
"BLD-100463","Fire & Emergency Response","Mandatory","16","0","Completed","2025-05-02","No"
"BLD-100463","Dairy Processing Fundamentals","Technical","2","2030","Completed","2023-04-22","No"
"BLD-100463","Data Privacy Awareness","Mandatory","16","0","In Progress",,"No"
"BLD-100464","Strategic Leadership Workshop","Leadership","16","510","Completed","2025-05-24","No"
"BLD-100464","Fire & Emergency Response","Mandatory","8","0","Completed","2025-12-19","No"
"BLD-100464","First-Time Manager Program","Leadership","2","530","Completed","2024-09-08","No"
"BLD-100464","Anti-Bribery & Ethics","Mandatory","2","0","Completed","2024-09-03","No"
"BLD-100465","DOA & Governance Training","Compliance","2","0","Completed","2024-07-04","No"
"BLD-100465","Coaching for Performance","Leadership","4","1460","Completed","2024-12-30","No"
"BLD-100465","Health & Safety Induction","Mandatory","4","0","In Progress",,"No"
"BLD-100465","Quality Control Techniques","Technical","4","2170","In Progress",,"No"
"BLD-100465","Health & Safety Induction","Mandatory","2","0","In Progress",,"No"
"BLD-100466","Conflict Resolution","Soft Skills","4","1960","In Progress",,"No"
"BLD-100466","Anti-Bribery & Ethics","Mandatory","2","0","Completed","2023-10-18","No"
"BLD-100466","Anti-Bribery & Ethics","Mandatory","8","0","Completed","2024-03-02","No"
"BLD-100466","DOA & Governance Training","Compliance","2","0","Completed","2024-05-19","Yes"
"BLD-100466","Strategic Leadership Workshop","Leadership","8","1800","Completed","2023-04-06","No"
"BLD-100466","Conflict Resolution","Soft Skills","2","2100","Completed","2025-11-17","No"
"BLD-100467","Effective Communication","Soft Skills","16","2180","Completed","2023-03-12","No"
"BLD-100468","Presentation Skills","Soft Skills","2","2170","Completed","2024-01-21","No"
"BLD-100468","Advanced Excel for Reporting","Technical","8","1540","Completed","2023-09-23","No"
"BLD-100468","Health & Safety Induction","Mandatory","2","0","Completed","2023-10-10","No"
"BLD-100469","Effective Communication","Soft Skills","4","540","Completed","2023-05-19","No"
"BLD-100469","Dairy Processing Fundamentals","Technical","8","1710","Completed","2023-09-13","Yes"
"BLD-100469","Effective Communication","Soft Skills","8","1710","In Progress",,"No"
"BLD-100469","Conflict Resolution","Soft Skills","2","2190","Completed","2024-01-22","No"
"BLD-100470","Quality Control Techniques","Technical","4","1450","Completed","2023-03-28","Yes"
"BLD-100470","First-Time Manager Program","Leadership","16","1750","Completed","2025-04-04","No"
"BLD-100470","Health & Safety Induction","Mandatory","8","0","Completed","2023-10-21","No"
"BLD-100470","Dairy Processing Fundamentals","Technical","8","810","Completed","2023-12-03","Yes"
"BLD-100470","Cold Chain Logistics","Technical","8","2200","Completed","2023-03-17","Yes"
"BLD-100470","Food Safety & HACCP Refresher","Mandatory","8","0","Completed","2024-04-04","No"
"BLD-100471","Quality Control Techniques","Technical","16","560","Completed","2023-02-16","Yes"
"BLD-100472","Advanced Excel for Reporting","Technical","4","1980","Completed","2024-03-26","No"
"BLD-100472","Data Privacy Awareness","Mandatory","2","0","Completed","2023-01-18","No"
"BLD-100472","Time Management","Soft Skills","2","1910","Completed","2023-04-15","No"
"BLD-100472","Quality Control Techniques","Technical","2","910","Completed","2024-11-03","No"
"BLD-100472","Time Management","Soft Skills","4","2160","Completed","2023-09-22","No"
"BLD-100474","Egyptian Labor Law Essentials","Compliance","4","0","Completed","2023-05-14","No"
"BLD-100474","Conflict Resolution","Soft Skills","4","1490","Completed","2023-12-15","No"
"BLD-100474","Cold Chain Logistics","Technical","2","2170","Completed","2025-08-04","Yes"
"BLD-100474","DOA & Governance Training","Compliance","2","0","Completed","2024-01-29","Yes"
"BLD-100474","Food Safety & HACCP Refresher","Mandatory","8","0","Completed","2024-04-09","No"
"BLD-100474","Conflict Resolution","Soft Skills","2","1600","Completed","2024-01-23","No"
"BLD-100474","Advanced Excel for Reporting","Technical","4","750","In Progress",,"No"
"BLD-100474","Health & Safety Induction","Mandatory","2","0","Completed","2025-06-26","No"
"BLD-100474","Dairy Processing Fundamentals","Technical","2","730","Completed","2023-04-25","No"
"BLD-100474","Fire & Emergency Response","Mandatory","2","0","Completed","2024-06-05","No"
"BLD-100475","Anti-Bribery & Ethics","Mandatory","2","0","Completed","2023-06-27","No"
"BLD-100475","Cold Chain Logistics","Technical","8","2170","Completed","2023-05-31","Yes"
"BLD-100475","Advanced Excel for Reporting","Technical","2","2090","Completed","2023-06-04","No"
"BLD-100476","Cold Chain Logistics","Technical","4","1520","Completed","2023-02-10","Yes"
"BLD-100476","Qatar Labor Law Essentials","Compliance","16","0","Completed","2024-11-24","No"
"BLD-100476","Fire & Emergency Response","Mandatory","8","0","Completed","2023-04-25","No"
"BLD-100476","DOA & Governance Training","Compliance","2","0","Completed","2023-09-04","Yes"
"BLD-100476","Anti-Bribery & Ethics","Mandatory","2","0","Completed","2023-05-26","No"
"BLD-100476","Health & Safety Induction","Mandatory","4","0","Completed","2024-06-18","No"
"BLD-100476","Dairy Processing Fundamentals","Technical","8","480","Completed","2024-08-03","Yes"
"BLD-100476","SAP for HR Users","Technical","2","330","Completed","2024-03-23","Yes"
"BLD-100476","Coaching for Performance","Leadership","8","1990","Completed","2023-05-16","No"
"BLD-100476","Fire & Emergency Response","Mandatory","8","0","Completed","2023-12-25","No"
"BLD-100476","Fire & Emergency Response","Mandatory","4","0","Completed","2025-05-10","No"
"BLD-100476","Time Management","Soft Skills","4","780","Completed","2025-03-21","No"
"BLD-100476","Health & Safety Induction","Mandatory","2","0","Completed","2024-02-22","No"
"BLD-100477","Qatar Labor Law Essentials","Compliance","2","0","Completed","2024-01-28","No"
"BLD-100477","Qatar Labor Law Essentials","Compliance","4","0","In Progress",,"No"
"BLD-100477","Food Safety & HACCP Refresher","Mandatory","4","0","Completed","2024-09-02","No"
"BLD-100477","Data Privacy Awareness","Mandatory","16","0","Completed","2023-11-18","No"
"BLD-100477","Food Safety & HACCP Refresher","Mandatory","4","0","Completed","2023-12-27","No"
"BLD-100477","Conflict Resolution","Soft Skills","2","1810","Not Started",,"No"
"BLD-100477","Health & Safety Induction","Mandatory","16","0","Completed","2025-03-05","No"
"BLD-100478","Time Management","Soft Skills","2","640","Completed","2025-02-11","No"
"BLD-100478","Fire & Emergency Response","Mandatory","2","0","Not Started",,"No"
"BLD-100478","Data Privacy Awareness","Mandatory","2","0","In Progress",,"No"
"BLD-100478","Dairy Processing Fundamentals","Technical","2","1500","Completed","2024-01-11","No"
"BLD-100478","Coaching for Performance","Leadership","4","1750","Completed","2025-08-22","No"
"BLD-100478","Dairy Processing Fundamentals","Technical","8","160","Completed","2025-01-24","Yes"
"BLD-100478","SAP for HR Users","Technical","2","180","Completed","2023-05-03","Yes"
"BLD-100478","Fire & Emergency Response","Mandatory","4","0","Not Started",,"No"
"BLD-100479","DOA & Governance Training","Compliance","2","0","In Progress",,"No"
"BLD-100479","Conflict Resolution","Soft Skills","8","1820","Completed","2023-10-08","No"
"BLD-100479","Data Privacy Awareness","Mandatory","4","0","Completed","2025-01-17","No"
"BLD-100479","First-Time Manager Program","Leadership","2","2170","Completed","2024-02-20","No"
"BLD-100479","Dairy Processing Fundamentals","Technical","2","1670","Completed","2024-09-26","Yes"
"BLD-100479","SAP for HR Users","Technical","16","380","Completed","2025-06-27","No"
"BLD-100479","Effective Communication","Soft Skills","4","1970","Completed","2025-02-15","No"
"BLD-100479","Food Safety & HACCP Refresher","Mandatory","4","0","Completed","2024-08-03","No"
"BLD-100480","Conflict Resolution","Soft Skills","2","550","Completed","2024-04-12","No"
"BLD-100480","Conflict Resolution","Soft Skills","2","360","Completed","2024-02-19","No"
"BLD-100480","Advanced Excel for Reporting","Technical","2","1100","Completed","2024-04-12","No"
"BLD-100480","Fire & Emergency Response","Mandatory","4","0","Completed","2024-06-22","No"
"BLD-100480","Anti-Bribery & Ethics","Mandatory","4","0","Completed","2023-06-18","No"
"BLD-100480","First-Time Manager Program","Leadership","2","1500","Completed","2024-02-13","No"
"BLD-100480","Data Privacy Awareness","Mandatory","4","0","In Progress",,"No"
"BLD-100480","Fire & Emergency Response","Mandatory","8","0","Completed","2025-12-27","No"
"BLD-100480","Dairy Processing Fundamentals","Technical","8","1170","Completed","2024-11-04","No"
"BLD-100481","Fire & Emergency Response","Mandatory","4","0","Completed","2025-04-21","No"
"BLD-100481","Coaching for Performance","Leadership","4","670","Completed","2025-10-28","No"
"BLD-100481","Time Management","Soft Skills","8","1710","Completed","2024-09-13","No"
"BLD-100481","Effective Communication","Soft Skills","16","410","Completed","2025-10-22","No"
"BLD-100481","Anti-Bribery & Ethics","Mandatory","16","0","In Progress",,"No"
"BLD-100481","Presentation Skills","Soft Skills","4","1990","Completed","2023-06-07","No"
"BLD-100481","Cold Chain Logistics","Technical","2","1400","In Progress",,"No"
"BLD-100481","Anti-Bribery & Ethics","Mandatory","2","0","Completed","2024-06-12","No"
"BLD-100481","Quality Control Techniques","Technical","2","1670","Completed","2024-03-23","No"
"BLD-100481","Cold Chain Logistics","Technical","4","1570","Completed","2024-09-15","Yes"
"BLD-100481","Quality Control Techniques","Technical","4","1080","Completed","2025-09-19","No"
"BLD-100481","Health & Safety Induction","Mandatory","16","0","Completed","2024-10-04","No"
"BLD-100482","First-Time Manager Program","Leadership","8","180","Completed","2024-12-19","No"
"BLD-100482","Data Privacy Awareness","Mandatory","8","0","Completed","2024-02-19","No"
"BLD-100482","Conflict Resolution","Soft Skills","4","1190","Completed","2024-11-02","No"
"BLD-100482","Time Management","Soft Skills","2","980","Completed","2024-05-03","No"
"BLD-100482","Presentation Skills","Soft Skills","2","670","Completed","2025-03-14","No"
"BLD-100482","Dairy Processing Fundamentals","Technical","8","1260","Completed","2023-02-27","No"
"BLD-100482","Cold Chain Logistics","Technical","2","1720","Completed","2025-03-16","No"
"BLD-100482","Conflict Resolution","Soft Skills","2","370","In Progress",,"No"
"BLD-100482","SAP for HR Users","Technical","4","270","Completed","2024-02-11","No"
"BLD-100482","Qatar Labor Law Essentials","Compliance","16","0","Completed","2024-04-26","Yes"
"BLD-100482","Qatar Labor Law Essentials","Compliance","2","0","Completed","2023-03-03","Yes"
"BLD-100482","Data Privacy Awareness","Mandatory","2","0","Completed","2024-10-02","No"
"BLD-100482","Anti-Bribery & Ethics","Mandatory","8","0","Completed","2024-12-12","No"
"BLD-100482","DOA & Governance Training","Compliance","2","0","Completed","2023-06-11","Yes"
"BLD-100482","Food Safety & HACCP Refresher","Mandatory","8","0","Not Started",,"No"
"BLD-100482","Conflict Resolution","Soft Skills","4","420","Completed","2023-04-10","No"
"BLD-100483","DOA & Governance Training","Compliance","4","0","Completed","2025-07-24","Yes"
"BLD-100483","Food Safety & HACCP Refresher","Mandatory","2","0","Completed","2023-11-12","No"
"BLD-100483","DOA & Governance Training","Compliance","8","0","Not Started",,"No"
"BLD-100483","Presentation Skills","Soft Skills","2","460","In Progress",,"No"
"BLD-100483","Health & Safety Induction","Mandatory","2","0","Completed","2023-02-07","No"
"BLD-100483","Strategic Leadership Workshop","Leadership","8","1320","In Progress",,"No"
"BLD-100483","Anti-Bribery & Ethics","Mandatory","4","0","Completed","2025-07-30","No"
"BLD-100483","Presentation Skills","Soft Skills","8","2020","Completed","2025-10-26","No"
"BLD-100483","Food Safety & HACCP Refresher","Mandatory","8","0","In Progress",,"No"
"BLD-100483","Effective Communication","Soft Skills","8","1450","Completed","2023-03-05","No"
"BLD-100484","Dairy Processing Fundamentals","Technical","8","2140","In Progress",,"No"
"BLD-100484","Food Safety & HACCP Refresher","Mandatory","2","0","Completed","2025-12-10","No"
"BLD-100484","Egyptian Labor Law Essentials","Compliance","16","0","In Progress",,"No"
"BLD-100484","Fire & Emergency Response","Mandatory","2","0","Completed","2024-04-14","No"
"BLD-100484","Quality Control Techniques","Technical","2","1100","Completed","2024-02-09","Yes"
"BLD-100484","Cold Chain Logistics","Technical","8","1550","Completed","2025-09-29","No"
"BLD-100484","Egyptian Labor Law Essentials","Compliance","2","0","Completed","2023-04-09","Yes"
"BLD-100484","Anti-Bribery & Ethics","Mandatory","16","0","Completed","2024-02-09","No"
"BLD-100484","Egyptian Labor Law Essentials","Compliance","4","0","Completed","2024-06-18","Yes"
"BLD-100484","Health & Safety Induction","Mandatory","16","0","Completed","2023-03-15","No"
"BLD-100484","Fire & Emergency Response","Mandatory","8","0","Completed","2025-10-19","No"
"BLD-100485","DOA & Governance Training","Compliance","2","0","Completed","2023-01-14","Yes"
"BLD-100485","Coaching for Performance","Leadership","8","1680","Completed","2025-10-07","No"
"BLD-100485","Quality Control Techniques","Technical","4","1690","Not Started",,"No"
"BLD-100486","Qatar Labor Law Essentials","Compliance","8","0","Completed","2023-07-23","Yes"
"BLD-100487","Advanced Excel for Reporting","Technical","8","740","Completed","2023-07-26","Yes"
"BLD-100487","Time Management","Soft Skills","4","1070","Not Started",,"No"
"BLD-100487","Fire & Emergency Response","Mandatory","8","0","Completed","2023-07-01","No"
"BLD-100487","Fire & Emergency Response","Mandatory","2","0","Completed","2024-05-14","No"
"BLD-100487","Food Safety & HACCP Refresher","Mandatory","16","0","Completed","2024-01-16","No"
"BLD-100488","Dairy Processing Fundamentals","Technical","16","1980","Completed","2025-10-04","Yes"
"BLD-100488","Quality Control Techniques","Technical","8","340","In Progress",,"No"
"BLD-100488","DOA & Governance Training","Compliance","8","0","Completed","2023-04-17","Yes"
"BLD-100488","Quality Control Techniques","Technical","16","730","Completed","2025-07-31","No"
"BLD-100488","Conflict Resolution","Soft Skills","4","1940","Completed","2023-03-19","No"
"BLD-100488","Quality Control Techniques","Technical","4","1650","Completed","2024-10-02","No"
"BLD-100488","Anti-Bribery & Ethics","Mandatory","4","0","Completed","2025-06-22","No"
"BLD-100488","Presentation Skills","Soft Skills","2","700","Completed","2025-05-05","No"
"BLD-100489","Conflict Resolution","Soft Skills","2","2040","Completed","2023-04-24","No"
"BLD-100489","Fire & Emergency Response","Mandatory","2","0","In Progress",,"No"
"BLD-100489","Anti-Bribery & Ethics","Mandatory","4","0","Completed","2025-06-08","No"
"BLD-100489","Presentation Skills","Soft Skills","8","910","Completed","2025-02-26","No"
"BLD-100489","Effective Communication","Soft Skills","2","1440","Completed","2024-05-29","No"
"BLD-100489","Advanced Excel for Reporting","Technical","4","2030","Not Started",,"No"
"BLD-100489","Coaching for Performance","Leadership","4","1030","Completed","2025-05-22","No"
"BLD-100489","DOA & Governance Training","Compliance","2","0","Completed","2025-02-06","No"
"BLD-100490","Data Privacy Awareness","Mandatory","2","0","In Progress",,"No"
"BLD-100490","Data Privacy Awareness","Mandatory","4","0","Completed","2025-06-08","No"
"BLD-100490","Time Management","Soft Skills","2","430","Completed","2023-08-11","No"
"BLD-100490","Anti-Bribery & Ethics","Mandatory","2","0","Completed","2023-10-21","No"
"BLD-100490","Coaching for Performance","Leadership","2","960","In Progress",,"No"
"BLD-100490","Time Management","Soft Skills","8","460","Completed","2023-03-17","No"
"BLD-100490","Time Management","Soft Skills","2","1940","Completed","2025-09-08","No"
"BLD-100490","DOA & Governance Training","Compliance","4","0","Not Started",,"No"
"BLD-100490","Data Privacy Awareness","Mandatory","4","0","Completed","2023-02-19","No"
"BLD-100491","Fire & Emergency Response","Mandatory","2","0","Completed","2024-03-15","No"
"BLD-100491","SAP for HR Users","Technical","4","2080","Completed","2023-08-06","No"
"BLD-100491","Effective Communication","Soft Skills","8","1210","Completed","2024-01-26","No"
"BLD-100492","Coaching for Performance","Leadership","2","1490","Completed","2025-04-10","No"
"BLD-100492","Health & Safety Induction","Mandatory","2","0","Completed","2023-02-17","No"
"BLD-100492","Coaching for Performance","Leadership","8","2190","Completed","2023-08-04","No"
"BLD-100493","Cold Chain Logistics","Technical","8","1420","Completed","2023-03-16","No"
"BLD-100493","Qatar Labor Law Essentials","Compliance","4","0","Completed","2023-03-08","No"
"BLD-100494","First-Time Manager Program","Leadership","16","910","Completed","2024-09-16","No"
"BLD-100494","Food Safety & HACCP Refresher","Mandatory","16","0","Not Started",,"No"
"BLD-100494","Food Safety & HACCP Refresher","Mandatory","2","0","Completed","2025-09-14","No"
"BLD-100494","Qatar Labor Law Essentials","Compliance","4","0","Completed","2024-01-29","Yes"
"BLD-100494","Effective Communication","Soft Skills","2","2090","Completed","2023-08-12","No"
"BLD-100495","Dairy Processing Fundamentals","Technical","4","1950","In Progress",,"No"
"BLD-100495","Quality Control Techniques","Technical","16","1920","In Progress",,"No"
"BLD-100495","DOA & Governance Training","Compliance","2","0","In Progress",,"No"
"BLD-100496","Effective Communication","Soft Skills","2","710","Completed","2023-07-21","No"
"BLD-100496","Advanced Excel for Reporting","Technical","2","410","Completed","2024-04-17","Yes"
"BLD-100496","Time Management","Soft Skills","2","1850","In Progress",,"No"
"BLD-100496","Strategic Leadership Workshop","Leadership","2","1320","Completed","2024-11-16","No"
"BLD-100496","Food Safety & HACCP Refresher","Mandatory","2","0","Completed","2024-10-01","No"
"BLD-100496","Strategic Leadership Workshop","Leadership","2","150","Completed","2024-05-13","No"
"BLD-100496","SAP for HR Users","Technical","2","1410","Not Started",,"No"
"BLD-100497","Presentation Skills","Soft Skills","16","230","Completed","2023-06-11","No"
"BLD-100497","Qatar Labor Law Essentials","Compliance","2","0","In Progress",,"No"
"BLD-100498","Cold Chain Logistics","Technical","16","1780","Completed","2025-03-11","Yes"
"BLD-100498","Effective Communication","Soft Skills","16","1800","Completed","2024-06-16","No"
"BLD-100498","Food Safety & HACCP Refresher","Mandatory","8","0","Completed","2025-03-22","No"
"BLD-100498","Time Management","Soft Skills","2","1310","Completed","2024-08-20","No"
"BLD-100498","Strategic Leadership Workshop","Leadership","2","1880","Completed","2025-09-16","No"
"BLD-100498","Health & Safety Induction","Mandatory","8","0","Completed","2025-07-17","No"
"BLD-100499","Anti-Bribery & Ethics","Mandatory","4","0","Completed","2024-12-22","No"
"BLD-100499","Qatar Labor Law Essentials","Compliance","4","0","Completed","2023-02-21","No"
"BLD-100499","Cold Chain Logistics","Technical","8","2050","Completed","2023-01-26","Yes"
"BLD-100499","Coaching for Performance","Leadership","2","500","Completed","2023-12-13","No"
"BLD-100499","Advanced Excel for Reporting","Technical","8","1170","Completed","2023-11-04","Yes"
"BLD-100499","Conflict Resolution","Soft Skills","2","1420","Completed","2023-03-02","No"
"BLD-100499","Presentation Skills","Soft Skills","2","740","Completed","2024-03-25","No"
"BLD-100499","Cold Chain Logistics","Technical","2","2090","Completed","2023-12-26","Yes"
"BLD-100499","Conflict Resolution","Soft Skills","4","1500","Completed","2025-03-16","No"
"BLD-100500","Time Management","Soft Skills","4","1420","Completed","2023-11-20","No"
"BLD-100500","Coaching for Performance","Leadership","4","1300","Completed","2025-03-25","No"
"BLD-100500","Advanced Excel for Reporting","Technical","2","1390","In Progress",,"No"
"BLD-100500","Food Safety & HACCP Refresher","Mandatory","4","0","Completed","2025-09-28","No"
"BLD-100500","DOA & Governance Training","Compliance","8","0","Completed","2023-11-22","Yes"
"BLD-100500","Cold Chain Logistics","Technical","2","2040","Completed","2023-10-10","Yes"
"BLD-100500","Dairy Processing Fundamentals","Technical","16","370","Completed","2024-11-08","No"
"BLD-100500","Strategic Leadership Workshop","Leadership","2","1760","Completed","2025-09-20","No"
"BLD-100500","Fire & Emergency Response","Mandatory","4","0","Completed","2023-04-22","No"
"BLD-100501","Cold Chain Logistics","Technical","4","1420","Completed","2025-02-02","Yes"
"BLD-100501","Conflict Resolution","Soft Skills","8","1010","Completed","2025-03-14","No"
"BLD-100501","DOA & Governance Training","Compliance","2","0","Completed","2025-11-21","No"
"BLD-100501","Egyptian Labor Law Essentials","Compliance","2","0","Completed","2023-04-14","No"
"BLD-100502","Data Privacy Awareness","Mandatory","8","0","Completed","2023-05-07","No"
"BLD-100502","Dairy Processing Fundamentals","Technical","2","890","Completed","2024-02-21","Yes"
"BLD-100502","Effective Communication","Soft Skills","8","160","Completed","2024-09-11","No"
"BLD-100502","Effective Communication","Soft Skills","8","1410","Completed","2024-02-06","No"
"BLD-100504","Strategic Leadership Workshop","Leadership","4","550","Not Started",,"No"
"BLD-100504","Dairy Processing Fundamentals","Technical","2","2200","In Progress",,"No"
"BLD-100504","Health & Safety Induction","Mandatory","4","0","Completed","2024-09-11","No"
"BLD-100504","Cold Chain Logistics","Technical","2","1290","In Progress",,"No"
"BLD-100504","Advanced Excel for Reporting","Technical","16","440","Completed","2023-02-25","No"
"BLD-100504","Health & Safety Induction","Mandatory","2","0","Completed","2023-07-14","No"
"BLD-100504","Dairy Processing Fundamentals","Technical","2","1590","Completed","2025-07-11","Yes"
"BLD-100504","SAP for HR Users","Technical","4","870","Completed","2023-10-04","No"
"BLD-100504","Data Privacy Awareness","Mandatory","2","0","Completed","2025-10-27","No"
"BLD-100504","Health & Safety Induction","Mandatory","8","0","Not Started",,"No"
"BLD-100505","Conflict Resolution","Soft Skills","8","1680","Not Started",,"No"
"BLD-100505","Dairy Processing Fundamentals","Technical","2","520","Completed","2025-08-30","Yes"
"BLD-100505","Advanced Excel for Reporting","Technical","2","1630","Completed","2025-05-24","No"
"BLD-100505","Anti-Bribery & Ethics","Mandatory","4","0","Completed","2025-03-16","No"
"BLD-100505","Health & Safety Induction","Mandatory","4","0","Completed","2023-03-04","No"
"BLD-100505","Data Privacy Awareness","Mandatory","2","0","Completed","2025-03-20","No"
"BLD-100505","Advanced Excel for Reporting","Technical","4","1510","Completed","2024-05-22","Yes"
"BLD-100505","Advanced Excel for Reporting","Technical","8","800","In Progress",,"No"
"BLD-100505","First-Time Manager Program","Leadership","4","1190","In Progress",,"No"
"BLD-100505","Advanced Excel for Reporting","Technical","8","1390","Completed","2024-04-12","Yes"
"BLD-100505","Anti-Bribery & Ethics","Mandatory","2","0","Completed","2025-05-28","No"
"BLD-100505","Food Safety & HACCP Refresher","Mandatory","4","0","Completed","2025-12-08","No"
"BLD-100506","Conflict Resolution","Soft Skills","4","610","In Progress",,"No"
"BLD-100506","Egyptian Labor Law Essentials","Compliance","16","0","Completed","2023-09-05","No"
"BLD-100506","Coaching for Performance","Leadership","8","1150","Completed","2025-07-30","No"
"BLD-100506","SAP for HR Users","Technical","8","230","Completed","2024-11-22","Yes"
"BLD-100506","Egyptian Labor Law Essentials","Compliance","2","0","Not Started",,"No"
"BLD-100506","Effective Communication","Soft Skills","4","310","Completed","2024-05-17","No"
"BLD-100506","Health & Safety Induction","Mandatory","16","0","Completed","2025-10-19","No"
"BLD-100506","DOA & Governance Training","Compliance","4","0","Completed","2024-05-25","No"
"BLD-100507","SAP for HR Users","Technical","4","1970","Completed","2025-05-02","Yes"
"BLD-100507","First-Time Manager Program","Leadership","16","1020","Completed","2024-07-11","No"
"BLD-100507","Dairy Processing Fundamentals","Technical","4","710","Completed","2024-03-06","No"
"BLD-100507","Quality Control Techniques","Technical","2","1790","Completed","2024-12-15","No"
"BLD-100507","Dairy Processing Fundamentals","Technical","2","580","In Progress",,"No"
"BLD-100507","Food Safety & HACCP Refresher","Mandatory","16","0","Completed","2025-02-05","No"
"BLD-100507","SAP for HR Users","Technical","2","1860","Completed","2025-06-19","Yes"
"BLD-100507","Fire & Emergency Response","Mandatory","2","0","Completed","2024-12-08","No"
"BLD-100507","Presentation Skills","Soft Skills","4","230","Completed","2024-02-08","No"
"BLD-100507","Presentation Skills","Soft Skills","4","1660","Completed","2024-06-16","No"
"BLD-100507","Fire & Emergency Response","Mandatory","8","0","Completed","2025-01-27","No"
"BLD-100508","Cold Chain Logistics","Technical","8","1270","In Progress",,"No"
"BLD-100508","Food Safety & HACCP Refresher","Mandatory","4","0","Completed","2024-04-27","No"
"BLD-100508","Egyptian Labor Law Essentials","Compliance","4","0","Completed","2023-06-12","No"
"BLD-100508","Presentation Skills","Soft Skills","4","1160","Completed","2023-01-22","No"
"BLD-100508","Food Safety & HACCP Refresher","Mandatory","8","0","Completed","2024-03-20","No"
"BLD-100508","DOA & Governance Training","Compliance","16","0","Completed","2024-02-03","Yes"
"BLD-100508","Cold Chain Logistics","Technical","4","620","Completed","2024-05-31","No"
"BLD-100508","Food Safety & HACCP Refresher","Mandatory","4","0","Completed","2025-03-08","No"
"BLD-100508","Egyptian Labor Law Essentials","Compliance","8","0","Completed","2025-08-21","No"
"BLD-100508","Conflict Resolution","Soft Skills","2","550","Completed","2024-10-18","No"
"BLD-100508","Egyptian Labor Law Essentials","Compliance","16","0","Completed","2025-09-27","No"
"BLD-100509","Quality Control Techniques","Technical","2","1250","Completed","2024-04-19","Yes"
"BLD-100509","Quality Control Techniques","Technical","8","1890","Completed","2025-05-30","Yes"
"BLD-100509","Advanced Excel for Reporting","Technical","2","510","Not Started",,"No"
"BLD-100509","Conflict Resolution","Soft Skills","2","1730","Completed","2025-06-15","No"
"BLD-100510","Strategic Leadership Workshop","Leadership","8","1700","In Progress",,"No"
"BLD-100510","Qatar Labor Law Essentials","Compliance","2","0","Not Started",,"No"
"BLD-100510","Cold Chain Logistics","Technical","4","1180","Completed","2023-04-12","Yes"
"BLD-100510","Anti-Bribery & Ethics","Mandatory","16","0","In Progress",,"No"
"BLD-100511","Time Management","Soft Skills","4","380","Completed","2023-06-17","No"
"BLD-100511","Cold Chain Logistics","Technical","4","420","Completed","2024-07-18","Yes"
"BLD-100511","Qatar Labor Law Essentials","Compliance","2","0","Completed","2024-09-01","Yes"
"BLD-100511","Presentation Skills","Soft Skills","8","330","Completed","2024-12-11","No"
"BLD-100511","Effective Communication","Soft Skills","8","2070","Completed","2023-06-18","No"
"BLD-100511","First-Time Manager Program","Leadership","16","960","In Progress",,"No"
"BLD-100511","Quality Control Techniques","Technical","8","2030","Completed","2023-07-29","Yes"
"BLD-100511","Time Management","Soft Skills","4","690","In Progress",,"No"
"BLD-100511","Presentation Skills","Soft Skills","4","2150","In Progress",,"No"
"BLD-100512","Fire & Emergency Response","Mandatory","8","0","In Progress",,"No"
"BLD-100512","Fire & Emergency Response","Mandatory","8","0","Completed","2023-08-16","No"
"BLD-100512","Health & Safety Induction","Mandatory","4","0","Completed","2023-03-31","No"
"BLD-100512","Time Management","Soft Skills","2","1790","Not Started",,"No"
"BLD-100512","SAP for HR Users","Technical","8","1710","In Progress",,"No"
"BLD-100512","SAP for HR Users","Technical","2","1710","In Progress",,"No"
"BLD-100512","Dairy Processing Fundamentals","Technical","2","290","Completed","2024-06-12","Yes"
"BLD-100513","Conflict Resolution","Soft Skills","2","2020","Completed","2025-07-02","No"
"BLD-100513","Dairy Processing Fundamentals","Technical","4","1930","Completed","2025-10-25","No"
"BLD-100513","First-Time Manager Program","Leadership","2","1990","Completed","2024-06-14","No"
"BLD-100513","Dairy Processing Fundamentals","Technical","4","1200","In Progress",,"No"
"BLD-100513","Health & Safety Induction","Mandatory","2","0","Completed","2025-12-21","No"
"BLD-100513","Health & Safety Induction","Mandatory","4","0","In Progress",,"No"
"BLD-100513","Effective Communication","Soft Skills","8","170","In Progress",,"No"
"BLD-100513","Dairy Processing Fundamentals","Technical","8","510","Completed","2025-03-12","No"
"BLD-100513","Fire & Emergency Response","Mandatory","16","0","Completed","2025-02-22","No"
"BLD-100513","Quality Control Techniques","Technical","8","1050","Completed","2024-05-11","Yes"
"BLD-100513","Conflict Resolution","Soft Skills","4","2120","Completed","2025-09-05","No"
"BLD-100513","Conflict Resolution","Soft Skills","2","1960","Completed","2023-06-27","No"
"BLD-100514","Dairy Processing Fundamentals","Technical","4","940","Completed","2025-05-06","Yes"
"BLD-100514","Quality Control Techniques","Technical","8","380","Completed","2023-08-17","No"
"BLD-100514","Presentation Skills","Soft Skills","16","1540","Completed","2025-03-05","No"
"BLD-100514","Health & Safety Induction","Mandatory","2","0","Completed","2023-03-04","No"
"BLD-100514","Advanced Excel for Reporting","Technical","8","800","Completed","2025-02-09","Yes"
"BLD-100514","Cold Chain Logistics","Technical","2","680","Not Started",,"No"
"BLD-100514","Quality Control Techniques","Technical","4","170","Completed","2023-02-27","No"
"BLD-100515","Strategic Leadership Workshop","Leadership","4","2110","Completed","2023-12-16","No"
"BLD-100515","Data Privacy Awareness","Mandatory","8","0","In Progress",,"No"
"BLD-100515","Time Management","Soft Skills","8","440","Completed","2024-07-11","No"
"BLD-100515","Advanced Excel for Reporting","Technical","2","1670","Completed","2023-11-15","No"
"BLD-100516","Conflict Resolution","Soft Skills","8","1780","Completed","2023-12-31","No"
"BLD-100516","DOA & Governance Training","Compliance","16","0","Completed","2024-04-18","Yes"
"BLD-100516","Data Privacy Awareness","Mandatory","8","0","In Progress",,"No"
"BLD-100516","Quality Control Techniques","Technical","2","1190","In Progress",,"No"
"BLD-100516","Strategic Leadership Workshop","Leadership","4","1290","Completed","2023-03-13","No"
"BLD-100516","Conflict Resolution","Soft Skills","2","610","Completed","2024-04-19","No"
"BLD-100517","Conflict Resolution","Soft Skills","8","780","Completed","2023-04-23","No"
"BLD-100517","Data Privacy Awareness","Mandatory","4","0","In Progress",,"No"
"BLD-100517","Effective Communication","Soft Skills","2","210","Completed","2024-09-09","No"
"BLD-100518","DOA & Governance Training","Compliance","8","0","Completed","2024-10-06","Yes"
"BLD-100518","DOA & Governance Training","Compliance","2","0","Completed","2025-11-22","No"
"BLD-100518","Food Safety & HACCP Refresher","Mandatory","2","0","Completed","2025-01-03","No"
"BLD-100518","Coaching for Performance","Leadership","8","1490","Completed","2025-08-14","No"
"BLD-100518","Health & Safety Induction","Mandatory","4","0","Completed","2023-08-26","No"
"BLD-100518","Quality Control Techniques","Technical","2","1760","Completed","2023-05-22","No"
"BLD-100518","Anti-Bribery & Ethics","Mandatory","2","0","Completed","2023-06-29","No"
"BLD-100519","DOA & Governance Training","Compliance","4","0","Completed","2024-01-28","No"
"BLD-100519","Food Safety & HACCP Refresher","Mandatory","16","0","Completed","2024-03-17","No"
"BLD-100519","Health & Safety Induction","Mandatory","2","0","Completed","2023-10-09","No"
"BLD-100519","Data Privacy Awareness","Mandatory","2","0","Completed","2024-03-24","No"
"BLD-100519","Time Management","Soft Skills","4","1740","Completed","2024-03-27","No"
"BLD-100519","Time Management","Soft Skills","2","1920","Completed","2023-04-22","No"
"BLD-100519","Time Management","Soft Skills","2","2150","In Progress",,"No"
"BLD-100519","Anti-Bribery & Ethics","Mandatory","8","0","Completed","2024-01-09","No"
"BLD-100519","DOA & Governance Training","Compliance","2","0","Completed","2023-05-22","No"
"BLD-100519","Egyptian Labor Law Essentials","Compliance","2","0","Completed","2024-10-29","Yes"
"BLD-100519","Food Safety & HACCP Refresher","Mandatory","4","0","Completed","2023-12-21","No"
"BLD-100520","Food Safety & HACCP Refresher","Mandatory","4","0","Completed","2025-08-27","No"
"BLD-100520","SAP for HR Users","Technical","8","980","Completed","2024-01-24","Yes"
"BLD-100520","Dairy Processing Fundamentals","Technical","8","870","Not Started",,"No"
"BLD-100520","Food Safety & HACCP Refresher","Mandatory","4","0","Completed","2023-05-20","No"
"BLD-100521","Data Privacy Awareness","Mandatory","4","0","Completed","2023-07-19","No"
"BLD-100521","First-Time Manager Program","Leadership","8","390","Completed","2023-01-14","No"
"BLD-100521","Qatar Labor Law Essentials","Compliance","4","0","Completed","2023-09-24","Yes"
"BLD-100523","First-Time Manager Program","Leadership","2","920","Not Started",,"No"
"BLD-100523","SAP for HR Users","Technical","2","1530","Completed","2023-02-02","No"
"BLD-100523","Advanced Excel for Reporting","Technical","4","1540","Completed","2023-01-21","No"
"BLD-100523","Presentation Skills","Soft Skills","2","790","Completed","2023-05-14","No"
"BLD-100523","Strategic Leadership Workshop","Leadership","16","780","Completed","2023-09-19","No"
"BLD-100524","SAP for HR Users","Technical","4","1680","Completed","2025-06-01","Yes"
"BLD-100524","Fire & Emergency Response","Mandatory","8","0","Completed","2023-07-23","No"
"BLD-100524","Advanced Excel for Reporting","Technical","4","1800","Completed","2023-04-10","No"
"BLD-100524","Anti-Bribery & Ethics","Mandatory","4","0","Completed","2023-01-16","No"
"BLD-100524","Qatar Labor Law Essentials","Compliance","2","0","In Progress",,"No"
"BLD-100524","Data Privacy Awareness","Mandatory","8","0","Completed","2023-03-26","No"
"BLD-100524","Data Privacy Awareness","Mandatory","16","0","In Progress",,"No"
"BLD-100525","Effective Communication","Soft Skills","2","1300","In Progress",,"No"
"BLD-100525","Health & Safety Induction","Mandatory","4","0","Completed","2024-04-05","No"
"BLD-100525","Quality Control Techniques","Technical","2","2060","Completed","2025-01-04","No"
"BLD-100525","Conflict Resolution","Soft Skills","8","780","In Progress",,"No"
"BLD-100525","Dairy Processing Fundamentals","Technical","4","770","Completed","2023-10-25","No"
"BLD-100525","Advanced Excel for Reporting","Technical","2","1900","Completed","2023-10-21","Yes"
"BLD-100525","Qatar Labor Law Essentials","Compliance","4","0","Completed","2025-07-20","Yes"
"BLD-100525","Effective Communication","Soft Skills","8","380","Completed","2024-09-14","No"
"BLD-100525","Quality Control Techniques","Technical","8","1780","Completed","2024-05-08","No"
"BLD-100525","Fire & Emergency Response","Mandatory","2","0","Completed","2024-09-08","No"
"BLD-100525","Time Management","Soft Skills","16","820","Completed","2023-01-13","No"
"BLD-100526","Qatar Labor Law Essentials","Compliance","4","0","Not Started",,"No"
"BLD-100526","First-Time Manager Program","Leadership","4","2170","Completed","2024-09-21","No"
"BLD-100526","Qatar Labor Law Essentials","Compliance","8","0","Not Started",,"No"
"BLD-100526","Strategic Leadership Workshop","Leadership","4","330","In Progress",,"No"
"BLD-100526","Health & Safety Induction","Mandatory","4","0","Completed","2023-12-24","No"
"BLD-100526","Food Safety & HACCP Refresher","Mandatory","4","0","Completed","2023-01-25","No"
"BLD-100526","Conflict Resolution","Soft Skills","2","1930","Completed","2025-04-04","No"
"BLD-100526","Dairy Processing Fundamentals","Technical","8","1510","Completed","2025-10-07","No"
"BLD-100526","DOA & Governance Training","Compliance","4","0","Completed","2023-01-17","Yes"
"BLD-100528","Data Privacy Awareness","Mandatory","2","0","Completed","2024-02-21","No"
"BLD-100528","Qatar Labor Law Essentials","Compliance","2","0","Completed","2023-05-07","No"
"BLD-100528","Strategic Leadership Workshop","Leadership","2","1810","Completed","2025-01-28","No"
"BLD-100528","Coaching for Performance","Leadership","4","1540","Completed","2024-05-28","No"
"BLD-100528","Strategic Leadership Workshop","Leadership","2","2020","Completed","2023-07-16","No"
"BLD-100528","Qatar Labor Law Essentials","Compliance","2","0","Not Started",,"No"
"BLD-100528","Quality Control Techniques","Technical","2","240","Completed","2023-08-24","Yes"
"BLD-100528","SAP for HR Users","Technical","4","630","Completed","2023-09-04","Yes"
"BLD-100529","Time Management","Soft Skills","2","1510","Completed","2023-06-26","No"
"BLD-100529","Fire & Emergency Response","Mandatory","8","0","Not Started",,"No"
"BLD-100529","Conflict Resolution","Soft Skills","4","1560","Completed","2024-04-23","No"
"BLD-100530","Conflict Resolution","Soft Skills","2","1350","Completed","2023-05-10","No"
"BLD-100530","SAP for HR Users","Technical","2","530","Completed","2025-08-25","No"
"BLD-100530","Qatar Labor Law Essentials","Compliance","2","0","In Progress",,"No"
"BLD-100530","DOA & Governance Training","Compliance","8","0","Completed","2025-05-22","No"
"BLD-100530","Data Privacy Awareness","Mandatory","8","0","Completed","2023-03-21","No"
"BLD-100530","Strategic Leadership Workshop","Leadership","2","1980","Completed","2024-03-05","No"
"BLD-100531","Presentation Skills","Soft Skills","8","290","Completed","2023-10-16","No"
"BLD-100531","Dairy Processing Fundamentals","Technical","2","1250","Completed","2023-09-30","Yes"
"BLD-100531","Advanced Excel for Reporting","Technical","8","1380","Completed","2023-05-19","No"
"BLD-100531","First-Time Manager Program","Leadership","4","2120","Completed","2023-05-13","No"
"BLD-100532","Conflict Resolution","Soft Skills","16","1520","Completed","2023-07-05","No"
"BLD-100534","Data Privacy Awareness","Mandatory","8","0","Completed","2023-12-25","No"
"BLD-100534","Quality Control Techniques","Technical","2","1530","Completed","2025-06-03","Yes"
"BLD-100534","First-Time Manager Program","Leadership","16","700","Completed","2025-02-01","No"
"BLD-100534","Dairy Processing Fundamentals","Technical","2","1980","Completed","2024-08-22","Yes"
"BLD-100534","Dairy Processing Fundamentals","Technical","4","1370","In Progress",,"No"
"BLD-100535","Qatar Labor Law Essentials","Compliance","8","0","Completed","2024-05-01","No"
"BLD-100535","Time Management","Soft Skills","2","1980","In Progress",,"No"
"BLD-100535","Time Management","Soft Skills","2","1570","Completed","2023-01-06","No"
"BLD-100535","Data Privacy Awareness","Mandatory","2","0","Completed","2025-04-16","No"
"BLD-100535","Conflict Resolution","Soft Skills","16","990","Completed","2024-04-27","No"
"BLD-100535","Health & Safety Induction","Mandatory","2","0","In Progress",,"No"
"BLD-100535","Time Management","Soft Skills","2","350","Completed","2023-12-14","No"
"BLD-100535","Anti-Bribery & Ethics","Mandatory","2","0","Completed","2023-05-10","No"
"BLD-100536","Presentation Skills","Soft Skills","8","1930","Completed","2025-08-19","No"
"BLD-100536","Anti-Bribery & Ethics","Mandatory","4","0","Completed","2023-08-30","No"
"BLD-100536","Anti-Bribery & Ethics","Mandatory","2","0","Completed","2024-12-28","No"
"BLD-100536","First-Time Manager Program","Leadership","16","510","Completed","2025-07-13","No"
"BLD-100536","Health & Safety Induction","Mandatory","8","0","Completed","2023-02-07","No"
"BLD-100537","Fire & Emergency Response","Mandatory","2","0","Completed","2024-02-21","No"
"BLD-100537","Quality Control Techniques","Technical","8","180","In Progress",,"No"
"BLD-100537","Strategic Leadership Workshop","Leadership","8","2000","Completed","2025-04-09","No"
"BLD-100537","Strategic Leadership Workshop","Leadership","8","350","Completed","2025-09-23","No"
"BLD-100537","Qatar Labor Law Essentials","Compliance","4","0","In Progress",,"No"
"BLD-100537","SAP for HR Users","Technical","2","1280","Completed","2025-07-18","No"
"BLD-100537","Quality Control Techniques","Technical","8","1770","Completed","2024-01-04","Yes"
"BLD-100537","DOA & Governance Training","Compliance","2","0","Completed","2024-01-03","No"
"BLD-100537","Qatar Labor Law Essentials","Compliance","4","0","Completed","2023-03-26","Yes"
"BLD-100537","Dairy Processing Fundamentals","Technical","8","1990","Not Started",,"No"
"BLD-100537","Food Safety & HACCP Refresher","Mandatory","4","0","Completed","2023-11-21","No"
"BLD-100538","Data Privacy Awareness","Mandatory","2","0","Completed","2025-01-18","No"
"BLD-100538","Quality Control Techniques","Technical","8","1260","Completed","2023-01-06","No"
"BLD-100538","Health & Safety Induction","Mandatory","4","0","Completed","2023-03-19","No"
"BLD-100538","Dairy Processing Fundamentals","Technical","4","1350","Completed","2024-11-12","No"
"BLD-100538","Strategic Leadership Workshop","Leadership","8","1760","Completed","2023-06-25","No"
"BLD-100538","Strategic Leadership Workshop","Leadership","2","2000","Completed","2025-05-16","No"
"BLD-100538","DOA & Governance Training","Compliance","16","0","Completed","2025-09-12","No"
"BLD-100538","Fire & Emergency Response","Mandatory","8","0","Completed","2023-11-14","No"
"BLD-100538","Presentation Skills","Soft Skills","2","500","Completed","2023-02-25","No"
"BLD-100538","Data Privacy Awareness","Mandatory","16","0","Completed","2024-01-12","No"
"BLD-100538","Qatar Labor Law Essentials","Compliance","4","0","Completed","2023-05-29","Yes"
"BLD-100538","Dairy Processing Fundamentals","Technical","2","2010","Completed","2025-10-14","Yes"
"BLD-100540","Effective Communication","Soft Skills","16","940","Completed","2023-06-03","No"
"BLD-100540","Quality Control Techniques","Technical","4","1850","Completed","2023-12-04","Yes"
"BLD-100540","Quality Control Techniques","Technical","8","960","In Progress",,"No"
"BLD-100540","Data Privacy Awareness","Mandatory","8","0","Completed","2023-01-20","No"
"BLD-100540","Anti-Bribery & Ethics","Mandatory","8","0","Completed","2023-10-29","No"
"BLD-100540","Food Safety & HACCP Refresher","Mandatory","8","0","Completed","2023-12-02","No"
"BLD-100540","Time Management","Soft Skills","8","1270","Completed","2023-04-08","No"
"BLD-100540","Dairy Processing Fundamentals","Technical","2","320","Completed","2023-05-03","Yes"
"BLD-100540","Data Privacy Awareness","Mandatory","8","0","Completed","2023-03-28","No"
"BLD-100540","Cold Chain Logistics","Technical","4","200","Completed","2023-06-05","Yes"
"BLD-100541","Conflict Resolution","Soft Skills","4","1970","Completed","2025-02-07","No"
"BLD-100541","Strategic Leadership Workshop","Leadership","4","170","Not Started",,"No"
"BLD-100541","Conflict Resolution","Soft Skills","4","1730","In Progress",,"No"
"BLD-100541","First-Time Manager Program","Leadership","2","1550","Completed","2023-06-10","No"
"BLD-100541","Coaching for Performance","Leadership","4","540","Completed","2024-09-22","No"
"BLD-100541","Cold Chain Logistics","Technical","2","610","In Progress",,"No"
"BLD-100542","Presentation Skills","Soft Skills","2","560","Completed","2023-04-10","No"
"BLD-100542","Time Management","Soft Skills","8","1620","In Progress",,"No"
"BLD-100543","Data Privacy Awareness","Mandatory","4","0","Completed","2023-03-05","No"
"BLD-100543","Quality Control Techniques","Technical","8","1070","Completed","2023-01-18","No"
"BLD-100544","Advanced Excel for Reporting","Technical","2","1400","Completed","2023-07-07","No"
"BLD-100544","First-Time Manager Program","Leadership","2","840","Completed","2023-06-29","No"
"BLD-100545","Quality Control Techniques","Technical","8","300","Completed","2025-04-04","Yes"
"BLD-100545","DOA & Governance Training","Compliance","2","0","In Progress",,"No"
"BLD-100545","SAP for HR Users","Technical","4","760","Completed","2024-10-18","No"
"BLD-100545","Advanced Excel for Reporting","Technical","8","520","Completed","2023-03-02","Yes"
"BLD-100545","Advanced Excel for Reporting","Technical","2","250","Completed","2023-02-03","No"
"BLD-100545","Coaching for Performance","Leadership","2","1510","Completed","2023-03-12","No"
"BLD-100545","Effective Communication","Soft Skills","2","890","Completed","2023-08-13","No"
"BLD-100545","Quality Control Techniques","Technical","2","1540","Completed","2023-04-19","No"
"BLD-100545","Fire & Emergency Response","Mandatory","2","0","Not Started",,"No"
"BLD-100545","Health & Safety Induction","Mandatory","2","0","In Progress",,"No"
"BLD-100545","Fire & Emergency Response","Mandatory","2","0","Completed","2023-11-04","No"
"BLD-100545","Cold Chain Logistics","Technical","8","1240","Completed","2025-07-10","No"
"BLD-100545","Time Management","Soft Skills","2","1580","Completed","2025-07-05","No"
"BLD-100545","Time Management","Soft Skills","8","1560","In Progress",,"No"
"BLD-100546","Health & Safety Induction","Mandatory","4","0","Completed","2023-12-08","No"
"BLD-100546","Data Privacy Awareness","Mandatory","2","0","Completed","2025-02-17","No"
"BLD-100546","Time Management","Soft Skills","4","1880","Completed","2023-12-14","No"
"BLD-100546","DOA & Governance Training","Compliance","2","0","Completed","2025-10-15","Yes"
"BLD-100546","DOA & Governance Training","Compliance","2","0","Completed","2024-06-01","No"
"BLD-100546","First-Time Manager Program","Leadership","2","1160","In Progress",,"No"
"BLD-100546","Qatar Labor Law Essentials","Compliance","8","0","Completed","2025-12-23","No"
"BLD-100546","Conflict Resolution","Soft Skills","4","1860","Not Started",,"No"
"BLD-100546","Quality Control Techniques","Technical","2","1400","Completed","2025-08-20","No"
"BLD-100546","SAP for HR Users","Technical","2","1440","Completed","2023-06-10","Yes"
"BLD-100546","Conflict Resolution","Soft Skills","2","2120","Completed","2023-04-07","No"
"BLD-100547","Effective Communication","Soft Skills","16","1580","Not Started",,"No"
"BLD-100547","Cold Chain Logistics","Technical","2","860","Completed","2023-02-11","Yes"
"BLD-100548","Quality Control Techniques","Technical","2","1620","Completed","2023-08-01","No"
"BLD-100549","First-Time Manager Program","Leadership","2","1240","Completed","2023-05-09","No"
"BLD-100549","Anti-Bribery & Ethics","Mandatory","2","0","Completed","2024-04-15","No"
"BLD-100549","Quality Control Techniques","Technical","2","810","Completed","2023-08-09","No"
"BLD-100549","Anti-Bribery & Ethics","Mandatory","4","0","Completed","2024-07-15","No"
"BLD-100549","SAP for HR Users","Technical","16","2100","Completed","2023-04-20","No"
"BLD-100549","Anti-Bribery & Ethics","Mandatory","2","0","Completed","2023-02-21","No"
"BLD-100549","Anti-Bribery & Ethics","Mandatory","2","0","Completed","2023-07-22","No"
"BLD-100549","SAP for HR Users","Technical","4","1090","Completed","2024-08-16","No"
"BLD-100549","Food Safety & HACCP Refresher","Mandatory","8","0","Completed","2023-09-18","No"
"BLD-100549","Advanced Excel for Reporting","Technical","2","230","In Progress",,"No"
"BLD-100551","SAP for HR Users","Technical","8","1620","In Progress",,"No"
"BLD-100551","Conflict Resolution","Soft Skills","16","790","Completed","2025-09-21","No"
"BLD-100551","Health & Safety Induction","Mandatory","8","0","Completed","2024-11-08","No"
"BLD-100551","Effective Communication","Soft Skills","4","1040","Completed","2025-04-24","No"
"BLD-100552","Time Management","Soft Skills","16","150","Completed","2023-01-07","No"
"BLD-100552","Effective Communication","Soft Skills","4","1640","Completed","2025-03-08","No"
"BLD-100552","DOA & Governance Training","Compliance","8","0","In Progress",,"No"
"BLD-100552","Effective Communication","Soft Skills","8","1490","Completed","2023-09-05","No"
"BLD-100552","Time Management","Soft Skills","4","1040","Completed","2023-07-23","No"
"BLD-100552","Effective Communication","Soft Skills","8","620","Completed","2025-09-08","No"
"BLD-100552","Data Privacy Awareness","Mandatory","16","0","Completed","2024-01-16","No"
"BLD-100553","Effective Communication","Soft Skills","2","1980","In Progress",,"No"
"BLD-100553","First-Time Manager Program","Leadership","16","1700","Completed","2024-09-13","No"
"BLD-100553","Cold Chain Logistics","Technical","4","2090","Completed","2024-05-13","No"
"BLD-100553","Fire & Emergency Response","Mandatory","4","0","Completed","2025-05-27","No"
"BLD-100553","Fire & Emergency Response","Mandatory","8","0","Completed","2025-07-08","No"
"BLD-100553","Dairy Processing Fundamentals","Technical","2","420","Completed","2023-11-17","Yes"
"BLD-100553","Dairy Processing Fundamentals","Technical","4","330","In Progress",,"No"
"BLD-100554","Cold Chain Logistics","Technical","4","680","Completed","2023-02-13","Yes"
"BLD-100554","Quality Control Techniques","Technical","8","1930","Completed","2025-06-12","No"
"BLD-100554","Advanced Excel for Reporting","Technical","2","1790","Completed","2024-10-21","No"
"BLD-100554","SAP for HR Users","Technical","16","1360","Completed","2025-06-01","No"
"BLD-100554","Coaching for Performance","Leadership","4","600","Completed","2025-09-23","No"
"BLD-100554","Food Safety & HACCP Refresher","Mandatory","2","0","Completed","2024-06-20","No"
"BLD-100554","First-Time Manager Program","Leadership","2","670","Not Started",,"No"
"BLD-100554","Effective Communication","Soft Skills","2","1640","Completed","2025-06-08","No"
"BLD-100554","Strategic Leadership Workshop","Leadership","4","2050","Completed","2025-09-06","No"
"BLD-100554","Dairy Processing Fundamentals","Technical","8","1090","Completed","2023-04-15","Yes"
"BLD-100554","Time Management","Soft Skills","16","1550","Completed","2023-09-24","No"
"BLD-100554","Dairy Processing Fundamentals","Technical","4","300","Completed","2025-05-01","No"
"BLD-100555","Anti-Bribery & Ethics","Mandatory","4","0","Completed","2025-09-19","No"
"BLD-100555","Fire & Emergency Response","Mandatory","16","0","Completed","2023-12-04","No"
"BLD-100555","Food Safety & HACCP Refresher","Mandatory","2","0","In Progress",,"No"
"BLD-100555","Conflict Resolution","Soft Skills","2","1340","Not Started",,"No"
"BLD-100555","Effective Communication","Soft Skills","8","1390","Completed","2024-07-29","No"
"BLD-100555","First-Time Manager Program","Leadership","2","1010","In Progress",,"No"
"BLD-100555","Health & Safety Induction","Mandatory","2","0","Completed","2024-12-26","No"
"BLD-100555","Effective Communication","Soft Skills","4","550","Not Started",,"No"
"BLD-100555","Anti-Bribery & Ethics","Mandatory","8","0","Completed","2024-06-14","No"
"BLD-100555","Data Privacy Awareness","Mandatory","4","0","Completed","2025-02-14","No"
"BLD-100555","Health & Safety Induction","Mandatory","4","0","Completed","2025-06-07","No"
"BLD-100556","Qatar Labor Law Essentials","Compliance","4","0","Completed","2025-03-18","No"
"BLD-100556","Strategic Leadership Workshop","Leadership","4","320","Completed","2024-07-18","No"
"BLD-100556","Health & Safety Induction","Mandatory","2","0","Completed","2024-09-25","No"
"BLD-100556","Anti-Bribery & Ethics","Mandatory","8","0","Completed","2023-01-16","No"
"BLD-100556","Health & Safety Induction","Mandatory","8","0","Completed","2023-03-04","No"
"BLD-100556","Dairy Processing Fundamentals","Technical","4","2200","Completed","2023-04-28","No"
"BLD-100557","Health & Safety Induction","Mandatory","2","0","Completed","2024-03-20","No"
"BLD-100557","Health & Safety Induction","Mandatory","2","0","Completed","2024-10-19","No"
"BLD-100557","Quality Control Techniques","Technical","2","2200","Completed","2024-05-07","Yes"
"BLD-100557","Coaching for Performance","Leadership","4","660","Completed","2025-07-25","No"
"BLD-100557","Advanced Excel for Reporting","Technical","16","2190","Completed","2024-04-08","Yes"
"BLD-100557","Strategic Leadership Workshop","Leadership","16","590","Completed","2025-11-09","No"
"BLD-100557","Anti-Bribery & Ethics","Mandatory","4","0","Completed","2025-06-17","No"
"BLD-100557","SAP for HR Users","Technical","8","990","Completed","2023-10-29","No"
"BLD-100557","Strategic Leadership Workshop","Leadership","8","360","Completed","2025-02-23","No"
"BLD-100557","Food Safety & HACCP Refresher","Mandatory","16","0","Completed","2025-02-13","No"
"BLD-100558","Qatar Labor Law Essentials","Compliance","8","0","In Progress",,"No"
"BLD-100558","Advanced Excel for Reporting","Technical","8","690","Completed","2023-01-24","Yes"
"BLD-100558","Health & Safety Induction","Mandatory","8","0","In Progress",,"No"
"BLD-100558","Dairy Processing Fundamentals","Technical","2","1000","Completed","2023-06-19","No"
"BLD-100559","Quality Control Techniques","Technical","2","2070","Completed","2023-08-18","No"
"BLD-100559","Health & Safety Induction","Mandatory","2","0","In Progress",,"No"
"BLD-100559","Food Safety & HACCP Refresher","Mandatory","8","0","Completed","2025-01-27","No"
"BLD-100559","Strategic Leadership Workshop","Leadership","4","740","Completed","2025-09-28","No"
"BLD-100559","Coaching for Performance","Leadership","2","1000","Completed","2023-04-27","No"
"BLD-100559","Quality Control Techniques","Technical","2","1060","Completed","2025-05-03","No"
"BLD-100559","Advanced Excel for Reporting","Technical","8","720","Completed","2025-07-16","Yes"
"BLD-100559","First-Time Manager Program","Leadership","2","1560","Completed","2024-08-25","No"
"BLD-100559","Dairy Processing Fundamentals","Technical","4","1610","Completed","2025-07-16","No"
"BLD-100560","First-Time Manager Program","Leadership","2","400","Completed","2023-12-01","No"
"BLD-100561","Coaching for Performance","Leadership","2","200","Completed","2024-04-02","No"
"BLD-100561","Data Privacy Awareness","Mandatory","2","0","Not Started",,"No"
"BLD-100561","First-Time Manager Program","Leadership","4","2110","Completed","2024-05-14","No"
"BLD-100561","Data Privacy Awareness","Mandatory","8","0","Completed","2023-11-13","No"
"BLD-100561","Anti-Bribery & Ethics","Mandatory","4","0","Completed","2023-07-11","No"
"BLD-100561","Dairy Processing Fundamentals","Technical","8","220","Completed","2023-08-20","Yes"
"BLD-100561","Conflict Resolution","Soft Skills","4","400","Completed","2023-12-14","No"
"BLD-100561","Egyptian Labor Law Essentials","Compliance","8","0","Completed","2024-04-06","No"
"BLD-100562","Health & Safety Induction","Mandatory","4","0","Completed","2023-03-20","No"
"BLD-100562","Anti-Bribery & Ethics","Mandatory","2","0","Completed","2023-06-26","No"
"BLD-100562","Fire & Emergency Response","Mandatory","8","0","Completed","2023-07-09","No"
"BLD-100562","Data Privacy Awareness","Mandatory","2","0","Completed","2023-10-16","No"
"BLD-100562","Advanced Excel for Reporting","Technical","8","1130","Completed","2025-09-17","No"
"BLD-100562","Conflict Resolution","Soft Skills","8","520","Completed","2023-03-27","No"
"BLD-100563","Fire & Emergency Response","Mandatory","2","0","Completed","2024-06-17","No"
"BLD-100563","Food Safety & HACCP Refresher","Mandatory","4","0","Not Started",,"No"
"BLD-100563","Strategic Leadership Workshop","Leadership","2","1590","Completed","2024-03-25","No"
"BLD-100563","SAP for HR Users","Technical","8","2090","In Progress",,"No"
"BLD-100563","Data Privacy Awareness","Mandatory","8","0","Completed","2023-02-15","No"
"BLD-100563","First-Time Manager Program","Leadership","2","920","In Progress",,"No"
"BLD-100564","Conflict Resolution","Soft Skills","4","1620","Completed","2024-10-15","No"
"BLD-100564","Presentation Skills","Soft Skills","4","1890","Completed","2023-10-22","No"
"BLD-100564","Egyptian Labor Law Essentials","Compliance","8","0","In Progress",,"No"
"BLD-100564","Health & Safety Induction","Mandatory","4","0","In Progress",,"No"
"BLD-100564","Effective Communication","Soft Skills","8","1150","In Progress",,"No"
"BLD-100564","Food Safety & HACCP Refresher","Mandatory","4","0","Completed","2025-08-04","No"
"BLD-100564","First-Time Manager Program","Leadership","2","360","Completed","2025-03-16","No"
"BLD-100564","Time Management","Soft Skills","2","1470","Completed","2024-10-16","No"
"BLD-100564","SAP for HR Users","Technical","4","810","Completed","2023-02-02","Yes"
"BLD-100564","Coaching for Performance","Leadership","2","1270","Completed","2023-10-24","No"
"BLD-100564","Time Management","Soft Skills","8","1860","Completed","2024-04-29","No"
"BLD-100564","Cold Chain Logistics","Technical","2","810","Completed","2023-03-03","No"
"BLD-100564","Data Privacy Awareness","Mandatory","16","0","Completed","2024-07-10","No"
"BLD-100564","Fire & Emergency Response","Mandatory","2","0","Completed","2025-09-13","No"
"BLD-100564","Cold Chain Logistics","Technical","8","600","Completed","2023-09-05","Yes"
"BLD-100565","Strategic Leadership Workshop","Leadership","4","1440","Not Started",,"No"
"BLD-100565","Presentation Skills","Soft Skills","4","340","Completed","2024-03-25","No"
"BLD-100565","Presentation Skills","Soft Skills","4","350","Completed","2025-07-27","No"
"BLD-100565","Time Management","Soft Skills","8","390","Completed","2023-05-11","No"
"BLD-100565","First-Time Manager Program","Leadership","8","270","Completed","2024-09-15","No"
"BLD-100565","Conflict Resolution","Soft Skills","4","1140","Not Started",,"No"
"BLD-100565","Egyptian Labor Law Essentials","Compliance","2","0","Completed","2025-11-10","Yes"
"BLD-100566","DOA & Governance Training","Compliance","16","0","In Progress",,"No"
"BLD-100566","Effective Communication","Soft Skills","8","490","Completed","2023-05-15","No"
"BLD-100566","Cold Chain Logistics","Technical","8","840","Completed","2025-03-19","No"
"BLD-100566","Quality Control Techniques","Technical","4","1050","Completed","2024-10-04","No"
"BLD-100566","Cold Chain Logistics","Technical","4","250","Completed","2023-04-07","No"
"BLD-100566","Effective Communication","Soft Skills","4","1890","Completed","2023-02-03","No"
"BLD-100566","Qatar Labor Law Essentials","Compliance","16","0","Completed","2023-01-22","No"
"BLD-100566","SAP for HR Users","Technical","4","1350","Completed","2023-06-15","Yes"
"BLD-100567","Dairy Processing Fundamentals","Technical","2","610","Completed","2023-01-20","No"
"BLD-100568","Time Management","Soft Skills","2","860","Completed","2023-11-13","No"
"BLD-100568","Data Privacy Awareness","Mandatory","2","0","Completed","2023-04-16","No"
"BLD-100568","Data Privacy Awareness","Mandatory","8","0","Completed","2023-04-15","No"
"BLD-100568","Quality Control Techniques","Technical","2","830","In Progress",,"No"
"BLD-100569","Fire & Emergency Response","Mandatory","2","0","Completed","2024-11-19","No"
"BLD-100569","Presentation Skills","Soft Skills","8","230","In Progress",,"No"
"BLD-100569","Effective Communication","Soft Skills","8","2170","In Progress",,"No"
"BLD-100569","Data Privacy Awareness","Mandatory","2","0","Completed","2023-01-05","No"
"BLD-100569","Strategic Leadership Workshop","Leadership","8","1070","Completed","2024-06-11","No"
"BLD-100569","Anti-Bribery & Ethics","Mandatory","2","0","Completed","2025-12-23","No"
"BLD-100570","DOA & Governance Training","Compliance","8","0","Completed","2024-11-27","No"
"BLD-100570","Coaching for Performance","Leadership","2","980","Completed","2025-11-28","No"
"BLD-100570","Qatar Labor Law Essentials","Compliance","4","0","Completed","2025-03-30","Yes"
"BLD-100570","Food Safety & HACCP Refresher","Mandatory","2","0","Completed","2025-07-17","No"
"BLD-100570","SAP for HR Users","Technical","16","800","In Progress",,"No"
"BLD-100571","Qatar Labor Law Essentials","Compliance","8","0","Completed","2023-05-06","Yes"
"BLD-100571","Advanced Excel for Reporting","Technical","4","1550","Completed","2023-01-30","Yes"
"BLD-100572","Health & Safety Induction","Mandatory","4","0","Completed","2024-11-15","No"
"BLD-100572","Fire & Emergency Response","Mandatory","8","0","Completed","2023-09-06","No"
"BLD-100572","Food Safety & HACCP Refresher","Mandatory","4","0","Completed","2025-11-29","No"
"BLD-100572","Health & Safety Induction","Mandatory","4","0","Completed","2025-12-20","No"
"BLD-100572","Egyptian Labor Law Essentials","Compliance","4","0","Completed","2024-12-31","No"
"BLD-100572","Dairy Processing Fundamentals","Technical","4","1920","In Progress",,"No"
"BLD-100572","Egyptian Labor Law Essentials","Compliance","2","0","Completed","2025-06-27","Yes"
"BLD-100572","Time Management","Soft Skills","2","1000","Completed","2024-02-10","No"
"BLD-100572","SAP for HR Users","Technical","2","510","Completed","2025-04-16","Yes"
"BLD-100572","DOA & Governance Training","Compliance","8","0","Completed","2025-11-20","No"
"BLD-100573","Conflict Resolution","Soft Skills","4","1550","Completed","2023-03-18","No"
"BLD-100573","Cold Chain Logistics","Technical","8","1340","Completed","2024-04-18","No"
"BLD-100573","Dairy Processing Fundamentals","Technical","4","1630","Completed","2023-02-17","Yes"
"BLD-100573","Effective Communication","Soft Skills","4","1760","Not Started",,"No"
"BLD-100573","Coaching for Performance","Leadership","2","1460","In Progress",,"No"
"BLD-100573","DOA & Governance Training","Compliance","16","0","Completed","2023-01-19","Yes"
"BLD-100573","Presentation Skills","Soft Skills","8","2080","Completed","2024-05-15","No"
"BLD-100573","DOA & Governance Training","Compliance","8","0","In Progress",,"No"
"BLD-100573","Time Management","Soft Skills","8","1780","Completed","2023-05-29","No"
"BLD-100574","Anti-Bribery & Ethics","Mandatory","4","0","Completed","2025-02-27","No"
"BLD-100574","Food Safety & HACCP Refresher","Mandatory","4","0","Completed","2024-11-04","No"
"BLD-100574","Quality Control Techniques","Technical","16","800","Completed","2024-12-11","Yes"
"BLD-100574","Egyptian Labor Law Essentials","Compliance","4","0","Completed","2024-02-16","No"
"BLD-100574","Fire & Emergency Response","Mandatory","2","0","In Progress",,"No"
"BLD-100574","Egyptian Labor Law Essentials","Compliance","2","0","Completed","2025-11-02","Yes"
"BLD-100574","Quality Control Techniques","Technical","8","150","Completed","2025-04-02","No"
"BLD-100574","Health & Safety Induction","Mandatory","2","0","Completed","2023-12-24","No"
"BLD-100574","Effective Communication","Soft Skills","4","1570","Completed","2023-03-09","No"
"BLD-100574","Coaching for Performance","Leadership","8","1790","Completed","2024-01-02","No"
"BLD-100574","SAP for HR Users","Technical","4","930","Completed","2025-06-20","Yes"
"BLD-100575","Data Privacy Awareness","Mandatory","2","0","Completed","2025-09-26","No"
"BLD-100575","Data Privacy Awareness","Mandatory","4","0","In Progress",,"No"
"BLD-100575","Quality Control Techniques","Technical","8","1370","Completed","2023-08-22","Yes"
"BLD-100575","Effective Communication","Soft Skills","8","1070","In Progress",,"No"
"BLD-100575","Effective Communication","Soft Skills","4","1790","Completed","2023-05-03","No"
"BLD-100575","Anti-Bribery & Ethics","Mandatory","4","0","Completed","2023-09-04","No"
"BLD-100575","Food Safety & HACCP Refresher","Mandatory","4","0","Completed","2024-11-20","No"
"BLD-100575","Coaching for Performance","Leadership","4","1770","In Progress",,"No"
"BLD-100575","Food Safety & HACCP Refresher","Mandatory","8","0","In Progress",,"No"
"BLD-100575","First-Time Manager Program","Leadership","2","290","In Progress",,"No"
"BLD-100575","Advanced Excel for Reporting","Technical","2","260","Completed","2025-08-31","Yes"
"BLD-100576","Food Safety & HACCP Refresher","Mandatory","8","0","Completed","2023-03-12","No"
"BLD-100576","Effective Communication","Soft Skills","4","1500","Completed","2023-06-21","No"
"BLD-100576","SAP for HR Users","Technical","8","750","In Progress",,"No"
"BLD-100576","Qatar Labor Law Essentials","Compliance","4","0","Completed","2024-08-27","No"
"BLD-100576","Anti-Bribery & Ethics","Mandatory","4","0","In Progress",,"No"
"BLD-100576","Conflict Resolution","Soft Skills","2","940","Completed","2024-09-23","No"
"BLD-100577","Presentation Skills","Soft Skills","16","170","Not Started",,"No"
"BLD-100577","Food Safety & HACCP Refresher","Mandatory","2","0","Completed","2023-07-13","No"
"BLD-100578","Health & Safety Induction","Mandatory","4","0","Not Started",,"No"
"BLD-100578","Food Safety & HACCP Refresher","Mandatory","8","0","In Progress",,"No"
"BLD-100578","Time Management","Soft Skills","16","1400","Completed","2023-11-18","No"
"BLD-100578","DOA & Governance Training","Compliance","8","0","Completed","2023-09-19","No"
"BLD-100578","Effective Communication","Soft Skills","2","760","In Progress",,"No"
"BLD-100578","Strategic Leadership Workshop","Leadership","8","940","Completed","2025-09-14","No"
"BLD-100578","DOA & Governance Training","Compliance","4","0","Completed","2023-05-31","No"
"BLD-100579","Conflict Resolution","Soft Skills","4","300","Completed","2024-02-20","No"
"BLD-100579","Qatar Labor Law Essentials","Compliance","16","0","Completed","2023-05-02","No"
"BLD-100579","DOA & Governance Training","Compliance","4","0","Completed","2024-10-18","Yes"
"BLD-100579","Qatar Labor Law Essentials","Compliance","8","0","Completed","2025-10-10","Yes"
"BLD-100579","DOA & Governance Training","Compliance","16","0","Completed","2024-07-09","No"
"BLD-100579","DOA & Governance Training","Compliance","16","0","Completed","2024-01-02","No"
"BLD-100579","Quality Control Techniques","Technical","2","320","Completed","2024-07-07","No"
"BLD-100580","Fire & Emergency Response","Mandatory","2","0","Not Started",,"No"
"BLD-100580","Health & Safety Induction","Mandatory","16","0","Completed","2023-05-09","No"
"BLD-100580","DOA & Governance Training","Compliance","4","0","In Progress",,"No"
"BLD-100580","Dairy Processing Fundamentals","Technical","2","170","Completed","2025-08-31","No"
"BLD-100580","Health & Safety Induction","Mandatory","2","0","Not Started",,"No"
"BLD-100580","Conflict Resolution","Soft Skills","16","480","Completed","2025-01-20","No"
"BLD-100580","Fire & Emergency Response","Mandatory","8","0","In Progress",,"No"
"BLD-100580","Anti-Bribery & Ethics","Mandatory","4","0","Not Started",,"No"
"BLD-100580","First-Time Manager Program","Leadership","4","810","Completed","2023-11-21","No"
"BLD-100580","SAP for HR Users","Technical","4","1210","Completed","2024-07-09","Yes"
"BLD-100580","SAP for HR Users","Technical","8","380","Completed","2025-08-27","No"
"BLD-100581","DOA & Governance Training","Compliance","2","0","Not Started",,"No"
"BLD-100581","Presentation Skills","Soft Skills","4","2180","In Progress",,"No"
"BLD-100581","Fire & Emergency Response","Mandatory","4","0","Completed","2024-10-09","No"
"BLD-100581","Effective Communication","Soft Skills","2","1130","Completed","2024-06-23","No"
"BLD-100581","Quality Control Techniques","Technical","2","1550","Completed","2023-01-30","Yes"
"BLD-100581","Data Privacy Awareness","Mandatory","2","0","Completed","2024-06-05","No"
"BLD-100581","DOA & Governance Training","Compliance","2","0","Completed","2023-06-23","Yes"
"BLD-100581","Food Safety & HACCP Refresher","Mandatory","4","0","Completed","2024-04-17","No"
"BLD-100581","Conflict Resolution","Soft Skills","4","2030","Completed","2024-04-21","No"
"BLD-100582","Conflict Resolution","Soft Skills","4","1070","Completed","2024-05-21","No"
"BLD-100582","Fire & Emergency Response","Mandatory","4","0","In Progress",,"No"
"BLD-100582","Fire & Emergency Response","Mandatory","2","0","Completed","2024-03-04","No"
"BLD-100582","SAP for HR Users","Technical","16","1950","Completed","2025-03-20","No"
"BLD-100583","Time Management","Soft Skills","2","1250","Completed","2023-05-10","No"
"BLD-100583","Fire & Emergency Response","Mandatory","8","0","Completed","2023-09-11","No"
"BLD-100583","Food Safety & HACCP Refresher","Mandatory","4","0","In Progress",,"No"
"BLD-100583","Effective Communication","Soft Skills","4","1760","Completed","2024-11-13","No"
"BLD-100583","Presentation Skills","Soft Skills","4","200","Completed","2025-04-11","No"
"BLD-100583","Cold Chain Logistics","Technical","4","1200","Completed","2025-10-28","No"
"BLD-100584","Conflict Resolution","Soft Skills","16","2130","Completed","2025-07-17","No"
"BLD-100584","Quality Control Techniques","Technical","2","2190","Completed","2025-02-04","No"
"BLD-100584","Strategic Leadership Workshop","Leadership","4","1370","Completed","2025-09-28","No"
"BLD-100584","First-Time Manager Program","Leadership","4","1750","Completed","2025-04-01","No"
"BLD-100584","Dairy Processing Fundamentals","Technical","2","1420","Completed","2025-11-17","No"
"BLD-100584","Health & Safety Induction","Mandatory","8","0","Completed","2023-11-25","No"
"BLD-100585","Presentation Skills","Soft Skills","16","2140","Completed","2023-06-27","No"
"BLD-100585","Strategic Leadership Workshop","Leadership","8","1500","Completed","2023-06-23","No"
"BLD-100586","Fire & Emergency Response","Mandatory","2","0","Completed","2024-05-24","No"
"BLD-100586","Advanced Excel for Reporting","Technical","4","910","Not Started",,"No"
"BLD-100586","Cold Chain Logistics","Technical","8","740","In Progress",,"No"
"BLD-100586","Presentation Skills","Soft Skills","8","1550","Completed","2023-10-21","No"
"BLD-100586","Qatar Labor Law Essentials","Compliance","4","0","Not Started",,"No"
"BLD-100586","Health & Safety Induction","Mandatory","2","0","Completed","2024-02-03","No"
"BLD-100586","Fire & Emergency Response","Mandatory","2","0","Completed","2025-11-17","No"
"BLD-100586","Cold Chain Logistics","Technical","16","230","Completed","2025-07-28","Yes"
"BLD-100586","Presentation Skills","Soft Skills","4","650","Completed","2024-08-04","No"
"BLD-100586","Effective Communication","Soft Skills","2","2010","Completed","2023-09-20","No"
"BLD-100586","Conflict Resolution","Soft Skills","2","330","Completed","2024-03-03","No"
"BLD-100587","Dairy Processing Fundamentals","Technical","16","950","Completed","2023-04-29","No"
"BLD-100587","DOA & Governance Training","Compliance","2","0","Completed","2025-03-04","Yes"
"BLD-100587","Cold Chain Logistics","Technical","2","280","Not Started",,"No"
"BLD-100587","Presentation Skills","Soft Skills","2","2180","Completed","2025-03-30","No"
"BLD-100587","Time Management","Soft Skills","2","1540","In Progress",,"No"
"BLD-100587","Food Safety & HACCP Refresher","Mandatory","2","0","Completed","2024-12-21","No"
"BLD-100587","DOA & Governance Training","Compliance","16","0","Completed","2025-11-21","No"
"BLD-100587","Fire & Emergency Response","Mandatory","8","0","Completed","2024-06-15","No"
"BLD-100587","Anti-Bribery & Ethics","Mandatory","8","0","In Progress",,"No"
"BLD-100587","Cold Chain Logistics","Technical","4","370","Completed","2025-10-13","Yes"
"BLD-100587","Anti-Bribery & Ethics","Mandatory","8","0","Completed","2025-02-26","No"
"BLD-100587","Presentation Skills","Soft Skills","4","330","Completed","2025-11-11","No"
"BLD-100587","Strategic Leadership Workshop","Leadership","8","1520","Completed","2024-03-20","No"
"BLD-100587","Fire & Emergency Response","Mandatory","4","0","In Progress",,"No"
"BLD-100587","Qatar Labor Law Essentials","Compliance","4","0","Completed","2023-05-04","Yes"
"BLD-100588","DOA & Governance Training","Compliance","2","0","Completed","2024-04-12","Yes"
"BLD-100588","Food Safety & HACCP Refresher","Mandatory","2","0","Completed","2025-04-10","No"
"BLD-100588","Advanced Excel for Reporting","Technical","2","1170","Completed","2023-02-03","Yes"
"BLD-100589","Quality Control Techniques","Technical","4","810","Completed","2023-10-12","No"
"BLD-100589","Data Privacy Awareness","Mandatory","2","0","In Progress",,"No"
"BLD-100589","Dairy Processing Fundamentals","Technical","4","1420","Completed","2024-11-09","Yes"
"BLD-100589","Quality Control Techniques","Technical","2","1680","Completed","2024-07-04","Yes"
"BLD-100589","Presentation Skills","Soft Skills","2","1560","Completed","2025-08-06","No"
"BLD-100589","Qatar Labor Law Essentials","Compliance","8","0","Completed","2024-05-24","Yes"
"BLD-100589","Presentation Skills","Soft Skills","2","990","Completed","2023-02-12","No"
"BLD-100589","Fire & Emergency Response","Mandatory","4","0","Completed","2024-09-22","No"
"BLD-100590","Conflict Resolution","Soft Skills","2","1800","Completed","2024-09-28","No"
"BLD-100590","Presentation Skills","Soft Skills","8","1270","Completed","2025-04-23","No"
"BLD-100590","Qatar Labor Law Essentials","Compliance","2","0","Not Started",,"No"
"BLD-100590","Effective Communication","Soft Skills","16","280","Completed","2024-10-15","No"
"BLD-100590","Fire & Emergency Response","Mandatory","4","0","Completed","2024-08-03","No"
"BLD-100590","Advanced Excel for Reporting","Technical","2","1220","Completed","2023-03-25","No"
"BLD-100590","Coaching for Performance","Leadership","4","750","Completed","2024-06-08","No"
"BLD-100590","Advanced Excel for Reporting","Technical","4","920","Not Started",,"No"
"BLD-100590","DOA & Governance Training","Compliance","4","0","Completed","2023-04-15","No"
"BLD-100590","Effective Communication","Soft Skills","8","1180","Completed","2025-03-26","No"
"BLD-100590","First-Time Manager Program","Leadership","2","1180","Completed","2025-04-01","No"
"BLD-100591","DOA & Governance Training","Compliance","8","0","Completed","2025-05-01","Yes"
"BLD-100591","Fire & Emergency Response","Mandatory","4","0","Completed","2025-10-29","No"
"BLD-100591","First-Time Manager Program","Leadership","8","690","In Progress",,"No"
"BLD-100591","Advanced Excel for Reporting","Technical","4","1900","Completed","2023-08-19","No"
"BLD-100591","Time Management","Soft Skills","2","1590","Completed","2023-02-15","No"
"BLD-100591","Qatar Labor Law Essentials","Compliance","4","0","Completed","2025-02-03","No"
"BLD-100591","Presentation Skills","Soft Skills","2","1750","Completed","2025-03-01","No"
"BLD-100591","First-Time Manager Program","Leadership","8","550","Completed","2024-08-10","No"
"BLD-100591","Quality Control Techniques","Technical","8","500","Completed","2023-10-09","Yes"
"BLD-100591","Cold Chain Logistics","Technical","2","550","Completed","2025-03-20","No"
"BLD-100592","Effective Communication","Soft Skills","4","1160","Completed","2025-09-03","No"
"BLD-100592","Egyptian Labor Law Essentials","Compliance","2","0","Completed","2025-10-23","No"
"BLD-100592","Effective Communication","Soft Skills","2","1900","Completed","2023-01-22","No"
"BLD-100592","Food Safety & HACCP Refresher","Mandatory","4","0","Completed","2023-10-20","No"
"BLD-100592","Cold Chain Logistics","Technical","4","1640","Completed","2024-01-24","No"
"BLD-100592","Advanced Excel for Reporting","Technical","4","680","Not Started",,"No"
"BLD-100593","Quality Control Techniques","Technical","2","1620","Completed","2023-08-03","No"
"BLD-100593","Dairy Processing Fundamentals","Technical","2","330","Completed","2024-06-20","Yes"
"BLD-100593","Strategic Leadership Workshop","Leadership","2","1100","Completed","2024-09-01","No"
"BLD-100593","Data Privacy Awareness","Mandatory","2","0","Completed","2025-04-23","No"
"BLD-100593","Quality Control Techniques","Technical","16","1880","Completed","2024-06-05","No"
"BLD-100593","Dairy Processing Fundamentals","Technical","8","1030","Completed","2023-02-10","No"
"BLD-100593","DOA & Governance Training","Compliance","2","0","In Progress",,"No"
"BLD-100593","Anti-Bribery & Ethics","Mandatory","16","0","Completed","2025-07-06","No"
"BLD-100593","Conflict Resolution","Soft Skills","4","1790","Completed","2025-05-05","No"
"BLD-100593","Dairy Processing Fundamentals","Technical","4","170","Completed","2023-02-17","No"
"BLD-100593","Fire & Emergency Response","Mandatory","4","0","Completed","2023-10-17","No"
"BLD-100594","SAP for HR Users","Technical","2","1880","Completed","2023-08-30","Yes"
"BLD-100594","Presentation Skills","Soft Skills","2","1970","Completed","2025-01-26","No"
"BLD-100594","Fire & Emergency Response","Mandatory","8","0","Completed","2024-10-06","No"
"BLD-100594","Coaching for Performance","Leadership","2","1740","Completed","2023-07-23","No"
"BLD-100594","Quality Control Techniques","Technical","8","1900","Completed","2024-08-26","No"
"BLD-100594","DOA & Governance Training","Compliance","2","0","Completed","2023-02-02","Yes"
"BLD-100594","Health & Safety Induction","Mandatory","8","0","Completed","2025-12-19","No"
"BLD-100595","DOA & Governance Training","Compliance","4","0","In Progress",,"No"
"BLD-100596","Health & Safety Induction","Mandatory","8","0","Completed","2024-11-18","No"
"BLD-100596","DOA & Governance Training","Compliance","4","0","Completed","2025-04-15","Yes"
"BLD-100596","Health & Safety Induction","Mandatory","8","0","Completed","2025-11-16","No"
"BLD-100596","SAP for HR Users","Technical","2","810","Completed","2023-10-20","Yes"
"BLD-100596","Dairy Processing Fundamentals","Technical","4","1220","Completed","2024-03-24","Yes"
"BLD-100596","Cold Chain Logistics","Technical","2","1350","Completed","2025-11-23","Yes"
"BLD-100596","Advanced Excel for Reporting","Technical","16","1160","Completed","2025-04-12","No"
"BLD-100597","Conflict Resolution","Soft Skills","2","1180","Completed","2023-07-16","No"
"BLD-100597","Health & Safety Induction","Mandatory","4","0","Completed","2023-08-04","No"
"BLD-100597","DOA & Governance Training","Compliance","16","0","Completed","2023-12-08","Yes"
"BLD-100597","Conflict Resolution","Soft Skills","2","960","In Progress",,"No"
"BLD-100597","Fire & Emergency Response","Mandatory","2","0","Completed","2023-10-24","No"
"BLD-100597","Coaching for Performance","Leadership","4","2120","Completed","2024-08-01","No"
"BLD-100598","Data Privacy Awareness","Mandatory","4","0","Completed","2023-11-20","No"
"BLD-100598","Anti-Bribery & Ethics","Mandatory","8","0","Completed","2025-02-03","No"
"BLD-100598","Dairy Processing Fundamentals","Technical","4","2130","Completed","2025-03-06","No"
"BLD-100598","Health & Safety Induction","Mandatory","16","0","Completed","2025-06-12","No"
"BLD-100598","Conflict Resolution","Soft Skills","8","230","In Progress",,"No"
"BLD-100598","Qatar Labor Law Essentials","Compliance","4","0","Completed","2024-01-02","No"
"BLD-100598","Qatar Labor Law Essentials","Compliance","4","0","Completed","2024-04-14","Yes"
"BLD-100599","Presentation Skills","Soft Skills","8","1260","In Progress",,"No"
"BLD-100599","SAP for HR Users","Technical","4","2050","Completed","2024-03-01","Yes"
"BLD-100599","First-Time Manager Program","Leadership","4","1420","Completed","2024-12-27","No"
"BLD-100599","Effective Communication","Soft Skills","8","380","Completed","2023-06-15","No"
"BLD-100599","Effective Communication","Soft Skills","8","1460","Completed","2024-01-27","No"
"BLD-100599","Advanced Excel for Reporting","Technical","2","1020","Not Started",,"No"
"BLD-100599","First-Time Manager Program","Leadership","8","520","Completed","2024-08-22","No"
"BLD-100599","First-Time Manager Program","Leadership","2","1080","In Progress",,"No"
"BLD-100599","DOA & Governance Training","Compliance","4","0","Completed","2025-06-12","Yes"
"BLD-100599","Food Safety & HACCP Refresher","Mandatory","8","0","Completed","2025-08-21","No"
"BLD-100599","Fire & Emergency Response","Mandatory","2","0","Completed","2024-04-30","No"
"BLD-100599","Food Safety & HACCP Refresher","Mandatory","4","0","Completed","2025-07-16","No"
"BLD-100599","Dairy Processing Fundamentals","Technical","8","270","Completed","2025-10-19","No"
"BLD-100599","Quality Control Techniques","Technical","2","250","Completed","2025-02-23","Yes"
"BLD-100600","Fire & Emergency Response","Mandatory","8","0","Not Started",,"No"
"BLD-100600","Anti-Bribery & Ethics","Mandatory","8","0","Completed","2025-03-12","No"
"BLD-100600","Data Privacy Awareness","Mandatory","8","0","Completed","2024-03-05","No"
"BLD-100600","Health & Safety Induction","Mandatory","4","0","Completed","2023-10-08","No"
"BLD-100600","Coaching for Performance","Leadership","8","1650","In Progress",,"No"
"BLD-100600","Food Safety & HACCP Refresher","Mandatory","4","0","Completed","2024-10-05","No"
"BLD-100600","Anti-Bribery & Ethics","Mandatory","2","0","Completed","2025-05-01","No"
"BLD-100600","Time Management","Soft Skills","8","1630","Not Started",,"No"
"BLD-100600","DOA & Governance Training","Compliance","2","0","Completed","2023-04-12","Yes"
"BLD-100600","Time Management","Soft Skills","2","1730","In Progress",,"No"
"BLD-100600","Effective Communication","Soft Skills","2","930","Completed","2024-01-25","No"
"BLD-100600","Fire & Emergency Response","Mandatory","4","0","Completed","2024-08-31","No"
"BLD-100600","Data Privacy Awareness","Mandatory","16","0","Completed","2025-10-02","No"
"BLD-100600","DOA & Governance Training","Compliance","2","0","Completed","2023-09-08","No"
"BLD-100600","DOA & Governance Training","Compliance","4","0","Completed","2024-05-10","Yes"
"BLD-100600","Coaching for Performance","Leadership","16","2020","Completed","2025-09-15","No"
"BLD-100601","SAP for HR Users","Technical","4","1710","In Progress",,"No"
"BLD-100601","Effective Communication","Soft Skills","8","690","Completed","2024-06-29","No"
"BLD-100601","Advanced Excel for Reporting","Technical","8","730","In Progress",,"No"
"BLD-100601","Conflict Resolution","Soft Skills","16","1090","Not Started",,"No"
"BLD-100601","DOA & Governance Training","Compliance","4","0","In Progress",,"No"
"BLD-100601","DOA & Governance Training","Compliance","4","0","Not Started",,"No"
"BLD-100601","Food Safety & HACCP Refresher","Mandatory","2","0","Completed","2024-10-23","No"
"BLD-100601","SAP for HR Users","Technical","4","270","Completed","2023-12-11","No"
"BLD-100601","Cold Chain Logistics","Technical","2","550","Completed","2023-01-22","No"
"BLD-100602","Food Safety & HACCP Refresher","Mandatory","2","0","Completed","2024-03-16","No"
"BLD-100602","DOA & Governance Training","Compliance","2","0","In Progress",,"No"
"BLD-100602","Data Privacy Awareness","Mandatory","2","0","Completed","2024-08-09","No"
"BLD-100602","Strategic Leadership Workshop","Leadership","8","1480","In Progress",,"No"
"BLD-100602","First-Time Manager Program","Leadership","8","680","Completed","2023-10-09","No"
"BLD-100602","Food Safety & HACCP Refresher","Mandatory","8","0","Completed","2023-12-03","No"
"BLD-100605","SAP for HR Users","Technical","4","210","Completed","2024-04-01","Yes"
"BLD-100605","SAP for HR Users","Technical","4","1320","In Progress",,"No"
"BLD-100605","Cold Chain Logistics","Technical","4","1930","Completed","2024-09-23","No"
"BLD-100605","Strategic Leadership Workshop","Leadership","16","1110","Completed","2023-11-23","No"
"BLD-100605","Food Safety & HACCP Refresher","Mandatory","4","0","Completed","2024-05-23","No"
"BLD-100605","Anti-Bribery & Ethics","Mandatory","2","0","Completed","2023-07-02","No"
"BLD-100605","Cold Chain Logistics","Technical","8","450","Completed","2025-08-13","No"
"BLD-100607","Fire & Emergency Response","Mandatory","2","0","Completed","2023-03-20","No"
"BLD-100607","Data Privacy Awareness","Mandatory","2","0","Completed","2023-08-14","No"
"BLD-100607","Presentation Skills","Soft Skills","4","1730","Completed","2023-03-27","No"
"BLD-100608","Presentation Skills","Soft Skills","8","1160","Completed","2025-08-12","No"
"BLD-100608","Fire & Emergency Response","Mandatory","2","0","Completed","2023-02-06","No"
"BLD-100608","Strategic Leadership Workshop","Leadership","8","1100","Not Started",,"No"
"BLD-100608","Coaching for Performance","Leadership","2","540","Completed","2024-10-24","No"
"BLD-100608","DOA & Governance Training","Compliance","4","0","Completed","2023-08-13","Yes"
"BLD-100609","Dairy Processing Fundamentals","Technical","8","360","Completed","2023-12-02","Yes"
"BLD-100611","Quality Control Techniques","Technical","2","620","Completed","2025-02-24","Yes"
"BLD-100611","Food Safety & HACCP Refresher","Mandatory","4","0","Completed","2025-03-27","No"
"BLD-100611","Anti-Bribery & Ethics","Mandatory","8","0","In Progress",,"No"
"BLD-100611","Health & Safety Induction","Mandatory","8","0","Completed","2025-08-28","No"
"BLD-100611","Coaching for Performance","Leadership","4","1730","Completed","2025-04-30","No"
"BLD-100611","SAP for HR Users","Technical","4","1190","In Progress",,"No"
"BLD-100611","Cold Chain Logistics","Technical","16","650","Completed","2023-11-02","No"
"BLD-100611","Conflict Resolution","Soft Skills","4","1260","In Progress",,"No"
"BLD-100611","Presentation Skills","Soft Skills","2","1930","Completed","2025-04-23","No"
"BLD-100611","Food Safety & HACCP Refresher","Mandatory","2","0","Not Started",,"No"
"BLD-100611","Dairy Processing Fundamentals","Technical","2","1780","Completed","2025-02-06","No"
"BLD-100611","Advanced Excel for Reporting","Technical","4","1220","Not Started",,"No"
"BLD-100612","Coaching for Performance","Leadership","16","1990","Completed","2023-05-25","No"
"BLD-100612","Time Management","Soft Skills","2","2070","Completed","2023-03-20","No"
"BLD-100613","Dairy Processing Fundamentals","Technical","2","1030","Completed","2024-05-03","Yes"
"BLD-100613","Egyptian Labor Law Essentials","Compliance","4","0","Completed","2023-01-20","No"
"BLD-100613","Egyptian Labor Law Essentials","Compliance","8","0","In Progress",,"No"
"BLD-100613","Data Privacy Awareness","Mandatory","8","0","Not Started",,"No"
"BLD-100613","Quality Control Techniques","Technical","4","1720","Not Started",,"No"
"BLD-100613","Quality Control Techniques","Technical","8","1610","Completed","2023-04-10","Yes"
"BLD-100613","Coaching for Performance","Leadership","8","470","Completed","2024-03-17","No"
"BLD-100614","Qatar Labor Law Essentials","Compliance","4","0","In Progress",,"No"
"BLD-100614","Data Privacy Awareness","Mandatory","8","0","Completed","2023-01-26","No"
"BLD-100614","Fire & Emergency Response","Mandatory","4","0","Completed","2023-04-05","No"
"BLD-100614","Anti-Bribery & Ethics","Mandatory","2","0","Completed","2023-08-11","No"
"BLD-100614","Qatar Labor Law Essentials","Compliance","4","0","Completed","2023-02-10","No"
"BLD-100614","Fire & Emergency Response","Mandatory","4","0","Completed","2024-07-25","No"
"BLD-100615","Anti-Bribery & Ethics","Mandatory","2","0","In Progress",,"No"
"BLD-100615","Qatar Labor Law Essentials","Compliance","4","0","Completed","2023-06-07","No"
"BLD-100615","Presentation Skills","Soft Skills","4","2100","Completed","2023-06-30","No"
"BLD-100615","Presentation Skills","Soft Skills","2","1570","Completed","2024-01-28","No"
"BLD-100615","Time Management","Soft Skills","2","1170","Completed","2025-04-07","No"
"BLD-100615","Conflict Resolution","Soft Skills","8","550","In Progress",,"No"
"BLD-100615","Qatar Labor Law Essentials","Compliance","2","0","Completed","2024-07-18","No"
"BLD-100615","Cold Chain Logistics","Technical","8","1840","Completed","2025-10-03","No"
"BLD-100615","First-Time Manager Program","Leadership","4","1950","Completed","2025-06-11","No"
"BLD-100615","Advanced Excel for Reporting","Technical","2","2140","Completed","2023-03-30","No"
"BLD-100616","Health & Safety Induction","Mandatory","8","0","In Progress",,"No"
"BLD-100616","Health & Safety Induction","Mandatory","2","0","Completed","2023-03-30","No"
"BLD-100617","First-Time Manager Program","Leadership","4","1990","Completed","2023-02-26","No"
"BLD-100620","Dairy Processing Fundamentals","Technical","4","1550","Completed","2023-08-25","No"
"BLD-100620","Qatar Labor Law Essentials","Compliance","2","0","Completed","2023-09-17","Yes"
"BLD-100620","Data Privacy Awareness","Mandatory","4","0","Completed","2023-01-14","No"
"BLD-100620","Cold Chain Logistics","Technical","4","550","In Progress",,"No"
"BLD-100620","Time Management","Soft Skills","4","920","Completed","2025-04-04","No"
"BLD-100620","Dairy Processing Fundamentals","Technical","16","530","Completed","2025-06-06","No"
"BLD-100620","Strategic Leadership Workshop","Leadership","2","1630","Completed","2024-08-24","No"
"BLD-100620","Fire & Emergency Response","Mandatory","2","0","Completed","2023-03-01","No"
"BLD-100621","Health & Safety Induction","Mandatory","8","0","Completed","2024-05-10","No"
"BLD-100621","Food Safety & HACCP Refresher","Mandatory","2","0","Completed","2023-09-15","No"
"BLD-100621","Quality Control Techniques","Technical","16","1770","Completed","2023-10-08","Yes"
"BLD-100621","Food Safety & HACCP Refresher","Mandatory","4","0","Completed","2025-04-30","No"
"BLD-100621","Food Safety & HACCP Refresher","Mandatory","8","0","Completed","2025-01-16","No"
"BLD-100621","Advanced Excel for Reporting","Technical","2","1120","Completed","2024-06-12","Yes"
"BLD-100622","Time Management","Soft Skills","4","1130","Completed","2024-07-25","No"
"BLD-100622","Health & Safety Induction","Mandatory","4","0","Completed","2024-10-31","No"
"BLD-100622","Qatar Labor Law Essentials","Compliance","4","0","Completed","2024-02-20","No"
"BLD-100622","Effective Communication","Soft Skills","4","530","Completed","2025-04-17","No"
"BLD-100622","Qatar Labor Law Essentials","Compliance","4","0","Completed","2025-03-15","No"
"BLD-100622","SAP for HR Users","Technical","4","1150","Completed","2023-11-04","Yes"
"BLD-100622","Conflict Resolution","Soft Skills","4","820","Completed","2024-04-17","No"
"BLD-100623","Effective Communication","Soft Skills","2","2100","Completed","2025-08-03","No"
"BLD-100623","DOA & Governance Training","Compliance","2","0","Completed","2024-11-16","Yes"
"BLD-100623","Qatar Labor Law Essentials","Compliance","4","0","In Progress",,"No"
"BLD-100623","Time Management","Soft Skills","2","990","Completed","2023-06-20","No"
"BLD-100623","Qatar Labor Law Essentials","Compliance","8","0","Completed","2025-03-19","No"
"BLD-100623","Strategic Leadership Workshop","Leadership","8","1630","Completed","2025-12-24","No"
"BLD-100623","Conflict Resolution","Soft Skills","4","1100","Completed","2023-12-01","No"
"BLD-100623","Data Privacy Awareness","Mandatory","8","0","Completed","2023-08-07","No"
"BLD-100623","Presentation Skills","Soft Skills","4","1760","Completed","2025-06-18","No"
"BLD-100624","Presentation Skills","Soft Skills","16","1430","Completed","2023-02-08","No"
"BLD-100624","Conflict Resolution","Soft Skills","2","1790","Completed","2023-09-11","No"
"BLD-100624","SAP for HR Users","Technical","2","800","Completed","2023-12-26","Yes"
"BLD-100625","Anti-Bribery & Ethics","Mandatory","8","0","In Progress",,"No"
"BLD-100625","Cold Chain Logistics","Technical","4","460","Completed","2024-09-13","No"
"BLD-100625","Food Safety & HACCP Refresher","Mandatory","8","0","Completed","2025-07-13","No"
"BLD-100625","Presentation Skills","Soft Skills","16","640","In Progress",,"No"
"BLD-100625","Health & Safety Induction","Mandatory","2","0","Completed","2025-06-01","No"
"BLD-100625","DOA & Governance Training","Compliance","8","0","Completed","2025-07-08","No"
"BLD-100625","Cold Chain Logistics","Technical","2","630","Completed","2023-09-14","No"
"BLD-100625","Health & Safety Induction","Mandatory","2","0","Completed","2024-10-03","No"
"BLD-100625","Food Safety & HACCP Refresher","Mandatory","4","0","In Progress",,"No"
"BLD-100625","Time Management","Soft Skills","4","2090","Completed","2023-02-21","No"
"BLD-100626","Conflict Resolution","Soft Skills","2","510","Completed","2023-10-31","No"
"BLD-100626","Coaching for Performance","Leadership","8","530","In Progress",,"No"
"BLD-100627","Data Privacy Awareness","Mandatory","2","0","In Progress",,"No"
"BLD-100627","First-Time Manager Program","Leadership","2","340","Completed","2024-11-10","No"
"BLD-100627","Conflict Resolution","Soft Skills","2","1220","Completed","2023-05-02","No"
"BLD-100627","Cold Chain Logistics","Technical","8","210","Completed","2025-08-26","No"
"BLD-100627","Health & Safety Induction","Mandatory","8","0","Completed","2023-07-11","No"
"BLD-100627","DOA & Governance Training","Compliance","4","0","Completed","2024-09-09","Yes"
"BLD-100628","Health & Safety Induction","Mandatory","2","0","Completed","2023-01-16","No"
"BLD-100631","First-Time Manager Program","Leadership","2","1230","Completed","2023-09-12","No"
"BLD-100631","Strategic Leadership Workshop","Leadership","2","610","Completed","2024-02-03","No"
"BLD-100631","Health & Safety Induction","Mandatory","2","0","In Progress",,"No"
"BLD-100631","Egyptian Labor Law Essentials","Compliance","8","0","Completed","2023-09-02","No"
"BLD-100631","Coaching for Performance","Leadership","4","690","Completed","2024-01-03","No"
"BLD-100631","Health & Safety Induction","Mandatory","16","0","Completed","2023-08-06","No"
"BLD-100632","Data Privacy Awareness","Mandatory","4","0","Completed","2023-02-28","No"
"BLD-100632","Data Privacy Awareness","Mandatory","2","0","Completed","2023-02-03","No"
"BLD-100632","Conflict Resolution","Soft Skills","8","280","Not Started",,"No"
"BLD-100633","Time Management","Soft Skills","2","1630","Completed","2025-01-06","No"
"BLD-100633","Health & Safety Induction","Mandatory","4","0","In Progress",,"No"
"BLD-100633","Conflict Resolution","Soft Skills","2","1870","Completed","2023-09-01","No"
"BLD-100633","Health & Safety Induction","Mandatory","8","0","Completed","2024-06-09","No"
"BLD-100633","Food Safety & HACCP Refresher","Mandatory","16","0","Completed","2025-11-26","No"
"BLD-100633","Egyptian Labor Law Essentials","Compliance","4","0","Completed","2025-10-20","Yes"
"BLD-100633","Fire & Emergency Response","Mandatory","8","0","Completed","2025-07-01","No"
"BLD-100633","First-Time Manager Program","Leadership","2","1720","Completed","2025-06-13","No"
"BLD-100634","Data Privacy Awareness","Mandatory","2","0","In Progress",,"No"
"BLD-100634","Anti-Bribery & Ethics","Mandatory","8","0","Completed","2023-07-14","No"
"BLD-100634","DOA & Governance Training","Compliance","16","0","In Progress",,"No"
"BLD-100634","DOA & Governance Training","Compliance","4","0","Completed","2023-06-16","No"
"BLD-100634","Conflict Resolution","Soft Skills","8","840","Completed","2023-12-11","No"
"BLD-100634","Coaching for Performance","Leadership","8","650","Completed","2024-07-13","No"
"BLD-100634","Qatar Labor Law Essentials","Compliance","4","0","Completed","2023-11-05","No"
"BLD-100634","Time Management","Soft Skills","2","1120","Completed","2023-05-10","No"
"BLD-100634","Fire & Emergency Response","Mandatory","4","0","In Progress",,"No"
"BLD-100634","Cold Chain Logistics","Technical","4","970","Completed","2025-05-12","No"
"BLD-100634","Time Management","Soft Skills","2","1240","Completed","2025-10-26","No"
"BLD-100634","Effective Communication","Soft Skills","2","1940","Completed","2025-05-31","No"
"BLD-100634","Qatar Labor Law Essentials","Compliance","2","0","Completed","2025-11-21","No"
"BLD-100635","Conflict Resolution","Soft Skills","8","1930","Completed","2025-04-04","No"
"BLD-100635","Presentation Skills","Soft Skills","2","230","Completed","2025-01-28","No"
"BLD-100635","Cold Chain Logistics","Technical","2","1230","Completed","2025-10-18","No"
"BLD-100635","Conflict Resolution","Soft Skills","4","1870","Completed","2024-02-20","No"
"BLD-100635","Conflict Resolution","Soft Skills","8","1030","Completed","2024-12-02","No"
"BLD-100635","Health & Safety Induction","Mandatory","2","0","Completed","2023-02-08","No"
"BLD-100635","Effective Communication","Soft Skills","4","1880","Completed","2025-10-14","No"
"BLD-100635","Health & Safety Induction","Mandatory","8","0","Completed","2025-04-03","No"
"BLD-100635","Data Privacy Awareness","Mandatory","4","0","Completed","2023-06-18","No"
"BLD-100635","Anti-Bribery & Ethics","Mandatory","8","0","Completed","2025-09-02","No"
"BLD-100635","Health & Safety Induction","Mandatory","16","0","Completed","2025-01-09","No"
"BLD-100636","Cold Chain Logistics","Technical","2","730","Completed","2023-10-20","No"
"BLD-100636","Dairy Processing Fundamentals","Technical","4","1120","Completed","2024-11-11","No"
"BLD-100636","Quality Control Techniques","Technical","4","1860","Completed","2025-04-11","Yes"
"BLD-100636","First-Time Manager Program","Leadership","8","1730","Completed","2025-04-24","No"
"BLD-100636","Qatar Labor Law Essentials","Compliance","4","0","Not Started",,"No"
"BLD-100636","Qatar Labor Law Essentials","Compliance","8","0","Completed","2024-04-02","Yes"
"BLD-100637","Effective Communication","Soft Skills","8","1150","Completed","2024-03-20","No"
"BLD-100637","First-Time Manager Program","Leadership","2","930","Completed","2024-05-29","No"
"BLD-100637","Effective Communication","Soft Skills","2","1720","Completed","2024-12-05","No"
"BLD-100637","DOA & Governance Training","Compliance","2","0","Completed","2024-10-02","No"
"BLD-100637","Qatar Labor Law Essentials","Compliance","2","0","Completed","2025-04-06","Yes"
"BLD-100637","Qatar Labor Law Essentials","Compliance","8","0","Not Started",,"No"
"BLD-100637","Health & Safety Induction","Mandatory","8","0","Completed","2024-02-10","No"
"BLD-100637","Health & Safety Induction","Mandatory","8","0","Completed","2023-02-02","No"
"BLD-100637","Effective Communication","Soft Skills","4","1700","Completed","2023-01-27","No"
"BLD-100637","DOA & Governance Training","Compliance","2","0","Completed","2024-06-02","No"
"BLD-100638","Cold Chain Logistics","Technical","2","2110","Completed","2023-10-11","Yes"
"BLD-100638","Anti-Bribery & Ethics","Mandatory","4","0","Completed","2023-08-24","No"
"BLD-100638","Cold Chain Logistics","Technical","8","160","In Progress",,"No"
"BLD-100638","Anti-Bribery & Ethics","Mandatory","16","0","Completed","2025-08-11","No"
"BLD-100638","Anti-Bribery & Ethics","Mandatory","8","0","Completed","2024-07-30","No"
"BLD-100638","Dairy Processing Fundamentals","Technical","2","1170","Completed","2024-05-30","No"
"BLD-100638","Cold Chain Logistics","Technical","2","2040","Completed","2023-07-29","No"
"BLD-100639","Strategic Leadership Workshop","Leadership","4","570","In Progress",,"No"
"BLD-100639","SAP for HR Users","Technical","2","1460","Completed","2023-04-17","No"
"BLD-100640","Quality Control Techniques","Technical","4","170","Completed","2023-02-02","Yes"
"BLD-100641","Quality Control Techniques","Technical","4","1050","Completed","2025-05-14","No"
"BLD-100641","Anti-Bribery & Ethics","Mandatory","2","0","Completed","2025-11-25","No"
"BLD-100641","SAP for HR Users","Technical","4","940","Completed","2023-09-07","Yes"
"BLD-100642","DOA & Governance Training","Compliance","4","0","In Progress",,"No"
"BLD-100642","Qatar Labor Law Essentials","Compliance","2","0","Completed","2023-03-11","No"
"BLD-100642","Qatar Labor Law Essentials","Compliance","8","0","Completed","2024-08-25","Yes"
"BLD-100642","Presentation Skills","Soft Skills","8","950","Completed","2024-07-31","No"
"BLD-100642","Quality Control Techniques","Technical","2","1670","Completed","2024-03-24","Yes"
"BLD-100642","Cold Chain Logistics","Technical","4","1550","Completed","2024-04-18","Yes"
"BLD-100642","Quality Control Techniques","Technical","4","1950","Completed","2023-06-03","No"
"BLD-100642","Food Safety & HACCP Refresher","Mandatory","8","0","Completed","2025-03-18","No"
"BLD-100642","Strategic Leadership Workshop","Leadership","8","1170","Completed","2023-01-25","No"
"BLD-100644","Anti-Bribery & Ethics","Mandatory","4","0","Not Started",,"No"
"BLD-100644","Health & Safety Induction","Mandatory","4","0","Completed","2024-10-11","No"
"BLD-100644","Strategic Leadership Workshop","Leadership","4","700","Completed","2023-12-19","No"
"BLD-100644","Egyptian Labor Law Essentials","Compliance","2","0","Completed","2025-10-13","No"
"BLD-100644","Fire & Emergency Response","Mandatory","16","0","Completed","2023-04-07","No"
"BLD-100644","Data Privacy Awareness","Mandatory","8","0","Completed","2024-03-08","No"
"BLD-100644","Time Management","Soft Skills","4","690","Completed","2024-02-24","No"
"BLD-100644","Food Safety & HACCP Refresher","Mandatory","4","0","Completed","2023-06-21","No"
"BLD-100644","DOA & Governance Training","Compliance","16","0","Completed","2024-02-26","No"
"BLD-100645","Quality Control Techniques","Technical","2","1300","Completed","2023-11-26","No"
"BLD-100645","Advanced Excel for Reporting","Technical","8","2010","Completed","2023-02-15","Yes"
"BLD-100645","Strategic Leadership Workshop","Leadership","8","2160","Completed","2023-01-06","No"
"BLD-100645","Data Privacy Awareness","Mandatory","2","0","Completed","2023-08-11","No"
"BLD-100646","Effective Communication","Soft Skills","2","850","Completed","2024-02-07","No"
"BLD-100646","SAP for HR Users","Technical","8","1380","Completed","2025-10-14","Yes"
"BLD-100646","Advanced Excel for Reporting","Technical","2","230","Not Started",,"No"
"BLD-100646","Qatar Labor Law Essentials","Compliance","4","0","Completed","2023-08-25","No"
"BLD-100646","Advanced Excel for Reporting","Technical","2","870","In Progress",,"No"
"BLD-100646","Conflict Resolution","Soft Skills","2","1140","In Progress",,"No"
"BLD-100646","DOA & Governance Training","Compliance","8","0","In Progress",,"No"
"BLD-100647","Cold Chain Logistics","Technical","8","1160","Completed","2023-02-13","Yes"
"BLD-100648","DOA & Governance Training","Compliance","8","0","Completed","2025-08-20","No"
"BLD-100648","Anti-Bribery & Ethics","Mandatory","16","0","Completed","2023-03-03","No"
"BLD-100648","Dairy Processing Fundamentals","Technical","2","1950","Completed","2024-08-20","No"
"BLD-100648","DOA & Governance Training","Compliance","8","0","Completed","2024-05-04","No"
"BLD-100648","Advanced Excel for Reporting","Technical","4","1050","Completed","2025-01-12","Yes"
"BLD-100648","Anti-Bribery & Ethics","Mandatory","8","0","Completed","2024-11-28","No"
"BLD-100649","SAP for HR Users","Technical","8","390","Completed","2024-05-04","Yes"
"BLD-100649","Advanced Excel for Reporting","Technical","16","890","Completed","2023-08-20","No"
"BLD-100649","Food Safety & HACCP Refresher","Mandatory","2","0","Completed","2023-10-05","No"
"BLD-100649","First-Time Manager Program","Leadership","2","1190","Completed","2024-12-30","No"
"BLD-100649","Quality Control Techniques","Technical","2","370","Completed","2024-03-23","Yes"
"BLD-100649","Anti-Bribery & Ethics","Mandatory","2","0","Completed","2023-04-24","No"
"BLD-100649","Strategic Leadership Workshop","Leadership","4","960","Completed","2025-01-20","No"
"BLD-100649","SAP for HR Users","Technical","4","430","In Progress",,"No"
"BLD-100649","Egyptian Labor Law Essentials","Compliance","16","0","Completed","2023-03-14","Yes"
"BLD-100649","Fire & Emergency Response","Mandatory","2","0","Completed","2025-10-19","No"
"BLD-100649","Strategic Leadership Workshop","Leadership","4","340","Completed","2024-07-21","No"
"BLD-100649","Advanced Excel for Reporting","Technical","2","1740","Completed","2024-08-09","No"
"BLD-100649","Cold Chain Logistics","Technical","2","290","Completed","2024-01-05","Yes"
"BLD-100650","Anti-Bribery & Ethics","Mandatory","8","0","Completed","2024-09-16","No"
"BLD-100651","First-Time Manager Program","Leadership","8","1840","In Progress",,"No"
"BLD-100652","Conflict Resolution","Soft Skills","4","260","Completed","2023-07-23","No"
"BLD-100652","Dairy Processing Fundamentals","Technical","4","1190","Completed","2023-08-26","Yes"
"BLD-100652","Food Safety & HACCP Refresher","Mandatory","4","0","Completed","2023-07-06","No"
"BLD-100652","Effective Communication","Soft Skills","4","600","Completed","2023-10-23","No"
"BLD-100652","Food Safety & HACCP Refresher","Mandatory","16","0","Completed","2023-05-21","No"
"BLD-100653","Data Privacy Awareness","Mandatory","4","0","Completed","2023-12-27","No"
"BLD-100653","Anti-Bribery & Ethics","Mandatory","8","0","Completed","2023-08-08","No"
"BLD-100653","Cold Chain Logistics","Technical","2","1890","Completed","2023-02-03","No"
"BLD-100654","Presentation Skills","Soft Skills","8","900","Completed","2024-02-08","No"
"BLD-100654","Fire & Emergency Response","Mandatory","2","0","In Progress",,"No"
"BLD-100654","DOA & Governance Training","Compliance","4","0","Completed","2023-06-25","No"
"BLD-100655","Food Safety & HACCP Refresher","Mandatory","8","0","Completed","2025-11-25","No"
"BLD-100655","Food Safety & HACCP Refresher","Mandatory","2","0","Not Started",,"No"
"BLD-100655","Strategic Leadership Workshop","Leadership","2","1060","Completed","2024-04-20","No"
"BLD-100655","Anti-Bribery & Ethics","Mandatory","8","0","Completed","2023-07-03","No"
"BLD-100655","Fire & Emergency Response","Mandatory","4","0","Completed","2024-08-10","No"
"BLD-100655","SAP for HR Users","Technical","16","1730","In Progress",,"No"
"BLD-100655","SAP for HR Users","Technical","4","1070","Completed","2024-10-04","No"
"BLD-100655","Dairy Processing Fundamentals","Technical","8","1740","Completed","2024-09-29","No"
"BLD-100655","Dairy Processing Fundamentals","Technical","2","1440","Completed","2023-10-13","No"
"BLD-100655","Advanced Excel for Reporting","Technical","2","2170","In Progress",,"No"
"BLD-100656","Strategic Leadership Workshop","Leadership","4","860","Completed","2023-04-09","No"
"BLD-100656","Dairy Processing Fundamentals","Technical","16","1630","Completed","2023-01-16","No"
"BLD-100657","First-Time Manager Program","Leadership","4","470","Completed","2024-06-24","No"
"BLD-100657","DOA & Governance Training","Compliance","2","0","Completed","2024-09-13","Yes"
"BLD-100657","Food Safety & HACCP Refresher","Mandatory","2","0","Completed","2023-05-02","No"
"BLD-100657","Qatar Labor Law Essentials","Compliance","2","0","Completed","2024-06-12","No"
"BLD-100657","Fire & Emergency Response","Mandatory","4","0","Completed","2023-02-18","No"
"BLD-100657","Advanced Excel for Reporting","Technical","2","1640","Completed","2024-08-17","Yes"
"BLD-100658","Health & Safety Induction","Mandatory","8","0","Completed","2023-04-26","No"
"BLD-100659","DOA & Governance Training","Compliance","4","0","Completed","2025-04-20","No"
"BLD-100659","Anti-Bribery & Ethics","Mandatory","4","0","Completed","2024-11-14","No"
"BLD-100659","Cold Chain Logistics","Technical","2","2090","Completed","2023-02-24","No"
"BLD-100659","Conflict Resolution","Soft Skills","2","1130","Completed","2023-04-18","No"
"BLD-100659","Health & Safety Induction","Mandatory","4","0","Completed","2023-06-08","No"
"BLD-100659","Cold Chain Logistics","Technical","2","890","Completed","2025-02-16","No"
"BLD-100660","Dairy Processing Fundamentals","Technical","16","1870","Completed","2023-04-10","Yes"
"BLD-100660","Effective Communication","Soft Skills","8","740","Completed","2024-05-21","No"
"BLD-100660","Coaching for Performance","Leadership","16","980","Completed","2023-04-05","No"
"BLD-100660","SAP for HR Users","Technical","2","300","Completed","2023-03-11","No"
"BLD-100660","Health & Safety Induction","Mandatory","4","0","Completed","2023-02-23","No"
"BLD-100660","Dairy Processing Fundamentals","Technical","8","1350","Completed","2023-02-19","No"
"BLD-100661","Conflict Resolution","Soft Skills","2","1730","Completed","2023-01-10","No"
"BLD-100661","Health & Safety Induction","Mandatory","2","0","In Progress",,"No"
"BLD-100661","Food Safety & HACCP Refresher","Mandatory","8","0","Not Started",,"No"
"BLD-100661","Dairy Processing Fundamentals","Technical","8","210","In Progress",,"No"
"BLD-100661","DOA & Governance Training","Compliance","4","0","Not Started",,"No"
"BLD-100661","Advanced Excel for Reporting","Technical","8","1640","Completed","2025-05-05","No"
"BLD-100661","Conflict Resolution","Soft Skills","4","1870","Completed","2025-12-10","No"
"BLD-100661","Fire & Emergency Response","Mandatory","4","0","Completed","2025-12-24","No"
"BLD-100661","Cold Chain Logistics","Technical","8","1940","Completed","2024-03-20","No"
"BLD-100661","Advanced Excel for Reporting","Technical","2","580","Completed","2024-04-13","No"
"BLD-100661","Quality Control Techniques","Technical","16","180","In Progress",,"No"
"BLD-100662","Food Safety & HACCP Refresher","Mandatory","2","0","Completed","2023-02-17","No"
"BLD-100662","Fire & Emergency Response","Mandatory","8","0","Completed","2024-01-22","No"
"BLD-100662","SAP for HR Users","Technical","8","950","Completed","2023-04-02","Yes"
"BLD-100662","Presentation Skills","Soft Skills","16","670","Completed","2024-02-10","No"
"BLD-100662","Fire & Emergency Response","Mandatory","4","0","Completed","2025-04-21","No"
"BLD-100662","Effective Communication","Soft Skills","2","1620","Completed","2024-07-02","No"
"BLD-100662","First-Time Manager Program","Leadership","4","790","Completed","2025-07-17","No"
"BLD-100662","Food Safety & HACCP Refresher","Mandatory","4","0","Completed","2023-12-01","No"
"BLD-100662","Food Safety & HACCP Refresher","Mandatory","4","0","Completed","2024-09-28","No"
"BLD-100662","Effective Communication","Soft Skills","2","1950","Completed","2023-05-02","No"
"BLD-100662","Time Management","Soft Skills","4","720","Completed","2024-12-31","No"
"BLD-100662","Effective Communication","Soft Skills","8","1850","Completed","2023-03-04","No"
"BLD-100664","Food Safety & HACCP Refresher","Mandatory","2","0","Completed","2025-01-26","No"
"BLD-100664","Health & Safety Induction","Mandatory","2","0","Completed","2025-06-24","No"
"BLD-100664","Strategic Leadership Workshop","Leadership","4","760","Not Started",,"No"
"BLD-100664","DOA & Governance Training","Compliance","16","0","Completed","2024-10-13","No"
"BLD-100664","Advanced Excel for Reporting","Technical","16","240","Completed","2023-09-28","Yes"
"BLD-100664","Quality Control Techniques","Technical","4","1250","In Progress",,"No"
"BLD-100665","Conflict Resolution","Soft Skills","8","810","Completed","2023-02-18","No"
"BLD-100665","Conflict Resolution","Soft Skills","2","1700","Completed","2024-04-04","No"
"BLD-100665","Fire & Emergency Response","Mandatory","4","0","Completed","2024-08-12","No"
"BLD-100665","Cold Chain Logistics","Technical","2","1970","Completed","2024-03-04","No"
"BLD-100665","Quality Control Techniques","Technical","8","950","Completed","2024-02-04","No"
"BLD-100665","Conflict Resolution","Soft Skills","8","950","Completed","2024-07-18","No"
"BLD-100666","Fire & Emergency Response","Mandatory","4","0","Not Started",,"No"
"BLD-100666","Data Privacy Awareness","Mandatory","2","0","Completed","2023-03-02","No"
"BLD-100666","Anti-Bribery & Ethics","Mandatory","8","0","Completed","2024-07-22","No"
"BLD-100666","Advanced Excel for Reporting","Technical","8","420","Completed","2023-10-20","No"
"BLD-100666","Strategic Leadership Workshop","Leadership","2","710","Not Started",,"No"
"BLD-100667","Quality Control Techniques","Technical","4","1430","Completed","2023-03-17","No"
"BLD-100669","Effective Communication","Soft Skills","16","740","Completed","2023-12-19","No"
"BLD-100669","Advanced Excel for Reporting","Technical","4","1930","Completed","2025-07-05","No"
"BLD-100669","Data Privacy Awareness","Mandatory","16","0","In Progress",,"No"
"BLD-100669","Health & Safety Induction","Mandatory","2","0","Completed","2023-04-05","No"
"BLD-100669","Health & Safety Induction","Mandatory","8","0","Completed","2023-05-01","No"
"BLD-100669","Conflict Resolution","Soft Skills","2","1090","Completed","2025-04-11","No"
"BLD-100670","Health & Safety Induction","Mandatory","2","0","Completed","2023-02-08","No"
"BLD-100670","Egyptian Labor Law Essentials","Compliance","4","0","Completed","2023-01-27","Yes"
"BLD-100670","Effective Communication","Soft Skills","8","1670","Completed","2024-05-30","No"
"BLD-100670","Time Management","Soft Skills","8","1610","Completed","2024-08-11","No"
"BLD-100670","Food Safety & HACCP Refresher","Mandatory","2","0","Completed","2024-06-11","No"
"BLD-100670","Dairy Processing Fundamentals","Technical","4","1370","Completed","2024-08-15","No"
"BLD-100670","Effective Communication","Soft Skills","4","1940","Completed","2024-02-09","No"
"BLD-100671","Data Privacy Awareness","Mandatory","8","0","Completed","2023-12-24","No"
"BLD-100671","Fire & Emergency Response","Mandatory","8","0","Completed","2024-01-26","No"
"BLD-100671","DOA & Governance Training","Compliance","2","0","Completed","2023-09-06","Yes"
"BLD-100671","Data Privacy Awareness","Mandatory","8","0","Completed","2024-09-19","No"
"BLD-100671","Strategic Leadership Workshop","Leadership","16","1530","Completed","2023-03-02","No"
"BLD-100671","Dairy Processing Fundamentals","Technical","2","1830","Completed","2023-03-11","No"
"BLD-100671","Food Safety & HACCP Refresher","Mandatory","2","0","Completed","2024-09-11","No"
"BLD-100672","Dairy Processing Fundamentals","Technical","4","180","Completed","2024-02-19","Yes"
"BLD-100672","Health & Safety Induction","Mandatory","4","0","Completed","2023-04-02","No"
"BLD-100672","Anti-Bribery & Ethics","Mandatory","4","0","Completed","2023-05-04","No"
"BLD-100672","Data Privacy Awareness","Mandatory","4","0","Completed","2025-05-23","No"
"BLD-100672","SAP for HR Users","Technical","4","1890","Completed","2023-03-16","No"
"BLD-100672","Coaching for Performance","Leadership","2","1370","Completed","2023-07-15","No"
"BLD-100672","Anti-Bribery & Ethics","Mandatory","8","0","Completed","2024-04-10","No"
"BLD-100672","Fire & Emergency Response","Mandatory","8","0","In Progress",,"No"
"BLD-100673","Quality Control Techniques","Technical","2","310","Completed","2025-08-30","Yes"
"BLD-100673","Quality Control Techniques","Technical","16","560","Completed","2025-02-25","No"
"BLD-100673","Anti-Bribery & Ethics","Mandatory","4","0","In Progress",,"No"
"BLD-100673","Data Privacy Awareness","Mandatory","16","0","Not Started",,"No"
"BLD-100673","Food Safety & HACCP Refresher","Mandatory","4","0","Completed","2024-07-01","No"
"BLD-100673","Conflict Resolution","Soft Skills","2","170","Completed","2023-07-11","No"
"BLD-100673","Presentation Skills","Soft Skills","8","290","Completed","2024-11-12","No"
"BLD-100673","Cold Chain Logistics","Technical","4","2150","Completed","2024-06-03","No"
"BLD-100673","Advanced Excel for Reporting","Technical","4","1500","Completed","2023-02-07","No"
"BLD-100674","Health & Safety Induction","Mandatory","16","0","Completed","2023-08-17","No"
"BLD-100674","Cold Chain Logistics","Technical","8","600","Not Started",,"No"
"BLD-100674","SAP for HR Users","Technical","16","1360","Completed","2024-05-03","No"
"BLD-100674","Data Privacy Awareness","Mandatory","8","0","Completed","2024-09-24","No"
"BLD-100674","DOA & Governance Training","Compliance","8","0","Completed","2025-05-31","Yes"
"BLD-100674","First-Time Manager Program","Leadership","2","400","Completed","2025-02-19","No"
"BLD-100674","Health & Safety Induction","Mandatory","8","0","Completed","2023-12-29","No"
"BLD-100674","Cold Chain Logistics","Technical","4","2060","Completed","2023-09-22","Yes"
"BLD-100675","Food Safety & HACCP Refresher","Mandatory","2","0","Completed","2023-10-29","No"
"BLD-100675","Qatar Labor Law Essentials","Compliance","4","0","Completed","2025-06-25","No"
"BLD-100675","Cold Chain Logistics","Technical","2","380","In Progress",,"No"
"BLD-100675","Time Management","Soft Skills","2","1230","Completed","2024-06-05","No"
"BLD-100675","Dairy Processing Fundamentals","Technical","2","1570","Not Started",,"No"
"BLD-100675","Food Safety & HACCP Refresher","Mandatory","16","0","Completed","2025-10-11","No"
"BLD-100675","Presentation Skills","Soft Skills","4","280","Completed","2023-01-13","No"
"BLD-100675","Coaching for Performance","Leadership","2","1350","Completed","2025-05-14","No"
"BLD-100675","Effective Communication","Soft Skills","4","710","Completed","2024-06-28","No"
"BLD-100675","Fire & Emergency Response","Mandatory","2","0","Completed","2025-09-03","No"
"BLD-100676","First-Time Manager Program","Leadership","2","920","Completed","2023-02-04","No"
"BLD-100676","Food Safety & HACCP Refresher","Mandatory","16","0","Completed","2024-06-12","No"
"BLD-100677","Strategic Leadership Workshop","Leadership","2","860","Completed","2025-05-10","No"
"BLD-100677","Strategic Leadership Workshop","Leadership","2","750","Completed","2023-03-11","No"
"BLD-100677","First-Time Manager Program","Leadership","4","860","Completed","2024-12-07","No"
"BLD-100677","Cold Chain Logistics","Technical","2","2120","Completed","2023-08-15","Yes"
"BLD-100677","Cold Chain Logistics","Technical","4","210","Completed","2024-11-27","No"
"BLD-100678","Health & Safety Induction","Mandatory","2","0","Completed","2025-09-28","No"
"BLD-100678","Health & Safety Induction","Mandatory","4","0","Completed","2023-08-28","No"
"BLD-100678","Qatar Labor Law Essentials","Compliance","4","0","Completed","2025-09-18","Yes"
"BLD-100678","Cold Chain Logistics","Technical","8","370","Completed","2025-04-29","Yes"
"BLD-100678","SAP for HR Users","Technical","2","150","Completed","2024-07-19","Yes"
"BLD-100678","Health & Safety Induction","Mandatory","4","0","Completed","2024-08-25","No"
"BLD-100678","Qatar Labor Law Essentials","Compliance","16","0","Completed","2024-10-03","No"
"BLD-100678","Strategic Leadership Workshop","Leadership","16","1610","Completed","2025-02-10","No"
"BLD-100678","Food Safety & HACCP Refresher","Mandatory","4","0","Completed","2025-01-17","No"
"BLD-100679","Cold Chain Logistics","Technical","8","1080","Completed","2025-11-03","No"
"BLD-100679","Health & Safety Induction","Mandatory","4","0","Completed","2023-12-05","No"
"BLD-100679","Quality Control Techniques","Technical","4","1190","Not Started",,"No"
"BLD-100679","Presentation Skills","Soft Skills","2","280","Completed","2023-11-19","No"
"BLD-100679","Food Safety & HACCP Refresher","Mandatory","16","0","Completed","2025-08-31","No"
"BLD-100679","Qatar Labor Law Essentials","Compliance","4","0","In Progress",,"No"
"BLD-100679","Conflict Resolution","Soft Skills","16","1670","Completed","2024-04-26","No"
"BLD-100679","Effective Communication","Soft Skills","2","1050","Completed","2024-07-21","No"
"BLD-100679","Anti-Bribery & Ethics","Mandatory","8","0","Completed","2023-11-19","No"
"BLD-100679","Quality Control Techniques","Technical","4","1750","In Progress",,"No"
"BLD-100680","Dairy Processing Fundamentals","Technical","2","1680","Completed","2023-11-24","No"
"BLD-100680","Conflict Resolution","Soft Skills","2","1300","Completed","2023-01-11","No"
"BLD-100680","Anti-Bribery & Ethics","Mandatory","2","0","Completed","2023-12-21","No"
"BLD-100680","Health & Safety Induction","Mandatory","4","0","Not Started",,"No"
"BLD-100680","Dairy Processing Fundamentals","Technical","2","990","Completed","2023-10-01","Yes"
"BLD-100680","Data Privacy Awareness","Mandatory","4","0","Completed","2023-03-07","No"
"BLD-100681","Coaching for Performance","Leadership","8","380","In Progress",,"No"
"BLD-100681","Health & Safety Induction","Mandatory","8","0","Completed","2023-04-20","No"
"BLD-100681","Strategic Leadership Workshop","Leadership","16","1750","Completed","2023-12-17","No"
"BLD-100681","Effective Communication","Soft Skills","4","1690","Completed","2023-06-20","No"
"BLD-100681","Strategic Leadership Workshop","Leadership","4","2050","Completed","2024-09-20","No"
"BLD-100681","Cold Chain Logistics","Technical","2","1060","Completed","2024-08-15","No"
"BLD-100681","Anti-Bribery & Ethics","Mandatory","2","0","Completed","2023-05-13","No"
"BLD-100681","Anti-Bribery & Ethics","Mandatory","2","0","Completed","2024-09-23","No"
"BLD-100682","First-Time Manager Program","Leadership","8","620","Completed","2023-11-11","No"
"BLD-100682","Data Privacy Awareness","Mandatory","2","0","Completed","2023-10-26","No"
"BLD-100682","Dairy Processing Fundamentals","Technical","4","860","Completed","2023-04-25","Yes"
"BLD-100683","Effective Communication","Soft Skills","2","890","Completed","2025-07-26","No"
"BLD-100683","Qatar Labor Law Essentials","Compliance","16","0","Completed","2023-07-25","No"
"BLD-100683","Health & Safety Induction","Mandatory","2","0","Completed","2023-12-14","No"
"BLD-100683","Effective Communication","Soft Skills","2","2160","Completed","2024-05-17","No"
"BLD-100683","Food Safety & HACCP Refresher","Mandatory","4","0","In Progress",,"No"
"BLD-100683","Food Safety & HACCP Refresher","Mandatory","8","0","Completed","2023-09-29","No"
"BLD-100683","Qatar Labor Law Essentials","Compliance","8","0","Completed","2025-04-17","Yes"
"BLD-100684","First-Time Manager Program","Leadership","8","610","Completed","2024-09-17","No"
"BLD-100684","Strategic Leadership Workshop","Leadership","16","1270","Completed","2024-04-19","No"
"BLD-100684","Strategic Leadership Workshop","Leadership","2","1720","Completed","2024-01-19","No"
"BLD-100684","Food Safety & HACCP Refresher","Mandatory","8","0","Completed","2024-01-23","No"
"BLD-100684","Quality Control Techniques","Technical","16","1970","Completed","2024-04-05","No"
"BLD-100685","Cold Chain Logistics","Technical","2","1830","Completed","2023-06-18","No"
"BLD-100685","Food Safety & HACCP Refresher","Mandatory","8","0","Completed","2023-08-05","No"
"BLD-100685","Fire & Emergency Response","Mandatory","2","0","Completed","2025-11-24","No"
"BLD-100685","Conflict Resolution","Soft Skills","2","570","Completed","2024-12-22","No"
"BLD-100685","Health & Safety Induction","Mandatory","8","0","Completed","2023-10-02","No"
"BLD-100685","Fire & Emergency Response","Mandatory","8","0","Completed","2023-06-16","No"
"BLD-100685","Qatar Labor Law Essentials","Compliance","2","0","In Progress",,"No"
"BLD-100685","DOA & Governance Training","Compliance","8","0","Completed","2025-12-12","Yes"
"BLD-100685","DOA & Governance Training","Compliance","4","0","Completed","2023-12-13","No"
"BLD-100687","First-Time Manager Program","Leadership","2","730","Completed","2025-05-03","No"
"BLD-100687","Dairy Processing Fundamentals","Technical","2","2100","Completed","2024-10-16","Yes"
"BLD-100687","Quality Control Techniques","Technical","4","1300","Completed","2024-03-05","Yes"
"BLD-100687","Fire & Emergency Response","Mandatory","8","0","Not Started",,"No"
"BLD-100687","First-Time Manager Program","Leadership","16","1330","Completed","2025-08-11","No"
"BLD-100687","Fire & Emergency Response","Mandatory","2","0","Not Started",,"No"
"BLD-100688","Dairy Processing Fundamentals","Technical","4","1520","In Progress",,"No"
"BLD-100688","Conflict Resolution","Soft Skills","2","470","In Progress",,"No"
"BLD-100688","Coaching for Performance","Leadership","2","200","Not Started",,"No"
"BLD-100688","Quality Control Techniques","Technical","8","600","Completed","2023-09-27","No"
"BLD-100689","Strategic Leadership Workshop","Leadership","2","1630","Completed","2025-07-08","No"
"BLD-100689","DOA & Governance Training","Compliance","4","0","Completed","2025-01-11","Yes"
"BLD-100689","Qatar Labor Law Essentials","Compliance","2","0","Completed","2024-09-19","No"
"BLD-100689","Quality Control Techniques","Technical","4","1350","In Progress",,"No"
"BLD-100689","Qatar Labor Law Essentials","Compliance","8","0","Completed","2023-10-06","Yes"
"BLD-100689","Data Privacy Awareness","Mandatory","4","0","Completed","2024-05-04","No"
"BLD-100690","Health & Safety Induction","Mandatory","8","0","Completed","2025-03-23","No"
"BLD-100690","Quality Control Techniques","Technical","4","980","Completed","2025-12-04","Yes"
"BLD-100690","Coaching for Performance","Leadership","2","450","Completed","2025-11-25","No"
"BLD-100690","Quality Control Techniques","Technical","16","1560","Not Started",,"No"
"BLD-100690","Data Privacy Awareness","Mandatory","2","0","Completed","2024-06-30","No"
"BLD-100690","Data Privacy Awareness","Mandatory","2","0","Completed","2024-03-13","No"
"BLD-100690","First-Time Manager Program","Leadership","8","430","Completed","2024-07-24","No"
"BLD-100690","Food Safety & HACCP Refresher","Mandatory","2","0","Completed","2025-11-22","No"
"BLD-100690","Strategic Leadership Workshop","Leadership","8","530","Completed","2023-09-13","No"
"BLD-100690","Data Privacy Awareness","Mandatory","2","0","Completed","2023-07-26","No"
"BLD-100690","Food Safety & HACCP Refresher","Mandatory","2","0","In Progress",,"No"
"BLD-100691","SAP for HR Users","Technical","2","790","Completed","2025-02-02","Yes"
"BLD-100691","Presentation Skills","Soft Skills","4","310","Not Started",,"No"
"BLD-100691","Time Management","Soft Skills","2","1510","Completed","2023-03-11","No"
"BLD-100691","First-Time Manager Program","Leadership","8","1190","In Progress",,"No"
"BLD-100691","Anti-Bribery & Ethics","Mandatory","16","0","Completed","2025-10-04","No"
"BLD-100691","SAP for HR Users","Technical","8","480","Completed","2024-11-11","No"
"BLD-100691","Dairy Processing Fundamentals","Technical","4","2150","Completed","2024-10-25","No"
"BLD-100691","Coaching for Performance","Leadership","2","1470","In Progress",,"No"
"BLD-100691","DOA & Governance Training","Compliance","2","0","Completed","2025-08-04","Yes"
"BLD-100691","Qatar Labor Law Essentials","Compliance","16","0","Completed","2023-01-18","Yes"
"BLD-100691","Dairy Processing Fundamentals","Technical","2","1890","Completed","2025-08-23","No"
"BLD-100691","Food Safety & HACCP Refresher","Mandatory","4","0","Completed","2024-10-20","No"
"BLD-100692","Food Safety & HACCP Refresher","Mandatory","2","0","Completed","2023-06-27","No"
"BLD-100692","Effective Communication","Soft Skills","4","1240","Completed","2024-12-07","No"
"BLD-100692","Qatar Labor Law Essentials","Compliance","8","0","Not Started",,"No"
"BLD-100692","Food Safety & HACCP Refresher","Mandatory","8","0","Completed","2023-05-31","No"
"BLD-100692","Health & Safety Induction","Mandatory","2","0","In Progress",,"No"
"BLD-100692","Time Management","Soft Skills","4","940","Completed","2024-07-16","No"
"BLD-100693","Cold Chain Logistics","Technical","16","1810","Completed","2025-04-28","Yes"
"BLD-100693","Food Safety & HACCP Refresher","Mandatory","2","0","In Progress",,"No"
"BLD-100693","SAP for HR Users","Technical","8","300","Completed","2023-03-21","Yes"
"BLD-100693","Food Safety & HACCP Refresher","Mandatory","8","0","Completed","2024-04-21","No"
"BLD-100693","Conflict Resolution","Soft Skills","8","2110","In Progress",,"No"
"BLD-100693","Conflict Resolution","Soft Skills","2","510","Completed","2023-01-18","No"
"BLD-100693","Conflict Resolution","Soft Skills","4","1850","Completed","2023-06-02","No"
"BLD-100693","Data Privacy Awareness","Mandatory","4","0","Completed","2023-03-08","No"
"BLD-100693","Dairy Processing Fundamentals","Technical","2","2020","Completed","2024-12-28","Yes"
"BLD-100693","Presentation Skills","Soft Skills","4","1300","Completed","2023-09-02","No"
"BLD-100693","Strategic Leadership Workshop","Leadership","8","1800","Completed","2024-04-23","No"
"BLD-100693","Advanced Excel for Reporting","Technical","2","790","Completed","2023-02-17","No"
"BLD-100694","First-Time Manager Program","Leadership","2","1090","Completed","2023-04-23","No"
"BLD-100694","DOA & Governance Training","Compliance","2","0","Completed","2023-01-12","Yes"
"BLD-100695","Time Management","Soft Skills","8","1740","In Progress",,"No"
"BLD-100695","Fire & Emergency Response","Mandatory","8","0","In Progress",,"No"
"BLD-100695","Egyptian Labor Law Essentials","Compliance","4","0","Completed","2025-03-18","Yes"
"BLD-100695","Presentation Skills","Soft Skills","4","950","Completed","2025-09-11","No"
"BLD-100695","Coaching for Performance","Leadership","2","1180","Completed","2023-05-13","No"
"BLD-100695","Egyptian Labor Law Essentials","Compliance","2","0","Completed","2023-05-06","Yes"
"BLD-100695","Strategic Leadership Workshop","Leadership","8","440","Completed","2024-03-11","No"
"BLD-100695","Conflict Resolution","Soft Skills","2","300","In Progress",,"No"
"BLD-100695","Fire & Emergency Response","Mandatory","8","0","Completed","2025-12-09","No"
"BLD-100695","Health & Safety Induction","Mandatory","2","0","Completed","2025-12-07","No"
"BLD-100695","Anti-Bribery & Ethics","Mandatory","8","0","Completed","2024-10-20","No"
"BLD-100695","Fire & Emergency Response","Mandatory","8","0","Completed","2024-10-14","No"
"BLD-100695","DOA & Governance Training","Compliance","2","0","Not Started",,"No"
"BLD-100695","Cold Chain Logistics","Technical","2","330","Completed","2025-01-21","Yes"
"BLD-100695","Egyptian Labor Law Essentials","Compliance","4","0","Completed","2024-07-18","No"
"BLD-100696","Cold Chain Logistics","Technical","4","310","Completed","2024-08-11","No"
"BLD-100696","DOA & Governance Training","Compliance","8","0","Completed","2025-05-08","Yes"
"BLD-100696","Quality Control Techniques","Technical","2","1300","Completed","2025-02-20","Yes"
"BLD-100696","Qatar Labor Law Essentials","Compliance","2","0","Completed","2024-03-22","Yes"
"BLD-100697","Dairy Processing Fundamentals","Technical","2","630","Completed","2025-06-05","Yes"
"BLD-100697","First-Time Manager Program","Leadership","4","1400","Completed","2023-04-07","No"
"BLD-100697","Presentation Skills","Soft Skills","4","1870","Completed","2024-06-05","No"
"BLD-100697","Dairy Processing Fundamentals","Technical","4","1920","Completed","2025-03-11","No"
"BLD-100697","Health & Safety Induction","Mandatory","4","0","Completed","2025-05-06","No"
"BLD-100697","Fire & Emergency Response","Mandatory","8","0","Completed","2023-05-20","No"
"BLD-100697","Conflict Resolution","Soft Skills","8","360","Completed","2024-07-02","No"
"BLD-100697","Coaching for Performance","Leadership","8","1790","Completed","2025-12-13","No"
"BLD-100698","Dairy Processing Fundamentals","Technical","4","1180","Completed","2025-05-24","No"
"BLD-100698","DOA & Governance Training","Compliance","16","0","Completed","2024-10-04","Yes"
"BLD-100698","Egyptian Labor Law Essentials","Compliance","2","0","In Progress",,"No"
"BLD-100698","First-Time Manager Program","Leadership","4","1660","Completed","2024-12-11","No"
"BLD-100698","Dairy Processing Fundamentals","Technical","2","1960","Completed","2024-11-14","No"
"BLD-100699","Effective Communication","Soft Skills","2","1640","Completed","2025-09-26","No"
"BLD-100699","Advanced Excel for Reporting","Technical","8","1980","Completed","2023-09-07","Yes"
"BLD-100699","Advanced Excel for Reporting","Technical","2","1850","In Progress",,"No"
"BLD-100699","Quality Control Techniques","Technical","8","1540","Completed","2025-03-17","Yes"
"BLD-100700","Fire & Emergency Response","Mandatory","8","0","Completed","2023-08-06","No"
"BLD-100700","Time Management","Soft Skills","8","380","Completed","2024-09-21","No"
"BLD-100700","SAP for HR Users","Technical","8","170","Completed","2025-02-16","No"
"BLD-100700","Health & Safety Induction","Mandatory","8","0","Completed","2023-01-07","No"
"BLD-100700","Qatar Labor Law Essentials","Compliance","2","0","Completed","2025-01-05","Yes"
"BLD-100700","Anti-Bribery & Ethics","Mandatory","2","0","Completed","2024-03-14","No"
"BLD-100700","Data Privacy Awareness","Mandatory","2","0","In Progress",,"No"
"BLD-100701","Conflict Resolution","Soft Skills","2","920","Not Started",,"No"
"BLD-100701","SAP for HR Users","Technical","2","2080","Completed","2023-07-01","Yes"
"BLD-100701","Effective Communication","Soft Skills","2","520","Not Started",,"No"
"BLD-100701","First-Time Manager Program","Leadership","4","650","Completed","2023-11-09","No"
"BLD-100701","Quality Control Techniques","Technical","8","860","Completed","2024-11-13","Yes"
"BLD-100702","SAP for HR Users","Technical","4","160","In Progress",,"No"
"BLD-100702","Coaching for Performance","Leadership","2","670","Completed","2025-09-17","No"
"BLD-100702","Fire & Emergency Response","Mandatory","16","0","Completed","2023-02-21","No"
"BLD-100702","Data Privacy Awareness","Mandatory","4","0","Completed","2023-12-26","No"
"BLD-100702","Time Management","Soft Skills","8","670","Completed","2024-02-04","No"
"BLD-100702","Effective Communication","Soft Skills","4","540","Completed","2024-02-29","No"
"BLD-100702","Effective Communication","Soft Skills","2","440","Completed","2023-07-12","No"
"BLD-100702","Health & Safety Induction","Mandatory","8","0","Completed","2024-01-21","No"
"BLD-100702","Coaching for Performance","Leadership","2","1120","Completed","2023-07-09","No"
"BLD-100702","Strategic Leadership Workshop","Leadership","8","1110","Completed","2023-05-29","No"
"BLD-100702","Effective Communication","Soft Skills","2","1860","Completed","2025-10-13","No"
"BLD-100703","First-Time Manager Program","Leadership","2","470","Completed","2025-06-11","No"
"BLD-100703","Health & Safety Induction","Mandatory","8","0","Completed","2024-07-10","No"
"BLD-100703","Time Management","Soft Skills","8","330","Completed","2023-12-11","No"
"BLD-100703","Fire & Emergency Response","Mandatory","4","0","Not Started",,"No"
"BLD-100703","Egyptian Labor Law Essentials","Compliance","8","0","Completed","2025-07-01","No"
"BLD-100703","Presentation Skills","Soft Skills","2","520","Completed","2023-09-06","No"
"BLD-100703","Egyptian Labor Law Essentials","Compliance","2","0","Completed","2025-09-04","Yes"
"BLD-100703","Time Management","Soft Skills","8","730","Completed","2024-08-30","No"
"BLD-100703","Anti-Bribery & Ethics","Mandatory","2","0","In Progress",,"No"
"BLD-100703","Fire & Emergency Response","Mandatory","4","0","Completed","2024-08-13","No"
"BLD-100703","Dairy Processing Fundamentals","Technical","4","1040","Completed","2023-07-21","No"
"BLD-100704","Health & Safety Induction","Mandatory","4","0","Completed","2023-03-29","No"
"BLD-100704","DOA & Governance Training","Compliance","2","0","Completed","2023-05-03","Yes"
"BLD-100704","Effective Communication","Soft Skills","4","210","In Progress",,"No"
"BLD-100704","Presentation Skills","Soft Skills","8","1750","Completed","2024-08-24","No"
"BLD-100705","Advanced Excel for Reporting","Technical","2","1110","Not Started",,"No"
"BLD-100705","Food Safety & HACCP Refresher","Mandatory","2","0","In Progress",,"No"
"BLD-100705","Cold Chain Logistics","Technical","4","1390","Completed","2025-04-11","Yes"
"BLD-100705","Coaching for Performance","Leadership","2","940","Completed","2023-01-30","No"
"BLD-100706","Conflict Resolution","Soft Skills","4","2020","Completed","2024-02-24","No"
"BLD-100706","Health & Safety Induction","Mandatory","8","0","Completed","2024-11-17","No"
"BLD-100706","Cold Chain Logistics","Technical","4","2200","Completed","2024-11-18","No"
"BLD-100706","Qatar Labor Law Essentials","Compliance","2","0","Not Started",,"No"
"BLD-100706","Qatar Labor Law Essentials","Compliance","4","0","Completed","2025-01-12","Yes"
"BLD-100706","Dairy Processing Fundamentals","Technical","4","480","Completed","2023-04-13","No"
"BLD-100706","Conflict Resolution","Soft Skills","4","1270","Completed","2025-07-09","No"
"BLD-100706","Effective Communication","Soft Skills","8","1460","Completed","2023-11-11","No"
"BLD-100707","First-Time Manager Program","Leadership","8","400","Completed","2023-01-29","No"
"BLD-100707","Conflict Resolution","Soft Skills","4","1770","Completed","2024-03-18","No"
"BLD-100708","Cold Chain Logistics","Technical","2","1560","Completed","2024-12-08","Yes"
"BLD-100708","Fire & Emergency Response","Mandatory","2","0","Completed","2024-01-13","No"
"BLD-100708","Cold Chain Logistics","Technical","2","2160","Completed","2024-06-01","No"
"BLD-100708","Strategic Leadership Workshop","Leadership","2","2140","Completed","2024-08-07","No"
"BLD-100708","Food Safety & HACCP Refresher","Mandatory","16","0","Completed","2024-01-22","No"
"BLD-100708","Fire & Emergency Response","Mandatory","2","0","In Progress",,"No"
"BLD-100708","Presentation Skills","Soft Skills","2","1630","Completed","2023-02-26","No"
"BLD-100709","Quality Control Techniques","Technical","4","900","Completed","2024-01-10","No"
"BLD-100709","Cold Chain Logistics","Technical","2","1380","Completed","2023-12-19","No"
"BLD-100709","Qatar Labor Law Essentials","Compliance","16","0","Completed","2023-06-19","Yes"
"BLD-100709","Quality Control Techniques","Technical","4","550","Completed","2023-01-06","No"
"BLD-100709","First-Time Manager Program","Leadership","2","1850","Completed","2024-04-07","No"
"BLD-100709","Dairy Processing Fundamentals","Technical","2","890","Completed","2023-05-05","No"
"BLD-100710","First-Time Manager Program","Leadership","2","460","Completed","2023-10-24","No"
"BLD-100710","Conflict Resolution","Soft Skills","8","430","Completed","2025-09-18","No"
"BLD-100710","Cold Chain Logistics","Technical","8","610","In Progress",,"No"
"BLD-100710","Quality Control Techniques","Technical","4","1920","Completed","2023-08-26","No"
"BLD-100710","DOA & Governance Training","Compliance","8","0","Completed","2024-01-04","No"
"BLD-100710","Strategic Leadership Workshop","Leadership","4","990","Completed","2024-06-30","No"
"BLD-100710","Time Management","Soft Skills","2","710","Completed","2024-11-01","No"
"BLD-100710","Anti-Bribery & Ethics","Mandatory","8","0","Completed","2023-03-18","No"
"BLD-100710","Health & Safety Induction","Mandatory","2","0","Completed","2024-08-02","No"
"BLD-100711","Conflict Resolution","Soft Skills","4","1730","Completed","2023-10-13","No"
"BLD-100711","Health & Safety Induction","Mandatory","2","0","Completed","2023-07-20","No"
"BLD-100712","Quality Control Techniques","Technical","4","1160","Completed","2023-07-11","Yes"
"BLD-100712","Effective Communication","Soft Skills","8","520","Completed","2024-06-20","No"
"BLD-100712","Fire & Emergency Response","Mandatory","2","0","Completed","2023-09-11","No"
"BLD-100712","Effective Communication","Soft Skills","8","1260","Completed","2024-06-02","No"
"BLD-100713","Advanced Excel for Reporting","Technical","8","2030","Completed","2023-02-01","No"
"BLD-100713","Dairy Processing Fundamentals","Technical","2","400","Completed","2023-05-17","No"
"BLD-100713","Data Privacy Awareness","Mandatory","2","0","Completed","2025-10-17","No"
"BLD-100713","Quality Control Techniques","Technical","2","1910","Not Started",,"No"
"BLD-100713","Cold Chain Logistics","Technical","8","210","In Progress",,"No"
"BLD-100713","Cold Chain Logistics","Technical","4","1260","Completed","2024-11-22","No"
"BLD-100713","Data Privacy Awareness","Mandatory","4","0","Not Started",,"No"
"BLD-100714","Presentation Skills","Soft Skills","8","1960","Completed","2025-11-25","No"
"BLD-100714","Dairy Processing Fundamentals","Technical","2","240","Completed","2023-06-19","Yes"
"BLD-100714","Health & Safety Induction","Mandatory","8","0","In Progress",,"No"
"BLD-100714","Dairy Processing Fundamentals","Technical","8","2150","Completed","2025-11-28","No"
"BLD-100714","Presentation Skills","Soft Skills","2","1760","Completed","2025-10-21","No"
"BLD-100714","Egyptian Labor Law Essentials","Compliance","8","0","In Progress",,"No"
"BLD-100714","Time Management","Soft Skills","4","2070","Completed","2025-03-27","No"
"BLD-100714","Food Safety & HACCP Refresher","Mandatory","4","0","Completed","2024-04-18","No"
"BLD-100715","Health & Safety Induction","Mandatory","4","0","Completed","2023-05-03","No"
"BLD-100715","First-Time Manager Program","Leadership","2","430","Completed","2025-02-20","No"
"BLD-100715","DOA & Governance Training","Compliance","8","0","Not Started",,"No"
"BLD-100715","Presentation Skills","Soft Skills","4","800","Completed","2023-07-30","No"
"BLD-100715","Cold Chain Logistics","Technical","2","590","In Progress",,"No"
"BLD-100715","Fire & Emergency Response","Mandatory","16","0","Completed","2025-05-13","No"
"BLD-100715","Data Privacy Awareness","Mandatory","8","0","Completed","2025-07-16","No"
"BLD-100715","Coaching for Performance","Leadership","8","2000","Completed","2023-05-30","No"
"BLD-100715","Time Management","Soft Skills","8","1740","Completed","2024-04-25","No"
"BLD-100716","Data Privacy Awareness","Mandatory","2","0","Completed","2024-01-22","No"
"BLD-100716","Conflict Resolution","Soft Skills","8","570","Completed","2024-01-30","No"
"BLD-100716","DOA & Governance Training","Compliance","4","0","Not Started",,"No"
"BLD-100716","SAP for HR Users","Technical","4","1450","Completed","2023-07-21","Yes"
"BLD-100716","Data Privacy Awareness","Mandatory","4","0","Completed","2024-03-30","No"
"BLD-100717","Data Privacy Awareness","Mandatory","4","0","Completed","2023-07-08","No"
"BLD-100717","Advanced Excel for Reporting","Technical","2","2140","Completed","2024-08-19","Yes"
"BLD-100717","Qatar Labor Law Essentials","Compliance","4","0","Completed","2025-09-18","No"
"BLD-100717","Conflict Resolution","Soft Skills","8","1530","Completed","2025-09-17","No"
"BLD-100717","Quality Control Techniques","Technical","4","950","Completed","2025-06-25","No"
"BLD-100717","SAP for HR Users","Technical","16","920","Completed","2023-06-09","Yes"
"BLD-100717","Presentation Skills","Soft Skills","16","1710","Not Started",,"No"
"BLD-100718","Data Privacy Awareness","Mandatory","4","0","Completed","2024-12-02","No"
"BLD-100718","Cold Chain Logistics","Technical","2","740","Completed","2024-02-06","No"
"BLD-100718","Effective Communication","Soft Skills","2","310","Completed","2023-05-10","No"
"BLD-100718","Food Safety & HACCP Refresher","Mandatory","4","0","Completed","2023-08-14","No"
"BLD-100718","Quality Control Techniques","Technical","8","960","Completed","2024-12-02","No"
"BLD-100718","Fire & Emergency Response","Mandatory","4","0","Completed","2023-02-15","No"
"BLD-100718","Data Privacy Awareness","Mandatory","8","0","Completed","2025-01-14","No"
"BLD-100718","First-Time Manager Program","Leadership","2","1650","Completed","2025-12-14","No"
"BLD-100718","Effective Communication","Soft Skills","2","2150","Completed","2023-01-01","No"
"BLD-100718","Food Safety & HACCP Refresher","Mandatory","8","0","Completed","2025-05-17","No"
"BLD-100718","Anti-Bribery & Ethics","Mandatory","16","0","Completed","2023-10-11","No"
"BLD-100718","Advanced Excel for Reporting","Technical","2","1220","Completed","2023-06-09","Yes"
"BLD-100718","Data Privacy Awareness","Mandatory","2","0","Completed","2023-02-11","No"
"BLD-100718","Egyptian Labor Law Essentials","Compliance","2","0","Completed","2023-01-17","No"
"BLD-100719","Food Safety & HACCP Refresher","Mandatory","16","0","Completed","2023-04-17","No"
"BLD-100719","DOA & Governance Training","Compliance","8","0","Completed","2025-12-15","No"
"BLD-100719","Advanced Excel for Reporting","Technical","4","2030","Completed","2023-05-05","Yes"
"BLD-100720","Dairy Processing Fundamentals","Technical","2","1940","Not Started",,"No"
"BLD-100720","Food Safety & HACCP Refresher","Mandatory","2","0","Completed","2023-01-20","No"
"BLD-100721","Data Privacy Awareness","Mandatory","2","0","In Progress",,"No"
"BLD-100722","Health & Safety Induction","Mandatory","2","0","Completed","2025-02-28","No"
"BLD-100722","SAP for HR Users","Technical","4","1920","Completed","2023-12-17","No"
"BLD-100722","Data Privacy Awareness","Mandatory","2","0","Completed","2023-07-24","No"
"BLD-100722","SAP for HR Users","Technical","2","1390","Completed","2025-04-24","Yes"
"BLD-100723","SAP for HR Users","Technical","8","1600","Completed","2023-06-19","Yes"
"BLD-100724","Dairy Processing Fundamentals","Technical","4","170","Completed","2023-07-17","Yes"
"BLD-100724","Fire & Emergency Response","Mandatory","2","0","Completed","2024-01-27","No"
"BLD-100725","Quality Control Techniques","Technical","2","1950","Completed","2025-10-01","Yes"
"BLD-100725","Time Management","Soft Skills","4","1170","Completed","2024-08-11","No"
"BLD-100725","Fire & Emergency Response","Mandatory","8","0","Completed","2024-12-26","No"
"BLD-100725","Effective Communication","Soft Skills","2","1730","Completed","2025-07-14","No"
"BLD-100725","SAP for HR Users","Technical","8","2170","Not Started",,"No"
"BLD-100725","Quality Control Techniques","Technical","8","1110","In Progress",,"No"
"BLD-100725","First-Time Manager Program","Leadership","16","830","Not Started",,"No"
"BLD-100725","DOA & Governance Training","Compliance","2","0","Completed","2024-03-19","Yes"
"BLD-100725","Data Privacy Awareness","Mandatory","4","0","Completed","2023-04-22","No"
"BLD-100725","Qatar Labor Law Essentials","Compliance","2","0","Completed","2025-01-06","No"
"BLD-100726","Food Safety & HACCP Refresher","Mandatory","4","0","Completed","2024-10-25","No"
"BLD-100726","Strategic Leadership Workshop","Leadership","4","1180","Completed","2024-10-18","No"
"BLD-100726","DOA & Governance Training","Compliance","2","0","Completed","2025-12-25","No"
"BLD-100726","Data Privacy Awareness","Mandatory","4","0","Completed","2023-12-23","No"
"BLD-100726","Data Privacy Awareness","Mandatory","8","0","Completed","2025-12-09","No"
"BLD-100726","Conflict Resolution","Soft Skills","4","1580","Completed","2023-03-02","No"
"BLD-100726","Advanced Excel for Reporting","Technical","2","2160","Completed","2024-07-17","Yes"
"BLD-100726","Advanced Excel for Reporting","Technical","16","1540","Completed","2025-09-18","Yes"
"BLD-100726","Health & Safety Induction","Mandatory","4","0","Completed","2024-01-26","No"
"BLD-100727","Qatar Labor Law Essentials","Compliance","8","0","Completed","2025-04-14","Yes"
"BLD-100727","DOA & Governance Training","Compliance","2","0","Completed","2025-02-27","Yes"
"BLD-100727","Fire & Emergency Response","Mandatory","2","0","In Progress",,"No"
"BLD-100727","Time Management","Soft Skills","4","1660","Completed","2023-05-10","No"
"BLD-100727","Health & Safety Induction","Mandatory","4","0","Completed","2023-12-27","No"
"BLD-100727","Qatar Labor Law Essentials","Compliance","8","0","Completed","2023-10-29","No"
"BLD-100727","Qatar Labor Law Essentials","Compliance","2","0","Completed","2023-03-24","No"
"BLD-100727","Conflict Resolution","Soft Skills","8","600","Completed","2024-02-23","No"
"BLD-100727","Food Safety & HACCP Refresher","Mandatory","4","0","Completed","2025-09-16","No"
"BLD-100727","DOA & Governance Training","Compliance","2","0","Completed","2023-01-12","Yes"
"BLD-100727","Cold Chain Logistics","Technical","8","1870","In Progress",,"No"
"BLD-100729","Time Management","Soft Skills","2","2160","Completed","2025-04-07","No"
"BLD-100729","Dairy Processing Fundamentals","Technical","2","1790","Completed","2025-06-25","Yes"
"BLD-100729","Conflict Resolution","Soft Skills","2","1550","Completed","2025-11-13","No"
"BLD-100729","Health & Safety Induction","Mandatory","4","0","Completed","2025-03-14","No"
"BLD-100729","Fire & Emergency Response","Mandatory","8","0","In Progress",,"No"
"BLD-100729","Egyptian Labor Law Essentials","Compliance","2","0","Not Started",,"No"
"BLD-100729","Egyptian Labor Law Essentials","Compliance","4","0","In Progress",,"No"
"BLD-100730","DOA & Governance Training","Compliance","16","0","Completed","2024-01-26","Yes"
"BLD-100730","Effective Communication","Soft Skills","8","1970","Completed","2025-01-02","No"
"BLD-100730","Anti-Bribery & Ethics","Mandatory","4","0","Completed","2025-07-17","No"
"BLD-100730","Advanced Excel for Reporting","Technical","2","1410","Completed","2023-01-11","Yes"
"BLD-100730","Food Safety & HACCP Refresher","Mandatory","8","0","Completed","2024-03-21","No"
"BLD-100730","Strategic Leadership Workshop","Leadership","4","1380","In Progress",,"No"
"BLD-100730","Data Privacy Awareness","Mandatory","2","0","Completed","2023-10-17","No"
"BLD-100731","DOA & Governance Training","Compliance","8","0","Completed","2024-07-06","Yes"
"BLD-100731","Advanced Excel for Reporting","Technical","8","2140","In Progress",,"No"
"BLD-100731","Health & Safety Induction","Mandatory","8","0","Completed","2023-11-13","No"
"BLD-100731","Dairy Processing Fundamentals","Technical","4","210","Completed","2023-01-18","No"
"BLD-100731","Fire & Emergency Response","Mandatory","4","0","Completed","2025-02-19","No"
"BLD-100731","Quality Control Techniques","Technical","4","1970","Completed","2025-09-29","No"
"BLD-100731","Time Management","Soft Skills","2","2030","Completed","2023-05-16","No"
"BLD-100731","Food Safety & HACCP Refresher","Mandatory","2","0","Completed","2025-12-29","No"
"BLD-100731","DOA & Governance Training","Compliance","4","0","Completed","2025-05-12","No"
"BLD-100731","Effective Communication","Soft Skills","2","1200","Completed","2023-09-18","No"
"BLD-100731","Presentation Skills","Soft Skills","2","2040","Completed","2025-10-07","No"
"BLD-100731","Qatar Labor Law Essentials","Compliance","2","0","In Progress",,"No"
"BLD-100732","Fire & Emergency Response","Mandatory","2","0","Completed","2023-03-25","No"
"BLD-100732","DOA & Governance Training","Compliance","4","0","Completed","2025-12-19","Yes"
"BLD-100732","Data Privacy Awareness","Mandatory","4","0","Completed","2024-11-22","No"
"BLD-100732","Fire & Emergency Response","Mandatory","4","0","Completed","2025-09-17","No"
"BLD-100732","Presentation Skills","Soft Skills","4","240","Completed","2025-08-29","No"
"BLD-100732","Food Safety & HACCP Refresher","Mandatory","8","0","Completed","2024-02-11","No"
"BLD-100732","Dairy Processing Fundamentals","Technical","4","2020","Completed","2024-07-03","No"
"BLD-100733","Strategic Leadership Workshop","Leadership","2","650","Completed","2025-03-30","No"
"BLD-100733","DOA & Governance Training","Compliance","2","0","Completed","2023-12-05","No"
"BLD-100733","DOA & Governance Training","Compliance","2","0","Completed","2024-08-02","No"
"BLD-100733","Time Management","Soft Skills","2","1610","In Progress",,"No"
"BLD-100733","Effective Communication","Soft Skills","2","2110","Completed","2024-05-17","No"
"BLD-100733","Anti-Bribery & Ethics","Mandatory","4","0","Completed","2023-08-14","No"
"BLD-100733","Coaching for Performance","Leadership","4","2130","In Progress",,"No"
"BLD-100733","DOA & Governance Training","Compliance","4","0","In Progress",,"No"
"BLD-100734","Qatar Labor Law Essentials","Compliance","4","0","Completed","2023-03-11","Yes"
"BLD-100734","Conflict Resolution","Soft Skills","8","1460","Completed","2023-05-05","No"
"BLD-100734","Presentation Skills","Soft Skills","4","1770","Completed","2023-08-09","No"
"BLD-100734","Dairy Processing Fundamentals","Technical","16","1120","Completed","2025-07-08","Yes"
"BLD-100734","Dairy Processing Fundamentals","Technical","2","1560","Completed","2024-05-29","Yes"
"BLD-100734","Advanced Excel for Reporting","Technical","4","1220","Completed","2023-03-25","Yes"
"BLD-100734","Anti-Bribery & Ethics","Mandatory","2","0","Completed","2024-10-12","No"
"BLD-100734","Coaching for Performance","Leadership","2","810","Completed","2024-02-14","No"
"BLD-100734","Cold Chain Logistics","Technical","2","700","In Progress",,"No"
"BLD-100734","Conflict Resolution","Soft Skills","4","1260","Completed","2025-06-25","No"
"BLD-100734","Coaching for Performance","Leadership","4","770","Completed","2023-11-05","No"
"BLD-100734","Data Privacy Awareness","Mandatory","4","0","Completed","2024-06-05","No"
"BLD-100735","Cold Chain Logistics","Technical","8","650","In Progress",,"No"
"BLD-100735","Presentation Skills","Soft Skills","2","1300","In Progress",,"No"
"BLD-100735","Cold Chain Logistics","Technical","2","810","Completed","2025-02-19","Yes"
"BLD-100735","First-Time Manager Program","Leadership","4","660","In Progress",,"No"
"BLD-100735","Data Privacy Awareness","Mandatory","2","0","Completed","2023-05-22","No"
"BLD-100735","Quality Control Techniques","Technical","8","1950","Completed","2023-03-14","No"
"BLD-100735","Coaching for Performance","Leadership","2","1400","Completed","2025-07-15","No"
"BLD-100735","Fire & Emergency Response","Mandatory","2","0","Completed","2025-08-16","No"
"BLD-100737","Health & Safety Induction","Mandatory","16","0","Completed","2024-01-06","No"
"BLD-100737","Fire & Emergency Response","Mandatory","8","0","Completed","2023-06-22","No"
"BLD-100737","Qatar Labor Law Essentials","Compliance","8","0","Completed","2023-09-17","No"
"BLD-100737","Advanced Excel for Reporting","Technical","2","1240","Completed","2024-02-05","Yes"
"BLD-100738","First-Time Manager Program","Leadership","2","160","Completed","2025-06-08","No"
"BLD-100738","Quality Control Techniques","Technical","4","380","Completed","2023-01-21","No"
"BLD-100738","Effective Communication","Soft Skills","2","760","Completed","2023-08-02","No"
"BLD-100738","Quality Control Techniques","Technical","4","2070","Completed","2024-09-17","Yes"
"BLD-100738","SAP for HR Users","Technical","2","1980","Completed","2024-06-18","No"
"BLD-100738","Conflict Resolution","Soft Skills","8","1660","Completed","2024-07-15","No"
"BLD-100738","Coaching for Performance","Leadership","8","1600","Completed","2025-11-10","No"
"BLD-100738","Time Management","Soft Skills","4","1540","Completed","2024-03-03","No"
"BLD-100739","Strategic Leadership Workshop","Leadership","2","1970","Completed","2023-04-11","No"
"BLD-100739","Presentation Skills","Soft Skills","2","1710","Completed","2024-02-28","No"
"BLD-100739","Presentation Skills","Soft Skills","8","1160","In Progress",,"No"
"BLD-100739","Health & Safety Induction","Mandatory","4","0","Completed","2025-03-20","No"
"BLD-100740","DOA & Governance Training","Compliance","4","0","Completed","2024-04-08","Yes"
"BLD-100740","Effective Communication","Soft Skills","16","2070","Completed","2023-07-28","No"
"BLD-100740","Dairy Processing Fundamentals","Technical","2","1580","Completed","2024-07-21","Yes"
"BLD-100740","Fire & Emergency Response","Mandatory","8","0","Completed","2023-12-03","No"
"BLD-100740","Dairy Processing Fundamentals","Technical","16","700","Completed","2024-05-22","No"
"BLD-100740","SAP for HR Users","Technical","4","1130","In Progress",,"No"
"BLD-100741","Cold Chain Logistics","Technical","2","1250","Completed","2023-05-24","Yes"
"BLD-100741","DOA & Governance Training","Compliance","16","0","Completed","2023-01-18","Yes"
"BLD-100741","Strategic Leadership Workshop","Leadership","4","910","Not Started",,"No"
"BLD-100741","Time Management","Soft Skills","4","1860","Completed","2023-10-19","No"
"BLD-100741","Quality Control Techniques","Technical","2","2030","In Progress",,"No"
"BLD-100741","Time Management","Soft Skills","4","1700","Completed","2024-11-27","No"
"BLD-100741","Presentation Skills","Soft Skills","8","1590","Completed","2023-02-01","No"
"BLD-100742","Health & Safety Induction","Mandatory","8","0","Completed","2023-10-12","No"
"BLD-100742","Effective Communication","Soft Skills","2","200","Completed","2024-03-20","No"
"BLD-100742","Health & Safety Induction","Mandatory","4","0","Completed","2023-01-05","No"
"BLD-100742","Coaching for Performance","Leadership","8","940","Completed","2024-09-20","No"
"BLD-100742","SAP for HR Users","Technical","2","170","Completed","2023-04-18","No"
"BLD-100742","Qatar Labor Law Essentials","Compliance","2","0","Completed","2023-09-12","No"
"BLD-100743","Quality Control Techniques","Technical","4","2140","In Progress",,"No"
"BLD-100743","Cold Chain Logistics","Technical","16","1810","Completed","2024-04-11","No"
"BLD-100743","Cold Chain Logistics","Technical","4","1800","In Progress",,"No"
"BLD-100743","Advanced Excel for Reporting","Technical","4","1970","Completed","2024-12-04","Yes"
"BLD-100743","Food Safety & HACCP Refresher","Mandatory","2","0","Completed","2023-02-26","No"
"BLD-100744","SAP for HR Users","Technical","4","870","Completed","2024-04-08","Yes"
"BLD-100744","Anti-Bribery & Ethics","Mandatory","4","0","Completed","2023-06-29","No"
"BLD-100744","Qatar Labor Law Essentials","Compliance","8","0","Completed","2025-09-19","Yes"
"BLD-100744","Strategic Leadership Workshop","Leadership","16","1160","Completed","2025-01-15","No"
"BLD-100744","Cold Chain Logistics","Technical","4","1920","Completed","2025-10-07","No"
"BLD-100744","SAP for HR Users","Technical","8","1880","In Progress",,"No"
"BLD-100744","Advanced Excel for Reporting","Technical","8","1290","Completed","2023-12-18","No"
"BLD-100744","Cold Chain Logistics","Technical","8","1950","Completed","2023-03-06","No"
"BLD-100744","Qatar Labor Law Essentials","Compliance","4","0","Completed","2025-01-25","No"
"BLD-100745","Data Privacy Awareness","Mandatory","16","0","Completed","2025-07-09","No"
"BLD-100745","SAP for HR Users","Technical","4","1460","Completed","2025-08-20","No"
"BLD-100745","Strategic Leadership Workshop","Leadership","16","950","In Progress",,"No"
"BLD-100745","Time Management","Soft Skills","2","1390","In Progress",,"No"
"BLD-100745","Health & Safety Induction","Mandatory","2","0","Completed","2025-06-07","No"
"BLD-100745","Fire & Emergency Response","Mandatory","4","0","Completed","2023-09-14","No"
"BLD-100745","DOA & Governance Training","Compliance","4","0","In Progress",,"No"
"BLD-100745","Advanced Excel for Reporting","Technical","2","210","Completed","2025-09-25","Yes"
"BLD-100745","Presentation Skills","Soft Skills","2","1740","Completed","2024-08-07","No"
"BLD-100746","Strategic Leadership Workshop","Leadership","16","660","Completed","2023-03-15","No"
"BLD-100746","Strategic Leadership Workshop","Leadership","8","1760","Completed","2024-01-03","No"
"BLD-100746","Presentation Skills","Soft Skills","4","1940","Completed","2023-12-10","No"
"BLD-100746","Food Safety & HACCP Refresher","Mandatory","8","0","Completed","2023-01-07","No"
"BLD-100746","Health & Safety Induction","Mandatory","2","0","Completed","2023-04-05","No"
"BLD-100746","Anti-Bribery & Ethics","Mandatory","16","0","Completed","2024-08-02","No"
"BLD-100746","Time Management","Soft Skills","8","1310","Completed","2024-12-25","No"
"BLD-100747","Advanced Excel for Reporting","Technical","16","500","In Progress",,"No"
"BLD-100747","Health & Safety Induction","Mandatory","16","0","Completed","2024-04-27","No"
"BLD-100747","DOA & Governance Training","Compliance","8","0","Completed","2025-07-13","Yes"
"BLD-100747","Food Safety & HACCP Refresher","Mandatory","8","0","Completed","2024-01-11","No"
"BLD-100747","Egyptian Labor Law Essentials","Compliance","2","0","Completed","2024-10-22","No"
"BLD-100747","Health & Safety Induction","Mandatory","16","0","Completed","2023-04-28","No"
"BLD-100747","Anti-Bribery & Ethics","Mandatory","8","0","In Progress",,"No"
"BLD-100747","Quality Control Techniques","Technical","4","1000","Completed","2023-11-17","No"
"BLD-100747","Dairy Processing Fundamentals","Technical","4","1440","Not Started",,"No"
"BLD-100747","Advanced Excel for Reporting","Technical","2","1280","Completed","2025-07-27","No"
"BLD-100748","Data Privacy Awareness","Mandatory","2","0","Completed","2023-05-20","No"
"BLD-100748","Health & Safety Induction","Mandatory","16","0","Completed","2023-01-22","No"
"BLD-100749","Effective Communication","Soft Skills","4","1660","Completed","2025-05-22","No"
"BLD-100749","Conflict Resolution","Soft Skills","4","360","Completed","2025-05-12","No"
"BLD-100749","Effective Communication","Soft Skills","4","440","Completed","2025-02-27","No"
"BLD-100749","Advanced Excel for Reporting","Technical","2","1990","Completed","2025-08-23","Yes"
"BLD-100750","Qatar Labor Law Essentials","Compliance","2","0","Completed","2024-09-20","Yes"
"BLD-100750","Anti-Bribery & Ethics","Mandatory","8","0","Completed","2024-08-28","No"
"BLD-100750","Dairy Processing Fundamentals","Technical","2","1470","Not Started",,"No"
"BLD-100750","Qatar Labor Law Essentials","Compliance","4","0","Not Started",,"No"
"BLD-100750","Presentation Skills","Soft Skills","8","620","Completed","2025-06-10","No"
"BLD-100750","Food Safety & HACCP Refresher","Mandatory","2","0","In Progress",,"No"
"BLD-100750","Health & Safety Induction","Mandatory","8","0","Not Started",,"No"
"BLD-100750","Health & Safety Induction","Mandatory","2","0","Completed","2024-09-25","No"
"BLD-100751","DOA & Governance Training","Compliance","8","0","Completed","2023-05-06","No"
"BLD-100752","Time Management","Soft Skills","4","1960","Not Started",,"No"
"BLD-100752","Time Management","Soft Skills","4","710","Completed","2025-07-25","No"
"BLD-100752","Coaching for Performance","Leadership","4","310","Completed","2024-01-10","No"
"BLD-100752","Food Safety & HACCP Refresher","Mandatory","4","0","Completed","2024-01-05","No"
"BLD-100752","Conflict Resolution","Soft Skills","8","770","Completed","2024-12-22","No"
"BLD-100752","DOA & Governance Training","Compliance","8","0","Not Started",,"No"
"BLD-100752","Food Safety & HACCP Refresher","Mandatory","8","0","Completed","2024-08-22","No"
"BLD-100752","SAP for HR Users","Technical","4","2180","Completed","2025-03-08","Yes"
"BLD-100753","Data Privacy Awareness","Mandatory","8","0","Completed","2025-10-13","No"
"BLD-100753","Presentation Skills","Soft Skills","4","1240","Not Started",,"No"
"BLD-100753","Egyptian Labor Law Essentials","Compliance","8","0","Completed","2023-08-04","No"
"BLD-100753","Strategic Leadership Workshop","Leadership","8","150","In Progress",,"No"
"BLD-100753","Effective Communication","Soft Skills","16","220","Completed","2023-11-16","No"
"BLD-100753","Dairy Processing Fundamentals","Technical","4","1380","Completed","2023-05-01","Yes"
"BLD-100753","Advanced Excel for Reporting","Technical","8","720","Completed","2025-12-22","No"
"BLD-100753","DOA & Governance Training","Compliance","8","0","Not Started",,"No"
"BLD-100753","Food Safety & HACCP Refresher","Mandatory","8","0","Completed","2024-06-28","No"
"BLD-100754","Conflict Resolution","Soft Skills","4","1000","Completed","2025-06-05","No"
"BLD-100754","Effective Communication","Soft Skills","16","1740","Completed","2023-09-22","No"
"BLD-100754","Coaching for Performance","Leadership","8","1410","Completed","2025-10-06","No"
"BLD-100754","Qatar Labor Law Essentials","Compliance","4","0","Completed","2024-12-31","No"
"BLD-100754","Advanced Excel for Reporting","Technical","2","730","Completed","2023-11-22","Yes"
"BLD-100754","Dairy Processing Fundamentals","Technical","2","400","Completed","2023-07-30","Yes"
"BLD-100756","Quality Control Techniques","Technical","4","1410","Completed","2023-02-13","No"
"BLD-100756","SAP for HR Users","Technical","16","560","Completed","2023-05-09","Yes"
"BLD-100756","Effective Communication","Soft Skills","2","160","Completed","2024-03-17","No"
"BLD-100757","Qatar Labor Law Essentials","Compliance","2","0","Completed","2024-09-04","No"
"BLD-100757","Anti-Bribery & Ethics","Mandatory","2","0","Completed","2024-03-12","No"
"BLD-100757","Advanced Excel for Reporting","Technical","8","900","Completed","2023-09-16","No"
"BLD-100757","Fire & Emergency Response","Mandatory","16","0","Completed","2025-06-04","No"
"BLD-100757","Strategic Leadership Workshop","Leadership","8","210","Completed","2024-11-22","No"
"BLD-100758","Dairy Processing Fundamentals","Technical","8","1010","Completed","2025-05-24","Yes"
"BLD-100758","Time Management","Soft Skills","2","1030","Completed","2023-12-07","No"
"BLD-100758","Quality Control Techniques","Technical","2","640","Completed","2025-10-16","Yes"
"BLD-100758","Presentation Skills","Soft Skills","16","1910","Completed","2025-02-15","No"
"BLD-100758","First-Time Manager Program","Leadership","8","1590","Completed","2024-07-11","No"
"BLD-100758","SAP for HR Users","Technical","2","1280","Completed","2025-01-10","No"
"BLD-100759","Health & Safety Induction","Mandatory","8","0","Completed","2025-04-19","No"
"BLD-100759","Time Management","Soft Skills","8","1110","Completed","2024-02-16","No"
"BLD-100759","SAP for HR Users","Technical","2","1580","In Progress",,"No"
"BLD-100759","First-Time Manager Program","Leadership","8","180","Completed","2023-12-29","No"
"BLD-100759","Advanced Excel for Reporting","Technical","4","260","Completed","2023-05-16","No"
"BLD-100759","Qatar Labor Law Essentials","Compliance","2","0","In Progress",,"No"
"BLD-100760","First-Time Manager Program","Leadership","8","390","Completed","2023-11-26","No"
"BLD-100760","Coaching for Performance","Leadership","16","2150","Completed","2023-01-02","No"
"BLD-100760","Qatar Labor Law Essentials","Compliance","2","0","Completed","2025-07-19","No"
"BLD-100760","First-Time Manager Program","Leadership","4","1640","Completed","2025-01-14","No"
"BLD-100760","Anti-Bribery & Ethics","Mandatory","4","0","Completed","2023-09-17","No"
"BLD-100760","Conflict Resolution","Soft Skills","4","760","Completed","2024-03-15","No"
"BLD-100760","Conflict Resolution","Soft Skills","8","240","Completed","2023-10-23","No"
"BLD-100760","Coaching for Performance","Leadership","4","1930","In Progress",,"No"
"BLD-100760","Coaching for Performance","Leadership","2","900","Completed","2024-11-14","No"
"BLD-100760","Cold Chain Logistics","Technical","4","510","Completed","2024-10-14","No"
"BLD-100760","Qatar Labor Law Essentials","Compliance","16","0","Completed","2023-06-10","No"
"BLD-100761","Health & Safety Induction","Mandatory","2","0","Completed","2023-05-13","No"
"BLD-100761","Fire & Emergency Response","Mandatory","2","0","Completed","2023-06-04","No"
"BLD-100761","Advanced Excel for Reporting","Technical","4","1030","Completed","2023-04-12","Yes"
"BLD-100761","Conflict Resolution","Soft Skills","8","1660","Completed","2023-03-26","No"
"BLD-100762","Advanced Excel for Reporting","Technical","2","480","Completed","2023-03-29","Yes"
"BLD-100763","Time Management","Soft Skills","16","1850","In Progress",,"No"
"BLD-100763","Time Management","Soft Skills","2","1250","Completed","2025-03-29","No"
"BLD-100763","Qatar Labor Law Essentials","Compliance","4","0","Not Started",,"No"
"BLD-100763","Quality Control Techniques","Technical","2","1600","Completed","2025-12-23","No"
"BLD-100763","Effective Communication","Soft Skills","2","910","Completed","2023-02-10","No"
"BLD-100763","Cold Chain Logistics","Technical","4","1590","Not Started",,"No"
"BLD-100763","Dairy Processing Fundamentals","Technical","8","580","Completed","2024-10-03","Yes"
"BLD-100763","Anti-Bribery & Ethics","Mandatory","2","0","Completed","2023-01-28","No"
"BLD-100763","Qatar Labor Law Essentials","Compliance","8","0","Completed","2025-05-19","No"
"BLD-100763","Time Management","Soft Skills","8","1830","Completed","2024-01-17","No"
"BLD-100763","Food Safety & HACCP Refresher","Mandatory","16","0","Completed","2024-01-02","No"
"BLD-100763","DOA & Governance Training","Compliance","2","0","Not Started",,"No"
"BLD-100764","Advanced Excel for Reporting","Technical","2","780","Completed","2024-01-05","Yes"
"BLD-100764","Fire & Emergency Response","Mandatory","4","0","Completed","2024-02-09","No"
"BLD-100764","Presentation Skills","Soft Skills","2","1140","In Progress",,"No"
"BLD-100764","Coaching for Performance","Leadership","16","840","Completed","2023-10-21","No"
"BLD-100765","Presentation Skills","Soft Skills","2","1620","Completed","2025-04-13","No"
"BLD-100765","Dairy Processing Fundamentals","Technical","8","1540","Completed","2023-10-06","Yes"
"BLD-100765","DOA & Governance Training","Compliance","2","0","Completed","2025-02-21","Yes"
"BLD-100765","DOA & Governance Training","Compliance","8","0","Completed","2023-08-01","No"
"BLD-100765","Data Privacy Awareness","Mandatory","4","0","Completed","2025-03-21","No"
"BLD-100765","Effective Communication","Soft Skills","2","310","Completed","2023-02-27","No"
"BLD-100765","Effective Communication","Soft Skills","8","1040","Not Started",,"No"
"BLD-100765","Dairy Processing Fundamentals","Technical","16","1290","Not Started",,"No"
"BLD-100766","Anti-Bribery & Ethics","Mandatory","8","0","Completed","2023-03-14","No"
"BLD-100766","Anti-Bribery & Ethics","Mandatory","8","0","Completed","2024-02-05","No"
"BLD-100766","SAP for HR Users","Technical","2","1960","Completed","2025-03-14","Yes"
"BLD-100766","Cold Chain Logistics","Technical","2","1660","Completed","2023-03-06","Yes"
"BLD-100766","Strategic Leadership Workshop","Leadership","16","470","In Progress",,"No"
"BLD-100766","DOA & Governance Training","Compliance","4","0","Completed","2025-06-01","Yes"
"BLD-100766","Qatar Labor Law Essentials","Compliance","8","0","Completed","2024-12-10","No"
"BLD-100766","SAP for HR Users","Technical","4","2120","Completed","2023-06-02","No"
"BLD-100766","Cold Chain Logistics","Technical","2","1990","Completed","2025-12-26","Yes"
"BLD-100766","Qatar Labor Law Essentials","Compliance","4","0","Completed","2025-01-04","Yes"
"BLD-100766","Qatar Labor Law Essentials","Compliance","8","0","Completed","2023-11-02","No"
"BLD-100767","Coaching for Performance","Leadership","2","350","Completed","2024-08-01","No"
"BLD-100767","Health & Safety Induction","Mandatory","2","0","Completed","2024-02-11","No"
"BLD-100767","Time Management","Soft Skills","4","860","Completed","2024-06-07","No"
"BLD-100767","Anti-Bribery & Ethics","Mandatory","4","0","Completed","2023-05-03","No"
"BLD-100769","DOA & Governance Training","Compliance","4","0","Completed","2025-03-08","No"
"BLD-100769","Anti-Bribery & Ethics","Mandatory","8","0","Completed","2024-10-28","No"
"BLD-100769","Qatar Labor Law Essentials","Compliance","16","0","Completed","2025-04-26","No"
"BLD-100769","Health & Safety Induction","Mandatory","4","0","Completed","2023-08-31","No"
"BLD-100769","Health & Safety Induction","Mandatory","16","0","Completed","2023-06-05","No"
"BLD-100769","Health & Safety Induction","Mandatory","4","0","Completed","2023-12-04","No"
"BLD-100771","Data Privacy Awareness","Mandatory","4","0","Completed","2024-01-19","No"
"BLD-100772","Cold Chain Logistics","Technical","4","660","Completed","2023-10-17","No"
"BLD-100772","Strategic Leadership Workshop","Leadership","2","1090","Completed","2023-09-06","No"
"BLD-100772","Strategic Leadership Workshop","Leadership","4","1100","Completed","2025-11-27","No"
"BLD-100772","Cold Chain Logistics","Technical","2","570","Completed","2023-12-09","Yes"
"BLD-100772","Presentation Skills","Soft Skills","16","2150","Completed","2025-10-28","No"
"BLD-100772","Time Management","Soft Skills","8","760","In Progress",,"No"
"BLD-100772","First-Time Manager Program","Leadership","16","2190","Completed","2025-03-11","No"
"BLD-100773","Health & Safety Induction","Mandatory","8","0","Completed","2025-02-20","No"
"BLD-100773","Presentation Skills","Soft Skills","8","2050","Completed","2025-12-14","No"
"BLD-100773","Conflict Resolution","Soft Skills","4","460","Completed","2025-10-21","No"
"BLD-100773","Cold Chain Logistics","Technical","4","1790","Completed","2025-03-17","Yes"
"BLD-100773","Fire & Emergency Response","Mandatory","2","0","In Progress",,"No"
"BLD-100773","Presentation Skills","Soft Skills","4","1340","In Progress",,"No"
"BLD-100773","Time Management","Soft Skills","16","1220","Completed","2024-09-02","No"
"BLD-100773","Strategic Leadership Workshop","Leadership","16","370","Completed","2025-05-01","No"
"BLD-100773","Strategic Leadership Workshop","Leadership","8","620","In Progress",,"No"
"BLD-100773","Coaching for Performance","Leadership","8","1860","Completed","2025-07-02","No"
"BLD-100773","Advanced Excel for Reporting","Technical","16","530","Completed","2023-03-06","Yes"
"BLD-100773","Time Management","Soft Skills","2","320","In Progress",,"No"
"BLD-100774","Anti-Bribery & Ethics","Mandatory","16","0","Completed","2023-12-08","No"
"BLD-100774","Health & Safety Induction","Mandatory","4","0","Not Started",,"No"
"BLD-100774","Conflict Resolution","Soft Skills","4","940","Completed","2025-12-03","No"
"BLD-100774","Food Safety & HACCP Refresher","Mandatory","4","0","Completed","2025-03-11","No"
"BLD-100774","Fire & Emergency Response","Mandatory","4","0","Completed","2024-02-14","No"
"BLD-100774","Qatar Labor Law Essentials","Compliance","8","0","Completed","2024-06-07","Yes"
"BLD-100774","Presentation Skills","Soft Skills","4","1630","Completed","2024-04-03","No"
"BLD-100774","Quality Control Techniques","Technical","2","1350","Completed","2024-01-09","No"
"BLD-100774","Food Safety & HACCP Refresher","Mandatory","8","0","Completed","2025-08-13","No"
"BLD-100776","Health & Safety Induction","Mandatory","8","0","Not Started",,"No"
"BLD-100776","Cold Chain Logistics","Technical","2","1110","Completed","2023-03-01","Yes"
"BLD-100776","Health & Safety Induction","Mandatory","2","0","Completed","2025-03-10","No"
"BLD-100776","Qatar Labor Law Essentials","Compliance","4","0","Completed","2023-05-18","Yes"
"BLD-100776","Effective Communication","Soft Skills","2","430","Completed","2025-01-22","No"
"BLD-100776","Effective Communication","Soft Skills","4","460","In Progress",,"No"
"BLD-100776","Presentation Skills","Soft Skills","2","980","Completed","2024-11-18","No"
"BLD-100776","Quality Control Techniques","Technical","2","1520","Completed","2025-07-01","Yes"
"BLD-100776","Anti-Bribery & Ethics","Mandatory","4","0","Completed","2023-06-16","No"
"BLD-100776","Presentation Skills","Soft Skills","8","1740","Completed","2024-03-28","No"
"BLD-100776","Effective Communication","Soft Skills","8","2010","Completed","2023-10-05","No"
"BLD-100776","Anti-Bribery & Ethics","Mandatory","4","0","Completed","2023-02-04","No"
"BLD-100777","Conflict Resolution","Soft Skills","8","180","Completed","2024-04-13","No"
"BLD-100777","First-Time Manager Program","Leadership","2","580","Completed","2023-01-26","No"
"BLD-100777","Anti-Bribery & Ethics","Mandatory","8","0","Completed","2023-12-25","No"
"BLD-100777","Strategic Leadership Workshop","Leadership","2","2190","Completed","2024-11-17","No"
"BLD-100777","SAP for HR Users","Technical","4","160","Completed","2025-02-25","No"
"BLD-100777","Quality Control Techniques","Technical","4","600","Completed","2025-11-03","Yes"
"BLD-100777","Data Privacy Awareness","Mandatory","2","0","Completed","2023-03-13","No"
"BLD-100777","Quality Control Techniques","Technical","4","1470","Completed","2025-05-31","Yes"
"BLD-100777","Time Management","Soft Skills","2","800","Completed","2025-06-23","No"
"BLD-100778","Quality Control Techniques","Technical","4","590","Completed","2024-10-11","Yes"
"BLD-100778","Presentation Skills","Soft Skills","16","690","Completed","2025-09-08","No"
"BLD-100778","Advanced Excel for Reporting","Technical","16","560","Completed","2023-01-25","Yes"
"BLD-100778","DOA & Governance Training","Compliance","2","0","Completed","2025-02-07","Yes"
"BLD-100778","Health & Safety Induction","Mandatory","4","0","Completed","2023-02-10","No"
"BLD-100778","Food Safety & HACCP Refresher","Mandatory","8","0","Completed","2025-10-21","No"
"BLD-100778","Data Privacy Awareness","Mandatory","2","0","Completed","2025-07-03","No"
"BLD-100778","SAP for HR Users","Technical","8","790","Completed","2024-02-11","Yes"
"BLD-100778","DOA & Governance Training","Compliance","4","0","Completed","2024-03-01","Yes"
"BLD-100778","First-Time Manager Program","Leadership","16","800","Not Started",,"No"
"BLD-100778","Data Privacy Awareness","Mandatory","4","0","Not Started",,"No"
"BLD-100779","Dairy Processing Fundamentals","Technical","2","1900","Completed","2025-06-13","Yes"
"BLD-100779","Conflict Resolution","Soft Skills","4","880","Not Started",,"No"
"BLD-100779","First-Time Manager Program","Leadership","4","660","Completed","2025-10-20","No"
"BLD-100779","Presentation Skills","Soft Skills","8","490","Completed","2024-06-20","No"
"BLD-100779","Presentation Skills","Soft Skills","2","500","Completed","2025-10-28","No"
"BLD-100779","Food Safety & HACCP Refresher","Mandatory","4","0","Completed","2025-07-04","No"
"BLD-100779","DOA & Governance Training","Compliance","4","0","In Progress",,"No"
"BLD-100779","Cold Chain Logistics","Technical","2","1990","Completed","2025-11-01","No"
"BLD-100779","Conflict Resolution","Soft Skills","2","950","In Progress",,"No"
"BLD-100779","Presentation Skills","Soft Skills","2","1420","Completed","2025-08-13","No"
"BLD-100779","Cold Chain Logistics","Technical","8","1210","Completed","2024-07-24","No"
"BLD-100779","Conflict Resolution","Soft Skills","8","1920","Completed","2024-02-02","No"
"BLD-100779","Qatar Labor Law Essentials","Compliance","8","0","Completed","2025-10-25","No"
"BLD-100779","Qatar Labor Law Essentials","Compliance","2","0","Completed","2024-11-08","No"
"BLD-100779","SAP for HR Users","Technical","4","1830","Completed","2025-11-15","No"
"BLD-100780","Effective Communication","Soft Skills","4","1170","Completed","2023-12-03","No"
"BLD-100780","Presentation Skills","Soft Skills","4","780","Completed","2024-01-15","No"
"BLD-100780","Health & Safety Induction","Mandatory","8","0","Completed","2024-03-03","No"
"BLD-100780","Health & Safety Induction","Mandatory","8","0","Completed","2023-03-04","No"
"BLD-100780","Dairy Processing Fundamentals","Technical","4","1810","Completed","2024-03-07","Yes"
"BLD-100780","Presentation Skills","Soft Skills","8","1350","Completed","2024-01-01","No"
"BLD-100781","Food Safety & HACCP Refresher","Mandatory","2","0","In Progress",,"No"
"BLD-100781","Effective Communication","Soft Skills","2","620","In Progress",,"No"
"BLD-100781","Anti-Bribery & Ethics","Mandatory","2","0","Completed","2025-03-23","No"
"BLD-100781","Food Safety & HACCP Refresher","Mandatory","4","0","Completed","2025-04-01","No"
"BLD-100782","Strategic Leadership Workshop","Leadership","2","1430","Completed","2025-02-02","No"
"BLD-100782","Quality Control Techniques","Technical","4","1610","Completed","2024-08-27","No"
"BLD-100782","Cold Chain Logistics","Technical","2","1260","Completed","2024-12-27","Yes"
"BLD-100782","Food Safety & HACCP Refresher","Mandatory","2","0","Completed","2024-07-13","No"
"BLD-100782","Cold Chain Logistics","Technical","16","1910","Not Started",,"No"
"BLD-100782","Presentation Skills","Soft Skills","2","730","Completed","2023-06-21","No"
"BLD-100782","Effective Communication","Soft Skills","8","1390","In Progress",,"No"
"BLD-100782","DOA & Governance Training","Compliance","2","0","Not Started",,"No"
"BLD-100782","Qatar Labor Law Essentials","Compliance","4","0","Completed","2025-09-09","No"
"BLD-100783","Cold Chain Logistics","Technical","4","990","Completed","2025-08-12","No"
"BLD-100783","Food Safety & HACCP Refresher","Mandatory","4","0","Completed","2025-02-10","No"
"BLD-100783","Health & Safety Induction","Mandatory","4","0","In Progress",,"No"
"BLD-100783","Effective Communication","Soft Skills","2","1380","Completed","2024-02-28","No"
"BLD-100783","Quality Control Techniques","Technical","8","770","In Progress",,"No"
"BLD-100783","Quality Control Techniques","Technical","2","2040","Completed","2025-08-07","Yes"
"BLD-100783","Qatar Labor Law Essentials","Compliance","4","0","Completed","2024-11-02","Yes"
"BLD-100783","Dairy Processing Fundamentals","Technical","4","920","Completed","2025-04-28","No"
"BLD-100783","Coaching for Performance","Leadership","4","560","Completed","2024-10-26","No"
"BLD-100783","Qatar Labor Law Essentials","Compliance","4","0","Completed","2024-04-14","Yes"
"BLD-100783","Fire & Emergency Response","Mandatory","8","0","Completed","2023-10-19","No"
"BLD-100783","Anti-Bribery & Ethics","Mandatory","4","0","Completed","2023-07-08","No"
"BLD-100784","Advanced Excel for Reporting","Technical","8","1770","In Progress",,"No"
"BLD-100784","SAP for HR Users","Technical","2","650","Completed","2023-02-28","No"
"BLD-100784","Coaching for Performance","Leadership","2","500","Completed","2023-04-24","No"
"BLD-100784","Dairy Processing Fundamentals","Technical","4","660","Completed","2023-04-27","No"
"BLD-100784","Quality Control Techniques","Technical","2","220","In Progress",,"No"
"BLD-100784","Qatar Labor Law Essentials","Compliance","4","0","Completed","2024-07-13","Yes"
"BLD-100786","Health & Safety Induction","Mandatory","2","0","In Progress",,"No"
"BLD-100786","Cold Chain Logistics","Technical","2","290","Completed","2024-01-25","Yes"
"BLD-100786","Quality Control Techniques","Technical","2","1480","Not Started",,"No"
"BLD-100786","Food Safety & HACCP Refresher","Mandatory","8","0","Completed","2025-01-23","No"
"BLD-100786","DOA & Governance Training","Compliance","4","0","In Progress",,"No"
"BLD-100786","Fire & Emergency Response","Mandatory","8","0","In Progress",,"No"
"BLD-100787","Qatar Labor Law Essentials","Compliance","4","0","Completed","2023-08-12","No"
"BLD-100787","Effective Communication","Soft Skills","4","290","Completed","2023-05-07","No"
"BLD-100787","Health & Safety Induction","Mandatory","8","0","In Progress",,"No"
"BLD-100787","Qatar Labor Law Essentials","Compliance","16","0","In Progress",,"No"
"BLD-100788","Health & Safety Induction","Mandatory","4","0","Completed","2023-05-27","No"
"BLD-100788","Anti-Bribery & Ethics","Mandatory","2","0","Completed","2023-08-02","No"
"BLD-100788","Cold Chain Logistics","Technical","2","1180","In Progress",,"No"
"BLD-100788","Advanced Excel for Reporting","Technical","4","2060","Completed","2023-06-14","Yes"
"BLD-100788","Coaching for Performance","Leadership","8","1610","Completed","2024-01-08","No"
"BLD-100788","Conflict Resolution","Soft Skills","4","680","Completed","2024-12-04","No"
"BLD-100788","Conflict Resolution","Soft Skills","4","2070","Completed","2023-02-12","No"
"BLD-100788","Data Privacy Awareness","Mandatory","8","0","Completed","2023-04-22","No"
"BLD-100788","Food Safety & HACCP Refresher","Mandatory","4","0","Completed","2023-08-29","No"
"BLD-100788","Data Privacy Awareness","Mandatory","4","0","Completed","2024-05-15","No"
"BLD-100788","Health & Safety Induction","Mandatory","8","0","Completed","2025-10-04","No"
"BLD-100789","Conflict Resolution","Soft Skills","2","1450","Completed","2025-11-25","No"
"BLD-100789","Strategic Leadership Workshop","Leadership","4","700","Completed","2025-10-22","No"
"BLD-100789","Cold Chain Logistics","Technical","8","1420","Completed","2023-10-06","Yes"
"BLD-100789","SAP for HR Users","Technical","4","830","Completed","2024-05-05","No"
"BLD-100789","Quality Control Techniques","Technical","16","540","Completed","2025-02-18","Yes"
"BLD-100789","SAP for HR Users","Technical","4","1070","Completed","2023-12-29","Yes"
"BLD-100789","Health & Safety Induction","Mandatory","2","0","Completed","2024-08-11","No"
"BLD-100789","Data Privacy Awareness","Mandatory","2","0","Completed","2025-02-22","No"
"BLD-100789","Time Management","Soft Skills","2","1410","Completed","2024-07-01","No"
"BLD-100789","Time Management","Soft Skills","4","700","Completed","2025-04-14","No"
"BLD-100790","DOA & Governance Training","Compliance","8","0","In Progress",,"No"
"BLD-100792","SAP for HR Users","Technical","8","220","Completed","2023-07-07","No"
"BLD-100792","Coaching for Performance","Leadership","2","1240","Completed","2024-01-31","No"
"BLD-100792","Time Management","Soft Skills","2","1000","In Progress",,"No"
"BLD-100793","Presentation Skills","Soft Skills","4","390","Completed","2025-10-26","No"
"BLD-100793","Quality Control Techniques","Technical","2","930","Completed","2023-09-11","No"
"BLD-100793","SAP for HR Users","Technical","2","1560","Completed","2023-01-15","Yes"
"BLD-100793","Presentation Skills","Soft Skills","2","740","Not Started",,"No"
"BLD-100793","Cold Chain Logistics","Technical","2","1220","Completed","2023-11-11","No"
"BLD-100794","Coaching for Performance","Leadership","2","790","Completed","2025-12-02","No"
"BLD-100794","Conflict Resolution","Soft Skills","16","1790","Completed","2024-12-15","No"
"BLD-100794","Dairy Processing Fundamentals","Technical","2","1490","Completed","2024-11-09","Yes"
"BLD-100794","Advanced Excel for Reporting","Technical","8","1360","Completed","2023-03-16","No"
"BLD-100794","Data Privacy Awareness","Mandatory","4","0","In Progress",,"No"
"BLD-100794","Fire & Emergency Response","Mandatory","2","0","Completed","2024-03-30","No"
"BLD-100794","Effective Communication","Soft Skills","8","1870","Completed","2023-12-06","No"
"BLD-100794","DOA & Governance Training","Compliance","16","0","Completed","2025-12-18","Yes"
"BLD-100794","Fire & Emergency Response","Mandatory","4","0","Completed","2023-10-20","No"
"BLD-100794","DOA & Governance Training","Compliance","2","0","In Progress",,"No"
"BLD-100794","Data Privacy Awareness","Mandatory","2","0","Completed","2024-06-13","No"
"BLD-100795","Effective Communication","Soft Skills","2","1680","Completed","2023-06-12","No"
"BLD-100795","Anti-Bribery & Ethics","Mandatory","2","0","Completed","2024-04-09","No"
"BLD-100795","Coaching for Performance","Leadership","8","760","Completed","2025-10-23","No"
"BLD-100795","Cold Chain Logistics","Technical","8","1930","Not Started",,"No"
"BLD-100795","Conflict Resolution","Soft Skills","2","620","Completed","2024-06-19","No"
"BLD-100795","Advanced Excel for Reporting","Technical","8","1230","Completed","2024-01-31","No"
"BLD-100795","Food Safety & HACCP Refresher","Mandatory","8","0","Completed","2023-01-16","No"
"BLD-100796","First-Time Manager Program","Leadership","4","1340","Completed","2023-09-09","No"
"BLD-100796","Dairy Processing Fundamentals","Technical","4","1360","Not Started",,"No"
"BLD-100797","Food Safety & HACCP Refresher","Mandatory","8","0","In Progress",,"No"
"BLD-100797","Data Privacy Awareness","Mandatory","4","0","Completed","2024-08-19","No"
"BLD-100797","Quality Control Techniques","Technical","2","210","Completed","2025-01-11","No"
"BLD-100797","Food Safety & HACCP Refresher","Mandatory","8","0","Not Started",,"No"
"BLD-100798","Advanced Excel for Reporting","Technical","8","170","Completed","2024-08-27","No"
"BLD-100798","Cold Chain Logistics","Technical","8","350","Completed","2023-05-22","Yes"
"BLD-100798","Dairy Processing Fundamentals","Technical","4","1100","Completed","2023-06-04","No"
"BLD-100798","Anti-Bribery & Ethics","Mandatory","4","0","Completed","2023-06-05","No"
"BLD-100798","First-Time Manager Program","Leadership","8","780","Completed","2023-06-23","No"
"BLD-100798","Health & Safety Induction","Mandatory","8","0","Completed","2024-09-08","No"
"BLD-100799","Cold Chain Logistics","Technical","4","1410","In Progress",,"No"
"BLD-100799","Strategic Leadership Workshop","Leadership","2","1350","Completed","2025-03-06","No"
"BLD-100799","Quality Control Techniques","Technical","2","2000","Completed","2025-01-26","No"
"BLD-100799","Dairy Processing Fundamentals","Technical","4","400","In Progress",,"No"
"BLD-100799","Coaching for Performance","Leadership","4","1540","Completed","2025-03-22","No"
"BLD-100799","Cold Chain Logistics","Technical","8","710","Completed","2024-09-16","No"
"BLD-100799","DOA & Governance Training","Compliance","8","0","Completed","2025-06-04","No"
"BLD-100799","First-Time Manager Program","Leadership","2","1570","Completed","2023-08-05","No"
"BLD-100799","Quality Control Techniques","Technical","8","630","Completed","2023-11-04","Yes"
"BLD-100799","Anti-Bribery & Ethics","Mandatory","4","0","In Progress",,"No"
"BLD-100800","Effective Communication","Soft Skills","8","1020","In Progress",,"No"
"BLD-100800","Time Management","Soft Skills","2","1680","Completed","2025-05-13","No"
"BLD-100800","First-Time Manager Program","Leadership","4","900","Completed","2023-11-07","No"
"BLD-100800","Food Safety & HACCP Refresher","Mandatory","2","0","Completed","2023-06-10","No"
"BLD-100800","Fire & Emergency Response","Mandatory","16","0","Completed","2025-01-18","No"
"BLD-100800","Anti-Bribery & Ethics","Mandatory","2","0","Completed","2024-07-24","No"
"BLD-100800","SAP for HR Users","Technical","4","1740","Completed","2025-05-06","Yes"
"BLD-100800","First-Time Manager Program","Leadership","16","440","Completed","2025-02-22","No"
"BLD-100800","Time Management","Soft Skills","2","1780","Completed","2023-12-31","No"
"BLD-100801","Health & Safety Induction","Mandatory","2","0","Completed","2023-01-09","No"
"BLD-100801","Coaching for Performance","Leadership","8","1200","Completed","2023-10-11","No"
"BLD-100802","Food Safety & HACCP Refresher","Mandatory","8","0","Completed","2024-11-07","No"
"BLD-100802","Data Privacy Awareness","Mandatory","4","0","Completed","2025-09-01","No"
"BLD-100802","Time Management","Soft Skills","2","1370","Completed","2023-11-22","No"
"BLD-100802","Quality Control Techniques","Technical","4","1460","Not Started",,"No"
"BLD-100802","Presentation Skills","Soft Skills","2","2190","Completed","2025-11-16","No"
"BLD-100802","Fire & Emergency Response","Mandatory","2","0","Completed","2024-04-23","No"
"BLD-100803","Conflict Resolution","Soft Skills","2","1680","In Progress",,"No"
"BLD-100803","Quality Control Techniques","Technical","2","2190","Completed","2023-08-29","Yes"
"BLD-100803","Health & Safety Induction","Mandatory","16","0","Not Started",,"No"
"BLD-100804","Advanced Excel for Reporting","Technical","4","1980","In Progress",,"No"
"BLD-100804","Cold Chain Logistics","Technical","8","1470","Completed","2023-12-29","Yes"
"BLD-100804","Time Management","Soft Skills","8","270","In Progress",,"No"
"BLD-100804","Strategic Leadership Workshop","Leadership","4","1970","Completed","2023-01-18","No"
"BLD-100804","Qatar Labor Law Essentials","Compliance","4","0","Completed","2024-09-11","Yes"
"BLD-100804","Time Management","Soft Skills","2","1010","Completed","2024-03-29","No"
"BLD-100804","Advanced Excel for Reporting","Technical","2","1340","In Progress",,"No"
"BLD-100804","Cold Chain Logistics","Technical","4","1540","Completed","2023-04-22","No"
"BLD-100804","SAP for HR Users","Technical","4","1120","Completed","2023-09-23","No"
"BLD-100804","First-Time Manager Program","Leadership","2","690","Completed","2023-05-03","No"
"BLD-100805","Strategic Leadership Workshop","Leadership","4","780","Not Started",,"No"
"BLD-100805","Conflict Resolution","Soft Skills","2","1930","Completed","2023-02-16","No"
"BLD-100805","Conflict Resolution","Soft Skills","4","240","Completed","2023-03-12","No"
"BLD-100806","DOA & Governance Training","Compliance","16","0","Completed","2025-08-23","Yes"
"BLD-100806","Food Safety & HACCP Refresher","Mandatory","2","0","Completed","2025-02-28","No"
"BLD-100806","Effective Communication","Soft Skills","2","1220","Completed","2023-06-12","No"
"BLD-100806","Quality Control Techniques","Technical","8","1550","Completed","2023-08-26","Yes"
"BLD-100806","DOA & Governance Training","Compliance","8","0","Completed","2023-01-18","No"
"BLD-100806","DOA & Governance Training","Compliance","8","0","Completed","2025-09-07","Yes"
"BLD-100806","Egyptian Labor Law Essentials","Compliance","4","0","Completed","2024-10-11","Yes"
"BLD-100806","Advanced Excel for Reporting","Technical","4","1110","In Progress",,"No"
"BLD-100807","First-Time Manager Program","Leadership","2","1900","Completed","2023-04-14","No"
"BLD-100807","Food Safety & HACCP Refresher","Mandatory","8","0","Completed","2023-02-02","No"
"BLD-100807","Time Management","Soft Skills","2","1580","Completed","2023-06-12","No"
"BLD-100809","Health & Safety Induction","Mandatory","8","0","Completed","2024-02-23","No"
"BLD-100809","Data Privacy Awareness","Mandatory","8","0","Completed","2024-07-10","No"
"BLD-100809","Anti-Bribery & Ethics","Mandatory","4","0","Completed","2023-04-02","No"
"BLD-100809","First-Time Manager Program","Leadership","4","1760","Completed","2025-03-16","No"
"BLD-100809","First-Time Manager Program","Leadership","8","1000","Completed","2024-09-14","No"
"BLD-100809","Dairy Processing Fundamentals","Technical","16","380","Completed","2024-01-23","Yes"
"BLD-100810","Food Safety & HACCP Refresher","Mandatory","4","0","Completed","2025-04-01","No"
"BLD-100810","Fire & Emergency Response","Mandatory","4","0","Completed","2025-11-13","No"
"BLD-100810","Food Safety & HACCP Refresher","Mandatory","8","0","Completed","2023-04-06","No"
"BLD-100810","Advanced Excel for Reporting","Technical","8","600","Completed","2025-02-07","Yes"
"BLD-100810","Cold Chain Logistics","Technical","8","1480","In Progress",,"No"
"BLD-100810","Data Privacy Awareness","Mandatory","4","0","Completed","2024-10-28","No"
"BLD-100811","Coaching for Performance","Leadership","2","2020","In Progress",,"No"
"BLD-100811","Quality Control Techniques","Technical","4","700","Completed","2023-03-15","Yes"
"BLD-100811","Qatar Labor Law Essentials","Compliance","4","0","Completed","2024-11-28","Yes"
"BLD-100811","Cold Chain Logistics","Technical","2","270","Completed","2025-06-25","Yes"
"BLD-100811","Time Management","Soft Skills","8","1150","In Progress",,"No"
"BLD-100811","Dairy Processing Fundamentals","Technical","4","790","Completed","2023-07-05","No"
"BLD-100812","Conflict Resolution","Soft Skills","8","750","Completed","2023-02-14","No"
"BLD-100812","Health & Safety Induction","Mandatory","2","0","Completed","2023-04-07","No"
"BLD-100812","Coaching for Performance","Leadership","2","1540","Completed","2024-02-15","No"
"BLD-100812","Conflict Resolution","Soft Skills","4","2150","Not Started",,"No"
"BLD-100813","Anti-Bribery & Ethics","Mandatory","8","0","Completed","2023-01-30","No"
"BLD-100813","Data Privacy Awareness","Mandatory","2","0","Completed","2024-12-11","No"
"BLD-100813","Advanced Excel for Reporting","Technical","2","630","Completed","2023-03-09","Yes"
"BLD-100813","Conflict Resolution","Soft Skills","8","1070","Completed","2024-07-20","No"
"BLD-100813","Fire & Emergency Response","Mandatory","8","0","Completed","2023-09-01","No"
"BLD-100813","SAP for HR Users","Technical","4","1560","Completed","2023-09-27","No"
"BLD-100813","SAP for HR Users","Technical","16","1980","Completed","2023-03-08","Yes"
"BLD-100813","Fire & Emergency Response","Mandatory","2","0","In Progress",,"No"
"BLD-100814","Effective Communication","Soft Skills","4","1620","Completed","2024-12-06","No"
"BLD-100814","Effective Communication","Soft Skills","8","1000","Completed","2023-11-03","No"
"BLD-100814","Strategic Leadership Workshop","Leadership","4","1260","Completed","2024-02-24","No"
"BLD-100814","Anti-Bribery & Ethics","Mandatory","4","0","Completed","2025-02-06","No"
"BLD-100814","Data Privacy Awareness","Mandatory","8","0","In Progress",,"No"
"BLD-100814","First-Time Manager Program","Leadership","4","1110","Completed","2025-11-10","No"
"BLD-100815","Data Privacy Awareness","Mandatory","2","0","Completed","2025-09-24","No"
"BLD-100815","Food Safety & HACCP Refresher","Mandatory","2","0","Completed","2024-04-01","No"
"BLD-100815","Coaching for Performance","Leadership","2","920","Completed","2025-08-08","No"
"BLD-100815","Dairy Processing Fundamentals","Technical","2","1160","Completed","2024-12-07","Yes"
"BLD-100816","Strategic Leadership Workshop","Leadership","4","210","Completed","2024-09-02","No"
"BLD-100816","Strategic Leadership Workshop","Leadership","2","370","Completed","2023-05-01","No"
"BLD-100816","DOA & Governance Training","Compliance","8","0","Completed","2024-12-31","Yes"
"BLD-100816","Anti-Bribery & Ethics","Mandatory","2","0","In Progress",,"No"
"BLD-100816","Advanced Excel for Reporting","Technical","4","680","Completed","2023-01-04","No"
"BLD-100816","Time Management","Soft Skills","8","630","Completed","2025-02-06","No"
"BLD-100816","Effective Communication","Soft Skills","8","2080","Completed","2023-12-05","No"
"BLD-100816","Data Privacy Awareness","Mandatory","8","0","In Progress",,"No"
"BLD-100817","SAP for HR Users","Technical","4","1210","Completed","2025-11-15","Yes"
"BLD-100817","Effective Communication","Soft Skills","4","760","Completed","2024-12-05","No"
"BLD-100817","Data Privacy Awareness","Mandatory","4","0","Completed","2023-12-07","No"
"BLD-100817","Coaching for Performance","Leadership","8","1630","Completed","2023-02-05","No"
"BLD-100817","Health & Safety Induction","Mandatory","8","0","In Progress",,"No"
"BLD-100818","Qatar Labor Law Essentials","Compliance","4","0","Completed","2024-01-12","No"
"BLD-100818","Effective Communication","Soft Skills","2","1530","In Progress",,"No"
"BLD-100818","First-Time Manager Program","Leadership","4","330","Completed","2024-03-28","No"
"BLD-100818","Advanced Excel for Reporting","Technical","4","880","Completed","2023-12-31","No"
"BLD-100818","Quality Control Techniques","Technical","4","1060","In Progress",,"No"
"BLD-100819","SAP for HR Users","Technical","8","1410","Completed","2024-04-28","Yes"
"BLD-100820","Conflict Resolution","Soft Skills","4","1980","Completed","2025-07-03","No"
"BLD-100820","Data Privacy Awareness","Mandatory","8","0","Completed","2023-05-29","No"
"BLD-100820","Fire & Emergency Response","Mandatory","4","0","Completed","2023-07-23","No"
"BLD-100820","Health & Safety Induction","Mandatory","16","0","Completed","2025-06-02","No"
"BLD-100820","Conflict Resolution","Soft Skills","8","270","In Progress",,"No"
"BLD-100820","Coaching for Performance","Leadership","2","1690","Completed","2024-07-21","No"
"BLD-100820","Coaching for Performance","Leadership","4","200","In Progress",,"No"
"BLD-100821","Anti-Bribery & Ethics","Mandatory","2","0","Completed","2025-04-08","No"
"BLD-100821","SAP for HR Users","Technical","2","1630","Completed","2025-11-25","No"
"BLD-100821","First-Time Manager Program","Leadership","8","400","Completed","2025-09-17","No"
"BLD-100821","Food Safety & HACCP Refresher","Mandatory","16","0","Completed","2023-09-22","No"
"BLD-100821","Presentation Skills","Soft Skills","8","1970","Completed","2023-01-27","No"
"BLD-100821","Data Privacy Awareness","Mandatory","8","0","Completed","2025-08-18","No"
"BLD-100821","Presentation Skills","Soft Skills","2","960","Completed","2025-08-23","No"
"BLD-100821","Quality Control Techniques","Technical","8","510","Completed","2025-09-01","No"
"BLD-100822","Time Management","Soft Skills","4","2140","In Progress",,"No"
"BLD-100822","Qatar Labor Law Essentials","Compliance","2","0","Completed","2023-08-28","Yes"
"BLD-100822","Data Privacy Awareness","Mandatory","4","0","Completed","2024-05-10","No"
"BLD-100822","DOA & Governance Training","Compliance","2","0","Completed","2024-01-24","Yes"
"BLD-100824","Presentation Skills","Soft Skills","8","2170","Completed","2025-05-31","No"
"BLD-100824","Dairy Processing Fundamentals","Technical","2","2000","Completed","2024-03-05","No"
"BLD-100824","Effective Communication","Soft Skills","4","230","Completed","2024-12-28","No"
"BLD-100824","First-Time Manager Program","Leadership","4","580","Completed","2025-09-08","No"
"BLD-100824","Food Safety & HACCP Refresher","Mandatory","4","0","Completed","2024-09-28","No"
"BLD-100824","Qatar Labor Law Essentials","Compliance","8","0","In Progress",,"No"
"BLD-100824","Time Management","Soft Skills","4","1350","Completed","2024-06-27","No"
"BLD-100824","SAP for HR Users","Technical","4","780","Completed","2025-12-26","Yes"
"BLD-100824","Presentation Skills","Soft Skills","8","1430","Completed","2024-01-09","No"
"BLD-100825","Presentation Skills","Soft Skills","8","1290","Not Started",,"No"
"BLD-100825","Dairy Processing Fundamentals","Technical","4","1870","Completed","2025-07-11","No"
"BLD-100825","DOA & Governance Training","Compliance","2","0","Completed","2025-03-11","Yes"
"BLD-100825","Effective Communication","Soft Skills","4","1150","Completed","2024-04-15","No"
"BLD-100825","Fire & Emergency Response","Mandatory","2","0","Completed","2025-09-04","No"
"BLD-100825","Qatar Labor Law Essentials","Compliance","4","0","Completed","2023-02-14","Yes"
"BLD-100825","Dairy Processing Fundamentals","Technical","4","1860","Completed","2025-07-31","Yes"
"BLD-100825","DOA & Governance Training","Compliance","16","0","Completed","2024-05-17","No"
"BLD-100825","Effective Communication","Soft Skills","4","1100","Completed","2025-06-29","No"
"BLD-100826","SAP for HR Users","Technical","4","450","Completed","2025-10-13","No"
"BLD-100826","Strategic Leadership Workshop","Leadership","8","1760","Completed","2024-09-27","No"
"BLD-100826","SAP for HR Users","Technical","4","300","In Progress",,"No"
"BLD-100826","Food Safety & HACCP Refresher","Mandatory","2","0","Completed","2025-12-06","No"
"BLD-100826","Data Privacy Awareness","Mandatory","8","0","Completed","2025-09-18","No"
"BLD-100826","Anti-Bribery & Ethics","Mandatory","2","0","Completed","2024-10-23","No"
"BLD-100826","Conflict Resolution","Soft Skills","2","1160","Completed","2024-11-24","No"
"BLD-100826","Time Management","Soft Skills","4","640","Not Started",,"No"
"BLD-100826","Food Safety & HACCP Refresher","Mandatory","8","0","Completed","2025-01-24","No"
"BLD-100826","Fire & Emergency Response","Mandatory","8","0","Not Started",,"No"
"BLD-100827","Strategic Leadership Workshop","Leadership","8","1280","Completed","2024-06-28","No"
"BLD-100827","Food Safety & HACCP Refresher","Mandatory","2","0","Completed","2024-04-26","No"
"BLD-100827","Advanced Excel for Reporting","Technical","4","710","Completed","2025-09-15","No"
"BLD-100827","SAP for HR Users","Technical","2","530","Completed","2023-11-13","Yes"
"BLD-100827","Coaching for Performance","Leadership","2","650","In Progress",,"No"
"BLD-100827","Coaching for Performance","Leadership","8","1970","Completed","2025-01-14","No"
"BLD-100827","Cold Chain Logistics","Technical","16","1590","Completed","2024-11-08","Yes"
"BLD-100827","Quality Control Techniques","Technical","2","1440","Completed","2025-11-09","No"
"BLD-100828","Presentation Skills","Soft Skills","4","1360","In Progress",,"No"
"BLD-100828","DOA & Governance Training","Compliance","4","0","In Progress",,"No"
"BLD-100828","SAP for HR Users","Technical","2","1220","Completed","2023-01-14","No"
"BLD-100829","Strategic Leadership Workshop","Leadership","16","2190","In Progress",,"No"
"BLD-100829","Time Management","Soft Skills","4","1460","Completed","2023-12-19","No"
"BLD-100829","DOA & Governance Training","Compliance","2","0","Completed","2024-03-22","No"
"BLD-100829","Qatar Labor Law Essentials","Compliance","2","0","Completed","2024-07-22","Yes"
"BLD-100829","Quality Control Techniques","Technical","8","2000","Completed","2023-12-01","No"
"BLD-100829","Conflict Resolution","Soft Skills","2","500","Completed","2024-10-09","No"
"BLD-100829","Time Management","Soft Skills","4","2190","Completed","2023-08-03","No"
"BLD-100829","Coaching for Performance","Leadership","4","710","Completed","2024-11-07","No"
"BLD-100829","Coaching for Performance","Leadership","2","680","Completed","2023-04-21","No"
"BLD-100830","Qatar Labor Law Essentials","Compliance","8","0","Completed","2023-03-15","Yes"
"BLD-100831","Strategic Leadership Workshop","Leadership","4","1520","Completed","2024-03-20","No"
"BLD-100831","Food Safety & HACCP Refresher","Mandatory","2","0","Completed","2025-11-23","No"
"BLD-100831","Conflict Resolution","Soft Skills","4","800","Completed","2024-05-22","No"
"BLD-100831","Fire & Emergency Response","Mandatory","2","0","Not Started",,"No"
"BLD-100831","DOA & Governance Training","Compliance","8","0","In Progress",,"No"
"BLD-100831","Qatar Labor Law Essentials","Compliance","16","0","Completed","2024-05-25","Yes"
"BLD-100831","Strategic Leadership Workshop","Leadership","8","2190","Completed","2023-04-26","No"
"BLD-100831","Anti-Bribery & Ethics","Mandatory","4","0","Completed","2023-06-01","No"
"BLD-100831","First-Time Manager Program","Leadership","8","1420","Completed","2025-05-08","No"
"BLD-100832","Quality Control Techniques","Technical","8","250","In Progress",,"No"
"BLD-100832","SAP for HR Users","Technical","2","420","Not Started",,"No"
"BLD-100832","Quality Control Techniques","Technical","8","810","Completed","2024-11-24","No"
"BLD-100832","Conflict Resolution","Soft Skills","16","1390","In Progress",,"No"
"BLD-100832","Anti-Bribery & Ethics","Mandatory","4","0","Completed","2024-10-08","No"
"BLD-100832","Fire & Emergency Response","Mandatory","8","0","Completed","2023-06-27","No"
"BLD-100833","Health & Safety Induction","Mandatory","4","0","In Progress",,"No"
"BLD-100833","Quality Control Techniques","Technical","2","1100","Not Started",,"No"
"BLD-100833","Advanced Excel for Reporting","Technical","4","2070","Completed","2025-11-22","No"
"BLD-100833","First-Time Manager Program","Leadership","16","1930","Completed","2024-02-12","No"
"BLD-100833","Quality Control Techniques","Technical","2","1080","In Progress",,"No"
"BLD-100833","Time Management","Soft Skills","16","190","Completed","2025-11-18","No"
"BLD-100833","Anti-Bribery & Ethics","Mandatory","16","0","In Progress",,"No"
"BLD-100833","Presentation Skills","Soft Skills","4","1180","Completed","2025-10-04","No"
"BLD-100833","Quality Control Techniques","Technical","8","1100","Completed","2025-12-24","Yes"
"BLD-100833","Coaching for Performance","Leadership","8","2100","Completed","2023-06-11","No"
"BLD-100833","Cold Chain Logistics","Technical","2","470","Completed","2024-07-16","No"
"BLD-100833","Health & Safety Induction","Mandatory","2","0","Completed","2025-08-17","No"
"BLD-100834","Effective Communication","Soft Skills","2","600","Completed","2025-10-05","No"
"BLD-100834","DOA & Governance Training","Compliance","2","0","Completed","2025-08-22","Yes"
"BLD-100834","Cold Chain Logistics","Technical","8","650","Completed","2025-12-21","No"
"BLD-100834","Cold Chain Logistics","Technical","4","1010","Completed","2024-09-20","Yes"
"BLD-100834","SAP for HR Users","Technical","4","930","Completed","2024-06-05","No"
"BLD-100834","Strategic Leadership Workshop","Leadership","8","350","Completed","2024-03-17","No"
"BLD-100834","Presentation Skills","Soft Skills","16","620","In Progress",,"No"
"BLD-100835","Fire & Emergency Response","Mandatory","8","0","In Progress",,"No"
"BLD-100835","DOA & Governance Training","Compliance","8","0","Not Started",,"No"
"BLD-100835","Cold Chain Logistics","Technical","8","1720","Completed","2024-12-17","No"
"BLD-100835","Advanced Excel for Reporting","Technical","8","1270","Completed","2024-12-11","Yes"
"BLD-100835","Cold Chain Logistics","Technical","4","450","Completed","2023-08-12","No"
"BLD-100835","Quality Control Techniques","Technical","2","740","Completed","2025-05-05","Yes"
"BLD-100835","Health & Safety Induction","Mandatory","2","0","Completed","2024-07-25","No"
"BLD-100836","Conflict Resolution","Soft Skills","4","1310","Completed","2023-05-06","No"
"BLD-100837","Cold Chain Logistics","Technical","4","2130","Completed","2023-06-08","No"
"BLD-100837","Coaching for Performance","Leadership","2","980","Completed","2023-03-16","No"
"BLD-100838","Advanced Excel for Reporting","Technical","2","1480","Completed","2024-12-21","Yes"
"BLD-100838","Time Management","Soft Skills","2","2070","Completed","2023-01-28","No"
"BLD-100838","Dairy Processing Fundamentals","Technical","8","1400","Completed","2024-05-12","No"
"BLD-100838","Quality Control Techniques","Technical","16","410","Not Started",,"No"
"BLD-100838","Time Management","Soft Skills","16","290","Completed","2025-03-30","No"
"BLD-100838","Advanced Excel for Reporting","Technical","4","680","Completed","2025-08-12","No"
"BLD-100838","Fire & Emergency Response","Mandatory","2","0","Completed","2023-06-07","No"
"BLD-100839","Food Safety & HACCP Refresher","Mandatory","4","0","Completed","2023-03-16","No"
"BLD-100839","Time Management","Soft Skills","2","1040","Completed","2025-10-21","No"
"BLD-100839","Cold Chain Logistics","Technical","8","330","Completed","2024-01-26","No"
"BLD-100839","DOA & Governance Training","Compliance","2","0","Completed","2023-01-11","Yes"
"BLD-100839","SAP for HR Users","Technical","8","1130","Not Started",,"No"
"BLD-100839","Qatar Labor Law Essentials","Compliance","4","0","Completed","2024-04-30","Yes"
"BLD-100839","Health & Safety Induction","Mandatory","8","0","Completed","2024-07-25","No"
"BLD-100840","Effective Communication","Soft Skills","4","630","Completed","2025-04-06","No"
"BLD-100840","Fire & Emergency Response","Mandatory","8","0","Completed","2024-04-03","No"
"BLD-100840","First-Time Manager Program","Leadership","2","1900","Completed","2023-01-09","No"
"BLD-100840","Conflict Resolution","Soft Skills","16","620","Completed","2023-03-11","No"
"BLD-100840","Conflict Resolution","Soft Skills","4","1280","In Progress",,"No"
"BLD-100840","Anti-Bribery & Ethics","Mandatory","2","0","Completed","2025-05-23","No"
"BLD-100840","Conflict Resolution","Soft Skills","4","1660","Completed","2024-03-01","No"
"BLD-100840","Health & Safety Induction","Mandatory","2","0","Completed","2024-08-10","No"
"BLD-100840","Health & Safety Induction","Mandatory","8","0","Completed","2024-12-13","No"
"BLD-100841","DOA & Governance Training","Compliance","4","0","Completed","2023-05-12","No"
"BLD-100841","Advanced Excel for Reporting","Technical","2","1950","Not Started",,"No"
"BLD-100841","First-Time Manager Program","Leadership","4","640","In Progress",,"No"
"BLD-100841","DOA & Governance Training","Compliance","4","0","Completed","2023-01-21","Yes"
"BLD-100842","Quality Control Techniques","Technical","16","310","Completed","2025-06-05","No"
"BLD-100842","DOA & Governance Training","Compliance","16","0","Completed","2023-09-03","Yes"
"BLD-100842","Cold Chain Logistics","Technical","4","1720","Completed","2025-02-09","No"
"BLD-100843","Conflict Resolution","Soft Skills","2","330","Completed","2023-09-12","No"
"BLD-100843","First-Time Manager Program","Leadership","2","490","Completed","2024-09-11","No"
"BLD-100843","Strategic Leadership Workshop","Leadership","2","1280","Completed","2023-10-18","No"
"BLD-100843","Qatar Labor Law Essentials","Compliance","4","0","In Progress",,"No"
"BLD-100844","Anti-Bribery & Ethics","Mandatory","4","0","In Progress",,"No"
"BLD-100845","Conflict Resolution","Soft Skills","8","350","Completed","2023-01-17","No"
"BLD-100846","Anti-Bribery & Ethics","Mandatory","16","0","Completed","2023-08-08","No"
"BLD-100846","DOA & Governance Training","Compliance","8","0","Completed","2023-12-06","No"
"BLD-100846","Dairy Processing Fundamentals","Technical","2","200","Completed","2023-06-04","No"
"BLD-100847","Fire & Emergency Response","Mandatory","8","0","Completed","2023-02-02","No"
"BLD-100848","Dairy Processing Fundamentals","Technical","4","1320","Completed","2024-05-02","Yes"
"BLD-100848","Fire & Emergency Response","Mandatory","2","0","Completed","2023-09-15","No"
"BLD-100848","Food Safety & HACCP Refresher","Mandatory","4","0","Completed","2023-12-07","No"
"BLD-100848","First-Time Manager Program","Leadership","4","400","Completed","2023-01-21","No"
"BLD-100848","Time Management","Soft Skills","8","840","Not Started",,"No"
"BLD-100848","Cold Chain Logistics","Technical","16","1660","Completed","2024-02-21","No"
"BLD-100849","Cold Chain Logistics","Technical","16","320","Completed","2023-01-23","Yes"
"BLD-100850","Anti-Bribery & Ethics","Mandatory","4","0","Completed","2023-02-24","No"
"BLD-100850","Strategic Leadership Workshop","Leadership","2","2150","Completed","2023-08-22","No"
"BLD-100850","Conflict Resolution","Soft Skills","4","850","In Progress",,"No"
"BLD-100850","Presentation Skills","Soft Skills","8","1610","Completed","2023-08-21","No"
"BLD-100850","Effective Communication","Soft Skills","2","1170","Completed","2025-10-29","No"
"BLD-100850","DOA & Governance Training","Compliance","4","0","Completed","2023-05-15","Yes"
"BLD-100850","Effective Communication","Soft Skills","2","2130","Completed","2024-11-18","No"
"BLD-100850","Coaching for Performance","Leadership","8","1450","Completed","2024-08-05","No"
"BLD-100850","Data Privacy Awareness","Mandatory","16","0","Completed","2023-12-19","No"
"BLD-100851","SAP for HR Users","Technical","8","460","Completed","2025-01-20","Yes"
"BLD-100851","Food Safety & HACCP Refresher","Mandatory","2","0","Completed","2024-10-25","No"
"BLD-100851","Fire & Emergency Response","Mandatory","8","0","Completed","2024-04-03","No"
"BLD-100851","Food Safety & HACCP Refresher","Mandatory","2","0","Completed","2024-06-26","No"
"BLD-100851","Cold Chain Logistics","Technical","2","500","Completed","2025-11-25","No"
"BLD-100851","First-Time Manager Program","Leadership","8","410","Completed","2023-09-11","No"
"BLD-100852","Anti-Bribery & Ethics","Mandatory","16","0","Completed","2023-03-10","No"
"BLD-100852","Advanced Excel for Reporting","Technical","16","400","Completed","2024-10-14","Yes"
"BLD-100852","Anti-Bribery & Ethics","Mandatory","2","0","Completed","2023-10-25","No"
"BLD-100852","Conflict Resolution","Soft Skills","8","2180","In Progress",,"No"
"BLD-100852","Effective Communication","Soft Skills","2","1920","Completed","2023-06-22","No"
"BLD-100852","Qatar Labor Law Essentials","Compliance","2","0","Completed","2024-05-06","No"
"BLD-100852","Advanced Excel for Reporting","Technical","4","1010","Completed","2023-11-11","No"
"BLD-100852","SAP for HR Users","Technical","4","2120","In Progress",,"No"
"BLD-100852","Conflict Resolution","Soft Skills","8","1390","Completed","2023-03-17","No"
"BLD-100852","Anti-Bribery & Ethics","Mandatory","2","0","Completed","2023-10-26","No"
"BLD-100853","Presentation Skills","Soft Skills","4","2030","Completed","2024-04-20","No"
"BLD-100853","Anti-Bribery & Ethics","Mandatory","2","0","Completed","2024-08-02","No"
"BLD-100853","Qatar Labor Law Essentials","Compliance","8","0","Completed","2023-01-07","No"
"BLD-100853","Advanced Excel for Reporting","Technical","4","750","In Progress",,"No"
"BLD-100854","Advanced Excel for Reporting","Technical","4","1530","Not Started",,"No"
"BLD-100854","Qatar Labor Law Essentials","Compliance","2","0","In Progress",,"No"
"BLD-100854","Effective Communication","Soft Skills","16","1610","Completed","2023-07-27","No"
"BLD-100854","Dairy Processing Fundamentals","Technical","8","1130","Not Started",,"No"
"BLD-100854","Health & Safety Induction","Mandatory","4","0","Completed","2025-12-23","No"
"BLD-100854","Quality Control Techniques","Technical","8","1650","Completed","2023-10-04","No"
"BLD-100854","SAP for HR Users","Technical","8","1490","Completed","2023-08-15","Yes"
"BLD-100855","Dairy Processing Fundamentals","Technical","16","360","Not Started",,"No"
"BLD-100855","Presentation Skills","Soft Skills","2","170","Completed","2024-09-06","No"
"BLD-100855","SAP for HR Users","Technical","16","470","Completed","2025-05-08","No"
"BLD-100855","Advanced Excel for Reporting","Technical","16","1050","Completed","2024-08-14","No"
"BLD-100855","Anti-Bribery & Ethics","Mandatory","16","0","Completed","2025-10-27","No"
"BLD-100855","Strategic Leadership Workshop","Leadership","4","1130","Not Started",,"No"
"BLD-100855","Data Privacy Awareness","Mandatory","4","0","Completed","2024-05-02","No"
"BLD-100855","Time Management","Soft Skills","8","1400","Completed","2023-01-18","No"
"BLD-100855","Fire & Emergency Response","Mandatory","4","0","Completed","2025-07-05","No"
"BLD-100855","Strategic Leadership Workshop","Leadership","2","1190","Completed","2025-07-31","No"
"BLD-100855","Cold Chain Logistics","Technical","8","250","Completed","2024-07-12","Yes"
"BLD-100855","Dairy Processing Fundamentals","Technical","2","180","Completed","2023-05-12","No"
"BLD-100855","Quality Control Techniques","Technical","16","560","Completed","2023-02-02","No"
"BLD-100857","SAP for HR Users","Technical","4","190","In Progress",,"No"
"BLD-100857","DOA & Governance Training","Compliance","2","0","Completed","2023-01-14","No"
"BLD-100858","Advanced Excel for Reporting","Technical","8","1200","In Progress",,"No"
"BLD-100858","Fire & Emergency Response","Mandatory","2","0","Completed","2025-10-19","No"
"BLD-100858","Egyptian Labor Law Essentials","Compliance","4","0","Completed","2025-05-13","Yes"
"BLD-100858","Data Privacy Awareness","Mandatory","4","0","Completed","2023-06-28","No"
"BLD-100859","Anti-Bribery & Ethics","Mandatory","4","0","Completed","2024-10-18","No"
"BLD-100859","SAP for HR Users","Technical","4","710","Completed","2023-02-19","No"
"BLD-100859","Health & Safety Induction","Mandatory","2","0","Completed","2025-05-21","No"
"BLD-100859","DOA & Governance Training","Compliance","4","0","Completed","2023-08-19","No"
"BLD-100859","Coaching for Performance","Leadership","8","350","Completed","2024-11-11","No"
"BLD-100859","Fire & Emergency Response","Mandatory","2","0","Completed","2025-08-19","No"
"BLD-100859","Fire & Emergency Response","Mandatory","8","0","Completed","2024-02-29","No"
"BLD-100859","Conflict Resolution","Soft Skills","8","2040","Not Started",,"No"
"BLD-100859","Presentation Skills","Soft Skills","4","370","Completed","2024-07-16","No"
"BLD-100859","Coaching for Performance","Leadership","16","620","Completed","2023-05-20","No"
"BLD-100859","Health & Safety Induction","Mandatory","2","0","Completed","2023-02-23","No"
"BLD-100859","Health & Safety Induction","Mandatory","4","0","Completed","2025-05-28","No"
"BLD-100859","DOA & Governance Training","Compliance","2","0","In Progress",,"No"
"BLD-100859","Egyptian Labor Law Essentials","Compliance","2","0","Completed","2025-05-16","Yes"
"BLD-100860","SAP for HR Users","Technical","8","1710","Completed","2025-03-27","Yes"
"BLD-100860","Effective Communication","Soft Skills","4","1800","Completed","2024-09-07","No"
"BLD-100860","Strategic Leadership Workshop","Leadership","4","1110","Completed","2025-01-26","No"
"BLD-100860","Time Management","Soft Skills","2","1640","Not Started",,"No"
"BLD-100860","First-Time Manager Program","Leadership","2","1690","In Progress",,"No"
"BLD-100860","Time Management","Soft Skills","2","2040","Completed","2023-01-18","No"
"BLD-100861","Data Privacy Awareness","Mandatory","8","0","In Progress",,"No"
"BLD-100861","Anti-Bribery & Ethics","Mandatory","4","0","Completed","2024-03-25","No"
"BLD-100861","Coaching for Performance","Leadership","2","380","Completed","2025-06-29","No"
"BLD-100861","Effective Communication","Soft Skills","2","1760","Completed","2024-08-22","No"
"BLD-100861","Cold Chain Logistics","Technical","8","1620","Completed","2023-01-21","Yes"
"BLD-100861","Data Privacy Awareness","Mandatory","2","0","Completed","2025-01-04","No"
"BLD-100861","Advanced Excel for Reporting","Technical","4","920","Completed","2025-12-10","No"
"BLD-100861","Presentation Skills","Soft Skills","4","1090","Completed","2025-12-21","No"
"BLD-100862","Health & Safety Induction","Mandatory","8","0","Completed","2023-08-02","No"
"BLD-100862","Quality Control Techniques","Technical","8","1960","Completed","2024-02-29","No"
"BLD-100862","DOA & Governance Training","Compliance","2","0","Completed","2025-03-03","Yes"
"BLD-100862","Presentation Skills","Soft Skills","16","430","Completed","2024-12-17","No"
"BLD-100862","DOA & Governance Training","Compliance","8","0","Completed","2025-08-08","No"
"BLD-100862","Time Management","Soft Skills","4","1860","Completed","2025-11-28","No"
"BLD-100862","Fire & Emergency Response","Mandatory","4","0","Not Started",,"No"
"BLD-100862","First-Time Manager Program","Leadership","4","1780","Completed","2024-12-05","No"
"BLD-100863","Quality Control Techniques","Technical","2","460","Completed","2023-03-06","No"
"BLD-100863","Cold Chain Logistics","Technical","4","950","In Progress",,"No"
"BLD-100863","Time Management","Soft Skills","2","2020","Completed","2025-04-17","No"
"BLD-100863","Health & Safety Induction","Mandatory","2","0","Completed","2024-01-10","No"
"BLD-100863","Quality Control Techniques","Technical","2","1090","Completed","2023-10-20","No"
"BLD-100863","Fire & Emergency Response","Mandatory","16","0","Completed","2024-11-10","No"
"BLD-100863","Cold Chain Logistics","Technical","2","1940","Not Started",,"No"
"BLD-100863","SAP for HR Users","Technical","2","340","Completed","2025-04-02","Yes"
"BLD-100863","Food Safety & HACCP Refresher","Mandatory","8","0","In Progress",,"No"
"BLD-100863","Fire & Emergency Response","Mandatory","8","0","Completed","2025-05-02","No"
"BLD-100863","Presentation Skills","Soft Skills","4","1530","Completed","2024-11-11","No"
"BLD-100864","Effective Communication","Soft Skills","16","530","Completed","2023-09-11","No"
"BLD-100864","Data Privacy Awareness","Mandatory","2","0","In Progress",,"No"
"BLD-100864","Quality Control Techniques","Technical","2","1430","Completed","2024-03-20","No"
"BLD-100864","Presentation Skills","Soft Skills","4","900","Completed","2025-12-24","No"
"BLD-100864","Quality Control Techniques","Technical","2","660","Not Started",,"No"
"BLD-100864","Conflict Resolution","Soft Skills","16","1770","Completed","2023-02-22","No"
"BLD-100865","Coaching for Performance","Leadership","8","420","Completed","2024-04-21","No"
"BLD-100865","Fire & Emergency Response","Mandatory","2","0","In Progress",,"No"
"BLD-100865","Strategic Leadership Workshop","Leadership","4","1650","Completed","2024-07-08","No"
"BLD-100865","Food Safety & HACCP Refresher","Mandatory","4","0","In Progress",,"No"
"BLD-100865","Health & Safety Induction","Mandatory","2","0","Completed","2024-03-07","No"
"BLD-100865","Strategic Leadership Workshop","Leadership","16","1450","Completed","2024-04-14","No"
"BLD-100865","Anti-Bribery & Ethics","Mandatory","16","0","Completed","2023-06-06","No"
"BLD-100865","Cold Chain Logistics","Technical","2","1690","Completed","2023-05-22","No"
"BLD-100866","Data Privacy Awareness","Mandatory","2","0","Not Started",,"No"
"BLD-100866","Time Management","Soft Skills","2","1220","Completed","2023-01-19","No"
"BLD-100867","Data Privacy Awareness","Mandatory","2","0","Completed","2023-10-04","No"
"BLD-100867","Anti-Bribery & Ethics","Mandatory","2","0","Completed","2023-05-22","No"
"BLD-100867","Data Privacy Awareness","Mandatory","8","0","Completed","2024-10-06","No"
"BLD-100867","Dairy Processing Fundamentals","Technical","8","1490","Completed","2025-03-16","Yes"
"BLD-100867","SAP for HR Users","Technical","4","1150","Completed","2025-10-06","Yes"
"BLD-100867","Food Safety & HACCP Refresher","Mandatory","4","0","Completed","2025-10-16","No"
"BLD-100867","Data Privacy Awareness","Mandatory","2","0","Completed","2023-08-04","No"
"BLD-100868","Dairy Processing Fundamentals","Technical","4","1110","Completed","2025-12-29","Yes"
"BLD-100868","Dairy Processing Fundamentals","Technical","4","1950","Completed","2025-11-27","Yes"
"BLD-100868","Data Privacy Awareness","Mandatory","4","0","Completed","2024-04-11","No"
"BLD-100868","Conflict Resolution","Soft Skills","2","550","Completed","2023-12-14","No"
"BLD-100868","Fire & Emergency Response","Mandatory","8","0","Completed","2023-11-15","No"
"BLD-100868","Anti-Bribery & Ethics","Mandatory","8","0","Completed","2024-11-20","No"
"BLD-100868","Food Safety & HACCP Refresher","Mandatory","4","0","Completed","2023-04-08","No"
"BLD-100868","Advanced Excel for Reporting","Technical","16","550","In Progress",,"No"
"BLD-100869","Effective Communication","Soft Skills","4","1900","Completed","2025-11-10","No"
"BLD-100869","DOA & Governance Training","Compliance","4","0","Completed","2023-05-03","No"
"BLD-100869","Coaching for Performance","Leadership","16","1290","Completed","2025-06-17","No"
"BLD-100869","Coaching for Performance","Leadership","4","2120","Completed","2024-11-16","No"
"BLD-100869","Qatar Labor Law Essentials","Compliance","4","0","In Progress",,"No"
"BLD-100869","Time Management","Soft Skills","16","1660","Completed","2025-01-10","No"
"BLD-100869","Qatar Labor Law Essentials","Compliance","2","0","In Progress",,"No"
"BLD-100870","DOA & Governance Training","Compliance","8","0","Completed","2025-05-04","Yes"
"BLD-100870","Effective Communication","Soft Skills","8","220","Completed","2025-12-13","No"
"BLD-100870","Health & Safety Induction","Mandatory","2","0","Completed","2025-11-20","No"
"BLD-100870","Health & Safety Induction","Mandatory","8","0","Completed","2025-04-05","No"
"BLD-100871","Qatar Labor Law Essentials","Compliance","4","0","Completed","2023-01-30","No"
"BLD-100871","Data Privacy Awareness","Mandatory","2","0","Completed","2023-07-16","No"
"BLD-100871","Fire & Emergency Response","Mandatory","2","0","Completed","2024-07-28","No"
"BLD-100871","Strategic Leadership Workshop","Leadership","8","1500","Completed","2023-11-13","No"
"BLD-100871","Dairy Processing Fundamentals","Technical","2","1050","In Progress",,"No"
"BLD-100871","Health & Safety Induction","Mandatory","2","0","Completed","2023-08-03","No"
"BLD-100871","Presentation Skills","Soft Skills","2","1950","Completed","2024-08-29","No"
"BLD-100872","DOA & Governance Training","Compliance","2","0","Completed","2023-02-26","No"
"BLD-100872","Health & Safety Induction","Mandatory","4","0","Completed","2023-08-25","No"
"BLD-100873","Fire & Emergency Response","Mandatory","4","0","Completed","2025-10-24","No"
"BLD-100873","Quality Control Techniques","Technical","8","260","Not Started",,"No"
"BLD-100873","Effective Communication","Soft Skills","4","2130","In Progress",,"No"
"BLD-100874","SAP for HR Users","Technical","8","1460","Not Started",,"No"
"BLD-100874","First-Time Manager Program","Leadership","2","1240","Completed","2023-12-18","No"
"BLD-100874","Coaching for Performance","Leadership","4","540","Completed","2024-03-03","No"
"BLD-100874","Food Safety & HACCP Refresher","Mandatory","2","0","In Progress",,"No"
"BLD-100874","Cold Chain Logistics","Technical","8","1890","In Progress",,"No"
"BLD-100874","Effective Communication","Soft Skills","2","1600","Completed","2023-09-05","No"
"BLD-100874","Strategic Leadership Workshop","Leadership","2","500","Completed","2025-01-12","No"
"BLD-100874","Strategic Leadership Workshop","Leadership","8","580","Completed","2025-06-14","No"
"BLD-100874","Advanced Excel for Reporting","Technical","8","1530","In Progress",,"No"
"BLD-100874","SAP for HR Users","Technical","2","1180","Completed","2025-04-16","Yes"
"BLD-100875","Food Safety & HACCP Refresher","Mandatory","4","0","Completed","2024-06-10","No"
"BLD-100875","Qatar Labor Law Essentials","Compliance","4","0","Completed","2024-01-08","Yes"
"BLD-100875","Anti-Bribery & Ethics","Mandatory","4","0","Completed","2023-10-26","No"
"BLD-100875","Strategic Leadership Workshop","Leadership","8","1900","Completed","2023-04-22","No"
"BLD-100875","Coaching for Performance","Leadership","8","1730","In Progress",,"No"
"BLD-100876","Health & Safety Induction","Mandatory","2","0","Completed","2023-10-22","No"
"BLD-100876","Quality Control Techniques","Technical","2","1330","Completed","2023-11-26","No"
"BLD-100876","Coaching for Performance","Leadership","16","1970","Completed","2023-05-12","No"
"BLD-100876","Data Privacy Awareness","Mandatory","8","0","In Progress",,"No"
"BLD-100876","Presentation Skills","Soft Skills","16","1610","Completed","2023-01-19","No"
"BLD-100877","Effective Communication","Soft Skills","16","460","Completed","2023-07-27","No"
"BLD-100877","Time Management","Soft Skills","8","220","Completed","2025-12-28","No"
"BLD-100877","Fire & Emergency Response","Mandatory","8","0","Completed","2025-10-15","No"
"BLD-100877","Effective Communication","Soft Skills","2","1870","Completed","2024-06-27","No"
"BLD-100877","Egyptian Labor Law Essentials","Compliance","2","0","Completed","2024-12-12","No"
"BLD-100878","SAP for HR Users","Technical","8","1570","Completed","2025-06-21","No"
"BLD-100878","DOA & Governance Training","Compliance","2","0","Completed","2024-09-22","Yes"
"BLD-100878","Qatar Labor Law Essentials","Compliance","4","0","Completed","2025-11-30","No"
"BLD-100878","DOA & Governance Training","Compliance","8","0","In Progress",,"No"
"BLD-100878","Qatar Labor Law Essentials","Compliance","8","0","Completed","2023-07-17","No"
"BLD-100878","Conflict Resolution","Soft Skills","2","520","Not Started",,"No"
"BLD-100878","SAP for HR Users","Technical","8","250","Completed","2024-06-29","No"
"BLD-100878","Food Safety & HACCP Refresher","Mandatory","16","0","Completed","2025-05-05","No"
"BLD-100879","Fire & Emergency Response","Mandatory","16","0","Completed","2025-01-17","No"
"BLD-100879","First-Time Manager Program","Leadership","4","640","Not Started",,"No"
"BLD-100879","Data Privacy Awareness","Mandatory","2","0","Completed","2024-04-22","No"
"BLD-100879","Advanced Excel for Reporting","Technical","4","750","Completed","2024-11-06","No"
"BLD-100880","Food Safety & HACCP Refresher","Mandatory","4","0","Completed","2023-05-04","No"
"BLD-100880","Effective Communication","Soft Skills","4","1030","Completed","2023-05-08","No"
"BLD-100880","Fire & Emergency Response","Mandatory","2","0","Completed","2023-01-12","No"
"BLD-100882","Fire & Emergency Response","Mandatory","2","0","Completed","2025-06-22","No"
"BLD-100882","Effective Communication","Soft Skills","4","170","Completed","2024-08-06","No"
"BLD-100882","Fire & Emergency Response","Mandatory","4","0","Completed","2025-04-13","No"
"BLD-100882","Conflict Resolution","Soft Skills","2","1290","Completed","2025-12-15","No"
"BLD-100882","DOA & Governance Training","Compliance","8","0","Completed","2025-10-05","Yes"
"BLD-100882","Advanced Excel for Reporting","Technical","8","1350","Completed","2024-10-18","Yes"
"BLD-100882","Conflict Resolution","Soft Skills","8","1400","Completed","2023-12-27","No"
"BLD-100883","Data Privacy Awareness","Mandatory","2","0","Completed","2023-06-08","No"
"BLD-100883","Presentation Skills","Soft Skills","8","1300","Completed","2024-12-22","No"
"BLD-100883","Conflict Resolution","Soft Skills","8","1990","In Progress",,"No"
"BLD-100883","SAP for HR Users","Technical","8","1180","Completed","2025-01-09","Yes"
"BLD-100883","Health & Safety Induction","Mandatory","2","0","Completed","2025-03-09","No"
"BLD-100883","Conflict Resolution","Soft Skills","8","1290","In Progress",,"No"
"BLD-100883","Cold Chain Logistics","Technical","4","670","Completed","2024-05-21","Yes"
"BLD-100884","First-Time Manager Program","Leadership","2","960","Completed","2024-05-11","No"
"BLD-100884","Strategic Leadership Workshop","Leadership","2","1420","Completed","2025-06-13","No"
"BLD-100884","SAP for HR Users","Technical","4","910","Completed","2024-06-18","Yes"
"BLD-100884","SAP for HR Users","Technical","4","2090","Completed","2025-04-04","Yes"
"BLD-100884","First-Time Manager Program","Leadership","16","810","Completed","2024-08-18","No"
"BLD-100884","Coaching for Performance","Leadership","8","1780","Completed","2024-10-15","No"
"BLD-100884","Qatar Labor Law Essentials","Compliance","4","0","Completed","2025-02-25","No"
"BLD-100885","Food Safety & HACCP Refresher","Mandatory","2","0","Completed","2025-03-09","No"
"BLD-100885","Food Safety & HACCP Refresher","Mandatory","2","0","Completed","2023-09-04","No"
"BLD-100885","Conflict Resolution","Soft Skills","8","420","Completed","2024-12-07","No"
"BLD-100885","Presentation Skills","Soft Skills","8","880","Completed","2024-11-26","No"
"BLD-100885","Advanced Excel for Reporting","Technical","8","830","Completed","2023-08-14","Yes"
"BLD-100885","First-Time Manager Program","Leadership","4","2160","Completed","2025-05-17","No"
"BLD-100885","Time Management","Soft Skills","16","1670","Completed","2025-03-01","No"
"BLD-100885","Advanced Excel for Reporting","Technical","8","1360","Completed","2025-06-28","Yes"
"BLD-100885","Anti-Bribery & Ethics","Mandatory","8","0","Completed","2023-02-24","No"
"BLD-100885","Strategic Leadership Workshop","Leadership","2","650","Completed","2024-09-08","No"
"BLD-100886","First-Time Manager Program","Leadership","2","460","Completed","2023-10-13","No"
"BLD-100886","DOA & Governance Training","Compliance","8","0","In Progress",,"No"
"BLD-100886","Effective Communication","Soft Skills","2","410","Completed","2024-10-15","No"
"BLD-100886","Dairy Processing Fundamentals","Technical","4","1470","Completed","2025-12-15","No"
"BLD-100886","Effective Communication","Soft Skills","4","1290","Completed","2023-12-24","No"
"BLD-100886","Effective Communication","Soft Skills","2","1520","Completed","2024-05-09","No"
"BLD-100886","DOA & Governance Training","Compliance","8","0","Completed","2024-03-07","No"
"BLD-100886","DOA & Governance Training","Compliance","4","0","Completed","2024-11-27","Yes"
"BLD-100886","Coaching for Performance","Leadership","2","1640","Completed","2023-04-26","No"
"BLD-100886","Fire & Emergency Response","Mandatory","4","0","Completed","2024-05-26","No"
"BLD-100887","Advanced Excel for Reporting","Technical","2","1280","Completed","2025-06-27","Yes"
"BLD-100887","Coaching for Performance","Leadership","2","670","In Progress",,"No"
"BLD-100887","DOA & Governance Training","Compliance","8","0","Completed","2024-12-06","No"
"BLD-100887","Advanced Excel for Reporting","Technical","8","740","Completed","2025-08-10","No"
"BLD-100887","Data Privacy Awareness","Mandatory","4","0","Completed","2024-04-12","No"
"BLD-100887","Advanced Excel for Reporting","Technical","16","1250","Not Started",,"No"
"BLD-100888","Cold Chain Logistics","Technical","8","1460","Completed","2025-10-12","No"
"BLD-100888","DOA & Governance Training","Compliance","16","0","Not Started",,"No"
"BLD-100888","Presentation Skills","Soft Skills","4","930","Completed","2023-04-13","No"
"BLD-100888","First-Time Manager Program","Leadership","4","1830","Completed","2023-08-18","No"
"BLD-100888","Effective Communication","Soft Skills","8","380","Not Started",,"No"
"BLD-100889","Cold Chain Logistics","Technical","8","1990","Completed","2025-04-30","Yes"
"BLD-100889","Presentation Skills","Soft Skills","4","2020","Completed","2025-09-02","No"
"BLD-100889","SAP for HR Users","Technical","8","2080","Completed","2025-11-07","No"
"BLD-100891","Conflict Resolution","Soft Skills","4","1340","In Progress",,"No"
"BLD-100891","Dairy Processing Fundamentals","Technical","2","1310","Completed","2023-10-28","Yes"
"BLD-100891","Data Privacy Awareness","Mandatory","4","0","Completed","2024-05-04","No"
"BLD-100891","First-Time Manager Program","Leadership","4","2000","Completed","2024-10-06","No"
"BLD-100891","Time Management","Soft Skills","4","1660","Completed","2024-09-02","No"
"BLD-100891","Effective Communication","Soft Skills","2","1010","Completed","2024-09-19","No"
"BLD-100891","Health & Safety Induction","Mandatory","16","0","Completed","2023-10-14","No"
"BLD-100891","Food Safety & HACCP Refresher","Mandatory","4","0","Completed","2023-04-18","No"
"BLD-100891","Strategic Leadership Workshop","Leadership","2","560","Completed","2025-11-16","No"
"BLD-100891","Advanced Excel for Reporting","Technical","4","1820","Completed","2023-05-13","No"
"BLD-100892","Time Management","Soft Skills","2","470","Not Started",,"No"
"BLD-100892","Dairy Processing Fundamentals","Technical","2","1400","Completed","2024-09-27","No"
"BLD-100892","Qatar Labor Law Essentials","Compliance","2","0","Not Started",,"No"
"BLD-100892","Fire & Emergency Response","Mandatory","4","0","Completed","2023-01-01","No"
"BLD-100892","First-Time Manager Program","Leadership","2","2170","Completed","2023-12-08","No"
"BLD-100892","SAP for HR Users","Technical","8","550","Completed","2023-11-19","No"
"BLD-100892","Food Safety & HACCP Refresher","Mandatory","4","0","In Progress",,"No"
"BLD-100892","Fire & Emergency Response","Mandatory","16","0","Completed","2023-01-15","No"
"BLD-100892","Qatar Labor Law Essentials","Compliance","2","0","Completed","2025-05-01","Yes"
"BLD-100892","Anti-Bribery & Ethics","Mandatory","4","0","Completed","2023-12-27","No"
"BLD-100892","DOA & Governance Training","Compliance","4","0","Completed","2025-03-30","Yes"
"BLD-100893","Health & Safety Induction","Mandatory","2","0","Completed","2024-10-10","No"
"BLD-100893","DOA & Governance Training","Compliance","16","0","Completed","2023-02-17","No"
"BLD-100893","Qatar Labor Law Essentials","Compliance","2","0","Completed","2023-05-24","Yes"
"BLD-100893","Strategic Leadership Workshop","Leadership","2","2120","Completed","2024-04-16","No"
"BLD-100894","Cold Chain Logistics","Technical","8","1560","Completed","2023-10-28","No"
"BLD-100894","First-Time Manager Program","Leadership","2","1920","Completed","2025-06-12","No"
"BLD-100894","Effective Communication","Soft Skills","2","330","Completed","2024-06-06","No"
"BLD-100894","Fire & Emergency Response","Mandatory","4","0","Completed","2024-05-01","No"
"BLD-100894","Health & Safety Induction","Mandatory","8","0","Completed","2024-02-09","No"
"BLD-100895","DOA & Governance Training","Compliance","2","0","Completed","2024-04-15","Yes"
"BLD-100895","Fire & Emergency Response","Mandatory","2","0","Completed","2023-09-21","No"
"BLD-100895","Presentation Skills","Soft Skills","8","1620","Completed","2025-05-24","No"
"BLD-100895","Time Management","Soft Skills","4","480","Not Started",,"No"
"BLD-100895","Quality Control Techniques","Technical","8","630","Completed","2023-06-20","Yes"
"BLD-100895","First-Time Manager Program","Leadership","2","940","Completed","2023-11-17","No"
"BLD-100896","Food Safety & HACCP Refresher","Mandatory","4","0","Completed","2023-01-02","No"
"BLD-100896","DOA & Governance Training","Compliance","2","0","Completed","2025-01-26","No"
"BLD-100896","Data Privacy Awareness","Mandatory","4","0","Completed","2024-08-03","No"
"BLD-100896","Qatar Labor Law Essentials","Compliance","2","0","Completed","2023-01-05","No"
"BLD-100896","Food Safety & HACCP Refresher","Mandatory","2","0","Completed","2024-10-20","No"
"BLD-100896","Cold Chain Logistics","Technical","16","1550","Completed","2024-04-21","No"
"BLD-100896","Anti-Bribery & Ethics","Mandatory","8","0","In Progress",,"No"
"BLD-100897","Cold Chain Logistics","Technical","4","1550","In Progress",,"No"
"BLD-100897","Qatar Labor Law Essentials","Compliance","2","0","Completed","2023-04-14","No"
"BLD-100897","Strategic Leadership Workshop","Leadership","4","1130","Completed","2024-10-15","No"
"BLD-100897","Anti-Bribery & Ethics","Mandatory","4","0","Completed","2023-01-24","No"
"BLD-100897","Fire & Emergency Response","Mandatory","2","0","Completed","2025-09-05","No"
"BLD-100897","Qatar Labor Law Essentials","Compliance","8","0","Completed","2025-07-09","Yes"
"BLD-100897","First-Time Manager Program","Leadership","4","1530","Completed","2025-07-29","No"
"BLD-100897","Coaching for Performance","Leadership","8","920","Completed","2023-06-04","No"
"BLD-100897","SAP for HR Users","Technical","16","170","Completed","2025-02-07","No"
"BLD-100898","Effective Communication","Soft Skills","4","2180","Completed","2025-05-28","No"
"BLD-100898","DOA & Governance Training","Compliance","8","0","Completed","2025-04-23","Yes"
"BLD-100898","Health & Safety Induction","Mandatory","8","0","Completed","2023-07-17","No"
"BLD-100898","Dairy Processing Fundamentals","Technical","4","990","Completed","2023-01-28","Yes"
"BLD-100898","Health & Safety Induction","Mandatory","16","0","Completed","2023-02-18","No"
"BLD-100898","Strategic Leadership Workshop","Leadership","4","1410","Completed","2025-09-30","No"
"BLD-100899","Anti-Bribery & Ethics","Mandatory","2","0","Completed","2024-02-25","No"
"BLD-100899","DOA & Governance Training","Compliance","2","0","Completed","2023-06-04","No"
"BLD-100899","Effective Communication","Soft Skills","2","610","Completed","2024-02-19","No"
"BLD-100900","Food Safety & HACCP Refresher","Mandatory","2","0","Completed","2023-02-12","No"
"BLD-100901","SAP for HR Users","Technical","4","290","Completed","2023-02-25","Yes"
"BLD-100902","Health & Safety Induction","Mandatory","16","0","Not Started",,"No"
"BLD-100902","Qatar Labor Law Essentials","Compliance","4","0","Completed","2025-10-24","No"
"BLD-100902","Data Privacy Awareness","Mandatory","16","0","Completed","2023-09-03","No"
"BLD-100902","SAP for HR Users","Technical","8","2020","Completed","2024-05-08","Yes"
"BLD-100902","Quality Control Techniques","Technical","2","210","Completed","2023-01-03","No"
"BLD-100902","Quality Control Techniques","Technical","2","1100","Completed","2025-09-21","No"
"BLD-100903","Time Management","Soft Skills","2","860","Completed","2024-06-17","No"
"BLD-100904","Anti-Bribery & Ethics","Mandatory","4","0","Completed","2025-01-23","No"
"BLD-100904","Time Management","Soft Skills","2","1060","Completed","2025-02-18","No"
"BLD-100904","Cold Chain Logistics","Technical","4","1580","Completed","2023-12-07","No"
"BLD-100904","Advanced Excel for Reporting","Technical","8","310","Completed","2024-05-18","Yes"
"BLD-100904","Quality Control Techniques","Technical","4","1460","Not Started",,"No"
"BLD-100904","Food Safety & HACCP Refresher","Mandatory","2","0","Completed","2024-01-27","No"
"BLD-100904","Time Management","Soft Skills","2","1020","Completed","2023-02-13","No"
"BLD-100904","Quality Control Techniques","Technical","8","980","Completed","2025-12-21","No"
"BLD-100904","Anti-Bribery & Ethics","Mandatory","4","0","Completed","2025-02-24","No"
"BLD-100904","Anti-Bribery & Ethics","Mandatory","8","0","Completed","2025-03-14","No"
"BLD-100904","Fire & Emergency Response","Mandatory","8","0","Completed","2023-06-26","No"
"BLD-100904","Time Management","Soft Skills","2","1730","Completed","2024-05-13","No"
"BLD-100905","Time Management","Soft Skills","8","1230","Completed","2023-10-01","No"
"BLD-100905","First-Time Manager Program","Leadership","16","750","Completed","2025-11-12","No"
"BLD-100905","Health & Safety Induction","Mandatory","2","0","In Progress",,"No"
"BLD-100905","Strategic Leadership Workshop","Leadership","2","2180","Completed","2024-11-14","No"
"BLD-100905","Qatar Labor Law Essentials","Compliance","4","0","Completed","2025-05-16","Yes"
"BLD-100905","Food Safety & HACCP Refresher","Mandatory","8","0","Completed","2024-04-09","No"
"BLD-100905","Time Management","Soft Skills","16","1770","Completed","2023-06-27","No"
"BLD-100906","Fire & Emergency Response","Mandatory","4","0","Completed","2025-10-02","No"
"BLD-100906","First-Time Manager Program","Leadership","2","1130","Completed","2024-06-08","No"
"BLD-100906","Presentation Skills","Soft Skills","2","1830","In Progress",,"No"
"BLD-100906","Effective Communication","Soft Skills","4","290","Completed","2025-06-26","No"
"BLD-100906","Fire & Emergency Response","Mandatory","16","0","Completed","2024-05-05","No"
"BLD-100906","Cold Chain Logistics","Technical","2","250","Completed","2025-12-29","Yes"
"BLD-100907","First-Time Manager Program","Leadership","8","590","Completed","2023-01-19","No"
"BLD-100908","Dairy Processing Fundamentals","Technical","8","220","Completed","2023-10-10","No"
"BLD-100908","Cold Chain Logistics","Technical","2","2030","Completed","2025-07-07","Yes"
"BLD-100908","Data Privacy Awareness","Mandatory","8","0","Completed","2024-07-24","No"
"BLD-100908","Conflict Resolution","Soft Skills","16","760","Completed","2025-04-15","No"
"BLD-100908","Data Privacy Awareness","Mandatory","2","0","Completed","2023-10-28","No"
"BLD-100908","DOA & Governance Training","Compliance","2","0","Completed","2023-06-22","No"
"BLD-100908","Qatar Labor Law Essentials","Compliance","2","0","Completed","2024-09-27","No"
"BLD-100908","Fire & Emergency Response","Mandatory","16","0","Completed","2023-06-08","No"
"BLD-100909","Conflict Resolution","Soft Skills","16","1850","Completed","2023-05-01","No"
"BLD-100910","Fire & Emergency Response","Mandatory","2","0","Completed","2023-04-08","No"
"BLD-100910","First-Time Manager Program","Leadership","8","1020","Completed","2024-09-05","No"
"BLD-100910","Advanced Excel for Reporting","Technical","4","1690","Completed","2023-03-14","No"
"BLD-100910","Fire & Emergency Response","Mandatory","8","0","Completed","2024-07-16","No"
"BLD-100910","Coaching for Performance","Leadership","2","1580","Completed","2024-11-13","No"
"BLD-100910","Food Safety & HACCP Refresher","Mandatory","16","0","Completed","2023-05-17","No"
"BLD-100910","Time Management","Soft Skills","4","1290","Completed","2023-10-30","No"
"BLD-100910","Advanced Excel for Reporting","Technical","4","1590","Completed","2024-01-17","No"
"BLD-100910","Cold Chain Logistics","Technical","2","610","Completed","2023-12-28","No"
"BLD-100910","Anti-Bribery & Ethics","Mandatory","16","0","Completed","2023-08-03","No"
"BLD-100910","Cold Chain Logistics","Technical","4","1160","In Progress",,"No"
"BLD-100911","Strategic Leadership Workshop","Leadership","8","1020","Completed","2023-08-15","No"
"BLD-100911","Presentation Skills","Soft Skills","2","430","Completed","2024-06-11","No"
"BLD-100911","Health & Safety Induction","Mandatory","2","0","Completed","2024-10-30","No"
"BLD-100911","Time Management","Soft Skills","8","1260","Completed","2025-01-15","No"
"BLD-100911","Cold Chain Logistics","Technical","8","1160","Completed","2025-07-15","No"
"BLD-100911","Qatar Labor Law Essentials","Compliance","4","0","Not Started",,"No"
"BLD-100911","Anti-Bribery & Ethics","Mandatory","8","0","Completed","2023-01-22","No"
"BLD-100911","Fire & Emergency Response","Mandatory","2","0","Completed","2023-06-24","No"
"BLD-100911","Dairy Processing Fundamentals","Technical","4","1390","Completed","2023-02-25","No"
"BLD-100912","SAP for HR Users","Technical","2","1570","Not Started",,"No"
"BLD-100912","Anti-Bribery & Ethics","Mandatory","2","0","Completed","2025-02-05","No"
"BLD-100913","Coaching for Performance","Leadership","8","610","Completed","2024-05-14","No"
"BLD-100913","Strategic Leadership Workshop","Leadership","8","1200","Completed","2023-08-10","No"
"BLD-100914","Data Privacy Awareness","Mandatory","16","0","Completed","2023-06-21","No"
"BLD-100914","Conflict Resolution","Soft Skills","8","1210","Completed","2023-07-03","No"
"BLD-100914","Presentation Skills","Soft Skills","8","1160","Completed","2023-11-15","No"
"BLD-100914","Quality Control Techniques","Technical","2","260","Completed","2023-09-09","Yes"
"BLD-100914","Presentation Skills","Soft Skills","2","250","Completed","2024-08-01","No"
"BLD-100915","Health & Safety Induction","Mandatory","2","0","Completed","2023-07-21","No"
"BLD-100915","Cold Chain Logistics","Technical","4","1940","Completed","2024-07-18","No"
"BLD-100915","DOA & Governance Training","Compliance","8","0","Completed","2024-07-18","Yes"
"BLD-100915","Strategic Leadership Workshop","Leadership","2","410","Not Started",,"No"
"BLD-100915","Quality Control Techniques","Technical","2","1370","Completed","2023-09-12","Yes"
"BLD-100916","First-Time Manager Program","Leadership","4","1750","Completed","2025-02-01","No"
"BLD-100916","First-Time Manager Program","Leadership","8","180","Completed","2024-09-25","No"
"BLD-100916","Food Safety & HACCP Refresher","Mandatory","16","0","Completed","2023-08-31","No"
"BLD-100916","Quality Control Techniques","Technical","4","1880","Completed","2023-06-19","No"
"BLD-100916","Cold Chain Logistics","Technical","8","520","In Progress",,"No"
"BLD-100917","Conflict Resolution","Soft Skills","2","1800","Completed","2025-12-19","No"
"BLD-100917","SAP for HR Users","Technical","2","650","Completed","2024-04-26","No"
"BLD-100917","Dairy Processing Fundamentals","Technical","2","320","Completed","2024-12-26","Yes"
"BLD-100917","Health & Safety Induction","Mandatory","16","0","Completed","2024-03-20","No"
"BLD-100917","Egyptian Labor Law Essentials","Compliance","2","0","Completed","2023-12-07","No"
"BLD-100917","Time Management","Soft Skills","4","1970","Completed","2023-09-28","No"
"BLD-100917","Data Privacy Awareness","Mandatory","8","0","Completed","2025-03-22","No"
"BLD-100917","SAP for HR Users","Technical","16","860","Completed","2023-08-05","No"
"BLD-100917","Coaching for Performance","Leadership","4","1010","Not Started",,"No"
"BLD-100918","Qatar Labor Law Essentials","Compliance","16","0","Completed","2024-12-02","Yes"
"BLD-100918","Qatar Labor Law Essentials","Compliance","2","0","Completed","2024-03-01","Yes"
"BLD-100918","Food Safety & HACCP Refresher","Mandatory","16","0","Completed","2023-08-06","No"
"BLD-100918","Anti-Bribery & Ethics","Mandatory","4","0","Completed","2024-03-08","No"
"BLD-100918","Time Management","Soft Skills","16","270","Completed","2023-02-16","No"
"BLD-100919","Food Safety & HACCP Refresher","Mandatory","2","0","Completed","2023-03-03","No"
"BLD-100919","Strategic Leadership Workshop","Leadership","4","1600","Completed","2023-02-06","No"
"BLD-100919","First-Time Manager Program","Leadership","4","1120","Completed","2023-12-23","No"
"BLD-100920","Quality Control Techniques","Technical","2","2120","Completed","2025-06-16","No"
"BLD-100920","Presentation Skills","Soft Skills","2","390","Completed","2023-10-06","No"
"BLD-100920","Food Safety & HACCP Refresher","Mandatory","8","0","Completed","2025-04-03","No"
"BLD-100920","SAP for HR Users","Technical","8","2140","Completed","2025-01-06","Yes"
"BLD-100920","Time Management","Soft Skills","8","420","Completed","2023-04-17","No"
"BLD-100920","Strategic Leadership Workshop","Leadership","2","1840","In Progress",,"No"
"BLD-100920","DOA & Governance Training","Compliance","16","0","In Progress",,"No"
"BLD-100920","DOA & Governance Training","Compliance","8","0","Not Started",,"No"
"BLD-100920","Strategic Leadership Workshop","Leadership","2","660","Completed","2024-05-09","No"
"BLD-100920","Fire & Emergency Response","Mandatory","16","0","Completed","2025-11-24","No"
"BLD-100921","Anti-Bribery & Ethics","Mandatory","2","0","Completed","2023-03-29","No"
"BLD-100921","Food Safety & HACCP Refresher","Mandatory","4","0","Completed","2023-07-05","No"
"BLD-100921","Health & Safety Induction","Mandatory","2","0","Completed","2023-09-01","No"
"BLD-100921","DOA & Governance Training","Compliance","8","0","Not Started",,"No"
"BLD-100921","Qatar Labor Law Essentials","Compliance","2","0","Completed","2023-01-18","No"
"BLD-100921","Effective Communication","Soft Skills","16","1210","In Progress",,"No"
"BLD-100921","Dairy Processing Fundamentals","Technical","2","870","Completed","2023-08-19","No"
"BLD-100921","SAP for HR Users","Technical","2","900","Completed","2023-01-14","Yes"
"BLD-100922","First-Time Manager Program","Leadership","8","470","Completed","2023-09-11","No"
"BLD-100922","SAP for HR Users","Technical","8","2100","Completed","2023-05-17","Yes"
"BLD-100922","Data Privacy Awareness","Mandatory","2","0","Completed","2023-03-04","No"
"BLD-100923","Coaching for Performance","Leadership","2","150","Completed","2024-02-11","No"
"BLD-100923","Quality Control Techniques","Technical","8","1710","Not Started",,"No"
"BLD-100923","Time Management","Soft Skills","4","590","Not Started",,"No"
"BLD-100923","SAP for HR Users","Technical","2","1630","Completed","2023-07-28","Yes"
"BLD-100924","Fire & Emergency Response","Mandatory","4","0","Completed","2023-01-14","No"
"BLD-100924","Coaching for Performance","Leadership","4","560","Completed","2023-05-30","No"
"BLD-100924","Effective Communication","Soft Skills","2","1910","Completed","2025-08-07","No"
"BLD-100924","Conflict Resolution","Soft Skills","8","1360","Completed","2023-08-05","No"
"BLD-100924","Data Privacy Awareness","Mandatory","4","0","In Progress",,"No"
"BLD-100924","Coaching for Performance","Leadership","8","180","In Progress",,"No"
"BLD-100924","Qatar Labor Law Essentials","Compliance","2","0","Completed","2025-12-14","Yes"
"BLD-100924","Conflict Resolution","Soft Skills","4","870","Completed","2025-08-25","No"
"BLD-100925","Anti-Bribery & Ethics","Mandatory","16","0","Completed","2024-09-17","No"
"BLD-100925","Conflict Resolution","Soft Skills","8","1090","Completed","2025-06-24","No"
"BLD-100925","First-Time Manager Program","Leadership","2","350","Completed","2025-01-14","No"
"BLD-100925","Dairy Processing Fundamentals","Technical","4","390","Completed","2024-11-29","No"
"BLD-100925","Effective Communication","Soft Skills","2","1630","Completed","2025-09-23","No"
"BLD-100925","Data Privacy Awareness","Mandatory","8","0","Completed","2023-12-27","No"
"BLD-100925","Data Privacy Awareness","Mandatory","8","0","Completed","2024-05-08","No"
"BLD-100925","DOA & Governance Training","Compliance","4","0","Completed","2023-08-08","No"
"BLD-100926","Data Privacy Awareness","Mandatory","8","0","Completed","2025-02-11","No"
"BLD-100926","Qatar Labor Law Essentials","Compliance","4","0","In Progress",,"No"
"BLD-100926","Presentation Skills","Soft Skills","16","750","Completed","2024-07-05","No"
"BLD-100926","DOA & Governance Training","Compliance","2","0","Completed","2024-09-19","Yes"
"BLD-100926","Anti-Bribery & Ethics","Mandatory","16","0","In Progress",,"No"
"BLD-100926","SAP for HR Users","Technical","4","210","Completed","2024-05-09","No"
"BLD-100926","Cold Chain Logistics","Technical","16","1870","Completed","2024-07-03","Yes"
"BLD-100926","Conflict Resolution","Soft Skills","4","990","Completed","2023-01-26","No"
"BLD-100926","Presentation Skills","Soft Skills","8","1000","In Progress",,"No"
"BLD-100926","Advanced Excel for Reporting","Technical","2","1850","Completed","2024-04-02","Yes"
"BLD-100927","Food Safety & HACCP Refresher","Mandatory","16","0","Completed","2025-06-07","No"
"BLD-100927","Dairy Processing Fundamentals","Technical","8","1140","Completed","2023-05-24","No"
"BLD-100927","DOA & Governance Training","Compliance","8","0","In Progress",,"No"
"BLD-100927","Strategic Leadership Workshop","Leadership","2","1740","In Progress",,"No"
"BLD-100927","First-Time Manager Program","Leadership","4","1180","Completed","2025-02-06","No"
"BLD-100927","Conflict Resolution","Soft Skills","2","920","Completed","2023-05-07","No"
"BLD-100927","DOA & Governance Training","Compliance","8","0","Completed","2023-01-10","No"
"BLD-100928","Advanced Excel for Reporting","Technical","2","970","Completed","2023-08-27","Yes"
"BLD-100928","Health & Safety Induction","Mandatory","2","0","Completed","2023-10-01","No"
"BLD-100928","Health & Safety Induction","Mandatory","4","0","Completed","2024-08-08","No"
"BLD-100928","Qatar Labor Law Essentials","Compliance","8","0","Completed","2025-01-01","Yes"
"BLD-100928","Coaching for Performance","Leadership","4","1510","Completed","2025-11-17","No"
"BLD-100928","Conflict Resolution","Soft Skills","4","1160","Completed","2023-10-18","No"
"BLD-100928","Qatar Labor Law Essentials","Compliance","8","0","Completed","2025-03-21","Yes"
"BLD-100928","Presentation Skills","Soft Skills","2","410","Completed","2023-12-23","No"
"BLD-100928","Dairy Processing Fundamentals","Technical","4","370","Completed","2024-12-28","No"
"BLD-100928","DOA & Governance Training","Compliance","2","0","In Progress",,"No"
"BLD-100928","Conflict Resolution","Soft Skills","4","1530","Completed","2025-08-17","No"
"BLD-100929","Cold Chain Logistics","Technical","8","1590","Completed","2023-02-24","Yes"
"BLD-100929","Fire & Emergency Response","Mandatory","2","0","Completed","2023-06-24","No"
"BLD-100930","Data Privacy Awareness","Mandatory","16","0","Completed","2024-05-12","No"
"BLD-100930","Fire & Emergency Response","Mandatory","8","0","Completed","2023-12-20","No"
"BLD-100930","Food Safety & HACCP Refresher","Mandatory","4","0","Completed","2024-08-28","No"
"BLD-100930","Food Safety & HACCP Refresher","Mandatory","8","0","Completed","2024-05-23","No"
"BLD-100930","Anti-Bribery & Ethics","Mandatory","4","0","Completed","2023-06-29","No"
"BLD-100930","Data Privacy Awareness","Mandatory","16","0","Completed","2023-05-11","No"
"BLD-100930","Presentation Skills","Soft Skills","16","1750","Completed","2025-09-20","No"
"BLD-100930","Fire & Emergency Response","Mandatory","8","0","Completed","2024-01-28","No"
"BLD-100930","Presentation Skills","Soft Skills","8","1620","In Progress",,"No"
"BLD-100931","Dairy Processing Fundamentals","Technical","8","2020","In Progress",,"No"
"BLD-100931","Data Privacy Awareness","Mandatory","4","0","Completed","2023-05-24","No"
"BLD-100931","Effective Communication","Soft Skills","8","1850","In Progress",,"No"
"BLD-100931","Fire & Emergency Response","Mandatory","8","0","In Progress",,"No"
"BLD-100931","Qatar Labor Law Essentials","Compliance","2","0","Completed","2025-10-07","Yes"
"BLD-100931","Time Management","Soft Skills","2","360","Completed","2025-01-11","No"
"BLD-100931","Fire & Emergency Response","Mandatory","2","0","Completed","2025-12-30","No"
"BLD-100931","Data Privacy Awareness","Mandatory","8","0","In Progress",,"No"
"BLD-100931","Quality Control Techniques","Technical","4","590","Completed","2023-02-03","No"
"BLD-100931","Health & Safety Induction","Mandatory","2","0","Completed","2023-01-01","No"
"BLD-100931","Anti-Bribery & Ethics","Mandatory","8","0","Completed","2024-03-19","No"
"BLD-100933","DOA & Governance Training","Compliance","4","0","Completed","2024-09-11","Yes"
"BLD-100933","Data Privacy Awareness","Mandatory","16","0","Completed","2023-03-10","No"
"BLD-100933","Cold Chain Logistics","Technical","4","2160","Completed","2024-05-10","No"
"BLD-100933","Data Privacy Awareness","Mandatory","4","0","In Progress",,"No"
"BLD-100933","SAP for HR Users","Technical","2","970","Completed","2024-06-19","No"
"BLD-100934","Conflict Resolution","Soft Skills","8","2060","Not Started",,"No"
"BLD-100934","Health & Safety Induction","Mandatory","8","0","In Progress",,"No"
"BLD-100934","Anti-Bribery & Ethics","Mandatory","4","0","In Progress",,"No"
"BLD-100934","Food Safety & HACCP Refresher","Mandatory","4","0","Completed","2024-01-06","No"
"BLD-100934","First-Time Manager Program","Leadership","8","400","Completed","2023-03-06","No"
"BLD-100934","Data Privacy Awareness","Mandatory","4","0","Completed","2025-04-19","No"
"BLD-100934","Health & Safety Induction","Mandatory","2","0","Completed","2024-07-26","No"
"BLD-100934","Qatar Labor Law Essentials","Compliance","16","0","Completed","2023-05-20","Yes"
"BLD-100935","Coaching for Performance","Leadership","2","1540","Completed","2023-11-15","No"
"BLD-100935","DOA & Governance Training","Compliance","2","0","Completed","2023-03-03","No"
"BLD-100935","Effective Communication","Soft Skills","8","1840","In Progress",,"No"
"BLD-100936","Conflict Resolution","Soft Skills","16","1400","Completed","2024-09-16","No"
"BLD-100936","Dairy Processing Fundamentals","Technical","8","170","Completed","2023-11-23","No"
"BLD-100936","Qatar Labor Law Essentials","Compliance","2","0","Completed","2024-04-24","Yes"
"BLD-100936","Fire & Emergency Response","Mandatory","2","0","Completed","2025-09-11","No"
"BLD-100936","Dairy Processing Fundamentals","Technical","4","160","Not Started",,"No"
"BLD-100936","Effective Communication","Soft Skills","4","470","Completed","2024-12-10","No"
"BLD-100936","Food Safety & HACCP Refresher","Mandatory","2","0","Completed","2024-11-30","No"
"BLD-100936","Dairy Processing Fundamentals","Technical","2","680","Completed","2024-07-04","Yes"
"BLD-100937","SAP for HR Users","Technical","4","960","Completed","2024-06-23","No"
"BLD-100937","Dairy Processing Fundamentals","Technical","8","1170","Completed","2024-10-22","Yes"
"BLD-100937","Data Privacy Awareness","Mandatory","4","0","Completed","2023-11-17","No"
"BLD-100937","Data Privacy Awareness","Mandatory","2","0","Completed","2025-02-08","No"
"BLD-100937","Quality Control Techniques","Technical","2","380","Completed","2024-05-29","Yes"
"BLD-100937","Dairy Processing Fundamentals","Technical","4","530","Completed","2023-12-04","No"
"BLD-100937","Advanced Excel for Reporting","Technical","8","160","Completed","2025-09-19","No"
"BLD-100937","Advanced Excel for Reporting","Technical","8","1260","Completed","2024-06-07","Yes"
"BLD-100937","Data Privacy Awareness","Mandatory","2","0","Completed","2023-07-03","No"
"BLD-100938","Health & Safety Induction","Mandatory","2","0","Completed","2024-07-03","No"
"BLD-100938","Fire & Emergency Response","Mandatory","4","0","Completed","2025-07-26","No"
"BLD-100938","Effective Communication","Soft Skills","2","1120","Completed","2024-07-22","No"
"BLD-100938","SAP for HR Users","Technical","2","480","Completed","2024-12-21","Yes"
"BLD-100939","Coaching for Performance","Leadership","4","1140","Completed","2023-07-22","No"
"BLD-100939","Data Privacy Awareness","Mandatory","4","0","Completed","2023-06-04","No"
"BLD-100940","Qatar Labor Law Essentials","Compliance","16","0","In Progress",,"No"
"BLD-100940","Qatar Labor Law Essentials","Compliance","2","0","Completed","2023-02-19","No"
"BLD-100940","Fire & Emergency Response","Mandatory","2","0","Completed","2023-09-08","No"
"BLD-100941","Dairy Processing Fundamentals","Technical","4","1710","Completed","2023-12-15","Yes"
"BLD-100941","Conflict Resolution","Soft Skills","4","950","Completed","2023-03-27","No"
"BLD-100941","SAP for HR Users","Technical","16","1700","Completed","2023-06-04","Yes"
"BLD-100941","Time Management","Soft Skills","8","590","Completed","2023-11-16","No"
"BLD-100941","Dairy Processing Fundamentals","Technical","2","660","In Progress",,"No"
"BLD-100942","SAP for HR Users","Technical","4","2010","Completed","2024-09-16","No"
"BLD-100942","Data Privacy Awareness","Mandatory","4","0","Completed","2023-10-27","No"
"BLD-100942","Presentation Skills","Soft Skills","2","1750","Completed","2024-01-11","No"
"BLD-100942","Data Privacy Awareness","Mandatory","8","0","Completed","2024-04-16","No"
"BLD-100943","Strategic Leadership Workshop","Leadership","16","480","Completed","2023-08-06","No"
"BLD-100943","Time Management","Soft Skills","4","370","Completed","2023-12-03","No"
"BLD-100943","Presentation Skills","Soft Skills","4","1830","In Progress",,"No"
"BLD-100943","Advanced Excel for Reporting","Technical","8","480","Not Started",,"No"
"BLD-100944","Data Privacy Awareness","Mandatory","8","0","In Progress",,"No"
"BLD-100944","Advanced Excel for Reporting","Technical","8","1190","Completed","2024-11-16","Yes"
"BLD-100944","Conflict Resolution","Soft Skills","16","1010","Not Started",,"No"
"BLD-100944","Effective Communication","Soft Skills","2","1600","Completed","2023-02-13","No"
"BLD-100944","Food Safety & HACCP Refresher","Mandatory","4","0","Completed","2024-06-30","No"
"BLD-100944","Data Privacy Awareness","Mandatory","8","0","Completed","2023-08-28","No"
"BLD-100944","Strategic Leadership Workshop","Leadership","16","2170","Not Started",,"No"
"BLD-100944","Cold Chain Logistics","Technical","2","720","Completed","2023-04-24","Yes"
"BLD-100945","First-Time Manager Program","Leadership","16","950","Completed","2023-05-29","No"
"BLD-100946","Quality Control Techniques","Technical","2","1700","Completed","2024-02-13","No"
"BLD-100946","First-Time Manager Program","Leadership","2","2120","Completed","2023-09-14","No"
"BLD-100946","Advanced Excel for Reporting","Technical","4","1000","Completed","2024-04-26","Yes"
"BLD-100946","Effective Communication","Soft Skills","8","370","Completed","2023-08-20","No"
"BLD-100946","First-Time Manager Program","Leadership","2","1710","Completed","2023-03-28","No"
"BLD-100946","Presentation Skills","Soft Skills","2","1930","In Progress",,"No"
"BLD-100946","Quality Control Techniques","Technical","4","790","In Progress",,"No"
"BLD-100947","Egyptian Labor Law Essentials","Compliance","4","0","Completed","2025-11-09","Yes"
"BLD-100947","First-Time Manager Program","Leadership","4","710","Completed","2025-01-11","No"
"BLD-100947","Fire & Emergency Response","Mandatory","4","0","In Progress",,"No"
"BLD-100947","Dairy Processing Fundamentals","Technical","4","1530","Completed","2025-10-28","Yes"
"BLD-100947","First-Time Manager Program","Leadership","2","1080","Completed","2024-10-19","No"
"BLD-100947","Health & Safety Induction","Mandatory","2","0","Completed","2024-03-18","No"
"BLD-100947","Cold Chain Logistics","Technical","4","200","In Progress",,"No"
"BLD-100947","Effective Communication","Soft Skills","2","280","Completed","2024-12-14","No"
"BLD-100947","Egyptian Labor Law Essentials","Compliance","4","0","Completed","2024-11-13","No"
"BLD-100947","Advanced Excel for Reporting","Technical","4","1060","Completed","2024-01-21","Yes"
"BLD-100947","Food Safety & HACCP Refresher","Mandatory","2","0","Completed","2024-10-11","No"
"BLD-100948","Data Privacy Awareness","Mandatory","4","0","Completed","2023-03-17","No"
"BLD-100948","Food Safety & HACCP Refresher","Mandatory","8","0","Completed","2024-05-26","No"
"BLD-100948","Food Safety & HACCP Refresher","Mandatory","8","0","Completed","2023-04-27","No"
"BLD-100948","Quality Control Techniques","Technical","2","1140","Completed","2024-01-21","Yes"
"BLD-100948","DOA & Governance Training","Compliance","4","0","Completed","2024-02-10","No"
"BLD-100948","Data Privacy Awareness","Mandatory","2","0","Completed","2024-06-04","No"
"BLD-100948","Quality Control Techniques","Technical","8","1320","Completed","2024-08-23","Yes"
"BLD-100949","Strategic Leadership Workshop","Leadership","16","1950","Completed","2024-08-15","No"
"BLD-100949","Anti-Bribery & Ethics","Mandatory","8","0","Completed","2023-07-19","No"
"BLD-100949","SAP for HR Users","Technical","4","2080","Completed","2025-12-24","Yes"
"BLD-100949","Fire & Emergency Response","Mandatory","8","0","Completed","2024-12-21","No"
"BLD-100949","Advanced Excel for Reporting","Technical","4","570","Not Started",,"No"
"BLD-100950","DOA & Governance Training","Compliance","8","0","Completed","2024-03-23","Yes"
"BLD-100950","Data Privacy Awareness","Mandatory","8","0","In Progress",,"No"
"BLD-100950","Qatar Labor Law Essentials","Compliance","8","0","Completed","2023-11-01","No"
"BLD-100950","Anti-Bribery & Ethics","Mandatory","4","0","Completed","2023-05-11","No"
"BLD-100950","First-Time Manager Program","Leadership","2","1100","Completed","2025-02-15","No"
"BLD-100950","Health & Safety Induction","Mandatory","8","0","Completed","2024-05-27","No"
"BLD-100950","Cold Chain Logistics","Technical","2","1570","Completed","2023-12-14","No"
"BLD-100950","Qatar Labor Law Essentials","Compliance","8","0","Completed","2024-04-21","Yes"
"BLD-100950","DOA & Governance Training","Compliance","16","0","Completed","2023-08-23","No"
"BLD-100950","SAP for HR Users","Technical","8","1310","In Progress",,"No"
"BLD-100950","Fire & Emergency Response","Mandatory","2","0","Completed","2024-10-12","No"
"BLD-100951","DOA & Governance Training","Compliance","2","0","Completed","2025-02-05","Yes"
"BLD-100951","Coaching for Performance","Leadership","4","320","In Progress",,"No"
"BLD-100951","Fire & Emergency Response","Mandatory","4","0","Completed","2023-06-01","No"
"BLD-100951","DOA & Governance Training","Compliance","2","0","Completed","2024-04-23","Yes"
"BLD-100951","Dairy Processing Fundamentals","Technical","4","1790","Completed","2023-02-11","No"
"BLD-100951","Quality Control Techniques","Technical","4","1750","Completed","2023-09-20","No"
"BLD-100951","Anti-Bribery & Ethics","Mandatory","2","0","Completed","2025-05-27","No"
"BLD-100952","Food Safety & HACCP Refresher","Mandatory","8","0","Completed","2023-06-02","No"
"BLD-100952","DOA & Governance Training","Compliance","8","0","Completed","2024-07-20","Yes"
"BLD-100952","Conflict Resolution","Soft Skills","2","1170","In Progress",,"No"
"BLD-100952","Data Privacy Awareness","Mandatory","4","0","In Progress",,"No"
"BLD-100952","Fire & Emergency Response","Mandatory","4","0","Completed","2024-11-01","No"
"BLD-100952","Egyptian Labor Law Essentials","Compliance","8","0","Completed","2024-10-13","No"
"BLD-100952","Cold Chain Logistics","Technical","2","1730","Completed","2023-05-03","Yes"
"BLD-100953","SAP for HR Users","Technical","4","400","Completed","2023-10-22","No"
"BLD-100953","Dairy Processing Fundamentals","Technical","2","1380","In Progress",,"No"
"BLD-100953","Effective Communication","Soft Skills","8","860","Completed","2025-09-07","No"
"BLD-100953","SAP for HR Users","Technical","2","1290","Completed","2025-10-07","No"
"BLD-100953","SAP for HR Users","Technical","16","500","Completed","2025-08-04","Yes"
"BLD-100953","SAP for HR Users","Technical","4","850","Completed","2023-10-28","No"
"BLD-100953","Dairy Processing Fundamentals","Technical","2","710","Not Started",,"No"
"BLD-100953","Dairy Processing Fundamentals","Technical","8","2070","Completed","2025-11-10","No"
"BLD-100953","Strategic Leadership Workshop","Leadership","2","1730","In Progress",,"No"
"BLD-100954","Anti-Bribery & Ethics","Mandatory","2","0","In Progress",,"No"
"BLD-100954","Advanced Excel for Reporting","Technical","8","1800","Completed","2023-06-11","No"
"BLD-100954","Food Safety & HACCP Refresher","Mandatory","2","0","Completed","2023-04-01","No"
"BLD-100955","Fire & Emergency Response","Mandatory","8","0","Completed","2023-07-30","No"
"BLD-100955","Strategic Leadership Workshop","Leadership","2","880","Completed","2023-04-14","No"
"BLD-100955","First-Time Manager Program","Leadership","16","390","Completed","2023-08-27","No"
"BLD-100955","Coaching for Performance","Leadership","16","220","In Progress",,"No"
"BLD-100955","SAP for HR Users","Technical","4","1000","Completed","2023-08-22","Yes"
"BLD-100955","Data Privacy Awareness","Mandatory","2","0","Completed","2024-07-22","No"
"BLD-100955","Dairy Processing Fundamentals","Technical","16","170","Not Started",,"No"
"BLD-100955","DOA & Governance Training","Compliance","16","0","Completed","2025-08-07","No"
"BLD-100955","Strategic Leadership Workshop","Leadership","8","1980","Completed","2024-10-30","No"
"BLD-100956","Anti-Bribery & Ethics","Mandatory","2","0","Completed","2024-05-28","No"
"BLD-100956","Food Safety & HACCP Refresher","Mandatory","2","0","Completed","2024-04-05","No"
"BLD-100956","Advanced Excel for Reporting","Technical","2","1310","Completed","2024-02-28","Yes"
"BLD-100956","Strategic Leadership Workshop","Leadership","2","600","Not Started",,"No"
"BLD-100956","Cold Chain Logistics","Technical","2","1630","Completed","2023-05-11","Yes"
"BLD-100956","Quality Control Techniques","Technical","4","380","Completed","2023-07-21","Yes"
"BLD-100956","Presentation Skills","Soft Skills","2","540","Completed","2024-06-17","No"
"BLD-100957","SAP for HR Users","Technical","2","860","Completed","2023-04-01","Yes"
"BLD-100957","Food Safety & HACCP Refresher","Mandatory","4","0","Completed","2023-02-09","No"
"BLD-100958","Food Safety & HACCP Refresher","Mandatory","2","0","Completed","2023-01-11","No"
"BLD-100958","Presentation Skills","Soft Skills","8","220","In Progress",,"No"
"BLD-100958","Data Privacy Awareness","Mandatory","16","0","Completed","2023-10-25","No"
"BLD-100958","First-Time Manager Program","Leadership","2","210","Completed","2023-01-19","No"
"BLD-100958","Data Privacy Awareness","Mandatory","4","0","Completed","2024-02-10","No"
"BLD-100958","Dairy Processing Fundamentals","Technical","4","1970","Completed","2023-07-14","No"
"BLD-100958","DOA & Governance Training","Compliance","8","0","Completed","2023-11-06","No"
"BLD-100959","Dairy Processing Fundamentals","Technical","8","250","Completed","2025-09-28","No"
"BLD-100959","First-Time Manager Program","Leadership","4","2140","Completed","2024-12-05","No"
"BLD-100959","Egyptian Labor Law Essentials","Compliance","4","0","Completed","2025-02-28","No"
"BLD-100959","Fire & Emergency Response","Mandatory","2","0","In Progress",,"No"
"BLD-100959","Health & Safety Induction","Mandatory","16","0","Completed","2024-07-12","No"
"BLD-100959","Fire & Emergency Response","Mandatory","4","0","In Progress",,"No"
"BLD-100959","Coaching for Performance","Leadership","4","170","Completed","2023-05-09","No"
"BLD-100959","Egyptian Labor Law Essentials","Compliance","4","0","In Progress",,"No"
"BLD-100960","Qatar Labor Law Essentials","Compliance","8","0","Completed","2025-09-17","No"
"BLD-100960","Qatar Labor Law Essentials","Compliance","2","0","Completed","2025-05-01","No"
"BLD-100960","Presentation Skills","Soft Skills","2","1790","Completed","2025-02-17","No"
"BLD-100960","Fire & Emergency Response","Mandatory","4","0","Completed","2024-08-10","No"
"BLD-100960","Strategic Leadership Workshop","Leadership","2","740","Completed","2025-02-16","No"
"BLD-100960","Presentation Skills","Soft Skills","2","1320","Completed","2025-08-27","No"
"BLD-100961","Advanced Excel for Reporting","Technical","4","1260","Completed","2023-05-06","Yes"
"BLD-100961","Health & Safety Induction","Mandatory","2","0","Completed","2025-12-01","No"
"BLD-100961","Dairy Processing Fundamentals","Technical","8","1510","Completed","2023-11-11","Yes"
"BLD-100961","Health & Safety Induction","Mandatory","4","0","In Progress",,"No"
"BLD-100961","SAP for HR Users","Technical","2","300","Completed","2025-02-02","Yes"
"BLD-100961","Effective Communication","Soft Skills","4","580","Completed","2023-02-26","No"
"BLD-100962","Strategic Leadership Workshop","Leadership","2","180","In Progress",,"No"
"BLD-100962","DOA & Governance Training","Compliance","8","0","Completed","2023-05-06","No"
"BLD-100962","SAP for HR Users","Technical","8","350","In Progress",,"No"
"BLD-100962","Anti-Bribery & Ethics","Mandatory","16","0","Completed","2023-03-21","No"
"BLD-100962","Food Safety & HACCP Refresher","Mandatory","4","0","Completed","2025-06-08","No"
"BLD-100962","Presentation Skills","Soft Skills","4","1200","Completed","2025-05-10","No"
"BLD-100963","Strategic Leadership Workshop","Leadership","2","1860","Completed","2023-09-09","No"
"BLD-100963","Food Safety & HACCP Refresher","Mandatory","4","0","Completed","2023-05-24","No"
"BLD-100963","Advanced Excel for Reporting","Technical","2","1640","Completed","2023-07-20","Yes"
"BLD-100963","Coaching for Performance","Leadership","2","660","In Progress",,"No"
"BLD-100965","Health & Safety Induction","Mandatory","2","0","Completed","2023-11-15","No"
"BLD-100966","SAP for HR Users","Technical","2","1360","Completed","2023-06-11","No"
"BLD-100966","Conflict Resolution","Soft Skills","2","170","Completed","2023-09-09","No"
"BLD-100967","Egyptian Labor Law Essentials","Compliance","8","0","Completed","2023-10-05","Yes"
"BLD-100967","First-Time Manager Program","Leadership","8","910","Completed","2023-01-06","No"
"BLD-100967","Quality Control Techniques","Technical","8","380","Completed","2024-01-29","Yes"
"BLD-100967","Food Safety & HACCP Refresher","Mandatory","4","0","Completed","2023-05-14","No"
"BLD-100968","DOA & Governance Training","Compliance","2","0","Not Started",,"No"
"BLD-100968","Health & Safety Induction","Mandatory","16","0","In Progress",,"No"
"BLD-100968","Time Management","Soft Skills","4","980","Completed","2023-05-27","No"
"BLD-100968","Time Management","Soft Skills","4","2190","Completed","2023-04-07","No"
"BLD-100969","First-Time Manager Program","Leadership","8","160","Completed","2023-05-06","No"
"BLD-100969","Presentation Skills","Soft Skills","4","610","In Progress",,"No"
"BLD-100970","Time Management","Soft Skills","2","2120","Completed","2023-05-11","No"
"BLD-100970","First-Time Manager Program","Leadership","2","490","Completed","2024-04-11","No"
"BLD-100970","Time Management","Soft Skills","2","940","Completed","2023-09-29","No"
"BLD-100970","Quality Control Techniques","Technical","4","820","Completed","2023-07-20","Yes"
"BLD-100970","Cold Chain Logistics","Technical","2","1980","Completed","2025-07-19","Yes"
"BLD-100970","Conflict Resolution","Soft Skills","4","1240","Completed","2025-01-13","No"
"BLD-100970","Fire & Emergency Response","Mandatory","8","0","Completed","2024-07-04","No"
"BLD-100970","DOA & Governance Training","Compliance","4","0","Completed","2025-04-02","No"
"BLD-100970","Data Privacy Awareness","Mandatory","4","0","Completed","2025-02-02","No"
"BLD-100970","First-Time Manager Program","Leadership","2","2060","Completed","2024-01-04","No"
"BLD-100970","Time Management","Soft Skills","8","350","Completed","2023-12-26","No"
"BLD-100970","Quality Control Techniques","Technical","2","870","Completed","2025-08-04","Yes"
"BLD-100970","Food Safety & HACCP Refresher","Mandatory","4","0","Completed","2025-07-01","No"
"BLD-100971","Egyptian Labor Law Essentials","Compliance","16","0","In Progress",,"No"
"BLD-100971","Cold Chain Logistics","Technical","4","1250","Completed","2024-03-16","No"
"BLD-100971","Presentation Skills","Soft Skills","2","1540","Completed","2023-12-06","No"
"BLD-100971","Presentation Skills","Soft Skills","4","1450","In Progress",,"No"
"BLD-100971","Cold Chain Logistics","Technical","2","1430","Completed","2023-07-11","Yes"
"BLD-100971","Advanced Excel for Reporting","Technical","16","310","Completed","2025-01-22","No"
"BLD-100971","Effective Communication","Soft Skills","4","1670","Completed","2024-06-06","No"
"BLD-100971","Food Safety & HACCP Refresher","Mandatory","8","0","Completed","2024-10-27","No"
"BLD-100971","Anti-Bribery & Ethics","Mandatory","4","0","Completed","2023-05-13","No"
"BLD-100971","Health & Safety Induction","Mandatory","16","0","Completed","2025-11-23","No"
"BLD-100971","Quality Control Techniques","Technical","2","1780","Completed","2024-10-01","No"
"BLD-100971","Presentation Skills","Soft Skills","8","600","Completed","2024-01-27","No"
"BLD-100972","Cold Chain Logistics","Technical","2","1620","Completed","2023-12-08","No"
"BLD-100972","DOA & Governance Training","Compliance","2","0","Completed","2024-03-31","No"
"BLD-100972","Cold Chain Logistics","Technical","4","2130","Completed","2025-08-26","No"
"BLD-100972","Effective Communication","Soft Skills","2","1910","Completed","2024-06-07","No"
"BLD-100972","Coaching for Performance","Leadership","4","2050","Completed","2025-03-03","No"
"BLD-100972","Qatar Labor Law Essentials","Compliance","8","0","Completed","2023-03-09","Yes"
"BLD-100972","Time Management","Soft Skills","4","1210","Completed","2025-10-29","No"
"BLD-100972","Food Safety & HACCP Refresher","Mandatory","2","0","Completed","2024-06-06","No"
"BLD-100972","Fire & Emergency Response","Mandatory","2","0","Completed","2025-05-24","No"
"BLD-100972","Fire & Emergency Response","Mandatory","2","0","Completed","2025-09-16","No"
"BLD-100973","DOA & Governance Training","Compliance","4","0","Completed","2024-03-06","Yes"
"BLD-100973","Time Management","Soft Skills","8","1590","Completed","2023-11-19","No"
"BLD-100973","Presentation Skills","Soft Skills","2","660","Completed","2024-06-09","No"
"BLD-100973","Conflict Resolution","Soft Skills","16","1710","Completed","2024-09-01","No"
"BLD-100973","SAP for HR Users","Technical","8","1200","Completed","2025-05-09","No"
"BLD-100973","Anti-Bribery & Ethics","Mandatory","4","0","Completed","2025-07-25","No"
"BLD-100973","DOA & Governance Training","Compliance","2","0","Completed","2024-10-13","Yes"
"BLD-100974","Cold Chain Logistics","Technical","2","690","Completed","2023-06-14","Yes"
"BLD-100974","DOA & Governance Training","Compliance","4","0","Completed","2023-03-07","Yes"
"BLD-100974","Coaching for Performance","Leadership","2","730","Completed","2023-06-09","No"
"BLD-100975","Food Safety & HACCP Refresher","Mandatory","8","0","Completed","2025-09-22","No"
"BLD-100975","Conflict Resolution","Soft Skills","8","1570","Completed","2025-03-19","No"
"BLD-100975","Effective Communication","Soft Skills","16","1180","Completed","2025-12-14","No"
"BLD-100975","Food Safety & HACCP Refresher","Mandatory","4","0","Completed","2023-02-22","No"
"BLD-100976","Quality Control Techniques","Technical","4","940","Completed","2025-07-01","Yes"
"BLD-100976","Egyptian Labor Law Essentials","Compliance","2","0","In Progress",,"No"
"BLD-100976","Coaching for Performance","Leadership","2","260","Completed","2023-04-28","No"
"BLD-100976","Coaching for Performance","Leadership","2","730","In Progress",,"No"
"BLD-100976","Advanced Excel for Reporting","Technical","4","1120","Completed","2023-05-27","No"
"BLD-100976","First-Time Manager Program","Leadership","2","2090","Completed","2023-11-04","No"
"BLD-100976","Effective Communication","Soft Skills","8","1690","Completed","2024-04-03","No"
"BLD-100976","Time Management","Soft Skills","2","1940","Completed","2024-05-22","No"
"BLD-100976","Time Management","Soft Skills","16","1930","Completed","2023-04-28","No"
"BLD-100977","Anti-Bribery & Ethics","Mandatory","4","0","In Progress",,"No"
"BLD-100977","Data Privacy Awareness","Mandatory","8","0","Completed","2024-01-19","No"
"BLD-100977","Time Management","Soft Skills","4","2070","Completed","2025-07-08","No"
"BLD-100977","Strategic Leadership Workshop","Leadership","4","240","In Progress",,"No"
"BLD-100977","Food Safety & HACCP Refresher","Mandatory","2","0","Not Started",,"No"
"BLD-100977","Qatar Labor Law Essentials","Compliance","8","0","Completed","2025-04-10","Yes"
"BLD-100977","DOA & Governance Training","Compliance","4","0","Completed","2025-09-08","Yes"
"BLD-100977","Advanced Excel for Reporting","Technical","2","950","Completed","2023-11-16","No"
"BLD-100978","Strategic Leadership Workshop","Leadership","16","730","Completed","2023-04-27","No"
"BLD-100978","Quality Control Techniques","Technical","8","510","Completed","2023-09-17","Yes"
"BLD-100979","Health & Safety Induction","Mandatory","16","0","Completed","2023-08-07","No"
"BLD-100979","Data Privacy Awareness","Mandatory","2","0","Completed","2023-05-08","No"
"BLD-100979","Anti-Bribery & Ethics","Mandatory","2","0","Completed","2023-03-23","No"
"BLD-100979","Cold Chain Logistics","Technical","2","780","Not Started",,"No"
"BLD-100979","Data Privacy Awareness","Mandatory","4","0","Completed","2025-04-12","No"
"BLD-100979","First-Time Manager Program","Leadership","4","810","Completed","2025-04-25","No"
"BLD-100979","SAP for HR Users","Technical","8","1610","Completed","2024-03-13","No"
"BLD-100979","Health & Safety Induction","Mandatory","16","0","In Progress",,"No"
"BLD-100980","Time Management","Soft Skills","8","2110","Completed","2023-03-25","No"
"BLD-100980","Dairy Processing Fundamentals","Technical","8","750","In Progress",,"No"
"BLD-100980","SAP for HR Users","Technical","2","630","Completed","2024-02-15","Yes"
"BLD-100980","Effective Communication","Soft Skills","2","1410","Completed","2025-03-19","No"
"BLD-100980","Cold Chain Logistics","Technical","8","980","Completed","2023-07-13","Yes"
"BLD-100980","Food Safety & HACCP Refresher","Mandatory","4","0","Completed","2023-10-25","No"
"BLD-100981","Coaching for Performance","Leadership","2","1110","Completed","2024-04-04","No"
"BLD-100981","Time Management","Soft Skills","2","1170","Completed","2025-04-19","No"
"BLD-100981","First-Time Manager Program","Leadership","8","1940","Completed","2024-11-18","No"
"BLD-100981","Dairy Processing Fundamentals","Technical","4","1670","Completed","2024-11-01","Yes"
"BLD-100981","Conflict Resolution","Soft Skills","16","220","Completed","2024-12-17","No"
"BLD-100981","Cold Chain Logistics","Technical","2","880","Completed","2024-03-10","No"
"BLD-100982","DOA & Governance Training","Compliance","2","0","Completed","2023-08-25","Yes"
"BLD-100982","Advanced Excel for Reporting","Technical","2","210","Completed","2023-06-21","No"
"BLD-100982","Dairy Processing Fundamentals","Technical","4","1950","Completed","2025-08-06","No"
"BLD-100982","Cold Chain Logistics","Technical","2","2000","Completed","2023-01-29","No"
"BLD-100982","Presentation Skills","Soft Skills","4","1090","Completed","2024-06-25","No"
"BLD-100982","Cold Chain Logistics","Technical","16","1890","Completed","2023-07-19","No"
"BLD-100982","Health & Safety Induction","Mandatory","2","0","Completed","2023-11-19","No"
"BLD-100982","Dairy Processing Fundamentals","Technical","8","1500","Completed","2023-05-16","Yes"
"BLD-100982","Strategic Leadership Workshop","Leadership","4","2160","In Progress",,"No"
"BLD-100983","DOA & Governance Training","Compliance","8","0","In Progress",,"No"
"BLD-100983","Advanced Excel for Reporting","Technical","8","1460","Completed","2025-10-05","No"
"BLD-100983","Food Safety & HACCP Refresher","Mandatory","8","0","Not Started",,"No"
"BLD-100983","Egyptian Labor Law Essentials","Compliance","4","0","Completed","2023-10-12","No"
"BLD-100983","Fire & Emergency Response","Mandatory","8","0","Completed","2024-07-30","No"
"BLD-100983","Egyptian Labor Law Essentials","Compliance","8","0","In Progress",,"No"
"BLD-100983","DOA & Governance Training","Compliance","4","0","Completed","2023-02-22","Yes"
"BLD-100983","First-Time Manager Program","Leadership","2","780","Completed","2024-01-25","No"
"BLD-100983","Food Safety & HACCP Refresher","Mandatory","8","0","Completed","2025-09-29","No"
"BLD-100983","Anti-Bribery & Ethics","Mandatory","8","0","Completed","2025-08-17","No"
"BLD-100984","Cold Chain Logistics","Technical","4","340","Completed","2023-01-21","Yes"
"BLD-100985","Effective Communication","Soft Skills","4","1430","Completed","2023-06-29","No"
"BLD-100986","Effective Communication","Soft Skills","8","990","Completed","2023-01-04","No"
"BLD-100987","Coaching for Performance","Leadership","2","920","Completed","2023-05-14","No"
"BLD-100987","Time Management","Soft Skills","16","310","Completed","2023-02-15","No"
"BLD-100988","Time Management","Soft Skills","2","660","Completed","2023-04-26","No"
"BLD-100989","Qatar Labor Law Essentials","Compliance","4","0","Completed","2023-03-15","No"
"BLD-100989","Coaching for Performance","Leadership","2","1590","Completed","2024-04-19","No"
"BLD-100989","Effective Communication","Soft Skills","16","1520","Completed","2025-12-17","No"
"BLD-100989","Cold Chain Logistics","Technical","2","230","Completed","2024-01-04","Yes"
"BLD-100989","Quality Control Techniques","Technical","4","1080","Completed","2025-01-14","Yes"
"BLD-100989","Food Safety & HACCP Refresher","Mandatory","8","0","Completed","2023-04-25","No"
"BLD-100989","Cold Chain Logistics","Technical","2","760","Completed","2024-02-05","No"
"BLD-100989","Anti-Bribery & Ethics","Mandatory","4","0","Completed","2023-06-22","No"
"BLD-100989","Strategic Leadership Workshop","Leadership","2","290","Completed","2024-04-21","No"
"BLD-100989","Quality Control Techniques","Technical","8","320","In Progress",,"No"
"BLD-100990","DOA & Governance Training","Compliance","2","0","Completed","2025-10-07","No"
"BLD-100990","Coaching for Performance","Leadership","4","1630","Not Started",,"No"
"BLD-100990","Qatar Labor Law Essentials","Compliance","4","0","Completed","2024-02-07","No"
"BLD-100990","First-Time Manager Program","Leadership","8","1060","Completed","2024-08-05","No"
"BLD-100990","SAP for HR Users","Technical","2","520","Completed","2024-05-08","Yes"
"BLD-100990","Time Management","Soft Skills","8","530","Completed","2023-04-29","No"
"BLD-100990","Time Management","Soft Skills","4","570","Completed","2024-11-22","No"
"BLD-100991","Advanced Excel for Reporting","Technical","8","1120","Completed","2023-04-03","No"
"BLD-100991","SAP for HR Users","Technical","8","2090","Completed","2023-01-19","No"
"BLD-100992","Advanced Excel for Reporting","Technical","4","1910","Completed","2025-09-22","Yes"
"BLD-100992","Health & Safety Induction","Mandatory","2","0","Completed","2025-06-14","No"
"BLD-100992","Cold Chain Logistics","Technical","8","2100","Completed","2023-09-15","Yes"
"BLD-100992","Data Privacy Awareness","Mandatory","2","0","Completed","2024-05-15","No"
"BLD-100992","DOA & Governance Training","Compliance","4","0","Completed","2025-12-24","No"
"BLD-100992","Conflict Resolution","Soft Skills","8","880","Completed","2024-04-08","No"
"BLD-100992","Anti-Bribery & Ethics","Mandatory","8","0","In Progress",,"No"
"BLD-100993","Cold Chain Logistics","Technical","2","1190","Completed","2025-05-18","No"
"BLD-100993","Conflict Resolution","Soft Skills","4","2120","Completed","2023-04-24","No"
"BLD-100993","Egyptian Labor Law Essentials","Compliance","2","0","Completed","2025-10-15","Yes"
"BLD-100993","Health & Safety Induction","Mandatory","2","0","Completed","2024-01-20","No"
"BLD-100993","DOA & Governance Training","Compliance","4","0","Completed","2023-11-23","No"
"BLD-100993","Cold Chain Logistics","Technical","16","1730","Completed","2023-05-29","No"
"BLD-100993","Advanced Excel for Reporting","Technical","4","1840","Not Started",,"No"
"BLD-100993","First-Time Manager Program","Leadership","4","1620","Completed","2024-11-20","No"
"BLD-100994","Qatar Labor Law Essentials","Compliance","4","0","In Progress",,"No"
"BLD-100994","DOA & Governance Training","Compliance","2","0","Completed","2025-06-14","Yes"
"BLD-100994","Qatar Labor Law Essentials","Compliance","2","0","Completed","2024-09-27","No"
"BLD-100994","Health & Safety Induction","Mandatory","8","0","Completed","2024-12-18","No"
"BLD-100994","Strategic Leadership Workshop","Leadership","2","700","Completed","2025-08-30","No"
"BLD-100994","Strategic Leadership Workshop","Leadership","4","1330","Completed","2025-05-19","No"
"BLD-100994","Health & Safety Induction","Mandatory","2","0","Not Started",,"No"
"BLD-100995","Presentation Skills","Soft Skills","8","630","Completed","2023-06-07","No"
"BLD-100995","Quality Control Techniques","Technical","2","480","Completed","2024-01-06","No"
"BLD-100995","Health & Safety Induction","Mandatory","4","0","Completed","2025-03-26","No"
"BLD-100995","First-Time Manager Program","Leadership","2","1910","Completed","2025-06-24","No"
"BLD-100996","Health & Safety Induction","Mandatory","8","0","Completed","2023-10-13","No"
"BLD-100996","Cold Chain Logistics","Technical","2","1940","Completed","2023-07-25","No"
"BLD-100996","SAP for HR Users","Technical","2","1480","Not Started",,"No"
"BLD-100996","Fire & Emergency Response","Mandatory","4","0","Completed","2023-11-13","No"
"BLD-100997","Data Privacy Awareness","Mandatory","4","0","In Progress",,"No"
"BLD-100997","Time Management","Soft Skills","8","1260","Completed","2025-04-25","No"
"BLD-100997","Data Privacy Awareness","Mandatory","2","0","Completed","2025-01-31","No"
"BLD-100997","DOA & Governance Training","Compliance","2","0","In Progress",,"No"
"BLD-100998","SAP for HR Users","Technical","4","1360","Completed","2023-03-30","Yes"
"BLD-100998","Cold Chain Logistics","Technical","2","1640","Not Started",,"No"
"BLD-100999","Fire & Emergency Response","Mandatory","2","0","Completed","2024-08-09","No"
"BLD-100999","Egyptian Labor Law Essentials","Compliance","8","0","Completed","2024-02-12","Yes"
"BLD-100999","Food Safety & HACCP Refresher","Mandatory","16","0","Completed","2023-04-08","No"
"BLD-100999","Food Safety & HACCP Refresher","Mandatory","4","0","Completed","2025-08-09","No"
"BLD-100999","Fire & Emergency Response","Mandatory","2","0","Completed","2023-08-13","No"
"BLD-100999","SAP for HR Users","Technical","16","1330","Completed","2024-05-13","Yes"
"BLD-101000","Advanced Excel for Reporting","Technical","8","2150","Completed","2024-06-23","Yes"
"BLD-101000","Advanced Excel for Reporting","Technical","2","1180","Completed","2024-07-06","No"
"BLD-101001","First-Time Manager Program","Leadership","4","790","Completed","2025-01-27","No"
"BLD-101001","Food Safety & HACCP Refresher","Mandatory","8","0","Completed","2023-10-08","No"
"BLD-101001","Egyptian Labor Law Essentials","Compliance","8","0","Completed","2024-10-01","No"
"BLD-101001","Anti-Bribery & Ethics","Mandatory","2","0","In Progress",,"No"
"BLD-101001","SAP for HR Users","Technical","4","920","Completed","2023-03-08","Yes"
"BLD-101001","Dairy Processing Fundamentals","Technical","4","370","Completed","2024-09-22","No"
"BLD-101002","Fire & Emergency Response","Mandatory","2","0","Completed","2023-12-29","No"
"BLD-101003","Presentation Skills","Soft Skills","16","1930","Completed","2023-03-15","No"
"BLD-101003","Strategic Leadership Workshop","Leadership","4","220","Completed","2023-02-27","No"
"BLD-101003","Food Safety & HACCP Refresher","Mandatory","2","0","Completed","2023-03-11","No"
"BLD-101003","Dairy Processing Fundamentals","Technical","2","830","Completed","2023-05-24","Yes"
"BLD-101003","DOA & Governance Training","Compliance","16","0","Completed","2023-05-01","Yes"
"BLD-101004","Quality Control Techniques","Technical","8","300","Not Started",,"No"
"BLD-101004","Dairy Processing Fundamentals","Technical","16","1690","Completed","2024-12-25","Yes"
"BLD-101004","Qatar Labor Law Essentials","Compliance","2","0","Completed","2023-07-14","Yes"
"BLD-101004","Coaching for Performance","Leadership","8","1690","Completed","2024-02-07","No"
"BLD-101004","SAP for HR Users","Technical","2","1190","Not Started",,"No"
"BLD-101004","SAP for HR Users","Technical","2","2000","Completed","2023-08-27","Yes"
"BLD-101004","First-Time Manager Program","Leadership","4","1340","Completed","2024-02-25","No"
"BLD-101006","Quality Control Techniques","Technical","4","390","Completed","2025-11-25","Yes"
"BLD-101006","Fire & Emergency Response","Mandatory","16","0","Not Started",,"No"
"BLD-101006","Advanced Excel for Reporting","Technical","4","800","Completed","2023-08-24","Yes"
"BLD-101006","Anti-Bribery & Ethics","Mandatory","8","0","Completed","2024-03-06","No"
"BLD-101006","Advanced Excel for Reporting","Technical","8","970","Completed","2023-07-21","No"
"BLD-101006","Quality Control Techniques","Technical","8","870","In Progress",,"No"
"BLD-101006","Anti-Bribery & Ethics","Mandatory","16","0","Completed","2025-02-28","No"
"BLD-101006","Time Management","Soft Skills","2","1530","Completed","2025-01-28","No"
"BLD-101008","Conflict Resolution","Soft Skills","8","900","Completed","2024-11-09","No"
"BLD-101008","Health & Safety Induction","Mandatory","8","0","Completed","2023-09-02","No"
"BLD-101009","First-Time Manager Program","Leadership","2","2140","Completed","2024-10-18","No"
"BLD-101009","Conflict Resolution","Soft Skills","16","1630","Completed","2023-06-24","No"
"BLD-101009","Health & Safety Induction","Mandatory","8","0","Completed","2023-10-05","No"
"BLD-101009","DOA & Governance Training","Compliance","8","0","Completed","2025-03-11","No"
"BLD-101009","Food Safety & HACCP Refresher","Mandatory","4","0","Completed","2025-07-05","No"
"BLD-101009","Cold Chain Logistics","Technical","4","430","Completed","2025-05-26","No"
"BLD-101009","Data Privacy Awareness","Mandatory","8","0","Completed","2023-08-17","No"
"BLD-101010","Cold Chain Logistics","Technical","2","760","Completed","2024-05-07","Yes"
"BLD-101010","Conflict Resolution","Soft Skills","4","1550","Completed","2025-12-25","No"
"BLD-101010","Data Privacy Awareness","Mandatory","16","0","Completed","2024-03-01","No"
"BLD-101010","Strategic Leadership Workshop","Leadership","2","1250","In Progress",,"No"
"BLD-101010","Anti-Bribery & Ethics","Mandatory","2","0","Completed","2025-06-21","No"
"BLD-101011","Data Privacy Awareness","Mandatory","4","0","In Progress",,"No"
"BLD-101011","Cold Chain Logistics","Technical","2","280","In Progress",,"No"
"BLD-101011","Presentation Skills","Soft Skills","4","560","Completed","2024-09-11","No"
"BLD-101011","Fire & Emergency Response","Mandatory","2","0","Completed","2023-09-06","No"
"BLD-101011","Fire & Emergency Response","Mandatory","8","0","Completed","2023-05-18","No"
"BLD-101011","Data Privacy Awareness","Mandatory","8","0","Completed","2023-10-07","No"
"BLD-101011","Advanced Excel for Reporting","Technical","8","1260","Completed","2024-09-07","No"
"BLD-101012","Dairy Processing Fundamentals","Technical","8","2030","Completed","2023-10-28","Yes"
"BLD-101012","Conflict Resolution","Soft Skills","16","1180","Not Started",,"No"
"BLD-101012","Advanced Excel for Reporting","Technical","8","370","Completed","2024-02-20","Yes"
"BLD-101012","First-Time Manager Program","Leadership","8","1990","In Progress",,"No"
"BLD-101012","DOA & Governance Training","Compliance","16","0","Completed","2025-03-02","Yes"
"BLD-101012","Data Privacy Awareness","Mandatory","2","0","Completed","2023-02-07","No"
"BLD-101012","Advanced Excel for Reporting","Technical","16","1130","Completed","2023-08-12","No"
"BLD-101012","Health & Safety Induction","Mandatory","8","0","Not Started",,"No"
"BLD-101012","DOA & Governance Training","Compliance","2","0","Completed","2025-06-26","Yes"
"BLD-101012","Cold Chain Logistics","Technical","8","2100","Completed","2023-01-10","No"
"BLD-101012","Cold Chain Logistics","Technical","8","760","Completed","2023-07-30","No"
"BLD-101012","Cold Chain Logistics","Technical","2","1590","Completed","2023-11-14","No"
"BLD-101013","Time Management","Soft Skills","8","430","Completed","2025-05-31","No"
"BLD-101013","Coaching for Performance","Leadership","8","1900","In Progress",,"No"
"BLD-101013","Effective Communication","Soft Skills","2","1960","Not Started",,"No"
"BLD-101013","Egyptian Labor Law Essentials","Compliance","4","0","Completed","2023-07-21","Yes"
"BLD-101013","Conflict Resolution","Soft Skills","16","670","Completed","2025-12-01","No"
"BLD-101013","SAP for HR Users","Technical","4","2080","Completed","2024-06-27","No"
"BLD-101013","Health & Safety Induction","Mandatory","4","0","Completed","2024-03-27","No"
"BLD-101013","Conflict Resolution","Soft Skills","2","1980","Completed","2023-07-03","No"
"BLD-101014","SAP for HR Users","Technical","4","350","In Progress",,"No"
"BLD-101014","Quality Control Techniques","Technical","4","1510","Completed","2024-02-14","Yes"
"BLD-101014","Health & Safety Induction","Mandatory","2","0","Completed","2024-04-10","No"
"BLD-101014","Cold Chain Logistics","Technical","2","1550","Completed","2025-10-03","No"
"BLD-101014","Coaching for Performance","Leadership","2","1200","Completed","2025-03-05","No"
"BLD-101014","Fire & Emergency Response","Mandatory","4","0","Completed","2023-12-25","No"
"BLD-101014","Strategic Leadership Workshop","Leadership","16","920","Completed","2024-06-04","No"
"BLD-101014","Fire & Emergency Response","Mandatory","8","0","Completed","2025-09-10","No"
"BLD-101014","Dairy Processing Fundamentals","Technical","8","230","Completed","2025-03-27","Yes"
"BLD-101015","Health & Safety Induction","Mandatory","4","0","Completed","2024-02-08","No"
"BLD-101015","Fire & Emergency Response","Mandatory","4","0","Completed","2024-08-15","No"
"BLD-101015","Qatar Labor Law Essentials","Compliance","8","0","Completed","2023-08-08","Yes"
"BLD-101015","Fire & Emergency Response","Mandatory","8","0","Completed","2024-08-08","No"
"BLD-101016","Egyptian Labor Law Essentials","Compliance","8","0","Completed","2025-11-21","Yes"
"BLD-101016","Presentation Skills","Soft Skills","16","1880","In Progress",,"No"
"BLD-101016","Effective Communication","Soft Skills","4","1250","Completed","2023-08-10","No"
"BLD-101016","Effective Communication","Soft Skills","2","710","Completed","2023-12-23","No"
"BLD-101016","Dairy Processing Fundamentals","Technical","2","1070","Completed","2023-05-09","No"
"BLD-101016","Data Privacy Awareness","Mandatory","2","0","Completed","2025-11-30","No"
"BLD-101016","Time Management","Soft Skills","4","720","In Progress",,"No"
"BLD-101016","Coaching for Performance","Leadership","8","970","In Progress",,"No"
"BLD-101016","Conflict Resolution","Soft Skills","16","1080","Completed","2025-03-19","No"
"BLD-101017","SAP for HR Users","Technical","2","330","Not Started",,"No"
"BLD-101017","Fire & Emergency Response","Mandatory","2","0","Completed","2024-04-03","No"
"BLD-101017","Food Safety & HACCP Refresher","Mandatory","8","0","Completed","2024-12-13","No"
"BLD-101017","Qatar Labor Law Essentials","Compliance","2","0","Completed","2023-09-16","No"
"BLD-101017","Coaching for Performance","Leadership","4","1880","Completed","2024-01-14","No"
"BLD-101017","SAP for HR Users","Technical","2","2120","Completed","2023-12-05","Yes"
"BLD-101017","Time Management","Soft Skills","4","1700","In Progress",,"No"
"BLD-101017","Effective Communication","Soft Skills","8","820","Not Started",,"No"
"BLD-101017","Health & Safety Induction","Mandatory","4","0","Completed","2023-03-10","No"
"BLD-101017","Fire & Emergency Response","Mandatory","2","0","In Progress",,"No"
"BLD-101018","DOA & Governance Training","Compliance","2","0","In Progress",,"No"
"BLD-101018","Cold Chain Logistics","Technical","4","1200","In Progress",,"No"
"BLD-101018","Fire & Emergency Response","Mandatory","4","0","Not Started",,"No"
"BLD-101018","SAP for HR Users","Technical","4","2070","Completed","2025-12-06","Yes"
"BLD-101018","First-Time Manager Program","Leadership","4","170","Completed","2023-04-03","No"
"BLD-101018","DOA & Governance Training","Compliance","4","0","Completed","2025-01-19","No"
"BLD-101018","Strategic Leadership Workshop","Leadership","2","1660","Completed","2024-04-30","No"
"BLD-101018","Health & Safety Induction","Mandatory","8","0","Completed","2024-01-22","No"
"BLD-101018","Quality Control Techniques","Technical","8","550","Completed","2023-02-22","No"
"BLD-101019","Conflict Resolution","Soft Skills","16","1600","Completed","2023-07-06","No"
"BLD-101019","Advanced Excel for Reporting","Technical","2","520","Completed","2024-08-01","No"
"BLD-101019","Food Safety & HACCP Refresher","Mandatory","4","0","In Progress",,"No"
"BLD-101019","Health & Safety Induction","Mandatory","16","0","Completed","2024-08-03","No"
"BLD-101019","Dairy Processing Fundamentals","Technical","8","1010","Not Started",,"No"
"BLD-101019","Qatar Labor Law Essentials","Compliance","4","0","In Progress",,"No"
"BLD-101019","Food Safety & HACCP Refresher","Mandatory","8","0","Completed","2025-02-28","No"
"BLD-101020","Health & Safety Induction","Mandatory","2","0","Completed","2023-10-24","No"
"BLD-101020","Health & Safety Induction","Mandatory","16","0","Completed","2024-09-09","No"
"BLD-101020","Advanced Excel for Reporting","Technical","8","1810","Completed","2025-06-03","No"
"BLD-101020","Food Safety & HACCP Refresher","Mandatory","2","0","Completed","2023-07-31","No"
"BLD-101020","Health & Safety Induction","Mandatory","4","0","Completed","2024-02-08","No"
"BLD-101020","Cold Chain Logistics","Technical","16","1910","Completed","2025-02-18","Yes"
"BLD-101020","Fire & Emergency Response","Mandatory","16","0","Completed","2024-03-14","No"
"BLD-101020","Fire & Emergency Response","Mandatory","4","0","Completed","2024-12-01","No"
"BLD-101021","Fire & Emergency Response","Mandatory","4","0","Completed","2023-10-08","No"
"BLD-101021","Data Privacy Awareness","Mandatory","2","0","Completed","2024-05-09","No"
"BLD-101021","Effective Communication","Soft Skills","8","500","Completed","2024-06-05","No"
"BLD-101021","Anti-Bribery & Ethics","Mandatory","8","0","In Progress",,"No"
"BLD-101021","Quality Control Techniques","Technical","2","1650","Completed","2024-12-15","Yes"
"BLD-101021","Quality Control Techniques","Technical","2","1210","Completed","2023-08-17","Yes"
"BLD-101021","Quality Control Techniques","Technical","2","1420","Completed","2025-02-16","Yes"
"BLD-101023","Effective Communication","Soft Skills","4","1450","Completed","2024-01-07","No"
"BLD-101023","Coaching for Performance","Leadership","4","1610","Completed","2023-11-01","No"
"BLD-101023","Fire & Emergency Response","Mandatory","8","0","Not Started",,"No"
"BLD-101023","Dairy Processing Fundamentals","Technical","2","1420","Completed","2025-08-18","Yes"
"BLD-101023","Dairy Processing Fundamentals","Technical","4","720","Completed","2024-10-16","Yes"
"BLD-101023","Strategic Leadership Workshop","Leadership","4","2160","Not Started",,"No"
"BLD-101024","Dairy Processing Fundamentals","Technical","8","1790","Completed","2023-03-24","No"
"BLD-101024","DOA & Governance Training","Compliance","2","0","Completed","2024-10-11","Yes"
"BLD-101024","Advanced Excel for Reporting","Technical","8","1450","Completed","2025-02-19","No"
"BLD-101024","Health & Safety Induction","Mandatory","2","0","Completed","2023-02-07","No"
"BLD-101024","Dairy Processing Fundamentals","Technical","16","990","Completed","2025-08-25","No"
"BLD-101024","SAP for HR Users","Technical","8","1460","Completed","2024-08-15","No"
"BLD-101024","Health & Safety Induction","Mandatory","4","0","Completed","2025-12-29","No"
"BLD-101025","Quality Control Techniques","Technical","16","1080","In Progress",,"No"
"BLD-101025","Conflict Resolution","Soft Skills","8","920","Completed","2023-08-29","No"
"BLD-101025","Egyptian Labor Law Essentials","Compliance","4","0","Completed","2024-08-16","No"
"BLD-101025","DOA & Governance Training","Compliance","4","0","Completed","2024-04-18","No"
"BLD-101025","Food Safety & HACCP Refresher","Mandatory","2","0","Completed","2024-09-03","No"
"BLD-101025","Effective Communication","Soft Skills","8","640","Completed","2024-01-18","No"
"BLD-101025","DOA & Governance Training","Compliance","4","0","Completed","2024-10-04","Yes"
"BLD-101025","Time Management","Soft Skills","2","1150","Completed","2024-02-05","No"
"BLD-101025","Fire & Emergency Response","Mandatory","4","0","Completed","2024-10-27","No"
"BLD-101026","Presentation Skills","Soft Skills","8","890","Completed","2023-01-13","No"
"BLD-101026","Health & Safety Induction","Mandatory","8","0","In Progress",,"No"
"BLD-101026","Food Safety & HACCP Refresher","Mandatory","8","0","Completed","2023-01-09","No"
"BLD-101027","Dairy Processing Fundamentals","Technical","4","1670","In Progress",,"No"
"BLD-101027","Advanced Excel for Reporting","Technical","4","570","Completed","2025-07-10","Yes"
"BLD-101027","Egyptian Labor Law Essentials","Compliance","2","0","Not Started",,"No"
"BLD-101027","Time Management","Soft Skills","4","1720","Not Started",,"No"
"BLD-101027","Fire & Emergency Response","Mandatory","2","0","Completed","2024-10-26","No"
"BLD-101028","Conflict Resolution","Soft Skills","4","1660","Completed","2023-08-27","No"
"BLD-101028","Coaching for Performance","Leadership","4","1510","Completed","2024-07-19","No"
"BLD-101028","Fire & Emergency Response","Mandatory","16","0","Completed","2023-07-21","No"
"BLD-101028","Health & Safety Induction","Mandatory","8","0","Completed","2023-02-27","No"
"BLD-101028","Health & Safety Induction","Mandatory","16","0","In Progress",,"No"
"BLD-101029","Fire & Emergency Response","Mandatory","4","0","Completed","2023-02-13","No"
"BLD-101030","Health & Safety Induction","Mandatory","2","0","Completed","2024-01-18","No"
"BLD-101030","Dairy Processing Fundamentals","Technical","16","1060","Completed","2024-10-08","Yes"
"BLD-101030","Cold Chain Logistics","Technical","2","1090","Completed","2025-01-16","Yes"
"BLD-101030","Cold Chain Logistics","Technical","16","1850","Completed","2023-11-25","Yes"
"BLD-101030","Coaching for Performance","Leadership","16","1320","Completed","2023-01-26","No"
"BLD-101030","Fire & Emergency Response","Mandatory","2","0","Completed","2023-09-09","No"
"BLD-101030","Food Safety & HACCP Refresher","Mandatory","4","0","Completed","2024-12-14","No"
"BLD-101030","Qatar Labor Law Essentials","Compliance","4","0","Completed","2023-11-30","Yes"
"BLD-101030","Effective Communication","Soft Skills","4","610","Not Started",,"No"
"BLD-101030","Dairy Processing Fundamentals","Technical","2","1500","Completed","2024-06-08","No"
"BLD-101030","Qatar Labor Law Essentials","Compliance","2","0","Completed","2024-12-16","No"
"BLD-101030","Presentation Skills","Soft Skills","4","1490","In Progress",,"No"
"BLD-101031","Egyptian Labor Law Essentials","Compliance","2","0","Completed","2025-04-01","Yes"
"BLD-101031","DOA & Governance Training","Compliance","2","0","Completed","2023-08-16","Yes"
"BLD-101031","Fire & Emergency Response","Mandatory","8","0","Completed","2023-01-02","No"
"BLD-101031","Effective Communication","Soft Skills","2","1390","Completed","2023-08-30","No"
"BLD-101031","Coaching for Performance","Leadership","4","1290","Completed","2024-05-14","No"
"BLD-101031","Effective Communication","Soft Skills","8","1740","Completed","2025-05-25","No"
"BLD-101031","Strategic Leadership Workshop","Leadership","8","200","Completed","2023-04-25","No"
"BLD-101031","SAP for HR Users","Technical","8","890","Completed","2025-10-03","No"
"BLD-101031","Conflict Resolution","Soft Skills","8","960","Completed","2024-07-15","No"
"BLD-101031","Presentation Skills","Soft Skills","4","1030","In Progress",,"No"
"BLD-101032","Advanced Excel for Reporting","Technical","8","1450","Completed","2024-08-06","Yes"
"BLD-101032","Effective Communication","Soft Skills","2","1430","Completed","2023-06-04","No"
"BLD-101032","Quality Control Techniques","Technical","4","450","Completed","2023-02-05","Yes"
"BLD-101032","Health & Safety Induction","Mandatory","8","0","Completed","2024-04-26","No"
"BLD-101032","Dairy Processing Fundamentals","Technical","2","1660","Completed","2024-06-28","No"
"BLD-101032","First-Time Manager Program","Leadership","16","970","Completed","2023-11-12","No"
"BLD-101032","Quality Control Techniques","Technical","8","1510","In Progress",,"No"
"BLD-101032","Presentation Skills","Soft Skills","2","2020","Completed","2024-10-29","No"
"BLD-101032","Fire & Emergency Response","Mandatory","2","0","Completed","2024-01-11","No"
"BLD-101033","Dairy Processing Fundamentals","Technical","2","530","Completed","2023-03-21","Yes"
"BLD-101033","Strategic Leadership Workshop","Leadership","8","970","Completed","2025-06-26","No"
"BLD-101033","Qatar Labor Law Essentials","Compliance","4","0","In Progress",,"No"
"BLD-101033","SAP for HR Users","Technical","4","910","Completed","2025-02-02","No"
"BLD-101033","SAP for HR Users","Technical","2","2000","In Progress",,"No"
"BLD-101033","Fire & Emergency Response","Mandatory","2","0","Completed","2023-02-02","No"
"BLD-101033","Food Safety & HACCP Refresher","Mandatory","4","0","Completed","2024-04-11","No"
"BLD-101034","Food Safety & HACCP Refresher","Mandatory","2","0","In Progress",,"No"
"BLD-101035","DOA & Governance Training","Compliance","2","0","Completed","2023-02-03","No"
"BLD-101037","Presentation Skills","Soft Skills","2","1500","Completed","2023-10-17","No"
"BLD-101038","Quality Control Techniques","Technical","4","360","Completed","2024-06-22","Yes"
"BLD-101038","Effective Communication","Soft Skills","2","1170","In Progress",,"No"
"BLD-101038","Dairy Processing Fundamentals","Technical","2","1250","Completed","2025-09-13","No"
"BLD-101038","Quality Control Techniques","Technical","4","230","Completed","2025-09-10","Yes"
"BLD-101038","Conflict Resolution","Soft Skills","4","1590","Completed","2024-04-02","No"
"BLD-101038","Fire & Emergency Response","Mandatory","2","0","Completed","2024-08-07","No"
"BLD-101038","Strategic Leadership Workshop","Leadership","4","500","Completed","2024-04-08","No"
"BLD-101038","Qatar Labor Law Essentials","Compliance","2","0","Completed","2025-06-18","Yes"
"BLD-101038","Qatar Labor Law Essentials","Compliance","16","0","Completed","2025-02-16","Yes"
"BLD-101039","Quality Control Techniques","Technical","2","340","Completed","2024-02-24","No"
"BLD-101039","Dairy Processing Fundamentals","Technical","2","1500","Completed","2024-02-18","Yes"
"BLD-101039","Dairy Processing Fundamentals","Technical","4","1090","Completed","2023-07-07","Yes"
"BLD-101039","DOA & Governance Training","Compliance","2","0","Completed","2023-07-08","Yes"
"BLD-101039","Health & Safety Induction","Mandatory","2","0","Completed","2024-04-17","No"
"BLD-101039","SAP for HR Users","Technical","4","600","Completed","2024-12-31","Yes"
"BLD-101039","Health & Safety Induction","Mandatory","4","0","Completed","2025-07-25","No"
"BLD-101040","Coaching for Performance","Leadership","2","1620","Completed","2025-09-29","No"
"BLD-101040","Food Safety & HACCP Refresher","Mandatory","16","0","Not Started",,"No"
"BLD-101040","Cold Chain Logistics","Technical","2","1010","Not Started",,"No"
"BLD-101040","DOA & Governance Training","Compliance","8","0","Completed","2025-03-23","No"
"BLD-101040","Conflict Resolution","Soft Skills","4","480","Not Started",,"No"
"BLD-101040","Dairy Processing Fundamentals","Technical","2","1330","In Progress",,"No"
"BLD-101040","Effective Communication","Soft Skills","16","1340","Not Started",,"No"
"BLD-101040","Data Privacy Awareness","Mandatory","2","0","Completed","2023-04-14","No"
"BLD-101040","Conflict Resolution","Soft Skills","16","1270","Completed","2025-07-09","No"
"BLD-101040","Dairy Processing Fundamentals","Technical","8","1040","Completed","2025-04-20","Yes"
"BLD-101041","Data Privacy Awareness","Mandatory","4","0","In Progress",,"No"
"BLD-101041","Coaching for Performance","Leadership","2","890","Completed","2024-07-21","No"
"BLD-101041","Cold Chain Logistics","Technical","4","1690","Completed","2025-08-23","Yes"
"BLD-101041","Coaching for Performance","Leadership","2","630","Completed","2025-10-14","No"
"BLD-101041","Time Management","Soft Skills","8","1510","Completed","2024-05-24","No"
"BLD-101041","Conflict Resolution","Soft Skills","2","1200","In Progress",,"No"
"BLD-101041","Data Privacy Awareness","Mandatory","16","0","Completed","2023-11-23","No"
"BLD-101041","Conflict Resolution","Soft Skills","4","1080","Completed","2024-02-21","No"
"BLD-101041","Conflict Resolution","Soft Skills","16","830","Not Started",,"No"
"BLD-101041","DOA & Governance Training","Compliance","2","0","Completed","2024-10-17","Yes"
"BLD-101041","Effective Communication","Soft Skills","16","180","Completed","2025-05-29","No"
"BLD-101042","Time Management","Soft Skills","2","1490","Completed","2024-05-27","No"
"BLD-101042","Fire & Emergency Response","Mandatory","4","0","Completed","2025-04-12","No"
"BLD-101042","Anti-Bribery & Ethics","Mandatory","2","0","In Progress",,"No"
"BLD-101042","Time Management","Soft Skills","2","1670","Completed","2025-01-30","No"
"BLD-101042","Cold Chain Logistics","Technical","2","320","Completed","2023-09-07","Yes"
"BLD-101042","Dairy Processing Fundamentals","Technical","4","1370","Completed","2024-07-29","Yes"
"BLD-101042","Fire & Emergency Response","Mandatory","4","0","Completed","2024-09-23","No"
"BLD-101042","Dairy Processing Fundamentals","Technical","2","1510","Completed","2023-05-05","No"
"BLD-101042","Fire & Emergency Response","Mandatory","4","0","Completed","2025-06-11","No"
"BLD-101042","Quality Control Techniques","Technical","8","380","Completed","2024-05-28","Yes"
"BLD-101042","Presentation Skills","Soft Skills","8","1070","Completed","2025-10-13","No"
"BLD-101042","Time Management","Soft Skills","2","1870","Completed","2023-07-27","No"
"BLD-101042","Presentation Skills","Soft Skills","8","1530","Completed","2025-05-11","No"
"BLD-101043","Quality Control Techniques","Technical","4","2180","Completed","2024-07-03","Yes"
"BLD-101043","Conflict Resolution","Soft Skills","2","720","In Progress",,"No"
"BLD-101043","Effective Communication","Soft Skills","4","810","Completed","2025-05-27","No"
"BLD-101043","Quality Control Techniques","Technical","2","420","In Progress",,"No"
"BLD-101043","Coaching for Performance","Leadership","16","990","Completed","2023-06-09","No"
"BLD-101043","Health & Safety Induction","Mandatory","2","0","Not Started",,"No"
"BLD-101043","DOA & Governance Training","Compliance","2","0","Completed","2023-02-01","Yes"
"BLD-101043","Fire & Emergency Response","Mandatory","8","0","Completed","2025-09-02","No"
"BLD-101043","Strategic Leadership Workshop","Leadership","2","920","Completed","2025-09-21","No"
"BLD-101043","Fire & Emergency Response","Mandatory","8","0","Completed","2024-06-24","No"
"BLD-101043","Cold Chain Logistics","Technical","2","1240","Completed","2023-04-16","Yes"
"BLD-101043","DOA & Governance Training","Compliance","2","0","Completed","2024-03-08","Yes"
"BLD-101043","Presentation Skills","Soft Skills","4","610","Completed","2023-06-03","No"
"BLD-101043","Conflict Resolution","Soft Skills","2","680","Completed","2025-09-27","No"
"BLD-101044","Quality Control Techniques","Technical","2","160","Not Started",,"No"
"BLD-101044","Health & Safety Induction","Mandatory","8","0","Not Started",,"No"
"BLD-101044","Effective Communication","Soft Skills","2","1460","Completed","2023-11-10","No"
"BLD-101045","Conflict Resolution","Soft Skills","2","260","Completed","2025-05-18","No"
"BLD-101045","Data Privacy Awareness","Mandatory","2","0","Completed","2024-03-26","No"
"BLD-101045","DOA & Governance Training","Compliance","4","0","Completed","2025-12-12","Yes"
"BLD-101045","Advanced Excel for Reporting","Technical","4","1590","Completed","2024-11-04","No"
"BLD-101045","Dairy Processing Fundamentals","Technical","16","1250","Completed","2024-12-20","Yes"
"BLD-101045","Dairy Processing Fundamentals","Technical","8","1970","Completed","2024-04-17","No"
"BLD-101045","Conflict Resolution","Soft Skills","4","590","Not Started",,"No"
"BLD-101045","Strategic Leadership Workshop","Leadership","4","320","Completed","2024-05-26","No"
"BLD-101045","Data Privacy Awareness","Mandatory","4","0","Completed","2024-08-27","No"
"BLD-101045","Fire & Emergency Response","Mandatory","4","0","Completed","2023-01-11","No"
"BLD-101046","Advanced Excel for Reporting","Technical","4","320","Completed","2023-01-14","Yes"
"BLD-101047","Conflict Resolution","Soft Skills","2","1580","Completed","2023-08-02","No"
"BLD-101047","Coaching for Performance","Leadership","4","1590","Completed","2023-06-29","No"
"BLD-101047","Conflict Resolution","Soft Skills","4","590","Completed","2023-10-29","No"
"BLD-101048","Cold Chain Logistics","Technical","2","2000","In Progress",,"No"
"BLD-101048","Conflict Resolution","Soft Skills","8","1800","Completed","2025-03-28","No"
"BLD-101048","Data Privacy Awareness","Mandatory","2","0","Not Started",,"No"
"BLD-101048","Quality Control Techniques","Technical","2","1100","In Progress",,"No"
"BLD-101048","Effective Communication","Soft Skills","2","280","Completed","2025-07-27","No"
"BLD-101049","Presentation Skills","Soft Skills","2","850","Completed","2023-07-25","No"
"BLD-101049","Health & Safety Induction","Mandatory","2","0","Completed","2024-04-23","No"
"BLD-101049","DOA & Governance Training","Compliance","8","0","Completed","2023-05-06","Yes"
"BLD-101049","Conflict Resolution","Soft Skills","4","1130","Completed","2024-12-24","No"
"BLD-101049","Food Safety & HACCP Refresher","Mandatory","4","0","Completed","2024-11-17","No"
"BLD-101049","Fire & Emergency Response","Mandatory","2","0","Completed","2024-03-05","No"
"BLD-101049","Health & Safety Induction","Mandatory","4","0","Completed","2023-09-30","No"
"BLD-101049","Food Safety & HACCP Refresher","Mandatory","2","0","Completed","2023-10-10","No"
"BLD-101049","First-Time Manager Program","Leadership","8","750","Completed","2025-03-09","No"
"BLD-101050","First-Time Manager Program","Leadership","16","1450","Completed","2023-06-14","No"
"BLD-101050","Coaching for Performance","Leadership","8","1360","Completed","2023-09-07","No"
"BLD-101050","First-Time Manager Program","Leadership","16","2030","Completed","2023-07-29","No"
"BLD-101050","Fire & Emergency Response","Mandatory","4","0","In Progress",,"No"
"BLD-101050","Conflict Resolution","Soft Skills","4","950","Completed","2023-06-04","No"
"BLD-101050","Health & Safety Induction","Mandatory","8","0","Completed","2023-01-09","No"
"BLD-101051","Health & Safety Induction","Mandatory","4","0","Completed","2024-11-27","No"
"BLD-101051","Time Management","Soft Skills","8","1380","Completed","2025-04-05","No"
"BLD-101051","Fire & Emergency Response","Mandatory","2","0","Completed","2023-10-12","No"
"BLD-101051","Cold Chain Logistics","Technical","2","940","Completed","2025-11-17","No"
"BLD-101053","DOA & Governance Training","Compliance","16","0","Completed","2025-06-09","No"
"BLD-101053","Time Management","Soft Skills","8","690","Completed","2024-09-05","No"
"BLD-101053","First-Time Manager Program","Leadership","2","1500","Not Started",,"No"
"BLD-101053","Food Safety & HACCP Refresher","Mandatory","2","0","Completed","2025-07-31","No"
"BLD-101053","Effective Communication","Soft Skills","4","1570","Completed","2025-04-03","No"
"BLD-101053","Advanced Excel for Reporting","Technical","16","1480","Not Started",,"No"
"BLD-101054","Data Privacy Awareness","Mandatory","4","0","Completed","2025-01-06","No"
"BLD-101054","DOA & Governance Training","Compliance","2","0","Completed","2024-09-27","No"
"BLD-101054","Presentation Skills","Soft Skills","2","1660","Completed","2024-02-05","No"
"BLD-101054","Presentation Skills","Soft Skills","8","880","Completed","2024-11-02","No"
"BLD-101054","Coaching for Performance","Leadership","2","970","Completed","2023-11-29","No"
"BLD-101054","Cold Chain Logistics","Technical","2","1560","Completed","2024-01-22","No"
"BLD-101055","DOA & Governance Training","Compliance","2","0","Not Started",,"No"
"BLD-101055","Conflict Resolution","Soft Skills","8","570","Completed","2024-07-13","No"
"BLD-101055","Quality Control Techniques","Technical","2","440","In Progress",,"No"
"BLD-101055","Cold Chain Logistics","Technical","2","2070","In Progress",,"No"
"BLD-101055","DOA & Governance Training","Compliance","2","0","Completed","2024-12-06","No"
"BLD-101056","Quality Control Techniques","Technical","8","1270","In Progress",,"No"
"BLD-101056","Health & Safety Induction","Mandatory","4","0","Completed","2025-01-04","No"
"BLD-101056","Presentation Skills","Soft Skills","4","650","Completed","2025-10-08","No"
"BLD-101057","Food Safety & HACCP Refresher","Mandatory","8","0","Completed","2025-09-13","No"
"BLD-101058","First-Time Manager Program","Leadership","2","680","Completed","2023-08-23","No"
"BLD-101058","Data Privacy Awareness","Mandatory","2","0","Completed","2023-10-16","No"
"BLD-101058","Time Management","Soft Skills","8","630","In Progress",,"No"
"BLD-101058","Food Safety & HACCP Refresher","Mandatory","2","0","Completed","2024-03-31","No"
"BLD-101060","Effective Communication","Soft Skills","2","500","Completed","2024-06-02","No"
"BLD-101060","Effective Communication","Soft Skills","2","420","Completed","2025-04-15","No"
"BLD-101060","DOA & Governance Training","Compliance","2","0","Completed","2025-08-21","Yes"
"BLD-101061","DOA & Governance Training","Compliance","4","0","In Progress",,"No"
"BLD-101061","Food Safety & HACCP Refresher","Mandatory","2","0","Completed","2024-11-03","No"
"BLD-101061","Qatar Labor Law Essentials","Compliance","4","0","Completed","2025-01-20","No"
"BLD-101061","Time Management","Soft Skills","2","1190","Completed","2025-04-08","No"
"BLD-101061","Dairy Processing Fundamentals","Technical","16","1940","Completed","2024-12-26","No"
"BLD-101061","Strategic Leadership Workshop","Leadership","2","440","Completed","2025-07-22","No"
"BLD-101061","Dairy Processing Fundamentals","Technical","16","800","Completed","2024-04-04","Yes"
"BLD-101061","Food Safety & HACCP Refresher","Mandatory","4","0","Completed","2023-12-14","No"
"BLD-101061","First-Time Manager Program","Leadership","4","2180","Not Started",,"No"
"BLD-101061","Quality Control Techniques","Technical","4","1550","Completed","2025-09-18","No"
"BLD-101061","Data Privacy Awareness","Mandatory","4","0","In Progress",,"No"
"BLD-101061","Coaching for Performance","Leadership","8","1140","Completed","2025-03-30","No"
"BLD-101061","Strategic Leadership Workshop","Leadership","4","360","In Progress",,"No"
"BLD-101061","Qatar Labor Law Essentials","Compliance","2","0","Completed","2025-09-10","No"
"BLD-101061","Cold Chain Logistics","Technical","4","1350","Completed","2023-11-23","Yes"
"BLD-101061","Presentation Skills","Soft Skills","16","820","Completed","2024-07-31","No"
"BLD-101062","Qatar Labor Law Essentials","Compliance","8","0","Completed","2025-08-21","Yes"
"BLD-101063","Coaching for Performance","Leadership","8","1450","Completed","2024-11-23","No"
"BLD-101063","Data Privacy Awareness","Mandatory","4","0","Completed","2025-01-05","No"
"BLD-101063","Presentation Skills","Soft Skills","2","210","Completed","2025-04-14","No"
"BLD-101065","Qatar Labor Law Essentials","Compliance","2","0","In Progress",,"No"
"BLD-101065","Qatar Labor Law Essentials","Compliance","8","0","Completed","2025-02-20","No"
"BLD-101066","Data Privacy Awareness","Mandatory","16","0","Completed","2024-03-30","No"
"BLD-101066","Quality Control Techniques","Technical","2","630","Completed","2025-10-16","Yes"
"BLD-101066","SAP for HR Users","Technical","2","950","Completed","2024-02-15","No"
"BLD-101066","Cold Chain Logistics","Technical","2","1470","Completed","2024-02-29","Yes"
"BLD-101066","Strategic Leadership Workshop","Leadership","8","830","In Progress",,"No"
"BLD-101066","Advanced Excel for Reporting","Technical","4","1570","Completed","2023-12-23","Yes"
"BLD-101066","Advanced Excel for Reporting","Technical","2","1600","Completed","2024-09-06","No"
"BLD-101066","Anti-Bribery & Ethics","Mandatory","2","0","Completed","2025-10-11","No"
"BLD-101066","Anti-Bribery & Ethics","Mandatory","2","0","Completed","2024-07-26","No"
"BLD-101067","Time Management","Soft Skills","8","1020","Completed","2025-06-16","No"
"BLD-101067","Health & Safety Induction","Mandatory","4","0","Completed","2025-11-08","No"
"BLD-101067","SAP for HR Users","Technical","8","1990","In Progress",,"No"
"BLD-101068","SAP for HR Users","Technical","8","380","In Progress",,"No"
"BLD-101069","Health & Safety Induction","Mandatory","8","0","Completed","2025-12-31","No"
"BLD-101071","Cold Chain Logistics","Technical","2","1100","In Progress",,"No"
"BLD-101071","Food Safety & HACCP Refresher","Mandatory","2","0","Completed","2025-05-27","No"
"BLD-101071","Egyptian Labor Law Essentials","Compliance","4","0","Completed","2025-05-11","Yes"
"BLD-101072","Qatar Labor Law Essentials","Compliance","4","0","Completed","2024-11-26","Yes"
"BLD-101072","Coaching for Performance","Leadership","2","670","Completed","2025-08-26","No"
"BLD-101073","Anti-Bribery & Ethics","Mandatory","2","0","Completed","2025-06-12","No"
"BLD-101073","Conflict Resolution","Soft Skills","8","1140","In Progress",,"No"
"BLD-101073","Effective Communication","Soft Skills","8","970","Completed","2025-11-07","No"
"BLD-101074","Health & Safety Induction","Mandatory","8","0","Completed","2023-01-30","No"
"BLD-101074","Advanced Excel for Reporting","Technical","8","1850","In Progress",,"No"
"BLD-101074","Data Privacy Awareness","Mandatory","2","0","Completed","2023-09-03","No"
"BLD-101074","Data Privacy Awareness","Mandatory","4","0","Not Started",,"No"
"BLD-101074","Presentation Skills","Soft Skills","8","1560","Completed","2023-02-14","No"
"BLD-101074","Dairy Processing Fundamentals","Technical","16","340","Completed","2023-11-30","Yes"
"BLD-101074","Conflict Resolution","Soft Skills","16","270","Completed","2023-06-08","No"
"BLD-101074","Dairy Processing Fundamentals","Technical","8","300","In Progress",,"No"
"BLD-101075","SAP for HR Users","Technical","2","280","Completed","2025-07-11","Yes"
"BLD-101075","Quality Control Techniques","Technical","2","830","Completed","2025-10-24","Yes"
"BLD-101075","Fire & Emergency Response","Mandatory","4","0","Completed","2025-06-30","No"
"BLD-101076","Advanced Excel for Reporting","Technical","8","1390","Completed","2024-11-10","Yes"
"BLD-101076","SAP for HR Users","Technical","16","2100","Completed","2024-08-03","No"
"BLD-101077","DOA & Governance Training","Compliance","8","0","Completed","2023-06-03","No"
"BLD-101077","Effective Communication","Soft Skills","4","1100","Completed","2024-08-09","No"
"BLD-101077","DOA & Governance Training","Compliance","2","0","Completed","2025-06-14","Yes"
"BLD-101077","Data Privacy Awareness","Mandatory","4","0","Completed","2025-04-19","No"
"BLD-101077","Coaching for Performance","Leadership","8","520","Completed","2024-02-19","No"
"BLD-101077","Data Privacy Awareness","Mandatory","8","0","Completed","2024-06-03","No"
"BLD-101077","Fire & Emergency Response","Mandatory","4","0","Completed","2024-11-05","No"
"BLD-101077","Health & Safety Induction","Mandatory","4","0","Completed","2025-03-17","No"
"BLD-101077","Quality Control Techniques","Technical","2","1880","Completed","2023-03-20","No"
"BLD-101077","Advanced Excel for Reporting","Technical","2","1420","Completed","2023-05-25","No"
"BLD-101078","Quality Control Techniques","Technical","4","160","Completed","2025-11-22","Yes"
"BLD-101078","Data Privacy Awareness","Mandatory","16","0","Completed","2025-08-23","No"
"BLD-101078","Cold Chain Logistics","Technical","8","1930","In Progress",,"No"
"BLD-101078","Health & Safety Induction","Mandatory","2","0","Completed","2025-10-13","No"
"BLD-101078","Food Safety & HACCP Refresher","Mandatory","2","0","Completed","2025-06-05","No"
"BLD-101079","Cold Chain Logistics","Technical","4","1790","Completed","2025-05-01","No"
"BLD-101079","Coaching for Performance","Leadership","8","1610","Completed","2025-06-08","No"
"BLD-101079","SAP for HR Users","Technical","8","2190","Completed","2025-01-05","No"
"BLD-101080","Cold Chain Logistics","Technical","4","1280","Completed","2024-01-07","No"
"BLD-101081","Advanced Excel for Reporting","Technical","2","1590","In Progress",,"No"
"BLD-101081","Data Privacy Awareness","Mandatory","16","0","Completed","2023-12-19","No"
"BLD-101081","DOA & Governance Training","Compliance","8","0","Completed","2025-07-27","No"
"BLD-101081","Presentation Skills","Soft Skills","8","720","Not Started",,"No"
"BLD-101081","Health & Safety Induction","Mandatory","2","0","Completed","2025-05-02","No"
"BLD-101081","Coaching for Performance","Leadership","2","430","In Progress",,"No"
"BLD-101081","Fire & Emergency Response","Mandatory","4","0","Completed","2025-03-07","No"
"BLD-101081","DOA & Governance Training","Compliance","2","0","Completed","2025-08-16","Yes"
"BLD-101082","Strategic Leadership Workshop","Leadership","16","790","Completed","2025-12-20","No"
"BLD-101083","Advanced Excel for Reporting","Technical","2","220","Completed","2025-07-02","Yes"
"BLD-101083","Cold Chain Logistics","Technical","4","1520","Not Started",,"No"
"BLD-101083","Quality Control Techniques","Technical","2","430","Completed","2025-04-26","No"
"BLD-101083","SAP for HR Users","Technical","4","1920","Completed","2024-09-24","No"
"BLD-101084","Data Privacy Awareness","Mandatory","8","0","Completed","2023-10-28","No"
"BLD-101084","DOA & Governance Training","Compliance","2","0","Completed","2025-09-03","No"
"BLD-101084","Food Safety & HACCP Refresher","Mandatory","2","0","Completed","2023-10-27","No"
"BLD-101084","Advanced Excel for Reporting","Technical","8","1340","Completed","2025-02-06","Yes"
"BLD-101084","Strategic Leadership Workshop","Leadership","2","2030","In Progress",,"No"
"BLD-101084","Anti-Bribery & Ethics","Mandatory","2","0","Completed","2025-10-10","No"
"BLD-101085","Health & Safety Induction","Mandatory","4","0","Completed","2025-12-14","No"
"BLD-101087","Time Management","Soft Skills","8","830","Not Started",,"No"
"BLD-101088","Cold Chain Logistics","Technical","8","640","Completed","2025-05-22","No"
"BLD-101090","Anti-Bribery & Ethics","Mandatory","16","0","Completed","2025-06-20","No"
"BLD-101090","Dairy Processing Fundamentals","Technical","2","1260","Completed","2025-11-22","No"
"BLD-101091","Egyptian Labor Law Essentials","Compliance","2","0","Completed","2025-02-02","Yes"
"BLD-101091","Anti-Bribery & Ethics","Mandatory","2","0","Not Started",,"No"
"BLD-101091","First-Time Manager Program","Leadership","8","890","Completed","2023-05-14","No"
"BLD-101091","Time Management","Soft Skills","16","490","Completed","2023-04-16","No"
"BLD-101091","Coaching for Performance","Leadership","2","430","Completed","2025-03-17","No"
"BLD-101092","Health & Safety Induction","Mandatory","4","0","Completed","2024-06-16","No"
"BLD-101092","Data Privacy Awareness","Mandatory","4","0","Completed","2025-03-26","No"
"BLD-101092","Advanced Excel for Reporting","Technical","2","2200","Completed","2023-03-17","Yes"
"BLD-101092","Health & Safety Induction","Mandatory","16","0","Completed","2023-07-28","No"
"BLD-101092","Advanced Excel for Reporting","Technical","4","1920","Completed","2025-07-04","No"
"BLD-101092","Conflict Resolution","Soft Skills","2","540","Completed","2024-04-09","No"
"BLD-101094","Anti-Bribery & Ethics","Mandatory","16","0","Completed","2023-11-07","No"
"BLD-101094","Data Privacy Awareness","Mandatory","4","0","Not Started",,"No"
"BLD-101094","Dairy Processing Fundamentals","Technical","4","900","Completed","2025-01-13","Yes"
"BLD-101094","DOA & Governance Training","Compliance","2","0","Completed","2024-08-05","No"
"BLD-101095","Presentation Skills","Soft Skills","4","2000","Completed","2025-07-16","No"
"BLD-101095","Strategic Leadership Workshop","Leadership","2","1300","Completed","2025-04-16","No"
"BLD-101096","Conflict Resolution","Soft Skills","4","1510","Completed","2025-09-13","No"
"BLD-101096","Fire & Emergency Response","Mandatory","4","0","In Progress",,"No"
"BLD-101097","Presentation Skills","Soft Skills","2","1570","Completed","2024-08-27","No"
"BLD-101097","Strategic Leadership Workshop","Leadership","2","1280","Completed","2023-12-20","No"
"BLD-101098","Dairy Processing Fundamentals","Technical","8","1950","Completed","2024-04-15","Yes"
"BLD-101098","Time Management","Soft Skills","8","1140","Completed","2024-03-05","No"
"BLD-101098","Data Privacy Awareness","Mandatory","4","0","Completed","2024-02-01","No"
"BLD-101098","Qatar Labor Law Essentials","Compliance","8","0","Completed","2025-12-09","Yes"
"BLD-101098","Data Privacy Awareness","Mandatory","4","0","In Progress",,"No"
"BLD-101098","Coaching for Performance","Leadership","2","990","Completed","2024-07-05","No"
"BLD-101098","Advanced Excel for Reporting","Technical","8","510","In Progress",,"No"
"BLD-101098","Coaching for Performance","Leadership","4","2080","Completed","2025-06-27","No"
"BLD-101098","Anti-Bribery & Ethics","Mandatory","2","0","In Progress",,"No"
"BLD-101098","DOA & Governance Training","Compliance","4","0","Completed","2025-04-20","No"
"BLD-101098","Advanced Excel for Reporting","Technical","8","740","Completed","2024-07-30","No"
"BLD-101098","Fire & Emergency Response","Mandatory","4","0","Completed","2024-04-24","No"
"BLD-101099","Effective Communication","Soft Skills","2","920","Completed","2025-10-11","No"
"BLD-101099","SAP for HR Users","Technical","4","2100","In Progress",,"No"
"BLD-101100","Coaching for Performance","Leadership","2","1380","Completed","2025-01-18","No"
"BLD-101101","Conflict Resolution","Soft Skills","4","1700","In Progress",,"No"
"BLD-101101","Fire & Emergency Response","Mandatory","8","0","Completed","2024-09-07","No"
"BLD-101102","Time Management","Soft Skills","4","430","Completed","2023-07-29","No"
"BLD-101102","Data Privacy Awareness","Mandatory","2","0","In Progress",,"No"
"BLD-101102","Time Management","Soft Skills","2","870","Completed","2023-12-19","No"
"BLD-101103","Time Management","Soft Skills","8","770","Completed","2025-10-14","No"
"BLD-101103","Cold Chain Logistics","Technical","8","1880","In Progress",,"No"
"BLD-101104","Strategic Leadership Workshop","Leadership","4","800","Completed","2024-08-27","No"
"BLD-101104","Egyptian Labor Law Essentials","Compliance","2","0","Completed","2023-10-13","No"
"BLD-101104","Fire & Emergency Response","Mandatory","8","0","Completed","2024-04-19","No"
"BLD-101104","Data Privacy Awareness","Mandatory","2","0","In Progress",,"No"
"BLD-101104","Anti-Bribery & Ethics","Mandatory","2","0","Completed","2023-11-17","No"
"BLD-101104","Conflict Resolution","Soft Skills","2","1920","Completed","2023-11-19","No"
"BLD-101104","Health & Safety Induction","Mandatory","8","0","Completed","2023-07-28","No"
"BLD-101104","First-Time Manager Program","Leadership","4","1730","In Progress",,"No"
"BLD-101104","Strategic Leadership Workshop","Leadership","8","170","Completed","2025-11-16","No"
"BLD-101105","Presentation Skills","Soft Skills","2","1380","Completed","2025-09-27","No"
"BLD-101105","Anti-Bribery & Ethics","Mandatory","2","0","Completed","2025-01-08","No"
"BLD-101105","SAP for HR Users","Technical","4","2070","Completed","2025-03-27","No"
"BLD-101106","Quality Control Techniques","Technical","8","950","Completed","2024-11-03","No"
"BLD-101106","DOA & Governance Training","Compliance","2","0","Completed","2025-03-18","Yes"
"BLD-101107","DOA & Governance Training","Compliance","2","0","Completed","2024-07-02","Yes"
"BLD-101110","Food Safety & HACCP Refresher","Mandatory","8","0","Completed","2025-10-13","No"
"BLD-101112","Quality Control Techniques","Technical","4","1190","Completed","2025-09-19","No"
"BLD-101112","Food Safety & HACCP Refresher","Mandatory","8","0","Completed","2024-12-10","No"
"BLD-101112","Strategic Leadership Workshop","Leadership","4","1770","Completed","2025-01-17","No"
"BLD-101112","Conflict Resolution","Soft Skills","16","810","Completed","2024-09-22","No"
"BLD-101113","DOA & Governance Training","Compliance","2","0","In Progress",,"No"
"BLD-101113","Coaching for Performance","Leadership","4","1190","In Progress",,"No"
"BLD-101114","Effective Communication","Soft Skills","4","1880","Completed","2025-06-20","No"
"BLD-101114","Health & Safety Induction","Mandatory","2","0","Completed","2025-02-02","No"
"BLD-101114","Effective Communication","Soft Skills","4","1360","Completed","2024-11-12","No"
"BLD-101114","Dairy Processing Fundamentals","Technical","2","1980","Completed","2024-08-07","No"
"BLD-101115","Food Safety & HACCP Refresher","Mandatory","8","0","In Progress",,"No"
"BLD-101115","First-Time Manager Program","Leadership","2","970","Completed","2024-03-18","No"
"BLD-101116","Health & Safety Induction","Mandatory","2","0","Completed","2025-08-22","No"
"BLD-101117","Dairy Processing Fundamentals","Technical","2","1330","Completed","2025-07-17","No"
"BLD-101117","First-Time Manager Program","Leadership","4","1750","Completed","2025-06-17","No"
"BLD-101117","Strategic Leadership Workshop","Leadership","8","2020","In Progress",,"No"
"BLD-101117","Qatar Labor Law Essentials","Compliance","2","0","Not Started",,"No"
"BLD-101117","Anti-Bribery & Ethics","Mandatory","4","0","Completed","2025-04-23","No"
"BLD-101117","Qatar Labor Law Essentials","Compliance","2","0","Completed","2025-09-14","No"
"BLD-101118","Food Safety & HACCP Refresher","Mandatory","4","0","Completed","2025-01-04","No"
"BLD-101118","Anti-Bribery & Ethics","Mandatory","8","0","Completed","2025-01-17","No"
"BLD-101119","Cold Chain Logistics","Technical","4","960","In Progress",,"No"
"BLD-101119","Dairy Processing Fundamentals","Technical","2","320","Completed","2024-06-07","No"
"BLD-101119","Coaching for Performance","Leadership","8","670","Completed","2024-05-11","No"
"BLD-101119","Food Safety & HACCP Refresher","Mandatory","4","0","Completed","2025-07-31","No"
"BLD-101119","Advanced Excel for Reporting","Technical","4","1970","Completed","2024-05-06","Yes"
"BLD-101119","Cold Chain Logistics","Technical","8","340","Completed","2024-07-26","No"
"BLD-101119","First-Time Manager Program","Leadership","2","1010","Completed","2023-05-01","No"
"BLD-101120","Data Privacy Awareness","Mandatory","8","0","In Progress",,"No"
"BLD-101121","Effective Communication","Soft Skills","4","1740","Completed","2023-10-06","No"
"BLD-101121","Data Privacy Awareness","Mandatory","4","0","Completed","2024-01-11","No"
"BLD-101123","Advanced Excel for Reporting","Technical","4","2150","Completed","2024-01-07","No"
"BLD-101123","Cold Chain Logistics","Technical","2","2080","Completed","2023-10-01","Yes"
"BLD-101124","Quality Control Techniques","Technical","8","2180","Completed","2025-10-21","Yes"
"BLD-101124","Data Privacy Awareness","Mandatory","8","0","Completed","2025-10-11","No"
"BLD-101124","Cold Chain Logistics","Technical","4","900","Completed","2025-01-31","Yes"
"BLD-101125","Food Safety & HACCP Refresher","Mandatory","2","0","Completed","2023-12-11","No"
"BLD-101125","Fire & Emergency Response","Mandatory","8","0","Completed","2025-11-19","No"
"BLD-101125","Conflict Resolution","Soft Skills","4","340","Completed","2025-08-08","No"
"BLD-101125","Cold Chain Logistics","Technical","2","1940","Completed","2025-06-02","No"
"BLD-101125","Data Privacy Awareness","Mandatory","2","0","Completed","2025-08-15","No"
"BLD-101125","Time Management","Soft Skills","2","2200","Not Started",,"No"
"BLD-101126","Health & Safety Induction","Mandatory","2","0","In Progress",,"No"
"BLD-101126","DOA & Governance Training","Compliance","16","0","Completed","2025-07-04","Yes"
"BLD-101126","Presentation Skills","Soft Skills","2","830","Completed","2025-12-23","No"
"BLD-101126","Fire & Emergency Response","Mandatory","2","0","Completed","2024-09-30","No"
"BLD-101127","Egyptian Labor Law Essentials","Compliance","4","0","Completed","2025-06-20","No"
"BLD-101127","Presentation Skills","Soft Skills","2","1090","Completed","2025-01-06","No"
"BLD-101127","SAP for HR Users","Technical","16","730","Not Started",,"No"
"BLD-101127","DOA & Governance Training","Compliance","2","0","Completed","2024-04-07","No"
"BLD-101127","Fire & Emergency Response","Mandatory","4","0","Completed","2024-05-01","No"
"BLD-101127","Data Privacy Awareness","Mandatory","4","0","Completed","2025-02-22","No"
"BLD-101127","Anti-Bribery & Ethics","Mandatory","8","0","Completed","2024-03-19","No"
"BLD-101127","Presentation Skills","Soft Skills","8","240","Completed","2025-02-05","No"
"BLD-101128","Data Privacy Awareness","Mandatory","8","0","In Progress",,"No"
"BLD-101128","Cold Chain Logistics","Technical","8","1090","Completed","2025-01-29","No"
"BLD-101129","Fire & Emergency Response","Mandatory","4","0","Completed","2025-05-15","No"
"BLD-101129","Egyptian Labor Law Essentials","Compliance","2","0","Completed","2025-01-10","No"
"BLD-101129","Time Management","Soft Skills","8","280","Completed","2025-05-28","No"
"BLD-101130","Egyptian Labor Law Essentials","Compliance","16","0","Completed","2025-09-17","No"
"BLD-101130","Anti-Bribery & Ethics","Mandatory","4","0","Completed","2025-07-27","No"
"BLD-101131","Quality Control Techniques","Technical","16","530","Completed","2024-10-23","Yes"
"BLD-101131","Data Privacy Awareness","Mandatory","2","0","Completed","2025-04-17","No"
"BLD-101131","Health & Safety Induction","Mandatory","8","0","Completed","2025-08-12","No"
"BLD-101132","Food Safety & HACCP Refresher","Mandatory","8","0","Completed","2024-07-10","No"
"BLD-101133","Anti-Bribery & Ethics","Mandatory","2","0","Completed","2025-12-16","No"
"BLD-101133","Anti-Bribery & Ethics","Mandatory","8","0","Completed","2025-12-20","No"
"BLD-101134","Effective Communication","Soft Skills","2","1270","Completed","2023-11-29","No"
"BLD-101135","Cold Chain Logistics","Technical","2","2200","In Progress",,"No"
"BLD-101135","Presentation Skills","Soft Skills","8","810","Completed","2025-08-06","No"
"BLD-101135","Anti-Bribery & Ethics","Mandatory","4","0","Completed","2025-11-27","No"
"BLD-101135","Coaching for Performance","Leadership","2","1650","Completed","2025-10-19","No"
"BLD-101136","SAP for HR Users","Technical","2","190","Completed","2025-11-05","No"
"BLD-101137","Quality Control Techniques","Technical","4","1680","Completed","2023-08-11","No"
"BLD-101137","Fire & Emergency Response","Mandatory","2","0","Completed","2025-08-05","No"
"BLD-101137","Strategic Leadership Workshop","Leadership","4","2160","Completed","2025-07-07","No"
"BLD-101138","Conflict Resolution","Soft Skills","4","1690","Completed","2023-11-11","No"
"BLD-101138","Food Safety & HACCP Refresher","Mandatory","2","0","Completed","2025-05-11","No"
"BLD-101138","Dairy Processing Fundamentals","Technical","8","250","In Progress",,"No"
"BLD-101138","Health & Safety Induction","Mandatory","2","0","In Progress",,"No"
"BLD-101138","Data Privacy Awareness","Mandatory","4","0","Not Started",,"No"
"BLD-101138","Data Privacy Awareness","Mandatory","8","0","Completed","2025-04-29","No"
"BLD-101138","Food Safety & HACCP Refresher","Mandatory","16","0","Completed","2025-07-12","No"
"BLD-101138","Presentation Skills","Soft Skills","4","1760","Completed","2025-07-13","No"
"BLD-101139","Anti-Bribery & Ethics","Mandatory","2","0","Completed","2024-07-24","No"
"BLD-101139","Time Management","Soft Skills","2","2200","Completed","2024-07-11","No"
"BLD-101139","SAP for HR Users","Technical","16","820","Not Started",,"No"
"BLD-101139","Effective Communication","Soft Skills","16","1780","Completed","2024-06-27","No"
"BLD-101139","Fire & Emergency Response","Mandatory","8","0","Completed","2023-02-23","No"
"BLD-101139","SAP for HR Users","Technical","16","810","Completed","2024-01-18","No"
"BLD-101139","Data Privacy Awareness","Mandatory","4","0","Completed","2024-07-11","No"
"BLD-101140","Fire & Emergency Response","Mandatory","8","0","Completed","2025-12-25","No"
"BLD-101141","Cold Chain Logistics","Technical","2","1660","Not Started",,"No"
"BLD-101141","Presentation Skills","Soft Skills","2","2170","Completed","2025-01-22","No"
"BLD-101141","Strategic Leadership Workshop","Leadership","8","930","Completed","2023-11-10","No"
"BLD-101141","Data Privacy Awareness","Mandatory","2","0","In Progress",,"No"
"BLD-101141","DOA & Governance Training","Compliance","16","0","Completed","2024-02-10","Yes"
"BLD-101141","Presentation Skills","Soft Skills","2","820","Completed","2024-05-14","No"
"BLD-101141","Time Management","Soft Skills","2","1490","Completed","2023-04-25","No"
"BLD-101142","First-Time Manager Program","Leadership","2","300","Completed","2023-07-04","No"
"BLD-101142","DOA & Governance Training","Compliance","4","0","Completed","2023-10-09","Yes"
"BLD-101142","Conflict Resolution","Soft Skills","4","1640","Completed","2023-07-23","No"
"BLD-101142","SAP for HR Users","Technical","4","350","Completed","2023-08-10","No"
"BLD-101142","Dairy Processing Fundamentals","Technical","4","1330","Completed","2024-01-10","No"
"BLD-101143","Food Safety & HACCP Refresher","Mandatory","16","0","Completed","2025-06-11","No"
"BLD-101143","Effective Communication","Soft Skills","8","1090","Completed","2025-05-17","No"
"BLD-101144","Anti-Bribery & Ethics","Mandatory","16","0","Completed","2025-09-23","No"
"BLD-101145","Qatar Labor Law Essentials","Compliance","4","0","Completed","2025-10-02","No"
"BLD-101145","Strategic Leadership Workshop","Leadership","4","680","Completed","2025-12-30","No"
"BLD-101145","Conflict Resolution","Soft Skills","4","1320","Completed","2025-02-15","No"
"BLD-101145","Quality Control Techniques","Technical","4","650","Completed","2025-08-20","No"
"BLD-101145","Conflict Resolution","Soft Skills","8","1830","Completed","2024-01-13","No"
"BLD-101145","First-Time Manager Program","Leadership","4","350","Completed","2025-02-12","No"
"BLD-101145","Food Safety & HACCP Refresher","Mandatory","16","0","Completed","2024-03-09","No"
"BLD-101147","SAP for HR Users","Technical","2","610","Completed","2024-10-15","No"
"BLD-101147","Health & Safety Induction","Mandatory","4","0","In Progress",,"No"
"BLD-101147","Quality Control Techniques","Technical","4","1910","Completed","2025-05-09","Yes"
"BLD-101147","Food Safety & HACCP Refresher","Mandatory","8","0","Completed","2025-06-14","No"
"BLD-101147","Dairy Processing Fundamentals","Technical","4","1570","Completed","2025-07-15","No"
"BLD-101148","Health & Safety Induction","Mandatory","16","0","Completed","2024-10-20","No"
"BLD-101148","Dairy Processing Fundamentals","Technical","16","850","Completed","2025-10-29","Yes"
"BLD-101148","Quality Control Techniques","Technical","4","1720","Completed","2024-08-03","No"
"BLD-101148","DOA & Governance Training","Compliance","2","0","Completed","2024-09-08","No"
"BLD-101148","Advanced Excel for Reporting","Technical","8","320","Completed","2023-11-27","Yes"
"BLD-101148","First-Time Manager Program","Leadership","4","1790","Completed","2024-02-06","No"
"BLD-101148","Anti-Bribery & Ethics","Mandatory","2","0","Completed","2023-06-26","No"
"BLD-101148","Fire & Emergency Response","Mandatory","8","0","In Progress",,"No"
"BLD-101148","Anti-Bribery & Ethics","Mandatory","8","0","Not Started",,"No"
"BLD-101148","Coaching for Performance","Leadership","4","300","Not Started",,"No"
"BLD-101149","Data Privacy Awareness","Mandatory","4","0","In Progress",,"No"
"BLD-101149","Health & Safety Induction","Mandatory","8","0","Completed","2025-09-07","No"
"BLD-101150","Presentation Skills","Soft Skills","16","1660","Completed","2024-10-09","No"
"BLD-101150","Quality Control Techniques","Technical","8","1630","Completed","2024-05-05","Yes"
"BLD-101150","Anti-Bribery & Ethics","Mandatory","2","0","Completed","2023-03-26","No"
"BLD-101150","Quality Control Techniques","Technical","2","1740","Completed","2024-07-12","Yes"
"BLD-101150","Conflict Resolution","Soft Skills","2","300","Completed","2025-02-01","No"
"BLD-101150","First-Time Manager Program","Leadership","4","890","Completed","2023-10-06","No"
"BLD-101151","Health & Safety Induction","Mandatory","2","0","Completed","2025-05-05","No"
"BLD-101151","Anti-Bribery & Ethics","Mandatory","8","0","Completed","2025-11-16","No"
"BLD-101152","Presentation Skills","Soft Skills","2","950","Completed","2025-02-28","No"
"BLD-101152","Presentation Skills","Soft Skills","8","2100","Completed","2025-07-18","No"
"BLD-101152","Time Management","Soft Skills","2","700","Completed","2025-11-17","No"
"BLD-101152","Strategic Leadership Workshop","Leadership","2","1880","Completed","2025-09-14","No"
"BLD-101153","Effective Communication","Soft Skills","2","1930","Completed","2024-06-21","No"
"BLD-101153","Quality Control Techniques","Technical","2","290","In Progress",,"No"
"BLD-101153","Health & Safety Induction","Mandatory","2","0","Completed","2024-09-05","No"
"BLD-101153","DOA & Governance Training","Compliance","2","0","Completed","2025-04-10","No"
"BLD-101153","Conflict Resolution","Soft Skills","4","1740","Not Started",,"No"
"BLD-101153","Cold Chain Logistics","Technical","2","1660","Completed","2024-09-13","Yes"
"BLD-101153","Coaching for Performance","Leadership","4","2090","Completed","2025-07-02","No"
"BLD-101154","Qatar Labor Law Essentials","Compliance","16","0","In Progress",,"No"
"BLD-101154","Advanced Excel for Reporting","Technical","8","970","Completed","2025-06-21","Yes"
"BLD-101154","Effective Communication","Soft Skills","8","190","Completed","2025-06-07","No"
"BLD-101154","Time Management","Soft Skills","2","1390","Completed","2025-05-31","No"
"BLD-101156","Strategic Leadership Workshop","Leadership","4","860","Completed","2025-06-10","No"
"BLD-101156","Time Management","Soft Skills","16","1610","Completed","2025-11-07","No"
"BLD-101156","Health & Safety Induction","Mandatory","8","0","Completed","2025-03-10","No"
"BLD-101157","Advanced Excel for Reporting","Technical","2","910","Completed","2025-05-26","Yes"
"BLD-101157","Effective Communication","Soft Skills","8","680","Completed","2025-03-02","No"
"BLD-101158","Conflict Resolution","Soft Skills","16","1090","Completed","2025-03-11","No"
"BLD-101158","Qatar Labor Law Essentials","Compliance","4","0","Completed","2025-12-31","Yes"
"BLD-101158","Time Management","Soft Skills","8","550","Completed","2024-08-09","No"
"BLD-101158","Health & Safety Induction","Mandatory","4","0","Completed","2024-06-22","No"
"BLD-101158","Effective Communication","Soft Skills","8","530","Completed","2025-05-31","No"
"BLD-101158","Strategic Leadership Workshop","Leadership","4","430","Completed","2024-01-16","No"
"BLD-101159","Fire & Emergency Response","Mandatory","8","0","Not Started",,"No"
"BLD-101159","Coaching for Performance","Leadership","8","320","In Progress",,"No"
"BLD-101159","Conflict Resolution","Soft Skills","4","1680","Completed","2025-11-01","No"
"BLD-101159","Cold Chain Logistics","Technical","4","1450","Completed","2024-10-11","Yes"
"BLD-101159","First-Time Manager Program","Leadership","4","1180","Completed","2025-04-06","No"
"BLD-101160","Qatar Labor Law Essentials","Compliance","16","0","In Progress",,"No"
"BLD-101160","Conflict Resolution","Soft Skills","4","660","Completed","2023-10-13","No"
"BLD-101160","DOA & Governance Training","Compliance","16","0","Not Started",,"No"
"BLD-101160","Data Privacy Awareness","Mandatory","16","0","In Progress",,"No"
"BLD-101160","Qatar Labor Law Essentials","Compliance","2","0","Completed","2024-03-20","Yes"
"BLD-101160","Health & Safety Induction","Mandatory","4","0","Completed","2023-10-11","No"
"BLD-101160","Health & Safety Induction","Mandatory","2","0","Completed","2025-09-12","No"
"BLD-101161","Anti-Bribery & Ethics","Mandatory","2","0","Not Started",,"No"
"BLD-101161","Strategic Leadership Workshop","Leadership","2","1780","Completed","2025-12-02","No"
"BLD-101161","Time Management","Soft Skills","4","590","Completed","2025-06-11","No"
"BLD-101161","Fire & Emergency Response","Mandatory","2","0","Completed","2025-07-17","No"
"BLD-101162","Cold Chain Logistics","Technical","2","1470","Completed","2025-02-12","No"
"BLD-101162","Cold Chain Logistics","Technical","2","250","Completed","2024-12-13","No"
"BLD-101162","Advanced Excel for Reporting","Technical","16","530","Not Started",,"No"
"BLD-101162","Anti-Bribery & Ethics","Mandatory","8","0","Completed","2023-09-06","No"
"BLD-101162","Effective Communication","Soft Skills","2","400","Completed","2024-09-09","No"
"BLD-101163","Food Safety & HACCP Refresher","Mandatory","2","0","Completed","2025-08-20","No"
"BLD-101163","Fire & Emergency Response","Mandatory","4","0","Completed","2025-11-27","No"
"BLD-101164","Advanced Excel for Reporting","Technical","2","1430","Completed","2024-03-28","Yes"
"BLD-101164","Advanced Excel for Reporting","Technical","2","1140","Completed","2023-10-03","No"
"BLD-101164","DOA & Governance Training","Compliance","16","0","Completed","2024-04-01","No"
"BLD-101165","Health & Safety Induction","Mandatory","8","0","Completed","2024-11-12","No"
"BLD-101165","Health & Safety Induction","Mandatory","16","0","Completed","2023-12-15","No"
"BLD-101165","Fire & Emergency Response","Mandatory","8","0","Completed","2025-08-03","No"
"BLD-101165","Conflict Resolution","Soft Skills","2","1930","In Progress",,"No"
"BLD-101165","Anti-Bribery & Ethics","Mandatory","4","0","Completed","2024-01-09","No"
"BLD-101168","Quality Control Techniques","Technical","4","1030","Completed","2025-11-04","Yes"
"BLD-101168","Anti-Bribery & Ethics","Mandatory","8","0","Completed","2024-08-07","No"
"BLD-101169","Quality Control Techniques","Technical","8","1400","Completed","2025-04-30","Yes"
"BLD-101169","Conflict Resolution","Soft Skills","8","1300","Completed","2025-04-29","No"
"BLD-101172","Time Management","Soft Skills","2","2170","Completed","2025-08-06","No"
"BLD-101172","Food Safety & HACCP Refresher","Mandatory","2","0","Completed","2024-09-11","No"
"BLD-101172","Effective Communication","Soft Skills","4","1230","Completed","2024-03-02","No"
"BLD-101173","Cold Chain Logistics","Technical","4","1420","In Progress",,"No"
"BLD-101173","Dairy Processing Fundamentals","Technical","8","580","Completed","2023-08-30","No"
"BLD-101173","Data Privacy Awareness","Mandatory","2","0","Completed","2023-05-08","No"
"BLD-101173","Quality Control Techniques","Technical","4","1420","Completed","2023-11-05","No"
"BLD-101173","Quality Control Techniques","Technical","2","1830","Completed","2023-11-07","No"
"BLD-101173","SAP for HR Users","Technical","4","370","Completed","2024-01-13","Yes"
"BLD-101173","DOA & Governance Training","Compliance","8","0","Completed","2023-06-10","No"
"BLD-101175","Qatar Labor Law Essentials","Compliance","16","0","Not Started",,"No"
"BLD-101175","Presentation Skills","Soft Skills","4","1700","Completed","2024-11-09","No"
"BLD-101175","Qatar Labor Law Essentials","Compliance","8","0","Completed","2024-01-21","No"
"BLD-101175","Advanced Excel for Reporting","Technical","2","1950","Completed","2024-06-22","No"
"BLD-101175","Effective Communication","Soft Skills","8","1550","In Progress",,"No"
"BLD-101175","Qatar Labor Law Essentials","Compliance","2","0","Completed","2024-06-23","Yes"
"BLD-101176","Advanced Excel for Reporting","Technical","2","1760","Completed","2023-11-06","No"
"BLD-101176","Health & Safety Induction","Mandatory","8","0","Completed","2024-12-18","No"
"BLD-101176","Anti-Bribery & Ethics","Mandatory","4","0","Completed","2024-05-26","No"
"BLD-101177","Qatar Labor Law Essentials","Compliance","8","0","Completed","2024-10-14","No"
"BLD-101177","Coaching for Performance","Leadership","8","420","Completed","2025-05-15","No"
"BLD-101177","Presentation Skills","Soft Skills","2","2120","Not Started",,"No"
"BLD-101177","Quality Control Techniques","Technical","4","750","Completed","2024-12-30","Yes"
"BLD-101177","Advanced Excel for Reporting","Technical","8","940","Not Started",,"No"
"BLD-101179","Qatar Labor Law Essentials","Compliance","8","0","Completed","2023-11-29","No"
"BLD-101179","Effective Communication","Soft Skills","4","1620","Not Started",,"No"
"BLD-101181","First-Time Manager Program","Leadership","2","480","Completed","2024-08-02","No"
"BLD-101181","Strategic Leadership Workshop","Leadership","8","320","Completed","2025-04-14","No"
"BLD-101181","Fire & Emergency Response","Mandatory","16","0","Completed","2024-12-15","No"
"BLD-101181","DOA & Governance Training","Compliance","16","0","Completed","2024-07-18","No"
"BLD-101181","Health & Safety Induction","Mandatory","4","0","Completed","2025-01-08","No"
"BLD-101181","DOA & Governance Training","Compliance","8","0","Completed","2024-10-23","No"
"BLD-101181","Advanced Excel for Reporting","Technical","2","870","Completed","2025-08-28","Yes"
"BLD-101181","Cold Chain Logistics","Technical","8","1080","In Progress",,"No"
"BLD-101181","Fire & Emergency Response","Mandatory","16","0","Completed","2025-02-06","No"
"BLD-101181","Cold Chain Logistics","Technical","4","1920","Not Started",,"No"
"BLD-101182","Coaching for Performance","Leadership","8","2130","Completed","2023-12-31","No"
"BLD-101182","Effective Communication","Soft Skills","4","190","Completed","2024-05-03","No"
"BLD-101182","Conflict Resolution","Soft Skills","2","1750","Completed","2023-12-01","No"
"BLD-101182","Qatar Labor Law Essentials","Compliance","2","0","Completed","2024-11-20","Yes"
"BLD-101182","SAP for HR Users","Technical","16","1010","Completed","2024-01-04","No"
"BLD-101182","First-Time Manager Program","Leadership","16","820","Completed","2024-07-30","No"
"BLD-101183","Qatar Labor Law Essentials","Compliance","8","0","Completed","2025-06-16","No"
"BLD-101183","Conflict Resolution","Soft Skills","8","1970","Completed","2025-10-27","No"
"BLD-101183","Conflict Resolution","Soft Skills","2","1200","In Progress",,"No"
"BLD-101184","Effective Communication","Soft Skills","4","960","Completed","2025-06-25","No"
"BLD-101184","Anti-Bribery & Ethics","Mandatory","8","0","Not Started",,"No"
"BLD-101185","Cold Chain Logistics","Technical","4","480","In Progress",,"No"
"BLD-101185","Advanced Excel for Reporting","Technical","16","660","Completed","2024-06-05","No"
"BLD-101185","Cold Chain Logistics","Technical","4","730","Completed","2024-12-03","No"
"BLD-101185","Anti-Bribery & Ethics","Mandatory","2","0","In Progress",,"No"
"BLD-101185","Conflict Resolution","Soft Skills","2","1440","Completed","2025-07-07","No"
"BLD-101185","Presentation Skills","Soft Skills","2","2090","Completed","2024-09-02","No"
"BLD-101185","SAP for HR Users","Technical","2","1080","Completed","2025-01-03","Yes"
"BLD-101186","Conflict Resolution","Soft Skills","2","1050","In Progress",,"No"
"BLD-101186","Data Privacy Awareness","Mandatory","4","0","Completed","2024-11-07","No"
"BLD-101186","Advanced Excel for Reporting","Technical","8","2180","Completed","2025-09-30","No"
"BLD-101186","Presentation Skills","Soft Skills","4","160","Completed","2024-12-29","No"
"BLD-101188","Strategic Leadership Workshop","Leadership","2","2000","Completed","2023-09-27","No"
"BLD-101188","DOA & Governance Training","Compliance","2","0","In Progress",,"No"
"BLD-101189","Time Management","Soft Skills","2","610","Completed","2025-09-05","No"
"BLD-101189","Dairy Processing Fundamentals","Technical","4","1970","In Progress",,"No"
"BLD-101189","Anti-Bribery & Ethics","Mandatory","16","0","Completed","2024-09-08","No"
"BLD-101189","Health & Safety Induction","Mandatory","2","0","Completed","2024-11-30","No"
"BLD-101190","Presentation Skills","Soft Skills","8","1480","Completed","2024-07-24","No"
"BLD-101191","Fire & Emergency Response","Mandatory","16","0","In Progress",,"No"
"BLD-101191","SAP for HR Users","Technical","4","1310","Completed","2024-07-28","No"
"BLD-101191","SAP for HR Users","Technical","2","1480","Completed","2024-05-08","No"
"BLD-101192","Health & Safety Induction","Mandatory","4","0","Completed","2025-11-25","No"
"BLD-101193","Presentation Skills","Soft Skills","8","1620","Completed","2025-01-26","No"
"BLD-101193","Fire & Emergency Response","Mandatory","8","0","Completed","2024-09-21","No"
"BLD-101193","Advanced Excel for Reporting","Technical","8","490","Completed","2025-09-15","Yes"
"BLD-101193","Advanced Excel for Reporting","Technical","8","500","Completed","2025-07-04","No"
"BLD-101193","Health & Safety Induction","Mandatory","4","0","Not Started",,"No"
"BLD-101193","Time Management","Soft Skills","4","1870","Not Started",,"No"
"BLD-101193","Presentation Skills","Soft Skills","4","1640","Completed","2024-03-15","No"
"BLD-101194","Fire & Emergency Response","Mandatory","2","0","Completed","2025-01-01","No"
"BLD-101194","First-Time Manager Program","Leadership","16","240","Completed","2025-07-31","No"
"BLD-101194","Effective Communication","Soft Skills","2","540","Completed","2025-10-09","No"
"BLD-101194","Egyptian Labor Law Essentials","Compliance","8","0","Completed","2025-06-20","No"
"BLD-101195","Egyptian Labor Law Essentials","Compliance","2","0","Completed","2025-04-01","No"
"BLD-101195","Cold Chain Logistics","Technical","4","650","Completed","2025-12-27","Yes"
"BLD-101195","Time Management","Soft Skills","4","1960","Not Started",,"No"
"BLD-101195","SAP for HR Users","Technical","8","220","Completed","2025-07-10","Yes"
"BLD-101195","DOA & Governance Training","Compliance","4","0","Completed","2025-11-12","No"
"BLD-101196","DOA & Governance Training","Compliance","2","0","Completed","2025-10-25","No"
"BLD-101196","Data Privacy Awareness","Mandatory","16","0","Completed","2025-10-07","No"
"BLD-101196","Dairy Processing Fundamentals","Technical","2","400","Completed","2025-04-29","Yes"
"BLD-101196","Effective Communication","Soft Skills","2","1340","Completed","2025-04-30","No"
"BLD-101196","Data Privacy Awareness","Mandatory","4","0","In Progress",,"No"
"BLD-101197","Time Management","Soft Skills","4","310","Completed","2023-11-12","No"
"BLD-101197","Effective Communication","Soft Skills","2","1190","Completed","2025-05-24","No"
"BLD-101197","Dairy Processing Fundamentals","Technical","8","1960","Completed","2024-08-09","Yes"
"BLD-101197","Dairy Processing Fundamentals","Technical","4","2080","Completed","2024-07-04","Yes"
"BLD-101197","Health & Safety Induction","Mandatory","4","0","Completed","2023-12-08","No"
"BLD-101197","Fire & Emergency Response","Mandatory","4","0","Completed","2025-06-08","No"
"BLD-101197","SAP for HR Users","Technical","4","1800","Completed","2025-04-16","No"
"BLD-101199","Quality Control Techniques","Technical","16","1410","Completed","2025-05-01","Yes"
"BLD-101200","Data Privacy Awareness","Mandatory","8","0","Completed","2023-08-09","No"
"BLD-101200","Fire & Emergency Response","Mandatory","2","0","Completed","2023-05-23","No"
"BLD-101201","First-Time Manager Program","Leadership","2","710","Completed","2025-02-07","No"
"BLD-101201","Effective Communication","Soft Skills","8","380","Completed","2024-09-29","No"
"BLD-101201","Food Safety & HACCP Refresher","Mandatory","16","0","Completed","2025-05-01","No"
"BLD-101202","Fire & Emergency Response","Mandatory","2","0","Completed","2025-09-25","No"
"BLD-101202","Dairy Processing Fundamentals","Technical","8","1490","Completed","2025-01-06","No"
"BLD-101202","Cold Chain Logistics","Technical","8","790","In Progress",,"No"
"BLD-101202","Food Safety & HACCP Refresher","Mandatory","4","0","Completed","2025-07-16","No"
"BLD-101202","SAP for HR Users","Technical","8","870","Completed","2024-10-13","No"
"BLD-101202","Coaching for Performance","Leadership","2","730","Completed","2025-10-24","No"
"BLD-101203","Strategic Leadership Workshop","Leadership","4","1900","Completed","2024-11-21","No"
"BLD-101203","Egyptian Labor Law Essentials","Compliance","2","0","Completed","2025-06-01","No"
"BLD-101203","DOA & Governance Training","Compliance","2","0","Completed","2025-04-29","No"
"BLD-101203","Advanced Excel for Reporting","Technical","2","1700","Completed","2025-08-08","Yes"
"BLD-101203","Advanced Excel for Reporting","Technical","16","2140","Completed","2025-09-12","No"
"BLD-101204","Health & Safety Induction","Mandatory","16","0","Completed","2025-11-29","No"
"BLD-101205","Conflict Resolution","Soft Skills","8","1780","Completed","2024-01-15","No"
"BLD-101205","Cold Chain Logistics","Technical","4","250","Completed","2025-11-04","No"
"BLD-101205","Anti-Bribery & Ethics","Mandatory","8","0","Completed","2024-08-15","No"
"BLD-101205","Strategic Leadership Workshop","Leadership","8","170","Completed","2024-05-17","No"
"BLD-101205","Health & Safety Induction","Mandatory","2","0","Completed","2024-08-22","No"
"BLD-101206","SAP for HR Users","Technical","2","770","Completed","2023-09-25","Yes"
"BLD-101206","Presentation Skills","Soft Skills","4","2200","Completed","2025-01-27","No"
"BLD-101206","Egyptian Labor Law Essentials","Compliance","4","0","Completed","2023-11-04","No"
"BLD-101206","Cold Chain Logistics","Technical","16","210","Not Started",,"No"
"BLD-101206","Quality Control Techniques","Technical","8","1120","Completed","2025-06-08","Yes"
"BLD-101206","DOA & Governance Training","Compliance","16","0","Completed","2024-07-15","No"
"BLD-101207","Fire & Emergency Response","Mandatory","2","0","Completed","2025-01-10","No"
"BLD-101207","Conflict Resolution","Soft Skills","2","300","Completed","2024-10-04","No"
"BLD-101207","Presentation Skills","Soft Skills","8","580","Completed","2025-01-12","No"
"BLD-101208","Presentation Skills","Soft Skills","2","1730","In Progress",,"No"
"BLD-101208","Food Safety & HACCP Refresher","Mandatory","8","0","Completed","2025-05-20","No"
"BLD-101208","Health & Safety Induction","Mandatory","16","0","Completed","2025-11-07","No"
"BLD-101208","SAP for HR Users","Technical","2","1690","Completed","2025-05-25","Yes"
"BLD-101208","Health & Safety Induction","Mandatory","4","0","Completed","2025-07-19","No"
"BLD-101208","Data Privacy Awareness","Mandatory","4","0","Completed","2024-12-17","No"
"BLD-101208","Data Privacy Awareness","Mandatory","4","0","In Progress",,"No"
"BLD-101208","Cold Chain Logistics","Technical","2","360","Completed","2025-05-06","No"
"BLD-101209","Effective Communication","Soft Skills","2","1760","Completed","2024-02-25","No"
"BLD-101210","Egyptian Labor Law Essentials","Compliance","8","0","In Progress",,"No"
"BLD-101210","Coaching for Performance","Leadership","4","1840","Completed","2024-10-14","No"
"BLD-101212","SAP for HR Users","Technical","16","1470","Completed","2025-08-19","No"
"BLD-101212","DOA & Governance Training","Compliance","2","0","In Progress",,"No"
"BLD-101212","Data Privacy Awareness","Mandatory","2","0","Completed","2025-11-30","No"
"BLD-101212","Health & Safety Induction","Mandatory","4","0","Completed","2025-10-01","No"
"BLD-101212","Conflict Resolution","Soft Skills","8","740","Completed","2025-08-31","No"
"BLD-101212","First-Time Manager Program","Leadership","2","1080","Completed","2024-07-12","No"
"BLD-101212","Fire & Emergency Response","Mandatory","4","0","Completed","2023-08-10","No"
"BLD-101212","Presentation Skills","Soft Skills","2","440","Completed","2025-08-14","No"
"BLD-101212","Strategic Leadership Workshop","Leadership","8","1860","Completed","2025-04-29","No"
"BLD-101213","Coaching for Performance","Leadership","4","180","Completed","2025-10-22","No"
"BLD-101213","Anti-Bribery & Ethics","Mandatory","16","0","Completed","2025-06-02","No"
"BLD-101213","SAP for HR Users","Technical","8","320","Completed","2025-10-22","Yes"
"BLD-101214","Quality Control Techniques","Technical","4","2160","Completed","2024-04-20","Yes"
"BLD-101214","Food Safety & HACCP Refresher","Mandatory","4","0","Completed","2024-04-01","No"
"BLD-101214","Advanced Excel for Reporting","Technical","8","1350","Completed","2025-10-10","Yes"
"BLD-101215","Effective Communication","Soft Skills","2","750","Completed","2025-11-07","No"
"BLD-101215","Health & Safety Induction","Mandatory","4","0","Completed","2024-10-08","No"
"BLD-101215","Conflict Resolution","Soft Skills","4","1740","Completed","2025-12-17","No"
"BLD-101215","Anti-Bribery & Ethics","Mandatory","2","0","Completed","2024-11-03","No"
"BLD-101215","Coaching for Performance","Leadership","16","680","Completed","2024-11-08","No"
"BLD-101216","Fire & Emergency Response","Mandatory","8","0","Completed","2025-07-25","No"
"BLD-101217","Coaching for Performance","Leadership","2","740","Completed","2024-05-30","No"
"BLD-101217","Anti-Bribery & Ethics","Mandatory","8","0","Completed","2024-04-16","No"
"BLD-101217","SAP for HR Users","Technical","4","1520","Completed","2024-02-03","Yes"
"BLD-101217","Cold Chain Logistics","Technical","2","2080","Completed","2024-10-03","Yes"
"BLD-101218","Data Privacy Awareness","Mandatory","8","0","Completed","2025-08-28","No"
"BLD-101220","Effective Communication","Soft Skills","4","1020","Completed","2025-08-03","No"
"BLD-101220","Cold Chain Logistics","Technical","2","320","Completed","2025-08-24","No"
"BLD-101221","Coaching for Performance","Leadership","4","1730","Completed","2025-12-09","No"
"BLD-101222","Health & Safety Induction","Mandatory","2","0","Completed","2025-04-29","No"
"BLD-101222","Data Privacy Awareness","Mandatory","2","0","Completed","2025-06-09","No"
"BLD-101222","Cold Chain Logistics","Technical","8","1600","In Progress",,"No"
"BLD-101222","Dairy Processing Fundamentals","Technical","4","1600","Completed","2025-10-05","No"
"BLD-101222","SAP for HR Users","Technical","4","2200","Completed","2025-07-27","No"
"BLD-101224","Conflict Resolution","Soft Skills","2","1510","Completed","2024-05-27","No"
"BLD-101224","DOA & Governance Training","Compliance","4","0","Completed","2024-05-09","No"
"BLD-101224","DOA & Governance Training","Compliance","4","0","Completed","2024-09-05","No"
"BLD-101224","Food Safety & HACCP Refresher","Mandatory","4","0","Completed","2023-10-27","No"
"BLD-101224","Dairy Processing Fundamentals","Technical","4","870","Completed","2024-09-08","Yes"
"BLD-101224","Dairy Processing Fundamentals","Technical","8","2110","Completed","2023-12-16","Yes"
"BLD-101225","Data Privacy Awareness","Mandatory","4","0","Completed","2025-04-24","No"
"BLD-101225","SAP for HR Users","Technical","16","1710","Completed","2025-06-08","No"
"BLD-101225","Fire & Emergency Response","Mandatory","4","0","Not Started",,"No"
"BLD-101225","Anti-Bribery & Ethics","Mandatory","16","0","Completed","2023-03-21","No"
"BLD-101225","Dairy Processing Fundamentals","Technical","2","1390","Completed","2024-08-07","No"
"BLD-101225","DOA & Governance Training","Compliance","4","0","In Progress",,"No"
"BLD-101225","Effective Communication","Soft Skills","2","2180","Completed","2025-01-09","No"
"BLD-101225","Presentation Skills","Soft Skills","8","600","Completed","2023-03-13","No"
"BLD-101225","Qatar Labor Law Essentials","Compliance","2","0","Completed","2024-04-30","Yes"
"BLD-101225","First-Time Manager Program","Leadership","4","1360","Not Started",,"No"
"BLD-101225","Dairy Processing Fundamentals","Technical","4","2180","In Progress",,"No"
"BLD-101225","DOA & Governance Training","Compliance","2","0","Completed","2024-09-16","No"
"BLD-101225","Presentation Skills","Soft Skills","2","1960","In Progress",,"No"
"BLD-101226","Qatar Labor Law Essentials","Compliance","4","0","Completed","2024-06-10","Yes"
"BLD-101227","Health & Safety Induction","Mandatory","8","0","Completed","2024-01-08","No"
"BLD-101227","Anti-Bribery & Ethics","Mandatory","16","0","Completed","2024-03-12","No"
"BLD-101227","DOA & Governance Training","Compliance","4","0","In Progress",,"No"
"BLD-101227","Advanced Excel for Reporting","Technical","8","740","Completed","2025-02-24","No"
"BLD-101227","Health & Safety Induction","Mandatory","2","0","Completed","2025-10-22","No"
"BLD-101227","Dairy Processing Fundamentals","Technical","16","650","Completed","2024-07-02","Yes"
"BLD-101229","Qatar Labor Law Essentials","Compliance","4","0","In Progress",,"No"
"BLD-101229","Qatar Labor Law Essentials","Compliance","4","0","Completed","2024-11-07","Yes"
"BLD-101229","Strategic Leadership Workshop","Leadership","16","320","Completed","2023-11-11","No"
"BLD-101229","Coaching for Performance","Leadership","4","640","Completed","2024-12-21","No"
"BLD-101229","Strategic Leadership Workshop","Leadership","2","1150","Completed","2023-08-20","No"
"BLD-101229","Qatar Labor Law Essentials","Compliance","4","0","Completed","2025-05-07","Yes"
"BLD-101229","Quality Control Techniques","Technical","8","1600","Completed","2023-11-06","No"
"BLD-101230","First-Time Manager Program","Leadership","2","1520","Completed","2024-11-18","No"
"BLD-101230","Health & Safety Induction","Mandatory","2","0","Completed","2024-02-17","No"
"BLD-101230","Cold Chain Logistics","Technical","16","1210","Completed","2024-08-15","No"
"BLD-101230","Cold Chain Logistics","Technical","4","400","Completed","2024-07-31","No"
"BLD-101230","Time Management","Soft Skills","8","700","Completed","2023-06-19","No"
"BLD-101230","Presentation Skills","Soft Skills","8","800","In Progress",,"No"
"BLD-101230","Food Safety & HACCP Refresher","Mandatory","2","0","Completed","2023-12-16","No"
"BLD-101230","Dairy Processing Fundamentals","Technical","2","170","In Progress",,"No"
"BLD-101231","Effective Communication","Soft Skills","4","1080","In Progress",,"No"
"BLD-101231","Health & Safety Induction","Mandatory","8","0","Completed","2024-03-10","No"
"BLD-101231","Advanced Excel for Reporting","Technical","8","1970","Completed","2024-07-20","No"
"BLD-101231","Coaching for Performance","Leadership","2","1290","Completed","2024-05-27","No"
"BLD-101232","Presentation Skills","Soft Skills","2","1070","Completed","2025-06-19","No"
"BLD-101232","SAP for HR Users","Technical","2","580","Completed","2025-04-08","No"
"BLD-101232","Fire & Emergency Response","Mandatory","4","0","Completed","2025-06-12","No"
"BLD-101232","Fire & Emergency Response","Mandatory","8","0","Completed","2025-01-31","No"
"BLD-101232","Time Management","Soft Skills","8","2150","Completed","2025-05-15","No"
"BLD-101233","DOA & Governance Training","Compliance","8","0","Completed","2025-04-28","No"
"BLD-101233","Strategic Leadership Workshop","Leadership","2","1660","Completed","2025-11-23","No"
"BLD-101235","DOA & Governance Training","Compliance","16","0","Completed","2025-07-27","No"
"BLD-101235","Presentation Skills","Soft Skills","2","530","Completed","2025-10-23","No"
"BLD-101237","Quality Control Techniques","Technical","4","1650","Completed","2024-04-06","No"
"BLD-101237","Coaching for Performance","Leadership","4","1460","Completed","2024-02-21","No"
"BLD-101237","Strategic Leadership Workshop","Leadership","2","1730","Completed","2023-12-21","No"
"BLD-101237","Anti-Bribery & Ethics","Mandatory","4","0","Completed","2023-11-28","No"
"BLD-101237","Conflict Resolution","Soft Skills","16","1330","Completed","2023-08-28","No"
"BLD-101238","Coaching for Performance","Leadership","2","200","In Progress",,"No"
"BLD-101238","Food Safety & HACCP Refresher","Mandatory","4","0","Completed","2024-08-29","No"
"BLD-101238","Conflict Resolution","Soft Skills","16","970","Completed","2024-09-14","No"
"BLD-101238","Fire & Emergency Response","Mandatory","2","0","In Progress",,"No"
"BLD-101240","SAP for HR Users","Technical","4","1720","Completed","2024-05-07","No"
"BLD-101240","SAP for HR Users","Technical","4","2010","In Progress",,"No"
"BLD-101240","Food Safety & HACCP Refresher","Mandatory","8","0","In Progress",,"No"
"BLD-101240","Effective Communication","Soft Skills","16","260","Completed","2025-08-03","No"
"BLD-101241","Data Privacy Awareness","Mandatory","4","0","Completed","2025-12-27","No"
"BLD-101241","Health & Safety Induction","Mandatory","2","0","In Progress",,"No"
"BLD-101241","Fire & Emergency Response","Mandatory","16","0","Completed","2025-08-09","No"
"BLD-101242","Fire & Emergency Response","Mandatory","8","0","Completed","2025-07-31","No"
"BLD-101243","SAP for HR Users","Technical","2","2080","Completed","2023-04-24","Yes"
"BLD-101243","Quality Control Techniques","Technical","8","1520","Completed","2024-01-01","No"
"BLD-101243","Effective Communication","Soft Skills","16","410","Completed","2023-08-07","No"
"BLD-101243","DOA & Governance Training","Compliance","2","0","In Progress",,"No"
"BLD-101243","Conflict Resolution","Soft Skills","4","1450","Completed","2024-04-05","No"
"BLD-101245","Time Management","Soft Skills","8","850","Completed","2025-07-30","No"
"BLD-101245","Health & Safety Induction","Mandatory","2","0","Completed","2023-11-27","No"
"BLD-101245","First-Time Manager Program","Leadership","8","2120","Completed","2024-03-07","No"
"BLD-101245","Presentation Skills","Soft Skills","4","1150","Completed","2025-03-11","No"
"BLD-101245","Fire & Emergency Response","Mandatory","2","0","Completed","2025-03-07","No"
"BLD-101246","Food Safety & HACCP Refresher","Mandatory","16","0","Completed","2025-08-16","No"
"BLD-101246","Quality Control Techniques","Technical","2","1920","Completed","2025-03-14","Yes"
"BLD-101246","Data Privacy Awareness","Mandatory","8","0","Completed","2024-03-01","No"
"BLD-101246","Health & Safety Induction","Mandatory","2","0","Completed","2023-07-10","No"
"BLD-101246","Coaching for Performance","Leadership","8","1450","Not Started",,"No"
"BLD-101246","First-Time Manager Program","Leadership","2","390","In Progress",,"No"
"BLD-101246","Anti-Bribery & Ethics","Mandatory","4","0","Completed","2024-03-31","No"
"BLD-101246","Strategic Leadership Workshop","Leadership","2","1620","In Progress",,"No"
"BLD-101249","Cold Chain Logistics","Technical","2","1290","Completed","2025-09-23","Yes"
"BLD-101250","Coaching for Performance","Leadership","4","1980","Completed","2025-02-08","No"
"BLD-101250","Qatar Labor Law Essentials","Compliance","4","0","Completed","2025-01-31","No"
"BLD-101251","Advanced Excel for Reporting","Technical","4","1610","Completed","2025-03-23","No"
"BLD-101251","Food Safety & HACCP Refresher","Mandatory","8","0","Completed","2025-10-17","No"
"BLD-101251","Quality Control Techniques","Technical","2","1490","Completed","2025-12-20","Yes"
"BLD-101251","Strategic Leadership Workshop","Leadership","2","340","Completed","2024-11-08","No"
"BLD-101252","Data Privacy Awareness","Mandatory","16","0","Completed","2025-08-04","No"
"BLD-101252","Food Safety & HACCP Refresher","Mandatory","8","0","Completed","2024-12-17","No"
"BLD-101252","Cold Chain Logistics","Technical","8","1990","Completed","2024-06-06","No"
"BLD-101252","Fire & Emergency Response","Mandatory","4","0","Completed","2023-09-26","No"
"BLD-101252","DOA & Governance Training","Compliance","8","0","Completed","2025-07-17","Yes"
"BLD-101252","Coaching for Performance","Leadership","2","1720","Completed","2025-04-03","No"
"BLD-101253","Dairy Processing Fundamentals","Technical","2","410","Completed","2025-03-27","No"
"BLD-101253","Health & Safety Induction","Mandatory","2","0","Completed","2024-12-27","No"
"BLD-101254","Health & Safety Induction","Mandatory","8","0","Completed","2025-05-29","No"
"BLD-101254","Data Privacy Awareness","Mandatory","2","0","Completed","2025-08-31","No"
"BLD-101254","Health & Safety Induction","Mandatory","2","0","Completed","2025-10-04","No"
"BLD-101254","Food Safety & HACCP Refresher","Mandatory","8","0","In Progress",,"No"
"BLD-101254","Advanced Excel for Reporting","Technical","2","1830","In Progress",,"No"
"BLD-101256","Qatar Labor Law Essentials","Compliance","2","0","Completed","2023-11-30","No"
"BLD-101256","Data Privacy Awareness","Mandatory","8","0","Completed","2025-12-14","No"
"BLD-101256","Health & Safety Induction","Mandatory","2","0","Completed","2023-12-01","No"
"BLD-101257","Coaching for Performance","Leadership","4","1870","Completed","2024-09-19","No"
"BLD-101257","Food Safety & HACCP Refresher","Mandatory","4","0","Completed","2024-08-12","No"
"BLD-101257","Anti-Bribery & Ethics","Mandatory","2","0","Completed","2025-03-20","No"
"BLD-101257","Effective Communication","Soft Skills","8","520","Completed","2025-02-12","No"
"BLD-101257","Effective Communication","Soft Skills","4","800","Completed","2024-04-15","No"
"BLD-101257","Food Safety & HACCP Refresher","Mandatory","2","0","Completed","2025-04-24","No"
"BLD-101258","Effective Communication","Soft Skills","2","1880","Completed","2025-03-07","No"
"BLD-101259","Coaching for Performance","Leadership","8","410","Completed","2025-12-23","No"
"BLD-101260","Conflict Resolution","Soft Skills","8","1760","Completed","2025-12-06","No"
"BLD-101260","First-Time Manager Program","Leadership","8","1370","Completed","2023-08-16","No"
"BLD-101260","Fire & Emergency Response","Mandatory","4","0","Completed","2023-11-03","No"
"BLD-101260","Advanced Excel for Reporting","Technical","2","2140","Not Started",,"No"
"BLD-101260","Fire & Emergency Response","Mandatory","16","0","Completed","2025-07-30","No"
"BLD-101260","DOA & Governance Training","Compliance","8","0","Completed","2023-12-22","No"
"BLD-101260","Conflict Resolution","Soft Skills","8","390","Completed","2023-08-14","No"
"BLD-101260","Presentation Skills","Soft Skills","8","1970","Completed","2025-10-23","No"
"BLD-101261","Qatar Labor Law Essentials","Compliance","8","0","Completed","2025-02-23","No"
"BLD-101261","Data Privacy Awareness","Mandatory","16","0","Completed","2025-10-05","No"
"BLD-101261","Time Management","Soft Skills","2","1870","Completed","2025-06-17","No"
"BLD-101261","Data Privacy Awareness","Mandatory","2","0","In Progress",,"No"
"BLD-101262","Data Privacy Awareness","Mandatory","4","0","Completed","2025-07-04","No"
"BLD-101262","Strategic Leadership Workshop","Leadership","2","1250","In Progress",,"No"
"BLD-101262","Fire & Emergency Response","Mandatory","2","0","In Progress",,"No"
"BLD-101262","Anti-Bribery & Ethics","Mandatory","2","0","Completed","2025-05-08","No"
"BLD-101262","Data Privacy Awareness","Mandatory","8","0","Completed","2025-04-10","No"
"BLD-101262","Conflict Resolution","Soft Skills","8","1660","Completed","2025-11-26","No"
"BLD-101262","Data Privacy Awareness","Mandatory","8","0","Completed","2023-07-30","No"
"BLD-101264","Data Privacy Awareness","Mandatory","16","0","In Progress",,"No"
"BLD-101264","Presentation Skills","Soft Skills","4","1980","Completed","2025-07-06","No"
"BLD-101264","Fire & Emergency Response","Mandatory","2","0","Completed","2024-04-18","No"
"BLD-101264","Quality Control Techniques","Technical","2","2020","Completed","2025-08-09","No"
"BLD-101265","Conflict Resolution","Soft Skills","8","780","Not Started",,"No"
"BLD-101265","First-Time Manager Program","Leadership","2","2040","Completed","2025-02-27","No"
"BLD-101265","Fire & Emergency Response","Mandatory","2","0","Completed","2024-12-18","No"
"BLD-101265","DOA & Governance Training","Compliance","4","0","Completed","2023-11-03","Yes"
"BLD-101265","Quality Control Techniques","Technical","4","1140","Completed","2023-07-28","Yes"
"BLD-101265","Presentation Skills","Soft Skills","8","1760","Completed","2025-04-27","No"
"BLD-101265","Presentation Skills","Soft Skills","4","1010","Completed","2024-05-25","No"
"BLD-101265","Advanced Excel for Reporting","Technical","8","1450","Completed","2025-11-16","No"
"BLD-101265","Conflict Resolution","Soft Skills","8","350","In Progress",,"No"
"BLD-101267","Effective Communication","Soft Skills","2","1370","Completed","2025-12-04","No"
"BLD-101267","SAP for HR Users","Technical","4","1990","Completed","2025-11-09","No"
"BLD-101268","Effective Communication","Soft Skills","4","1860","In Progress",,"No"
"BLD-101268","Fire & Emergency Response","Mandatory","4","0","Completed","2025-12-30","No"
"BLD-101268","Effective Communication","Soft Skills","2","1130","Completed","2025-05-21","No"
"BLD-101268","Data Privacy Awareness","Mandatory","4","0","Completed","2025-11-25","No"
"BLD-101269","Dairy Processing Fundamentals","Technical","2","1310","Completed","2024-12-04","Yes"
"BLD-101269","Dairy Processing Fundamentals","Technical","8","370","Completed","2024-02-05","Yes"
"BLD-101269","Advanced Excel for Reporting","Technical","8","2070","Completed","2024-05-14","No"
"BLD-101270","Strategic Leadership Workshop","Leadership","2","1240","Completed","2025-02-12","No"
"BLD-101270","Cold Chain Logistics","Technical","8","1790","Completed","2024-09-14","Yes"
"BLD-101270","Cold Chain Logistics","Technical","2","360","Completed","2025-02-06","Yes"
"BLD-101270","Fire & Emergency Response","Mandatory","2","0","Completed","2024-04-27","No"
"BLD-101270","Advanced Excel for Reporting","Technical","8","890","Completed","2024-06-06","Yes"
"BLD-101271","Data Privacy Awareness","Mandatory","4","0","Not Started",,"No"
"BLD-101271","Effective Communication","Soft Skills","8","1780","In Progress",,"No"
"BLD-101273","Food Safety & HACCP Refresher","Mandatory","2","0","In Progress",,"No"
"BLD-101273","Qatar Labor Law Essentials","Compliance","4","0","In Progress",,"No"
"BLD-101273","Conflict Resolution","Soft Skills","2","640","Completed","2025-04-19","No"
"BLD-101274","Presentation Skills","Soft Skills","2","260","Completed","2024-10-04","No"
"BLD-101274","Cold Chain Logistics","Technical","4","1180","Completed","2025-01-30","Yes"
"BLD-101274","Data Privacy Awareness","Mandatory","2","0","Completed","2025-10-05","No"
"BLD-101275","Food Safety & HACCP Refresher","Mandatory","4","0","Completed","2024-12-17","No"
"BLD-101275","SAP for HR Users","Technical","8","740","Completed","2025-03-27","Yes"
"BLD-101275","Food Safety & HACCP Refresher","Mandatory","4","0","Completed","2025-10-06","No"
"BLD-101275","Advanced Excel for Reporting","Technical","2","1810","Completed","2024-02-10","Yes"
"BLD-101275","Fire & Emergency Response","Mandatory","16","0","Completed","2024-04-09","No"
"BLD-101275","Advanced Excel for Reporting","Technical","4","890","Completed","2024-01-21","Yes"
"BLD-101275","Cold Chain Logistics","Technical","2","1290","Completed","2023-11-26","No"
"BLD-101275","Qatar Labor Law Essentials","Compliance","16","0","Completed","2025-03-30","Yes"
"BLD-101275","Strategic Leadership Workshop","Leadership","4","350","Completed","2024-05-17","No"
"BLD-101275","Food Safety & HACCP Refresher","Mandatory","8","0","In Progress",,"No"
"BLD-101279","Qatar Labor Law Essentials","Compliance","8","0","Completed","2024-10-12","Yes"
"BLD-101279","Presentation Skills","Soft Skills","4","330","Completed","2025-09-02","No"
"BLD-101279","Fire & Emergency Response","Mandatory","2","0","In Progress",,"No"
"BLD-101279","Quality Control Techniques","Technical","4","2040","Completed","2024-02-23","No"
"BLD-101279","SAP for HR Users","Technical","4","930","Completed","2024-07-15","No"
"BLD-101280","Cold Chain Logistics","Technical","16","1560","Completed","2025-10-07","Yes"
"BLD-101280","Cold Chain Logistics","Technical","2","670","Completed","2025-05-01","No"
"BLD-101280","Data Privacy Awareness","Mandatory","4","0","Completed","2025-06-24","No"
"BLD-101280","Conflict Resolution","Soft Skills","16","1840","Completed","2025-10-12","No"
"BLD-101281","Food Safety & HACCP Refresher","Mandatory","2","0","Completed","2025-09-26","No"
"BLD-101281","Coaching for Performance","Leadership","2","2040","Completed","2023-12-16","No"
"BLD-101281","Food Safety & HACCP Refresher","Mandatory","4","0","Completed","2024-11-07","No"
"BLD-101281","Data Privacy Awareness","Mandatory","8","0","Completed","2025-06-16","No"
"BLD-101281","Qatar Labor Law Essentials","Compliance","4","0","Not Started",,"No"
"BLD-101281","Quality Control Techniques","Technical","16","1140","Completed","2023-12-11","Yes"
"BLD-101281","Dairy Processing Fundamentals","Technical","16","2170","In Progress",,"No"
"BLD-101282","Fire & Emergency Response","Mandatory","8","0","Not Started",,"No"
"BLD-101282","Quality Control Techniques","Technical","16","1560","Completed","2024-02-20","No"
"BLD-101282","DOA & Governance Training","Compliance","8","0","Completed","2025-03-31","Yes"
"BLD-101282","Food Safety & HACCP Refresher","Mandatory","2","0","In Progress",,"No"
"BLD-101282","Cold Chain Logistics","Technical","4","240","Completed","2025-03-27","No"
"BLD-101282","Health & Safety Induction","Mandatory","4","0","In Progress",,"No"
"BLD-101283","Health & Safety Induction","Mandatory","8","0","Completed","2025-02-13","No"
"BLD-101283","Dairy Processing Fundamentals","Technical","4","680","Completed","2025-08-31","No"
"BLD-101283","First-Time Manager Program","Leadership","8","1390","Completed","2025-03-02","No"
"BLD-101283","Coaching for Performance","Leadership","2","1250","Completed","2024-04-15","No"
"BLD-101283","Presentation Skills","Soft Skills","4","1080","Completed","2024-02-06","No"
"BLD-101283","Health & Safety Induction","Mandatory","4","0","Completed","2025-08-24","No"
"BLD-101284","Quality Control Techniques","Technical","4","810","Completed","2023-08-26","No"
"BLD-101284","Effective Communication","Soft Skills","2","920","In Progress",,"No"
"BLD-101285","Time Management","Soft Skills","2","1000","Completed","2025-11-15","No"
"BLD-101285","Anti-Bribery & Ethics","Mandatory","4","0","Completed","2025-08-26","No"
"BLD-101285","Fire & Emergency Response","Mandatory","2","0","Not Started",,"No"
"BLD-101285","DOA & Governance Training","Compliance","8","0","Completed","2025-01-17","No"
"BLD-101286","Time Management","Soft Skills","4","630","Completed","2025-06-19","No"
"BLD-101286","Strategic Leadership Workshop","Leadership","8","650","Completed","2025-03-03","No"
"BLD-101286","Cold Chain Logistics","Technical","2","1800","Completed","2024-08-04","Yes"
"BLD-101286","Advanced Excel for Reporting","Technical","8","1750","Completed","2024-12-08","Yes"
"BLD-101286","Food Safety & HACCP Refresher","Mandatory","4","0","Completed","2024-10-13","No"
"BLD-101286","Presentation Skills","Soft Skills","8","1000","Completed","2025-12-23","No"
"BLD-101287","Strategic Leadership Workshop","Leadership","2","1040","Completed","2024-12-02","No"
"BLD-101287","Anti-Bribery & Ethics","Mandatory","2","0","Completed","2025-09-09","No"
"BLD-101287","Fire & Emergency Response","Mandatory","16","0","Completed","2025-06-18","No"
"BLD-101287","Conflict Resolution","Soft Skills","4","500","Not Started",,"No"
"BLD-101288","Data Privacy Awareness","Mandatory","4","0","Completed","2025-10-21","No"
"BLD-101289","Health & Safety Induction","Mandatory","8","0","Completed","2023-06-20","No"
"BLD-101289","DOA & Governance Training","Compliance","2","0","Completed","2023-11-24","Yes"
"BLD-101289","Fire & Emergency Response","Mandatory","4","0","Completed","2024-05-06","No"
"BLD-101289","Strategic Leadership Workshop","Leadership","8","2190","Completed","2024-01-02","No"
"BLD-101289","DOA & Governance Training","Compliance","8","0","Completed","2024-06-14","No"
"BLD-101289","Food Safety & HACCP Refresher","Mandatory","8","0","Completed","2023-07-14","No"
"BLD-101289","Effective Communication","Soft Skills","16","1430","Completed","2024-07-21","No"
"BLD-101289","Conflict Resolution","Soft Skills","2","360","In Progress",,"No"
"BLD-101289","Fire & Emergency Response","Mandatory","4","0","Completed","2024-02-29","No"
"BLD-101290","Presentation Skills","Soft Skills","16","530","Completed","2025-06-06","No"
"BLD-101290","Presentation Skills","Soft Skills","2","440","Completed","2025-01-03","No"
"BLD-101291","Effective Communication","Soft Skills","2","760","Completed","2024-09-10","No"
"BLD-101291","Qatar Labor Law Essentials","Compliance","4","0","Completed","2024-08-23","Yes"
"BLD-101291","DOA & Governance Training","Compliance","2","0","Completed","2024-11-24","No"
"BLD-101291","Strategic Leadership Workshop","Leadership","8","810","Completed","2024-10-26","No"
"BLD-101292","Time Management","Soft Skills","2","1130","Completed","2025-11-19","No"
"BLD-101292","Effective Communication","Soft Skills","8","2150","Completed","2025-05-01","No"
"BLD-101292","Effective Communication","Soft Skills","2","1050","In Progress",,"No"
"BLD-101292","Health & Safety Induction","Mandatory","4","0","In Progress",,"No"
"BLD-101294","Advanced Excel for Reporting","Technical","2","900","Completed","2025-02-18","Yes"
"BLD-101294","Advanced Excel for Reporting","Technical","16","1950","Completed","2024-05-14","No"
"BLD-101295","Time Management","Soft Skills","4","510","Completed","2025-10-18","No"
"BLD-101295","Quality Control Techniques","Technical","16","2180","Not Started",,"No"
"BLD-101296","Time Management","Soft Skills","2","1720","Completed","2024-05-06","No"
"BLD-101296","Time Management","Soft Skills","8","500","Completed","2024-09-24","No"
"BLD-101296","Data Privacy Awareness","Mandatory","2","0","In Progress",,"No"
"BLD-101296","Fire & Emergency Response","Mandatory","2","0","Completed","2024-10-20","No"
"BLD-101296","Quality Control Techniques","Technical","8","1810","Completed","2024-05-02","No"
"BLD-101296","Data Privacy Awareness","Mandatory","8","0","Completed","2024-11-18","No"
"BLD-101297","Quality Control Techniques","Technical","2","670","Not Started",,"No"
"BLD-101297","Coaching for Performance","Leadership","4","310","Completed","2024-11-24","No"
"BLD-101297","DOA & Governance Training","Compliance","2","0","Completed","2025-07-05","No"
"BLD-101297","Qatar Labor Law Essentials","Compliance","8","0","Completed","2025-02-18","No"
"BLD-101298","Egyptian Labor Law Essentials","Compliance","8","0","Completed","2025-03-27","Yes"
"BLD-101298","Cold Chain Logistics","Technical","16","2040","Completed","2025-01-03","No"
"BLD-101298","Presentation Skills","Soft Skills","2","1120","Completed","2025-06-26","No"
"BLD-101299","Conflict Resolution","Soft Skills","2","1210","In Progress",,"No"
"BLD-101299","Food Safety & HACCP Refresher","Mandatory","16","0","Completed","2024-09-10","No"
"BLD-101299","Food Safety & HACCP Refresher","Mandatory","8","0","Completed","2023-09-10","No"
"BLD-101299","Coaching for Performance","Leadership","8","930","Completed","2023-10-15","No"
"BLD-101299","DOA & Governance Training","Compliance","4","0","Not Started",,"No"
"BLD-101302","Food Safety & HACCP Refresher","Mandatory","4","0","Completed","2023-10-19","No"
"BLD-101302","Cold Chain Logistics","Technical","4","480","In Progress",,"No"
"BLD-101302","Cold Chain Logistics","Technical","2","2120","Completed","2024-06-17","Yes"
"BLD-101302","Anti-Bribery & Ethics","Mandatory","2","0","Completed","2024-09-09","No"
"BLD-101302","Dairy Processing Fundamentals","Technical","8","1220","Completed","2024-05-25","Yes"
"BLD-101303","Anti-Bribery & Ethics","Mandatory","2","0","In Progress",,"No"
"BLD-101303","Food Safety & HACCP Refresher","Mandatory","4","0","Completed","2025-07-25","No"
"BLD-101303","Conflict Resolution","Soft Skills","8","930","In Progress",,"No"
"BLD-101303","Conflict Resolution","Soft Skills","4","840","Completed","2025-09-16","No"
"BLD-101304","Cold Chain Logistics","Technical","4","940","Completed","2024-07-14","No"
"BLD-101304","Data Privacy Awareness","Mandatory","4","0","Completed","2025-10-18","No"
"BLD-101304","Anti-Bribery & Ethics","Mandatory","8","0","In Progress",,"No"
"BLD-101304","Dairy Processing Fundamentals","Technical","2","1780","In Progress",,"No"
"BLD-101304","Qatar Labor Law Essentials","Compliance","4","0","In Progress",,"No"
"BLD-101304","Food Safety & HACCP Refresher","Mandatory","2","0","Completed","2025-05-01","No"
"BLD-101304","Anti-Bribery & Ethics","Mandatory","4","0","In Progress",,"No"
"BLD-101304","Conflict Resolution","Soft Skills","8","1440","Completed","2023-05-21","No"
"BLD-101304","Food Safety & HACCP Refresher","Mandatory","2","0","Completed","2025-12-04","No"
"BLD-101304","DOA & Governance Training","Compliance","2","0","Completed","2025-05-13","No"
"BLD-101305","Data Privacy Awareness","Mandatory","2","0","Completed","2025-03-02","No"
"BLD-101305","Data Privacy Awareness","Mandatory","2","0","Completed","2025-05-13","No"
"BLD-101305","Coaching for Performance","Leadership","16","1230","Completed","2024-10-07","No"
"BLD-101305","Dairy Processing Fundamentals","Technical","8","1000","Not Started",,"No"
"BLD-101305","Data Privacy Awareness","Mandatory","8","0","Completed","2024-12-04","No"
"BLD-101306","Dairy Processing Fundamentals","Technical","4","840","In Progress",,"No"
"BLD-101306","Dairy Processing Fundamentals","Technical","2","970","Completed","2023-08-30","No"
"BLD-101306","Conflict Resolution","Soft Skills","2","890","Completed","2023-05-11","No"
"BLD-101306","Effective Communication","Soft Skills","2","2000","Completed","2023-07-12","No"
"BLD-101306","SAP for HR Users","Technical","2","370","Completed","2023-09-02","No"
"BLD-101306","Advanced Excel for Reporting","Technical","2","190","Completed","2024-05-12","Yes"
"BLD-101306","Effective Communication","Soft Skills","2","1780","Completed","2023-08-28","No"
"BLD-101306","Health & Safety Induction","Mandatory","2","0","Completed","2023-08-17","No"
"BLD-101307","Egyptian Labor Law Essentials","Compliance","4","0","Completed","2024-12-21","Yes"
"BLD-101307","First-Time Manager Program","Leadership","2","1130","In Progress",,"No"
"BLD-101308","Dairy Processing Fundamentals","Technical","16","1800","Completed","2024-10-20","Yes"
"BLD-101308","Conflict Resolution","Soft Skills","4","1540","Completed","2025-09-22","No"
"BLD-101308","Coaching for Performance","Leadership","4","1270","Completed","2023-08-05","No"
"BLD-101308","Anti-Bribery & Ethics","Mandatory","2","0","Completed","2023-06-27","No"
"BLD-101308","Anti-Bribery & Ethics","Mandatory","2","0","Completed","2024-12-18","No"
"BLD-101309","Fire & Emergency Response","Mandatory","2","0","Completed","2025-09-15","No"
"BLD-101309","Advanced Excel for Reporting","Technical","4","1570","Completed","2025-11-27","Yes"
"BLD-101310","Data Privacy Awareness","Mandatory","8","0","Completed","2025-10-27","No"
"BLD-101310","Conflict Resolution","Soft Skills","8","830","Completed","2025-03-20","No"
"BLD-101310","Cold Chain Logistics","Technical","2","1660","Completed","2024-11-15","Yes"
"BLD-101310","Dairy Processing Fundamentals","Technical","4","230","Completed","2025-02-12","No"
"BLD-101310","Advanced Excel for Reporting","Technical","2","1050","Completed","2024-08-15","No"
"BLD-101310","Advanced Excel for Reporting","Technical","2","1600","Not Started",,"No"
"BLD-101310","Conflict Resolution","Soft Skills","2","1870","Completed","2025-12-28","No"
"BLD-101310","Anti-Bribery & Ethics","Mandatory","2","0","Completed","2025-04-01","No"
"BLD-101310","Health & Safety Induction","Mandatory","2","0","Completed","2023-11-25","No"
"BLD-101310","Dairy Processing Fundamentals","Technical","4","160","In Progress",,"No"
"BLD-101310","Anti-Bribery & Ethics","Mandatory","8","0","Not Started",,"No"
"BLD-101311","Coaching for Performance","Leadership","8","1680","Completed","2024-11-22","No"
"BLD-101311","Anti-Bribery & Ethics","Mandatory","16","0","Completed","2025-04-12","No"
"BLD-101311","DOA & Governance Training","Compliance","2","0","Completed","2024-12-15","No"
"BLD-101311","Anti-Bribery & Ethics","Mandatory","2","0","Completed","2025-05-06","No"
"BLD-101311","Fire & Emergency Response","Mandatory","2","0","Completed","2025-03-04","No"
"BLD-101312","Anti-Bribery & Ethics","Mandatory","2","0","Completed","2025-04-08","No"
"BLD-101312","Anti-Bribery & Ethics","Mandatory","2","0","Completed","2025-07-19","No"
"BLD-101312","Qatar Labor Law Essentials","Compliance","4","0","Completed","2025-10-13","No"
"BLD-101313","Fire & Emergency Response","Mandatory","4","0","In Progress",,"No"
"BLD-101313","Conflict Resolution","Soft Skills","8","2030","Completed","2023-12-29","No"
"BLD-101313","DOA & Governance Training","Compliance","4","0","Completed","2023-10-17","No"
"BLD-101313","Fire & Emergency Response","Mandatory","2","0","Completed","2023-09-17","No"
"BLD-101313","Fire & Emergency Response","Mandatory","8","0","Completed","2024-06-14","No"
"BLD-101313","Conflict Resolution","Soft Skills","4","930","In Progress",,"No"
"BLD-101313","Fire & Emergency Response","Mandatory","16","0","Completed","2024-09-11","No"
"BLD-101313","Time Management","Soft Skills","4","2080","Completed","2024-05-29","No"
"BLD-101314","Data Privacy Awareness","Mandatory","8","0","Completed","2025-11-19","No"
"BLD-101314","SAP for HR Users","Technical","8","1050","Completed","2025-10-31","No"
"BLD-101317","Time Management","Soft Skills","8","1640","Completed","2025-09-03","No"
"BLD-101317","Cold Chain Logistics","Technical","4","340","Completed","2025-07-12","Yes"
"BLD-101318","Qatar Labor Law Essentials","Compliance","2","0","Completed","2024-06-10","Yes"
"BLD-101318","Quality Control Techniques","Technical","4","280","Completed","2024-05-31","Yes"
"BLD-101318","Time Management","Soft Skills","4","1610","Completed","2024-05-30","No"
"BLD-101319","Food Safety & HACCP Refresher","Mandatory","2","0","Completed","2025-12-03","No"
"BLD-101319","Health & Safety Induction","Mandatory","4","0","Completed","2025-09-06","No"
"BLD-101319","SAP for HR Users","Technical","2","2090","Completed","2024-01-17","No"
"BLD-101319","Cold Chain Logistics","Technical","8","260","Completed","2024-11-19","No"
"BLD-101319","Dairy Processing Fundamentals","Technical","8","2060","Completed","2024-04-14","Yes"
"BLD-101319","First-Time Manager Program","Leadership","4","2050","In Progress",,"No"
"BLD-101320","Conflict Resolution","Soft Skills","4","2080","Completed","2024-09-01","No"
"BLD-101320","Data Privacy Awareness","Mandatory","2","0","In Progress",,"No"
"BLD-101321","Cold Chain Logistics","Technical","4","1120","Completed","2025-11-11","No"
"BLD-101321","Effective Communication","Soft Skills","4","1120","Not Started",,"No"
"BLD-101321","Time Management","Soft Skills","4","730","In Progress",,"No"
"BLD-101321","Anti-Bribery & Ethics","Mandatory","4","0","Completed","2024-05-12","No"
"BLD-101321","Data Privacy Awareness","Mandatory","8","0","Completed","2024-09-27","No"
"BLD-101323","Health & Safety Induction","Mandatory","4","0","Completed","2025-12-02","No"
"BLD-101323","Strategic Leadership Workshop","Leadership","4","1500","Completed","2025-07-10","No"
"BLD-101326","Effective Communication","Soft Skills","4","1840","Completed","2024-04-18","No"
"BLD-101326","Quality Control Techniques","Technical","4","1040","Completed","2024-05-06","No"
"BLD-101326","Anti-Bribery & Ethics","Mandatory","2","0","Completed","2024-10-22","No"
"BLD-101326","Fire & Emergency Response","Mandatory","2","0","Completed","2024-06-25","No"
"BLD-101326","Coaching for Performance","Leadership","4","2200","Completed","2024-05-19","No"
"BLD-101326","Advanced Excel for Reporting","Technical","8","730","Completed","2024-07-16","No"
"BLD-101326","Dairy Processing Fundamentals","Technical","2","740","Completed","2025-01-23","Yes"
"BLD-101327","Cold Chain Logistics","Technical","16","800","Completed","2025-07-30","No"
"BLD-101328","Cold Chain Logistics","Technical","8","1160","Completed","2025-09-24","No"
"BLD-101328","Dairy Processing Fundamentals","Technical","2","2060","Completed","2025-12-13","Yes"
"BLD-101329","Health & Safety Induction","Mandatory","16","0","Completed","2024-12-21","No"
"BLD-101329","Advanced Excel for Reporting","Technical","2","1340","Completed","2024-08-21","No"
"BLD-101329","Time Management","Soft Skills","4","1970","Completed","2025-06-20","No"
"BLD-101329","Fire & Emergency Response","Mandatory","4","0","Completed","2025-01-28","No"
"BLD-101329","Quality Control Techniques","Technical","4","670","Completed","2025-09-29","No"
"BLD-101329","Anti-Bribery & Ethics","Mandatory","8","0","Completed","2024-09-19","No"
"BLD-101329","Food Safety & HACCP Refresher","Mandatory","4","0","Completed","2025-04-07","No"
"BLD-101330","Strategic Leadership Workshop","Leadership","2","1000","Completed","2025-02-03","No"
"BLD-101330","Effective Communication","Soft Skills","4","1780","Completed","2024-10-13","No"
"BLD-101330","Qatar Labor Law Essentials","Compliance","2","0","Completed","2024-05-27","Yes"
"BLD-101332","DOA & Governance Training","Compliance","2","0","Completed","2025-04-19","Yes"
"BLD-101334","Quality Control Techniques","Technical","4","2100","Completed","2025-02-21","No"
"BLD-101334","Qatar Labor Law Essentials","Compliance","4","0","In Progress",,"No"
"BLD-101334","Coaching for Performance","Leadership","8","170","Completed","2025-08-04","No"
"BLD-101334","Health & Safety Induction","Mandatory","4","0","In Progress",,"No"
"BLD-101335","Health & Safety Induction","Mandatory","2","0","Completed","2023-08-28","No"
"BLD-101335","Data Privacy Awareness","Mandatory","8","0","Not Started",,"No"
"BLD-101335","Effective Communication","Soft Skills","2","510","Completed","2024-01-02","No"
"BLD-101336","Cold Chain Logistics","Technical","4","610","Completed","2025-09-25","No"
"BLD-101336","Presentation Skills","Soft Skills","2","2040","Completed","2025-10-05","No"
"BLD-101336","Fire & Emergency Response","Mandatory","4","0","In Progress",,"No"
"BLD-101336","Fire & Emergency Response","Mandatory","4","0","Completed","2025-11-09","No"
"BLD-101336","First-Time Manager Program","Leadership","8","510","Completed","2025-03-29","No"
"BLD-101337","First-Time Manager Program","Leadership","4","2200","Completed","2024-10-08","No"
"BLD-101337","Cold Chain Logistics","Technical","16","210","Completed","2025-11-23","Yes"
"BLD-101338","Time Management","Soft Skills","8","510","Not Started",,"No"
"BLD-101338","Quality Control Techniques","Technical","2","1400","Completed","2025-06-25","Yes"
"BLD-101338","SAP for HR Users","Technical","2","1750","Completed","2023-05-24","Yes"
"BLD-101338","Dairy Processing Fundamentals","Technical","2","200","Completed","2024-02-09","Yes"
"BLD-101338","Fire & Emergency Response","Mandatory","4","0","Completed","2025-02-11","No"
"BLD-101338","Effective Communication","Soft Skills","8","1160","Completed","2024-04-01","No"
"BLD-101339","Coaching for Performance","Leadership","8","1410","Completed","2023-12-09","No"
"BLD-101339","Conflict Resolution","Soft Skills","2","670","Completed","2025-04-25","No"
"BLD-101339","Data Privacy Awareness","Mandatory","2","0","Completed","2024-08-11","No"
"BLD-101339","Data Privacy Awareness","Mandatory","4","0","Completed","2024-07-19","No"
"BLD-101340","Qatar Labor Law Essentials","Compliance","8","0","In Progress",,"No"
"BLD-101341","Coaching for Performance","Leadership","8","2150","Not Started",,"No"
"BLD-101341","Cold Chain Logistics","Technical","8","1660","Completed","2024-09-06","No"
"BLD-101341","Effective Communication","Soft Skills","4","860","Completed","2025-09-01","No"
"BLD-101341","Effective Communication","Soft Skills","4","1300","Completed","2023-08-05","No"
"BLD-101341","DOA & Governance Training","Compliance","8","0","Completed","2024-08-09","Yes"
"BLD-101341","Time Management","Soft Skills","8","870","Completed","2024-04-01","No"
"BLD-101341","DOA & Governance Training","Compliance","8","0","Completed","2024-05-19","No"
"BLD-101341","Coaching for Performance","Leadership","2","170","Completed","2025-10-02","No"
"BLD-101342","Strategic Leadership Workshop","Leadership","8","1270","Completed","2025-11-05","No"
"BLD-101342","DOA & Governance Training","Compliance","4","0","Completed","2025-11-22","No"
"BLD-101342","Quality Control Techniques","Technical","8","670","Completed","2025-01-31","Yes"
"BLD-101342","SAP for HR Users","Technical","8","970","Completed","2024-12-14","No"
"BLD-101342","Cold Chain Logistics","Technical","8","930","Completed","2025-09-19","Yes"
"BLD-101344","Food Safety & HACCP Refresher","Mandatory","2","0","In Progress",,"No"
"BLD-101344","Anti-Bribery & Ethics","Mandatory","2","0","Completed","2024-08-09","No"
"BLD-101344","Advanced Excel for Reporting","Technical","2","2020","Completed","2024-04-27","Yes"
"BLD-101344","DOA & Governance Training","Compliance","4","0","Not Started",,"No"
"BLD-101344","Data Privacy Awareness","Mandatory","8","0","In Progress",,"No"
"BLD-101345","Health & Safety Induction","Mandatory","16","0","Completed","2023-08-12","No"
"BLD-101345","Cold Chain Logistics","Technical","2","910","Not Started",,"No"
"BLD-101346","Food Safety & HACCP Refresher","Mandatory","4","0","Completed","2025-12-01","No"
"BLD-101347","Effective Communication","Soft Skills","8","810","Completed","2024-04-23","No"
"BLD-101347","Health & Safety Induction","Mandatory","4","0","Completed","2024-09-13","No"
"BLD-101348","SAP for HR Users","Technical","4","1380","In Progress",,"No"
"BLD-101348","Conflict Resolution","Soft Skills","8","1200","Completed","2024-06-19","No"
"BLD-101348","Conflict Resolution","Soft Skills","2","650","Completed","2025-03-17","No"
"BLD-101348","Fire & Emergency Response","Mandatory","4","0","Completed","2024-09-03","No"
"BLD-101348","Conflict Resolution","Soft Skills","8","1770","Completed","2023-06-13","No"
"BLD-101348","Advanced Excel for Reporting","Technical","2","910","Completed","2025-01-13","No"
"BLD-101348","Food Safety & HACCP Refresher","Mandatory","4","0","Completed","2024-06-11","No"
"BLD-101348","SAP for HR Users","Technical","2","880","Completed","2023-09-01","Yes"
"BLD-101349","Health & Safety Induction","Mandatory","2","0","Completed","2025-01-26","No"
"BLD-101350","DOA & Governance Training","Compliance","2","0","Completed","2025-03-01","Yes"
"BLD-101350","Coaching for Performance","Leadership","8","1360","Completed","2025-04-03","No"
"BLD-101352","DOA & Governance Training","Compliance","2","0","In Progress",,"No"
"BLD-101352","DOA & Governance Training","Compliance","2","0","Completed","2025-05-14","No"
"BLD-101352","Presentation Skills","Soft Skills","8","580","Completed","2025-05-05","No"
"BLD-101352","Quality Control Techniques","Technical","16","1600","In Progress",,"No"
"BLD-101353","Conflict Resolution","Soft Skills","4","580","Completed","2025-05-01","No"
"BLD-101353","First-Time Manager Program","Leadership","2","680","Completed","2024-09-17","No"
"BLD-101353","Time Management","Soft Skills","4","2170","Completed","2025-05-13","No"
"BLD-101353","Presentation Skills","Soft Skills","8","1230","In Progress",,"No"
"BLD-101353","Advanced Excel for Reporting","Technical","4","570","Completed","2024-09-05","No"
"BLD-101353","Food Safety & HACCP Refresher","Mandatory","4","0","Completed","2025-11-20","No"
"BLD-101354","Health & Safety Induction","Mandatory","8","0","Not Started",,"No"
"BLD-101354","Time Management","Soft Skills","4","400","Completed","2025-04-04","No"
"BLD-101354","Food Safety & HACCP Refresher","Mandatory","16","0","In Progress",,"No"
"BLD-101354","Quality Control Techniques","Technical","4","790","Completed","2024-11-27","No"
"BLD-101354","Conflict Resolution","Soft Skills","4","1500","Not Started",,"No"
"BLD-101354","DOA & Governance Training","Compliance","2","0","Completed","2023-10-31","Yes"
"BLD-101354","Advanced Excel for Reporting","Technical","2","810","Completed","2025-04-27","No"
"BLD-101354","Health & Safety Induction","Mandatory","4","0","Completed","2023-06-27","No"
"BLD-101354","Health & Safety Induction","Mandatory","4","0","Completed","2025-05-22","No"
"BLD-101354","Qatar Labor Law Essentials","Compliance","2","0","Completed","2023-07-13","Yes"
"BLD-101354","Health & Safety Induction","Mandatory","4","0","In Progress",,"No"
"BLD-101355","Health & Safety Induction","Mandatory","2","0","Completed","2025-09-21","No"
"BLD-101355","Health & Safety Induction","Mandatory","8","0","Completed","2025-08-12","No"
"BLD-101355","Conflict Resolution","Soft Skills","2","630","Not Started",,"No"
"BLD-101355","Time Management","Soft Skills","2","1380","Completed","2025-11-27","No"
"BLD-101355","Cold Chain Logistics","Technical","8","1230","Completed","2024-10-28","Yes"
"BLD-101356","DOA & Governance Training","Compliance","2","0","Completed","2025-04-01","No"
"BLD-101356","Time Management","Soft Skills","2","850","Completed","2025-04-09","No"
"BLD-101356","Strategic Leadership Workshop","Leadership","4","1790","Not Started",,"No"
"BLD-101356","Anti-Bribery & Ethics","Mandatory","4","0","Completed","2025-01-22","No"
"BLD-101357","Qatar Labor Law Essentials","Compliance","2","0","Completed","2023-11-23","No"
"BLD-101357","Data Privacy Awareness","Mandatory","4","0","In Progress",,"No"
"BLD-101357","Food Safety & HACCP Refresher","Mandatory","2","0","Not Started",,"No"
"BLD-101357","Food Safety & HACCP Refresher","Mandatory","2","0","Not Started",,"No"
"BLD-101358","Cold Chain Logistics","Technical","4","1430","Completed","2024-09-24","No"
"BLD-101358","Effective Communication","Soft Skills","16","2130","Completed","2025-03-17","No"
"BLD-101358","Coaching for Performance","Leadership","8","1710","Completed","2025-10-11","No"
"BLD-101359","Coaching for Performance","Leadership","16","1070","Completed","2025-08-29","No"
"BLD-101359","Health & Safety Induction","Mandatory","2","0","Completed","2024-12-22","No"
"BLD-101359","SAP for HR Users","Technical","2","700","In Progress",,"No"
"BLD-101359","Food Safety & HACCP Refresher","Mandatory","4","0","Completed","2025-01-22","No"
"BLD-101360","DOA & Governance Training","Compliance","2","0","Completed","2025-10-12","Yes"
"BLD-101360","Dairy Processing Fundamentals","Technical","4","220","Completed","2024-07-22","No"
"BLD-101360","First-Time Manager Program","Leadership","4","450","Completed","2025-09-15","No"
"BLD-101361","Egyptian Labor Law Essentials","Compliance","2","0","Completed","2024-05-04","Yes"
"BLD-101361","Egyptian Labor Law Essentials","Compliance","4","0","Completed","2025-10-28","No"
"BLD-101361","Cold Chain Logistics","Technical","4","910","Completed","2025-06-20","No"
"BLD-101361","Cold Chain Logistics","Technical","2","1270","Completed","2025-02-27","Yes"
"BLD-101361","Quality Control Techniques","Technical","8","450","In Progress",,"No"
"BLD-101362","Advanced Excel for Reporting","Technical","4","360","Not Started",,"No"
"BLD-101362","Advanced Excel for Reporting","Technical","8","410","In Progress",,"No"
"BLD-101363","Quality Control Techniques","Technical","2","2090","Completed","2025-05-20","Yes"
"BLD-101363","Quality Control Techniques","Technical","4","2170","Completed","2025-10-02","Yes"
"BLD-101363","Advanced Excel for Reporting","Technical","4","1220","Completed","2024-08-03","Yes"
"BLD-101363","Anti-Bribery & Ethics","Mandatory","2","0","Completed","2024-07-02","No"
"BLD-101364","Health & Safety Induction","Mandatory","8","0","Completed","2025-12-31","No"
"BLD-101365","Time Management","Soft Skills","8","2180","Completed","2025-04-09","No"
"BLD-101365","Fire & Emergency Response","Mandatory","8","0","Completed","2025-10-28","No"
"BLD-101365","Presentation Skills","Soft Skills","8","1460","Completed","2025-04-04","No"
"BLD-101365","Food Safety & HACCP Refresher","Mandatory","8","0","Completed","2025-09-18","No"
"BLD-101365","Dairy Processing Fundamentals","Technical","2","630","Completed","2025-09-29","No"
"BLD-101365","Time Management","Soft Skills","8","2030","Completed","2025-07-09","No"
"BLD-101367","Cold Chain Logistics","Technical","2","220","Completed","2025-11-28","No"
"BLD-101367","Quality Control Techniques","Technical","2","1160","Completed","2025-10-15","Yes"
"BLD-101367","Quality Control Techniques","Technical","2","1030","Completed","2025-07-04","Yes"
"BLD-101368","Effective Communication","Soft Skills","16","1220","Completed","2025-10-09","No"
"BLD-101369","Coaching for Performance","Leadership","2","500","Completed","2025-04-30","No"
"BLD-101369","Quality Control Techniques","Technical","8","2100","Completed","2023-07-16","No"
"BLD-101369","Conflict Resolution","Soft Skills","8","2070","Completed","2024-11-01","No"
"BLD-101369","SAP for HR Users","Technical","4","530","Completed","2023-11-19","Yes"
"BLD-101369","Dairy Processing Fundamentals","Technical","8","400","Completed","2023-08-17","No"
"BLD-101369","Effective Communication","Soft Skills","2","1440","Completed","2024-01-16","No"
"BLD-101370","Qatar Labor Law Essentials","Compliance","2","0","Completed","2024-01-02","Yes"
"BLD-101370","Health & Safety Induction","Mandatory","8","0","Completed","2023-09-27","No"
"BLD-101370","SAP for HR Users","Technical","16","210","Completed","2024-06-29","No"
"BLD-101371","Health & Safety Induction","Mandatory","2","0","Completed","2024-03-31","No"
"BLD-101371","Food Safety & HACCP Refresher","Mandatory","4","0","Completed","2025-09-20","No"
"BLD-101371","Fire & Emergency Response","Mandatory","8","0","Completed","2025-04-30","No"
"BLD-101371","Conflict Resolution","Soft Skills","2","770","Not Started",,"No"
"BLD-101371","Time Management","Soft Skills","4","1160","Completed","2024-07-12","No"
"BLD-101371","SAP for HR Users","Technical","8","1550","Completed","2024-09-22","Yes"
"BLD-101371","Fire & Emergency Response","Mandatory","4","0","Not Started",,"No"
"BLD-101371","Anti-Bribery & Ethics","Mandatory","2","0","Not Started",,"No"
"BLD-101372","Food Safety & HACCP Refresher","Mandatory","2","0","Completed","2025-05-07","No"
"BLD-101372","Fire & Emergency Response","Mandatory","4","0","Completed","2025-10-19","No"
"BLD-101372","Quality Control Techniques","Technical","16","950","Completed","2025-07-28","No"
"BLD-101372","Quality Control Techniques","Technical","8","1000","Completed","2025-08-10","No"
"BLD-101373","DOA & Governance Training","Compliance","2","0","Completed","2025-10-02","No"
"BLD-101374","Time Management","Soft Skills","2","420","In Progress",,"No"
"BLD-101374","Time Management","Soft Skills","4","1760","Completed","2025-05-07","No"
"BLD-101374","Presentation Skills","Soft Skills","4","250","Completed","2025-05-16","No"
"BLD-101375","First-Time Manager Program","Leadership","4","1560","Completed","2024-10-23","No"
"BLD-101375","Effective Communication","Soft Skills","2","480","Completed","2025-01-11","No"
"BLD-101375","Time Management","Soft Skills","16","1680","In Progress",,"No"
"BLD-101375","Advanced Excel for Reporting","Technical","4","950","In Progress",,"No"
"BLD-101375","Time Management","Soft Skills","8","1960","Completed","2025-05-21","No"
"BLD-101375","Advanced Excel for Reporting","Technical","4","1260","Completed","2025-05-10","Yes"
"BLD-101376","Fire & Emergency Response","Mandatory","2","0","Completed","2025-07-14","No"
"BLD-101376","Health & Safety Induction","Mandatory","2","0","Completed","2025-06-02","No"
"BLD-101376","Coaching for Performance","Leadership","16","1140","In Progress",,"No"
"BLD-101377","Quality Control Techniques","Technical","16","2010","Completed","2023-11-29","Yes"
"BLD-101379","Coaching for Performance","Leadership","2","1190","Completed","2025-09-23","No"
"BLD-101379","Dairy Processing Fundamentals","Technical","2","1030","Completed","2025-05-04","Yes"
"BLD-101379","Anti-Bribery & Ethics","Mandatory","2","0","Completed","2025-12-30","No"
"BLD-101379","Fire & Emergency Response","Mandatory","2","0","Completed","2025-10-02","No"
"BLD-101380","Health & Safety Induction","Mandatory","4","0","Completed","2024-03-05","No"
"BLD-101380","Effective Communication","Soft Skills","4","1570","In Progress",,"No"
"BLD-101380","Anti-Bribery & Ethics","Mandatory","2","0","Completed","2023-12-18","No"
"BLD-101381","Anti-Bribery & Ethics","Mandatory","4","0","Completed","2025-08-11","No"
"BLD-101382","Presentation Skills","Soft Skills","2","1710","Completed","2025-04-29","No"
"BLD-101382","DOA & Governance Training","Compliance","8","0","Not Started",,"No"
"BLD-101382","Quality Control Techniques","Technical","4","640","Completed","2024-05-13","No"
"BLD-101382","Time Management","Soft Skills","2","390","Completed","2023-12-14","No"
"BLD-101382","Health & Safety Induction","Mandatory","4","0","Completed","2025-07-02","No"
"BLD-101382","Anti-Bribery & Ethics","Mandatory","2","0","Completed","2025-03-25","No"
"BLD-101385","DOA & Governance Training","Compliance","2","0","Completed","2025-12-22","Yes"
"BLD-101385","Effective Communication","Soft Skills","4","870","In Progress",,"No"
"BLD-101388","Health & Safety Induction","Mandatory","8","0","Completed","2025-05-19","No"
"BLD-101388","Advanced Excel for Reporting","Technical","2","1320","Completed","2025-02-13","Yes"
"BLD-101388","Data Privacy Awareness","Mandatory","2","0","Completed","2025-11-15","No"
"BLD-101388","Cold Chain Logistics","Technical","8","1200","Completed","2025-07-03","Yes"
"BLD-101388","Health & Safety Induction","Mandatory","4","0","Completed","2024-05-18","No"
"BLD-101388","Coaching for Performance","Leadership","4","1530","Not Started",,"No"
"BLD-101388","Fire & Emergency Response","Mandatory","4","0","Completed","2025-03-23","No"
"BLD-101389","Anti-Bribery & Ethics","Mandatory","2","0","Completed","2025-03-26","No"
"BLD-101389","Health & Safety Induction","Mandatory","4","0","Completed","2025-10-22","No"
"BLD-101389","SAP for HR Users","Technical","8","1640","Completed","2025-11-15","No"
"BLD-101389","Advanced Excel for Reporting","Technical","2","390","Completed","2025-07-13","Yes"
"BLD-101389","Advanced Excel for Reporting","Technical","2","1240","In Progress",,"No"
"BLD-101390","Fire & Emergency Response","Mandatory","8","0","Completed","2024-12-22","No"
"BLD-101390","Conflict Resolution","Soft Skills","8","1680","Completed","2025-05-10","No"
"BLD-101390","Anti-Bribery & Ethics","Mandatory","16","0","Completed","2025-07-16","No"
"BLD-101390","Anti-Bribery & Ethics","Mandatory","2","0","Completed","2025-11-06","No"
"BLD-101390","Time Management","Soft Skills","2","2130","Completed","2025-09-20","No"
"BLD-101390","Fire & Emergency Response","Mandatory","8","0","Completed","2025-05-08","No"
"BLD-101390","First-Time Manager Program","Leadership","2","1410","Completed","2025-04-19","No"
"BLD-101391","Time Management","Soft Skills","4","1220","Completed","2024-10-11","No"
"BLD-101391","Conflict Resolution","Soft Skills","2","1930","Completed","2024-06-29","No"
"BLD-101391","Coaching for Performance","Leadership","8","2070","Completed","2024-01-25","No"
"BLD-101395","Anti-Bribery & Ethics","Mandatory","2","0","Not Started",,"No"
"BLD-101395","Coaching for Performance","Leadership","2","1370","Not Started",,"No"
"BLD-101395","Presentation Skills","Soft Skills","2","1090","Completed","2025-03-22","No"
"BLD-101396","Health & Safety Induction","Mandatory","4","0","Completed","2025-08-24","No"
"BLD-101396","Anti-Bribery & Ethics","Mandatory","2","0","Completed","2025-01-13","No"
"BLD-101396","Time Management","Soft Skills","8","1940","Completed","2025-07-28","No"
"BLD-101396","SAP for HR Users","Technical","2","1830","Completed","2025-03-26","No"
"BLD-101396","Cold Chain Logistics","Technical","2","820","In Progress",,"No"
"BLD-101398","Food Safety & HACCP Refresher","Mandatory","4","0","Completed","2024-12-08","No"
"BLD-101398","Anti-Bribery & Ethics","Mandatory","2","0","Completed","2025-11-07","No"
"BLD-101398","Coaching for Performance","Leadership","2","1780","Completed","2025-01-07","No"
"BLD-101399","Data Privacy Awareness","Mandatory","8","0","Completed","2024-05-03","No"
"BLD-101399","Data Privacy Awareness","Mandatory","2","0","Completed","2025-10-14","No"
"BLD-101399","Food Safety & HACCP Refresher","Mandatory","2","0","In Progress",,"No"
"BLD-101399","Quality Control Techniques","Technical","4","910","Completed","2025-01-31","Yes"
"BLD-101399","Food Safety & HACCP Refresher","Mandatory","8","0","In Progress",,"No"
"BLD-101400","DOA & Governance Training","Compliance","16","0","Completed","2023-07-29","Yes"
"BLD-101400","Presentation Skills","Soft Skills","2","870","In Progress",,"No"
"BLD-101400","Health & Safety Induction","Mandatory","4","0","Completed","2024-08-23","No"
"BLD-101401","Advanced Excel for Reporting","Technical","16","1700","Completed","2025-02-12","Yes"
"BLD-101402","Food Safety & HACCP Refresher","Mandatory","4","0","Completed","2025-08-20","No"
"BLD-101402","Strategic Leadership Workshop","Leadership","2","840","Completed","2025-09-11","No"
"BLD-101402","Fire & Emergency Response","Mandatory","8","0","In Progress",,"No"
"BLD-101402","DOA & Governance Training","Compliance","4","0","In Progress",,"No"
"BLD-101402","Advanced Excel for Reporting","Technical","2","1600","Completed","2025-10-16","Yes"
"BLD-101403","DOA & Governance Training","Compliance","4","0","Not Started",,"No"
"BLD-101403","Data Privacy Awareness","Mandatory","2","0","Completed","2025-08-23","No"
"BLD-101403","Data Privacy Awareness","Mandatory","4","0","Completed","2025-03-15","No"
"BLD-101403","Conflict Resolution","Soft Skills","2","710","Completed","2024-11-02","No"
"BLD-101405","DOA & Governance Training","Compliance","8","0","Completed","2025-08-23","Yes"
"BLD-101405","Data Privacy Awareness","Mandatory","8","0","Completed","2025-10-08","No"
"BLD-101405","DOA & Governance Training","Compliance","8","0","Completed","2025-04-05","Yes"
"BLD-101406","Coaching for Performance","Leadership","8","590","Completed","2025-09-02","No"
"BLD-101407","Presentation Skills","Soft Skills","8","1650","Completed","2025-11-23","No"
"BLD-101407","Anti-Bribery & Ethics","Mandatory","8","0","Completed","2025-12-31","No"
"BLD-101408","Data Privacy Awareness","Mandatory","2","0","Completed","2023-10-29","No"
"BLD-101408","Anti-Bribery & Ethics","Mandatory","4","0","Completed","2023-05-29","No"
"BLD-101408","Time Management","Soft Skills","2","1230","Completed","2023-10-21","No"
"BLD-101408","First-Time Manager Program","Leadership","8","1390","In Progress",,"No"
"BLD-101408","DOA & Governance Training","Compliance","4","0","Completed","2023-11-03","No"
"BLD-101409","Advanced Excel for Reporting","Technical","2","1510","In Progress",,"No"
"BLD-101409","Presentation Skills","Soft Skills","4","990","In Progress",,"No"
"BLD-101409","Effective Communication","Soft Skills","2","260","Completed","2024-02-25","No"
"BLD-101409","DOA & Governance Training","Compliance","8","0","Completed","2024-03-25","Yes"
"BLD-101409","Strategic Leadership Workshop","Leadership","2","810","Completed","2025-03-17","No"
"BLD-101409","Time Management","Soft Skills","4","2130","Completed","2025-09-27","No"
"BLD-101409","Fire & Emergency Response","Mandatory","8","0","Completed","2024-12-31","No"
"BLD-101410","Food Safety & HACCP Refresher","Mandatory","2","0","Not Started",,"No"
"BLD-101410","Strategic Leadership Workshop","Leadership","16","510","Completed","2023-08-01","No"
"BLD-101410","DOA & Governance Training","Compliance","2","0","In Progress",,"No"
"BLD-101410","Data Privacy Awareness","Mandatory","8","0","Completed","2023-11-30","No"
"BLD-101410","First-Time Manager Program","Leadership","2","860","Completed","2023-03-10","No"
"BLD-101410","Anti-Bribery & Ethics","Mandatory","8","0","Not Started",,"No"
"BLD-101410","DOA & Governance Training","Compliance","2","0","Completed","2024-07-26","Yes"
"BLD-101410","Fire & Emergency Response","Mandatory","2","0","Completed","2024-06-27","No"
"BLD-101410","Advanced Excel for Reporting","Technical","4","1460","In Progress",,"No"
"BLD-101410","Food Safety & HACCP Refresher","Mandatory","16","0","In Progress",,"No"
"BLD-101410","Cold Chain Logistics","Technical","2","2050","In Progress",,"No"
"BLD-101410","Health & Safety Induction","Mandatory","2","0","Completed","2023-05-28","No"
"BLD-101411","Effective Communication","Soft Skills","2","1040","Completed","2024-03-13","No"
"BLD-101411","Quality Control Techniques","Technical","16","230","Completed","2025-11-28","No"
"BLD-101411","Time Management","Soft Skills","4","620","Not Started",,"No"
"BLD-101411","Health & Safety Induction","Mandatory","4","0","Completed","2025-07-17","No"
"BLD-101411","Cold Chain Logistics","Technical","4","310","Completed","2024-04-16","No"
"BLD-101411","Qatar Labor Law Essentials","Compliance","2","0","Completed","2024-09-10","Yes"
"BLD-101412","Qatar Labor Law Essentials","Compliance","4","0","In Progress",,"No"
"BLD-101413","Food Safety & HACCP Refresher","Mandatory","2","0","Completed","2025-03-27","No"
"BLD-101414","Data Privacy Awareness","Mandatory","2","0","Completed","2024-04-03","No"
"BLD-101414","Effective Communication","Soft Skills","2","290","Not Started",,"No"
"BLD-101414","Data Privacy Awareness","Mandatory","2","0","In Progress",,"No"
"BLD-101415","Strategic Leadership Workshop","Leadership","4","350","In Progress",,"No"
"BLD-101416","Strategic Leadership Workshop","Leadership","4","2010","Completed","2024-11-06","No"
"BLD-101417","Strategic Leadership Workshop","Leadership","8","1510","Completed","2024-09-28","No"
"BLD-101417","Advanced Excel for Reporting","Technical","4","1560","Completed","2025-01-25","Yes"
"BLD-101417","Strategic Leadership Workshop","Leadership","4","1910","Completed","2025-12-24","No"
"BLD-101417","Fire & Emergency Response","Mandatory","8","0","Completed","2025-07-08","No"
"BLD-101417","Time Management","Soft Skills","4","200","Completed","2025-12-17","No"
"BLD-101417","DOA & Governance Training","Compliance","4","0","Completed","2024-01-17","No"
"BLD-101418","SAP for HR Users","Technical","16","450","Completed","2025-06-27","Yes"
"BLD-101418","Qatar Labor Law Essentials","Compliance","2","0","In Progress",,"No"
"BLD-101418","Advanced Excel for Reporting","Technical","2","1860","Completed","2024-11-02","Yes"
"BLD-101418","Food Safety & HACCP Refresher","Mandatory","2","0","In Progress",,"No"
"BLD-101418","Anti-Bribery & Ethics","Mandatory","2","0","Completed","2025-07-21","No"
"BLD-101419","Effective Communication","Soft Skills","8","480","Completed","2025-11-25","No"
"BLD-101419","Presentation Skills","Soft Skills","8","1410","Completed","2025-12-27","No"
"BLD-101420","Coaching for Performance","Leadership","4","1010","Completed","2023-05-11","No"
"BLD-101420","DOA & Governance Training","Compliance","2","0","Completed","2024-03-06","No"
"BLD-101420","Strategic Leadership Workshop","Leadership","4","1030","Completed","2023-08-03","No"
"BLD-101421","Effective Communication","Soft Skills","2","1140","Completed","2023-05-17","No"
"BLD-101421","Presentation Skills","Soft Skills","2","2050","Completed","2025-09-03","No"
"BLD-101421","DOA & Governance Training","Compliance","8","0","Not Started",,"No"
"BLD-101421","Qatar Labor Law Essentials","Compliance","2","0","Completed","2025-08-02","No"
"BLD-101421","Food Safety & HACCP Refresher","Mandatory","8","0","Completed","2024-06-13","No"
"BLD-101421","Presentation Skills","Soft Skills","2","590","Not Started",,"No"
"BLD-101421","SAP for HR Users","Technical","16","860","Completed","2025-11-04","No"
"BLD-101421","Cold Chain Logistics","Technical","4","1110","In Progress",,"No"
"BLD-101422","Cold Chain Logistics","Technical","8","2180","Completed","2025-08-11","No"
"BLD-101422","Coaching for Performance","Leadership","2","1110","Completed","2025-09-30","No"
"BLD-101423","Quality Control Techniques","Technical","4","870","Completed","2024-12-10","Yes"
"BLD-101423","Qatar Labor Law Essentials","Compliance","4","0","Completed","2024-08-06","Yes"
"BLD-101423","Qatar Labor Law Essentials","Compliance","2","0","In Progress",,"No"
"BLD-101423","Time Management","Soft Skills","8","1330","Completed","2024-09-03","No"
"BLD-101425","SAP for HR Users","Technical","4","1590","Completed","2025-04-13","No"
"BLD-101425","Strategic Leadership Workshop","Leadership","2","1500","In Progress",,"No"
"BLD-101425","Cold Chain Logistics","Technical","2","1120","Completed","2025-02-08","No"
"BLD-101425","Data Privacy Awareness","Mandatory","4","0","Completed","2025-04-09","No"
"BLD-101426","Quality Control Techniques","Technical","8","2200","Completed","2025-09-14","No"
"BLD-101426","Health & Safety Induction","Mandatory","2","0","In Progress",,"No"
"BLD-101427","Quality Control Techniques","Technical","2","1550","Completed","2025-07-10","Yes"
"BLD-101427","Food Safety & HACCP Refresher","Mandatory","4","0","Completed","2025-02-17","No"
"BLD-101428","Dairy Processing Fundamentals","Technical","4","890","Not Started",,"No"
"BLD-101428","DOA & Governance Training","Compliance","4","0","Completed","2025-03-19","Yes"
"BLD-101428","Food Safety & HACCP Refresher","Mandatory","16","0","Not Started",,"No"
"BLD-101428","Advanced Excel for Reporting","Technical","16","1590","Completed","2024-08-27","No"
"BLD-101429","Conflict Resolution","Soft Skills","2","430","Completed","2023-09-24","No"
"BLD-101429","Health & Safety Induction","Mandatory","2","0","In Progress",,"No"
"BLD-101429","Quality Control Techniques","Technical","8","1160","Completed","2024-07-04","Yes"
"BLD-101429","Conflict Resolution","Soft Skills","8","2170","Completed","2023-12-29","No"
"BLD-101429","Effective Communication","Soft Skills","4","2100","Completed","2024-04-05","No"
"BLD-101430","Egyptian Labor Law Essentials","Compliance","2","0","Completed","2025-10-06","Yes"
"BLD-101431","Time Management","Soft Skills","2","190","Completed","2024-07-22","No"
"BLD-101431","Qatar Labor Law Essentials","Compliance","8","0","Completed","2024-06-17","Yes"
"BLD-101431","Coaching for Performance","Leadership","2","440","Completed","2023-08-31","No"
"BLD-101431","Coaching for Performance","Leadership","4","500","Completed","2024-05-09","No"
"BLD-101431","DOA & Governance Training","Compliance","8","0","Completed","2023-07-30","Yes"
"BLD-101432","First-Time Manager Program","Leadership","2","300","In Progress",,"No"
"BLD-101432","Anti-Bribery & Ethics","Mandatory","2","0","Completed","2023-08-16","No"
"BLD-101432","DOA & Governance Training","Compliance","2","0","Completed","2023-07-17","Yes"
"BLD-101432","Food Safety & HACCP Refresher","Mandatory","4","0","Not Started",,"No"
"BLD-101432","Qatar Labor Law Essentials","Compliance","16","0","Completed","2023-09-13","Yes"
"BLD-101432","Effective Communication","Soft Skills","8","560","Completed","2024-09-14","No"
"BLD-101432","Effective Communication","Soft Skills","8","1720","In Progress",,"No"
"BLD-101433","Cold Chain Logistics","Technical","4","380","Completed","2023-10-06","Yes"
"BLD-101433","SAP for HR Users","Technical","2","1550","Completed","2023-12-07","Yes"
"BLD-101433","Anti-Bribery & Ethics","Mandatory","8","0","Not Started",,"No"
"BLD-101435","Time Management","Soft Skills","8","1210","Completed","2025-11-27","No"
"BLD-101435","Coaching for Performance","Leadership","2","360","Completed","2024-01-13","No"
"BLD-101435","DOA & Governance Training","Compliance","4","0","Completed","2025-09-25","No"
"BLD-101435","Quality Control Techniques","Technical","2","300","Completed","2025-04-16","No"
"BLD-101435","Presentation Skills","Soft Skills","4","1450","Completed","2025-02-23","No"
"BLD-101435","Data Privacy Awareness","Mandatory","2","0","Not Started",,"No"
"BLD-101435","Qatar Labor Law Essentials","Compliance","8","0","In Progress",,"No"
"BLD-101435","Coaching for Performance","Leadership","8","410","Completed","2025-03-24","No"
"BLD-101435","Coaching for Performance","Leadership","8","1860","In Progress",,"No"
"BLD-101436","First-Time Manager Program","Leadership","16","1920","Completed","2024-06-15","No"
"BLD-101436","Time Management","Soft Skills","2","300","In Progress",,"No"
"BLD-101436","Qatar Labor Law Essentials","Compliance","2","0","In Progress",,"No"
"BLD-101436","Food Safety & HACCP Refresher","Mandatory","2","0","In Progress",,"No"
"BLD-101436","Time Management","Soft Skills","4","1030","Completed","2024-06-26","No"
"BLD-101436","Effective Communication","Soft Skills","4","990","Completed","2024-11-05","No"
"BLD-101436","Food Safety & HACCP Refresher","Mandatory","4","0","Completed","2024-07-20","No"
"BLD-101436","Conflict Resolution","Soft Skills","4","920","Completed","2023-06-28","No"
"BLD-101436","Presentation Skills","Soft Skills","2","1670","Completed","2025-06-06","No"
"BLD-101436","Food Safety & HACCP Refresher","Mandatory","4","0","Completed","2024-01-13","No"
"BLD-101437","Cold Chain Logistics","Technical","4","1190","Completed","2025-03-06","Yes"
"BLD-101437","Qatar Labor Law Essentials","Compliance","8","0","Completed","2025-03-08","No"
"BLD-101438","Qatar Labor Law Essentials","Compliance","2","0","Completed","2024-10-15","Yes"
"BLD-101438","Dairy Processing Fundamentals","Technical","4","1440","Completed","2025-04-08","No"
"BLD-101438","Qatar Labor Law Essentials","Compliance","8","0","Completed","2024-08-28","Yes"
"BLD-101438","Effective Communication","Soft Skills","4","910","Completed","2025-06-15","No"
"BLD-101440","First-Time Manager Program","Leadership","2","1560","Completed","2023-11-12","No"
"BLD-101440","SAP for HR Users","Technical","2","950","Completed","2024-01-30","Yes"
"BLD-101440","DOA & Governance Training","Compliance","8","0","In Progress",,"No"
"BLD-101440","Health & Safety Induction","Mandatory","16","0","Completed","2025-01-09","No"
"BLD-101440","Advanced Excel for Reporting","Technical","8","1130","Completed","2024-08-18","No"
"BLD-101440","Fire & Emergency Response","Mandatory","4","0","Not Started",,"No"
"BLD-101440","SAP for HR Users","Technical","2","1010","Completed","2024-11-06","No"
"BLD-101441","Qatar Labor Law Essentials","Compliance","4","0","In Progress",,"No"
"BLD-101441","Qatar Labor Law Essentials","Compliance","2","0","In Progress",,"No"
"BLD-101444","Presentation Skills","Soft Skills","4","1580","Completed","2025-06-20","No"
"BLD-101444","DOA & Governance Training","Compliance","2","0","Completed","2023-04-11","No"
"BLD-101444","Health & Safety Induction","Mandatory","16","0","Completed","2024-08-28","No"
"BLD-101444","Quality Control Techniques","Technical","4","640","In Progress",,"No"
"BLD-101444","Dairy Processing Fundamentals","Technical","16","160","In Progress",,"No"
"BLD-101444","Fire & Emergency Response","Mandatory","8","0","Completed","2023-09-17","No"
"BLD-101444","First-Time Manager Program","Leadership","4","360","In Progress",,"No"
"BLD-101444","Coaching for Performance","Leadership","8","1720","Completed","2023-10-05","No"
"BLD-101444","Anti-Bribery & Ethics","Mandatory","8","0","In Progress",,"No"
"BLD-101445","Anti-Bribery & Ethics","Mandatory","4","0","Completed","2023-09-29","No"
"BLD-101445","Health & Safety Induction","Mandatory","2","0","Completed","2023-12-10","No"
"BLD-101446","Advanced Excel for Reporting","Technical","4","930","Not Started",,"No"
"BLD-101447","Health & Safety Induction","Mandatory","4","0","Completed","2024-07-13","No"
"BLD-101447","Effective Communication","Soft Skills","4","1710","In Progress",,"No"
"BLD-101448","Advanced Excel for Reporting","Technical","2","1390","Completed","2025-05-03","No"
"BLD-101448","Food Safety & HACCP Refresher","Mandatory","2","0","Completed","2025-08-15","No"
"BLD-101448","Strategic Leadership Workshop","Leadership","4","1890","Completed","2025-01-10","No"
"BLD-101448","Egyptian Labor Law Essentials","Compliance","8","0","In Progress",,"No"
"BLD-101448","Strategic Leadership Workshop","Leadership","2","1000","Completed","2025-10-27","No"
"BLD-101448","First-Time Manager Program","Leadership","8","1710","Completed","2024-11-29","No"
"BLD-101449","Cold Chain Logistics","Technical","4","1090","In Progress",,"No"
"BLD-101450","SAP for HR Users","Technical","4","1010","Completed","2025-05-11","Yes"
"BLD-101450","Data Privacy Awareness","Mandatory","8","0","Completed","2025-01-24","No"
"BLD-101450","Health & Safety Induction","Mandatory","4","0","Completed","2024-09-16","No"
"BLD-101452","Anti-Bribery & Ethics","Mandatory","4","0","Completed","2025-12-28","No"
"BLD-101453","Cold Chain Logistics","Technical","2","1650","Completed","2023-04-02","No"
"BLD-101453","Egyptian Labor Law Essentials","Compliance","8","0","Completed","2023-09-11","No"
"BLD-101454","Presentation Skills","Soft Skills","4","370","Completed","2025-09-05","No"
"BLD-101454","Presentation Skills","Soft Skills","8","1010","Completed","2024-01-27","No"
"BLD-101454","Data Privacy Awareness","Mandatory","2","0","In Progress",,"No"
"BLD-101454","Egyptian Labor Law Essentials","Compliance","4","0","Not Started",,"No"
"BLD-101454","Dairy Processing Fundamentals","Technical","2","500","Completed","2025-09-04","No"
"BLD-101455","Conflict Resolution","Soft Skills","8","1280","Completed","2023-07-09","No"
"BLD-101456","Anti-Bribery & Ethics","Mandatory","4","0","Completed","2025-08-06","No"
"BLD-101457","SAP for HR Users","Technical","2","320","Completed","2025-11-16","Yes"
"BLD-101458","Health & Safety Induction","Mandatory","2","0","Completed","2025-11-11","No"
"BLD-101458","DOA & Governance Training","Compliance","2","0","Completed","2025-10-18","No"
"BLD-101459","Cold Chain Logistics","Technical","2","2110","Not Started",,"No"
"BLD-101459","Data Privacy Awareness","Mandatory","2","0","Completed","2025-07-24","No"
"BLD-101460","Quality Control Techniques","Technical","2","690","Completed","2025-09-19","No"
"BLD-101462","Quality Control Techniques","Technical","4","1500","Completed","2023-09-02","No"
"BLD-101462","Dairy Processing Fundamentals","Technical","2","690","Completed","2025-11-09","No"
"BLD-101462","DOA & Governance Training","Compliance","4","0","Completed","2025-09-11","Yes"
"BLD-101462","Conflict Resolution","Soft Skills","2","1400","Not Started",,"No"
"BLD-101462","Time Management","Soft Skills","8","1080","Completed","2025-08-09","No"
"BLD-101462","Dairy Processing Fundamentals","Technical","4","410","In Progress",,"No"
"BLD-101462","Qatar Labor Law Essentials","Compliance","2","0","Completed","2025-09-10","No"
"BLD-101463","Data Privacy Awareness","Mandatory","2","0","Completed","2025-07-21","No"
"BLD-101463","Qatar Labor Law Essentials","Compliance","4","0","Completed","2025-07-18","No"
"BLD-101463","Cold Chain Logistics","Technical","8","1460","Completed","2025-07-22","No"
"BLD-101463","Food Safety & HACCP Refresher","Mandatory","2","0","Completed","2025-03-01","No"
"BLD-101463","DOA & Governance Training","Compliance","8","0","Completed","2025-01-08","Yes"
"BLD-101464","Coaching for Performance","Leadership","2","800","Completed","2024-11-08","No"
"BLD-101464","Strategic Leadership Workshop","Leadership","2","1250","Completed","2025-05-02","No"
"BLD-101464","Fire & Emergency Response","Mandatory","8","0","Not Started",,"No"
"BLD-101464","Cold Chain Logistics","Technical","2","870","Completed","2025-03-19","No"
"BLD-101464","Time Management","Soft Skills","4","1630","Completed","2023-08-10","No"
"BLD-101464","Cold Chain Logistics","Technical","4","290","Completed","2024-08-26","No"
"BLD-101465","Quality Control Techniques","Technical","4","1150","Completed","2024-12-08","No"
"BLD-101465","Health & Safety Induction","Mandatory","2","0","Completed","2024-12-23","No"
"BLD-101465","Presentation Skills","Soft Skills","4","300","Completed","2025-03-25","No"
"BLD-101465","Advanced Excel for Reporting","Technical","4","2170","Completed","2025-10-04","Yes"
"BLD-101465","First-Time Manager Program","Leadership","2","190","Completed","2024-06-02","No"
"BLD-101465","Health & Safety Induction","Mandatory","8","0","Completed","2025-12-27","No"
"BLD-101466","Coaching for Performance","Leadership","4","260","Completed","2024-06-10","No"
"BLD-101467","Dairy Processing Fundamentals","Technical","2","1970","Completed","2025-08-13","Yes"
"BLD-101467","Coaching for Performance","Leadership","4","280","Completed","2025-01-23","No"
"BLD-101467","Dairy Processing Fundamentals","Technical","4","1730","Completed","2024-12-04","Yes"
"BLD-101467","Conflict Resolution","Soft Skills","8","2160","Completed","2024-11-13","No"
"BLD-101469","Strategic Leadership Workshop","Leadership","2","590","Completed","2024-12-08","No"
"BLD-101469","Food Safety & HACCP Refresher","Mandatory","2","0","Completed","2025-04-14","No"
"BLD-101469","Presentation Skills","Soft Skills","8","1330","Not Started",,"No"
"BLD-101469","DOA & Governance Training","Compliance","2","0","Completed","2025-02-19","No"
"BLD-101469","Cold Chain Logistics","Technical","4","1950","Not Started",,"No"
"BLD-101469","SAP for HR Users","Technical","2","1620","Completed","2024-11-07","No"
"BLD-101469","Cold Chain Logistics","Technical","2","1300","Completed","2024-05-14","No"
"BLD-101469","Cold Chain Logistics","Technical","2","550","Completed","2024-11-30","Yes"
"BLD-101469","Qatar Labor Law Essentials","Compliance","4","0","Completed","2024-01-10","Yes"
"BLD-101469","Fire & Emergency Response","Mandatory","2","0","In Progress",,"No"
"BLD-101471","Qatar Labor Law Essentials","Compliance","2","0","Completed","2024-05-22","Yes"
"BLD-101471","Time Management","Soft Skills","8","1940","Completed","2025-08-26","No"
"BLD-101471","Coaching for Performance","Leadership","4","1630","Completed","2024-11-02","No"
"BLD-101471","Strategic Leadership Workshop","Leadership","4","170","Completed","2024-12-10","No"
"BLD-101471","Strategic Leadership Workshop","Leadership","8","1690","Completed","2025-11-06","No"
"BLD-101471","First-Time Manager Program","Leadership","2","1830","Completed","2024-05-22","No"
"BLD-101473","Fire & Emergency Response","Mandatory","2","0","Completed","2025-02-18","No"
"BLD-101473","SAP for HR Users","Technical","4","180","Completed","2024-11-23","No"
"BLD-101473","SAP for HR Users","Technical","2","1360","Completed","2025-03-26","No"
"BLD-101474","SAP for HR Users","Technical","8","1670","Completed","2025-01-02","No"
"BLD-101474","Presentation Skills","Soft Skills","2","1960","Completed","2025-09-14","No"
"BLD-101474","SAP for HR Users","Technical","2","750","Completed","2025-03-16","No"
"BLD-101475","Strategic Leadership Workshop","Leadership","4","1570","Completed","2023-10-28","No"
"BLD-101475","Data Privacy Awareness","Mandatory","2","0","Completed","2023-07-09","No"
"BLD-101475","Advanced Excel for Reporting","Technical","2","620","Completed","2023-11-26","No"
"BLD-101475","Fire & Emergency Response","Mandatory","8","0","Not Started",,"No"
"BLD-101475","DOA & Governance Training","Compliance","8","0","Completed","2024-11-26","No"
"BLD-101475","First-Time Manager Program","Leadership","2","920","Completed","2024-09-26","No"
"BLD-101475","Qatar Labor Law Essentials","Compliance","2","0","Completed","2025-12-24","No"
"BLD-101477","Food Safety & HACCP Refresher","Mandatory","4","0","Completed","2024-03-12","No"
"BLD-101477","First-Time Manager Program","Leadership","8","1790","Completed","2025-03-04","No"
"BLD-101477","Data Privacy Awareness","Mandatory","8","0","Completed","2024-04-25","No"
"BLD-101477","SAP for HR Users","Technical","2","1130","Completed","2025-06-16","Yes"
"BLD-101477","Qatar Labor Law Essentials","Compliance","4","0","Completed","2025-06-18","Yes"
"BLD-101477","Advanced Excel for Reporting","Technical","4","1610","Completed","2025-04-07","Yes"
"BLD-101479","Time Management","Soft Skills","4","910","Completed","2024-03-22","No"
"BLD-101479","Strategic Leadership Workshop","Leadership","2","1690","Completed","2025-02-11","No"
"BLD-101479","DOA & Governance Training","Compliance","16","0","Completed","2025-02-24","No"
"BLD-101479","Conflict Resolution","Soft Skills","8","550","Completed","2025-07-23","No"
"BLD-101480","Data Privacy Awareness","Mandatory","4","0","Completed","2025-06-26","No"
"BLD-101480","Health & Safety Induction","Mandatory","2","0","Completed","2025-06-13","No"
"BLD-101480","Cold Chain Logistics","Technical","4","160","Completed","2025-05-04","No"
"BLD-101481","Health & Safety Induction","Mandatory","2","0","Completed","2024-08-15","No"
"BLD-101481","Time Management","Soft Skills","16","1280","Completed","2024-08-13","No"
"BLD-101481","Egyptian Labor Law Essentials","Compliance","16","0","Completed","2025-08-27","Yes"
"BLD-101482","Data Privacy Awareness","Mandatory","2","0","In Progress",,"No"
"BLD-101483","Cold Chain Logistics","Technical","2","520","Completed","2024-09-13","Yes"
"BLD-101483","Qatar Labor Law Essentials","Compliance","4","0","Completed","2023-10-27","Yes"
"BLD-101483","Dairy Processing Fundamentals","Technical","4","1780","Completed","2024-02-18","Yes"
"BLD-101483","Advanced Excel for Reporting","Technical","8","1870","Completed","2025-04-28","No"
"BLD-101484","Food Safety & HACCP Refresher","Mandatory","4","0","Completed","2025-10-05","No"
"BLD-101485","Anti-Bribery & Ethics","Mandatory","4","0","Completed","2025-08-28","No"
"BLD-101485","Quality Control Techniques","Technical","8","930","In Progress",,"No"
"BLD-101485","Cold Chain Logistics","Technical","2","700","Not Started",,"No"
"BLD-101485","DOA & Governance Training","Compliance","4","0","Completed","2025-07-19","No"
"BLD-101487","First-Time Manager Program","Leadership","4","2120","Completed","2025-06-10","No"
"BLD-101488","Conflict Resolution","Soft Skills","8","1500","Completed","2024-06-05","No"
"BLD-101488","Dairy Processing Fundamentals","Technical","2","2160","Completed","2025-03-10","Yes"
"BLD-101488","Effective Communication","Soft Skills","8","2050","Completed","2024-07-16","No"
"BLD-101488","Cold Chain Logistics","Technical","8","1840","Completed","2025-02-07","Yes"
"BLD-101488","Quality Control Techniques","Technical","2","850","Completed","2025-09-09","No"
"BLD-101489","Egyptian Labor Law Essentials","Compliance","16","0","Completed","2025-01-10","Yes"
"BLD-101489","Food Safety & HACCP Refresher","Mandatory","8","0","Completed","2024-12-04","No"
"BLD-101489","Dairy Processing Fundamentals","Technical","4","1560","Completed","2024-05-28","No"
"BLD-101489","Health & Safety Induction","Mandatory","8","0","Completed","2024-11-18","No"
"BLD-101489","Presentation Skills","Soft Skills","2","580","In Progress",,"No"
"BLD-101490","Strategic Leadership Workshop","Leadership","4","900","Not Started",,"No"
"BLD-101490","Strategic Leadership Workshop","Leadership","8","680","Completed","2023-10-19","No"
"BLD-101490","Data Privacy Awareness","Mandatory","16","0","Completed","2024-06-20","No"
"BLD-101490","Fire & Emergency Response","Mandatory","4","0","Completed","2024-02-07","No"
"BLD-101490","Fire & Emergency Response","Mandatory","8","0","Completed","2025-01-18","No"
"BLD-101490","Conflict Resolution","Soft Skills","8","670","In Progress",,"No"
"BLD-101491","Strategic Leadership Workshop","Leadership","2","2100","Completed","2024-08-31","No"
"BLD-101491","Fire & Emergency Response","Mandatory","8","0","Completed","2025-05-27","No"
"BLD-101491","Cold Chain Logistics","Technical","2","1450","Completed","2025-10-03","No"
"BLD-101491","Health & Safety Induction","Mandatory","16","0","In Progress",,"No"
"BLD-101491","Effective Communication","Soft Skills","8","280","Completed","2024-11-10","No"
"BLD-101491","SAP for HR Users","Technical","2","520","Completed","2025-06-27","No"
"BLD-101492","Food Safety & HACCP Refresher","Mandatory","8","0","Completed","2024-03-22","No"
"BLD-101492","Data Privacy Awareness","Mandatory","8","0","Completed","2024-09-22","No"
"BLD-101493","Health & Safety Induction","Mandatory","4","0","Completed","2023-02-17","No"
"BLD-101494","Fire & Emergency Response","Mandatory","8","0","Completed","2025-12-02","No"
"BLD-101494","Advanced Excel for Reporting","Technical","4","2190","Completed","2025-01-16","No"
"BLD-101494","Health & Safety Induction","Mandatory","4","0","Completed","2025-11-25","No"
"BLD-101494","Conflict Resolution","Soft Skills","8","970","Completed","2025-12-08","No"
"BLD-101495","First-Time Manager Program","Leadership","8","940","Completed","2023-10-16","No"
"BLD-101495","Fire & Emergency Response","Mandatory","8","0","Completed","2025-07-01","No"
"BLD-101495","Anti-Bribery & Ethics","Mandatory","4","0","Completed","2025-06-06","No"
"BLD-101496","Presentation Skills","Soft Skills","2","1780","Completed","2025-05-03","No"
"BLD-101496","SAP for HR Users","Technical","8","1680","Completed","2025-10-22","No"
"BLD-101496","Cold Chain Logistics","Technical","4","1190","Completed","2024-12-28","No"
"BLD-101496","Conflict Resolution","Soft Skills","8","1760","Completed","2024-07-17","No"
"BLD-101497","Advanced Excel for Reporting","Technical","2","640","Completed","2024-08-02","No"
"BLD-101497","First-Time Manager Program","Leadership","2","190","Completed","2025-07-25","No"
"BLD-101497","DOA & Governance Training","Compliance","4","0","Completed","2024-06-01","No"
"BLD-101497","Time Management","Soft Skills","8","730","Completed","2024-07-20","No"
"BLD-101497","Quality Control Techniques","Technical","8","290","In Progress",,"No"
"BLD-101497","DOA & Governance Training","Compliance","8","0","Completed","2025-12-13","No"
"BLD-101498","Dairy Processing Fundamentals","Technical","4","690","Completed","2025-06-20","No"
"BLD-101498","Time Management","Soft Skills","8","2080","Completed","2025-04-09","No"
"BLD-101499","Conflict Resolution","Soft Skills","8","1260","Completed","2023-11-18","No"
"BLD-101499","Time Management","Soft Skills","2","1720","Completed","2025-01-07","No"
"BLD-101499","Conflict Resolution","Soft Skills","4","1220","Completed","2023-12-04","No"
"BLD-101499","Dairy Processing Fundamentals","Technical","8","470","Completed","2024-08-05","Yes"
"BLD-101500","Qatar Labor Law Essentials","Compliance","16","0","Completed","2025-06-25","Yes"
"BLD-101500","Time Management","Soft Skills","8","830","Not Started",,"No"
"BLD-101500","SAP for HR Users","Technical","2","1840","Completed","2025-02-22","No"
"BLD-101500","Dairy Processing Fundamentals","Technical","2","1350","Completed","2025-04-09","No"
"BLD-101500","Conflict Resolution","Soft Skills","8","1970","Completed","2025-10-06","No"
"BLD-101500","Presentation Skills","Soft Skills","8","2190","In Progress",,"No"
"BLD-101500","Data Privacy Awareness","Mandatory","2","0","In Progress",,"No"
"BLD-101501","Presentation Skills","Soft Skills","2","1650","In Progress",,"No"
"BLD-101501","Effective Communication","Soft Skills","2","610","Completed","2023-11-27","No"
"BLD-101501","Fire & Emergency Response","Mandatory","8","0","Completed","2024-11-12","No"
"BLD-101501","Strategic Leadership Workshop","Leadership","2","640","Completed","2024-11-18","No"
"BLD-101501","Advanced Excel for Reporting","Technical","2","410","Completed","2025-01-31","Yes"
"BLD-101502","First-Time Manager Program","Leadership","8","1640","Completed","2025-08-10","No"
"BLD-101502","Presentation Skills","Soft Skills","16","160","Completed","2025-08-26","No"
"BLD-101502","Strategic Leadership Workshop","Leadership","2","1680","Completed","2025-02-14","No"
"BLD-101502","Advanced Excel for Reporting","Technical","4","1400","Completed","2024-08-10","Yes"
"BLD-101502","First-Time Manager Program","Leadership","2","780","Completed","2025-11-14","No"
"BLD-101503","Time Management","Soft Skills","2","440","In Progress",,"No"
"BLD-101503","Presentation Skills","Soft Skills","2","1430","Completed","2024-04-07","No"
"BLD-101503","Effective Communication","Soft Skills","4","580","Completed","2025-01-20","No"
"BLD-101503","Conflict Resolution","Soft Skills","8","1820","Completed","2023-09-10","No"
"BLD-101503","Coaching for Performance","Leadership","4","2010","Completed","2024-01-14","No"
"BLD-101503","Time Management","Soft Skills","16","1010","Completed","2023-07-19","No"
"BLD-101504","Fire & Emergency Response","Mandatory","2","0","Completed","2023-01-24","No"
"BLD-101504","Data Privacy Awareness","Mandatory","2","0","Completed","2023-02-13","No"
"BLD-101505","Qatar Labor Law Essentials","Compliance","2","0","Completed","2024-11-05","No"
"BLD-101505","SAP for HR Users","Technical","4","670","Completed","2025-10-11","Yes"
"BLD-101505","Cold Chain Logistics","Technical","16","390","Completed","2025-04-11","No"
"BLD-101505","First-Time Manager Program","Leadership","8","1690","Completed","2025-08-23","No"
"BLD-101505","Health & Safety Induction","Mandatory","4","0","Completed","2025-05-21","No"
"BLD-101505","Quality Control Techniques","Technical","4","870","In Progress",,"No"
"BLD-101505","Effective Communication","Soft Skills","16","1780","Completed","2025-02-22","No"
"BLD-101506","Dairy Processing Fundamentals","Technical","4","1830","Completed","2025-05-17","Yes"
"BLD-101506","Anti-Bribery & Ethics","Mandatory","8","0","Completed","2025-04-23","No"
"BLD-101506","Dairy Processing Fundamentals","Technical","8","1130","Completed","2025-11-16","Yes"
"BLD-101506","First-Time Manager Program","Leadership","4","1470","Completed","2025-02-21","No"
"BLD-101506","Egyptian Labor Law Essentials","Compliance","2","0","In Progress",,"No"
"BLD-101506","SAP for HR Users","Technical","2","1130","Completed","2025-01-25","Yes"
"BLD-101507","Cold Chain Logistics","Technical","2","160","Completed","2025-07-24","No"
"BLD-101507","Effective Communication","Soft Skills","4","1210","Completed","2025-12-11","No"
"BLD-101508","Dairy Processing Fundamentals","Technical","8","880","Completed","2025-10-22","No"
"BLD-101508","SAP for HR Users","Technical","2","510","Completed","2025-05-21","Yes"
"BLD-101508","Fire & Emergency Response","Mandatory","16","0","Not Started",,"No"
"BLD-101508","Health & Safety Induction","Mandatory","16","0","Completed","2024-08-25","No"
"BLD-101509","DOA & Governance Training","Compliance","2","0","Completed","2024-11-10","No"
"BLD-101509","SAP for HR Users","Technical","2","1800","Completed","2024-08-03","Yes"
"BLD-101509","Fire & Emergency Response","Mandatory","4","0","Completed","2023-11-28","No"
"BLD-101509","Time Management","Soft Skills","4","1800","Completed","2024-07-13","No"
"BLD-101510","Health & Safety Induction","Mandatory","8","0","Completed","2023-11-30","No"
"BLD-101510","Dairy Processing Fundamentals","Technical","2","1350","Completed","2023-11-08","No"
"BLD-101510","DOA & Governance Training","Compliance","2","0","Completed","2025-01-03","Yes"
"BLD-101510","Quality Control Techniques","Technical","4","230","Completed","2023-11-02","Yes"
"BLD-101510","Time Management","Soft Skills","16","1500","Not Started",,"No"
"BLD-101510","Fire & Emergency Response","Mandatory","4","0","Completed","2024-10-08","No"
"BLD-101510","Anti-Bribery & Ethics","Mandatory","8","0","Not Started",,"No"
"BLD-101510","Cold Chain Logistics","Technical","2","360","Completed","2023-12-12","Yes"
"BLD-101510","Health & Safety Induction","Mandatory","4","0","Completed","2025-08-14","No"
"BLD-101511","Advanced Excel for Reporting","Technical","8","1060","In Progress",,"No"
"BLD-101511","Coaching for Performance","Leadership","4","710","In Progress",,"No"
"BLD-101511","Conflict Resolution","Soft Skills","8","530","Completed","2025-01-14","No"
"BLD-101511","SAP for HR Users","Technical","8","410","Completed","2024-06-05","No"
